Tab Names,,"Snapshot 1 | Sheet: KCP-109-C | Wednesday, February 11, 2026  11:08:24 PM",,,,,,,,,,,,,,,,,,,,,
KCP-109-C,,Oxide,Concentration,,,Iteration,Synthetic SiO2 Value,Synthetic TiO2 Value,Synthetic Al2O3 Value,Synthetic FeO Value,Synthetic MnO Value,Synthetic MgO Value,Synthetic CaO Value,Synthetic Na2O Value,Synthetic K2O Value,Synthetic P2O5 Value,,,,,,,
KCP-109-B,,SiO2,75.82046308,0.3575754,,1,76.28822443,0.059669847,13.04695036,0.643322296,0.035780297,0.101281661,0.642557927,4.489726469,3.954553845,0.021808209,,,,,,,
KCP-109-A,,TiO2,0.081973439,0.011113103,,2,76.12964967,0.075126711,12.90850137,0.667325014,0.026541847,0.127044853,0.710469971,4.316284494,4.063870644,-0.002401961,,,,,,,
KCP-110-A,,Al2O3,12.94619853,0.147440412,,3,74.96268805,0.0619265,12.96071524,0.656584035,0.02790641,0.08091896,0.65986276,4.401716427,3.982320298,0.00869756,,,,,,,
KHD-106-A,,FeO*,0.663837051,0.049976381,,4,75.50196377,0.065099097,12.84595726,0.655490627,0.032188468,0.097903398,0.708540671,4.193390672,3.938004553,0.013950877,,,,,,,
KHD-105-G,,MnO,0.031222587,0.002801792,,5,75.39195627,0.087527945,13.06861555,0.697872656,0.033905946,0.135813662,0.742119131,4.360707463,4.133836133,0.010315265,,,,,,,
KHD-105-D,,MgO,0.089307918,0.022295831,,6,76.23196982,0.061120176,12.99217193,0.72525807,0.031100667,0.054068602,0.631818013,4.403977479,4.064140884,0.004486864,,,,,,,
KHD-105-E,,CaO,0.702541634,0.038769488,,7,76.26518696,0.068883896,12.8608381,0.636885902,0.032269306,0.086733758,0.722612866,4.494614158,3.987616945,0.009283171,,,,,,,
KKC-103-A,,Na2O,4.374870147,0.098833696,,8,76.20018661,0.07962717,12.999157,0.585067047,0.036222592,0.134758269,0.789398684,4.283442579,4.04277639,-0.001009048,,,,,,,
KHD-105-B,,K2O,4.00942002,0.052526205,,9,75.68735615,0.083569445,12.84294082,0.716147344,0.039708507,0.119682938,0.692451595,4.381655114,4.043089812,0.013146124,,,,,,,
KCP-114-A,,P2O5,0.00879351,0.00526525,,10,75.73199088,0.105736822,12.82045942,0.622466547,0.029530152,0.069206093,0.707012134,4.39073785,4.038975124,0.015029945,,,,,,,
KHD-105-F,,,,,,11,75.74290228,0.081663465,12.86566659,0.611727547,0.032544164,0.056889322,0.736352094,4.321685558,3.953094032,-0.00177804,,,,,,,
KHD-107-C,,,,,,12,74.72427094,0.088702832,13.22235953,0.708719656,0.032607684,0.097612518,0.812376108,4.400906887,4.065236924,0.006311544,,,,,,,
KHD-107-D,,,,,,13,75.33896058,0.08043496,12.9719648,0.728702631,0.034202128,0.076894598,0.723603677,4.438964704,3.943304915,0.001686448,,,,,,,
KHD-107-A,,,,,,14,76.05217105,0.077211214,13.01584209,0.646828972,0.028325421,0.101890127,0.664671141,4.244250215,4.003021727,0.003231919,,,,,,,
KHD-105-B-2,,,,,,15,76.0777696,0.076233729,13.03657257,0.583683105,0.031136586,0.087957847,0.674135886,4.471893018,4.008320442,0.00430609,,,,,,,
TEMPLATE1,,,,,,16,76.18613685,0.081467879,12.83372779,0.720268476,0.032656802,0.094543271,0.690842816,4.183606969,4.061114897,0.007994555,,,,,,,
,,,,,,17,75.95059594,0.075212295,13.09657243,0.663713707,0.034527876,0.062766774,0.709797145,4.351165958,3.968355106,0.010549253,,,,,,,
,,,,,,18,75.83822659,0.082985131,12.99875617,0.697121559,0.033577409,0.11345332,0.671125746,4.382035551,4.015092633,0.006897915,,,,,,,
,,,,,,19,76.01153268,0.085662186,12.90733413,0.697151752,0.030499803,0.114044699,0.655702776,4.523861982,3.955362752,0.01460667,,,,,,,
,,,,,,20,75.53342949,0.082954948,12.63268187,0.752604646,0.032282258,0.098873794,0.664590043,4.329586894,4.05975278,0.005419303,,,,,,,
,,,,,,21,76.15163156,0.104688666,12.91575052,0.737358761,0.030953393,0.05227043,0.665291844,4.245703248,4.048460578,0.004995879,,,,,,,
,,,,,,22,75.98659276,0.093459549,12.77042719,0.588169849,0.032129719,0.074435922,0.758722324,4.518961642,4.000542871,0.013794527,,,,,,,
,,,,,,23,75.71551782,0.099609449,12.7270649,0.720250831,0.032527214,0.101531888,0.67223941,4.427730335,4.072530047,0.020520159,,,,,,,
,,,,,,24,75.81468546,0.074054238,12.68071787,0.579551398,0.030418482,0.086743318,0.631695252,4.470370257,4.060722514,0.004669046,,,,,,,
,,,,,,25,75.85377814,0.07002251,12.98100765,0.72413783,0.027919194,0.099470768,0.679802835,4.268019203,4.000610931,0.006892401,,,,,,,
,,,,,,26,75.40788628,0.080980117,12.80978624,0.616738895,0.029793565,0.166859948,0.622982281,4.432142841,4.047858754,0.002809968,,,,,,,
,,,,,,27,75.94470594,0.08649473,13.00085503,0.698065142,0.025791082,0.090652602,0.758027205,4.592700134,3.995709174,0.004955562,,,,,,,
,,,,,,28,75.52584644,0.067422043,12.93728663,0.554803881,0.031012383,0.133993837,0.669881094,4.430440307,4.075880305,0.005651575,,,,,,,
,,,,,,29,75.56754877,0.073650203,12.88025572,0.670707582,0.035838141,0.084723749,0.713139345,4.368103672,3.962500097,0.001070696,,,,,,,
,,,,,,30,75.9878187,0.076682348,13.08416046,0.702948555,0.032514589,0.10455026,0.767757908,4.322638995,3.947601059,-0.000668929,,,,,,,
,,,,,,31,75.44310514,0.087123194,12.98797309,0.662074964,0.035513075,0.087556194,0.722222578,4.606278731,4.049331481,0.009681853,,,,,,,
,,,,,,32,75.09359352,0.070149515,12.85570539,0.696319885,0.030366064,0.082250736,0.673925427,4.297518663,3.957498348,0.012389635,,,,,,,
,,,,,,33,75.02288056,0.092130273,12.93130602,0.705995757,0.030046426,0.11031967,0.701364023,4.311348424,4.048202851,0.003480543,,,,,,,
,,,,,,34,75.98374589,0.080660384,13.25298658,0.680302627,0.026162338,0.135623043,0.684995451,4.35385348,4.014837006,0.0131541,,,,,,,
,,,,,,35,75.8592748,0.094777743,13.17228757,0.639047211,0.02600253,0.080865193,0.794553788,4.272995029,4.051946603,0.003509846,,,,,,,
,,,,,,36,76.25641872,0.080995615,12.92486548,0.701949523,0.035197986,0.081700434,0.72100407,4.274272074,4.073459613,0.010210096,,,,,,,
,,,,,,37,75.68904881,0.059221093,13.02211478,0.656278371,0.033353674,0.098798901,0.662312595,4.391083676,3.998392875,0.013089525,,,,,,,
,,,,,,38,75.90571742,0.080797558,13.05202741,0.649773326,0.028932422,0.124822704,0.678606657,4.291589348,4.045447006,0.005750914,,,,,,,
,,,,,,39,76.61507278,0.066423559,12.98515645,0.697600343,0.032312323,0.110562199,0.730298536,4.443903677,4.086376897,0.015039626,,,,,,,
,,,,,,40,76.15206128,0.093337187,12.92109593,0.5940124,0.032859889,0.101445493,0.743023849,4.294293263,4.09363404,0.004844556,,,,,,,
,,,,,,41,76.6681331,0.083166782,13.02366921,0.721907219,0.030559383,0.080389222,0.684808512,4.292970552,3.968963745,0.006681214,,,,,,,
,,,,,,42,75.6893893,0.074457528,12.91688565,0.636916119,0.033742961,0.060268432,0.796402728,4.153713062,3.995900017,0.004167004,,,,,,,
,,,,,,43,75.24152951,0.053580086,12.89290412,0.672223456,0.033038226,0.101655398,0.727641524,4.36040862,4.009675466,0.007824279,,,,,,,
,,,,,,44,76.26764191,0.081751658,13.35050893,0.642164753,0.029425404,0.076079652,0.716431122,4.346175559,4.044884755,0.005336009,,,,,,,
,,,,,,45,75.71980614,0.067717155,12.93830086,0.749684735,0.029418895,0.085690005,0.639520399,4.311318826,4.068901288,0.008386644,,,,,,,
,,,,,,46,75.78303762,0.079947218,12.86469999,0.626830794,0.0355748,0.106023157,0.723679633,4.312482371,3.989706294,0.00220129,,,,,,,
,,,,,,47,76.34012284,0.068274708,13.21041007,0.657377726,0.032066138,0.051408177,0.708352743,4.430952883,4.03244082,0.000441953,,,,,,,
,,,,,,48,76.279116,0.084325403,12.91182801,0.722845565,0.035489902,0.112970201,0.70154708,4.351907875,4.092412001,0.006782372,,,,,,,
,,,,,,49,76.37774018,0.07419575,12.89755684,0.566867693,0.023078017,0.049572327,0.719979914,4.331563539,4.060950367,0.007817335,,,,,,,
,,,,,,50,75.76056967,0.077617175,12.85029085,0.684765392,0.033383705,0.075166287,0.668444128,4.513839972,4.005312483,0.02116289,,,,,,,
,,,,,,51,75.86077385,0.088140638,12.94063332,0.687392989,0.034688667,0.128358379,0.742960856,4.356696474,3.929026554,0.01112217,,,,,,,
,,,,,,52,75.25321568,0.090469176,13.17156987,0.62363365,0.030671014,0.088719131,0.738489084,4.308466116,4.022115738,0.008852785,,,,,,,
,,,,,,53,76.33793678,0.087048354,12.81643251,0.646538421,0.035185372,0.051166856,0.643724914,4.364162415,4.001735855,0.009121101,,,,,,,
,,,,,,54,75.56143644,0.052905104,12.76378741,0.738189532,0.033345396,0.098899983,0.692502708,4.27685703,4.021222463,0.009069135,,,,,,,
,,,,,,55,76.09624248,0.111432025,13.1474141,0.673674701,0.033717497,0.080195246,0.720715674,4.253482977,3.969450611,0.007961145,,,,,,,
,,,,,,56,75.62724914,0.104959684,12.94714957,0.660207747,0.033180679,0.096230876,0.648148944,4.306473335,4.019743402,0.012632148,,,,,,,
,,,,,,57,76.22520938,0.076501529,12.96585077,0.695490178,0.03434654,0.093038908,0.697667703,4.326302876,4.049355397,0.008629607,,,,,,,
,,,,,,58,75.77275217,0.095461405,13.00619804,0.777421221,0.027402655,0.111954678,0.659213226,4.341557401,4.072036756,0.009434631,,,,,,,
,,,,,,59,75.61189565,0.073700393,12.82969516,0.689759371,0.031145368,0.05893378,0.766922681,4.227329988,3.992795264,0.006431532,,,,,,,
,,,,,,60,75.87298085,0.096527687,12.97652746,0.687229531,0.031314996,0.09014038,0.779224592,4.372112211,4.073693166,0.021439075,,,,,,,
,,,,,,61,75.61956557,0.083893426,12.98029557,0.633367042,0.030266481,0.105826502,0.726680486,4.270211448,3.978681126,0.006653094,,,,,,,
,,,,,,62,75.94026859,0.095416035,12.97102946,0.590754972,0.02864807,0.098315943,0.69693462,4.369441526,3.966314315,0.006762456,,,,,,,
,,,,,,63,75.65994376,0.06715056,12.81680026,0.628977626,0.031052012,0.050112586,0.697959515,4.303378735,3.971281835,0.010114349,,,,,,,
,,,,,,64,75.49227601,0.079581826,12.8426278,0.671368057,0.032160721,0.075633556,0.732003946,4.340770715,3.960922499,0.005991431,,,,,,,
,,,,,,65,76.43104618,0.088581282,12.97320173,0.757820117,0.030106768,0.088773786,0.678515502,4.611758628,4.029960609,0.014049861,,,,,,,
,,,,,,66,76.12115904,0.078644063,13.1295259,0.639979781,0.031832378,0.075155407,0.702492098,4.229066933,4.012746783,-0.002704097,,,,,,,
,,,,,,67,75.01157031,0.081149024,12.88510184,0.633484691,0.033714805,0.04902356,0.606260013,4.381112588,3.937613846,0.010973128,,,,,,,
,,,,,,68,75.51126612,0.076055814,13.11292949,0.715123716,0.032800002,0.103874327,0.681290044,4.43581094,4.102268035,0.003659762,,,,,,,
,,,,,,69,75.88292804,0.089096784,13.13606146,0.664118157,0.036443271,0.11619182,0.770548252,4.424106003,3.971198887,0.015918062,,,,,,,
,,,,,,70,76.00865709,0.077432217,12.89614338,0.706969759,0.028077334,0.084049939,0.753684699,4.280136453,4.044647622,0.015426205,,,,,,,
,,,,,,71,75.39723489,0.105032089,12.80853168,0.694248237,0.034533847,0.139875167,0.71155903,4.453867814,4.030737297,0.006752273,,,,,,,
,,,,,,72,75.79032271,0.079454179,13.15403063,0.669618797,0.02692158,0.099313804,0.650516335,4.35214568,3.97805845,0.009458722,,,,,,,
,,,,,,73,75.83786328,0.082706209,13.08447618,0.646276006,0.028967766,0.109205154,0.739157392,4.462199307,3.965002702,0.002769946,,,,,,,
,,,,,,74,75.76307542,0.084546646,12.97036105,0.702673456,0.034461761,0.067147603,0.708072928,4.2447626,4.043380896,0.009189608,,,,,,,
,,,,,,75,76.0913269,0.076987631,12.82583241,0.650089157,0.033052874,0.071378954,0.685911109,4.332055963,4.032762936,0.00871109,,,,,,,
,,,,,,76,75.32430042,0.09369673,13.04536093,0.600758069,0.029881471,0.086076143,0.758361388,4.450402716,4.025203383,0.018104422,,,,,,,
,,,,,,77,75.36416498,0.097109502,13.12350788,0.671565923,0.036317057,0.075949987,0.652850342,4.261020086,4.084649529,0.012770898,,,,,,,
,,,,,,78,75.93895932,0.074942865,12.91977312,0.617431412,0.029719225,0.072509251,0.654080432,4.416712004,4.068571737,0.004753395,,,,,,,
,,,,,,79,75.89167257,0.094966736,12.88729721,0.640752753,0.031121919,0.073456984,0.743656587,4.110070332,3.975144433,0.005516571,,,,,,,
,,,,,,80,75.90824429,0.088071028,12.90384796,0.719095487,0.033029989,0.087000082,0.653129722,4.359917446,3.960171766,0.005632703,,,,,,,
,,,,,,81,75.48471242,0.082779802,12.84717058,0.698206224,0.031679419,0.098890821,0.698899053,4.38463554,3.981994135,0.014182603,,,,,,,
,,,,,,82,75.42513891,0.085813105,12.92913068,0.691130054,0.025522753,0.096097363,0.645551349,4.366320657,3.987008717,0.01256654,,,,,,,
,,,,,,83,76.04330756,0.072299361,12.63407546,0.667888128,0.029226392,0.098569288,0.751890757,4.387823312,4.000127007,0.013360671,,,,,,,
,,,,,,84,76.6336479,0.076914852,12.99542358,0.669567747,0.028248153,0.083491507,0.738716975,4.449314455,3.935093807,0.008416612,,,,,,,
,,,,,,85,75.91985888,0.07466658,12.76679518,0.74937865,0.035893889,0.084813211,0.681128269,4.419026671,4.047958105,0.012213991,,,,,,,
,,,,,,86,76.17060749,0.094421875,12.98310467,0.7307517,0.033265468,0.130869374,0.730715048,4.437730247,3.893462443,0.004286753,,,,,,,
,,,,,,87,75.8211761,0.080009555,12.84808917,0.705534111,0.028456808,0.083581429,0.709881697,4.351591613,4.002405113,0.00810806,,,,,,,
,,,,,,88,76.27716018,0.069285845,12.91788982,0.672586536,0.029883402,0.077024225,0.708659462,4.503637838,3.983539147,0.007673828,,,,,,,
,,,,,,89,76.25972334,0.066120782,12.97003966,0.652753534,0.030737338,0.063377934,0.733596289,4.343420659,4.069302937,0.011666018,,,,,,,
,,,,,,90,75.96007403,0.093646213,12.81564342,0.695142503,0.03283571,0.103778817,0.710912051,4.441812129,4.029619363,0.004522027,,,,,,,
,,,,,,91,76.0686837,0.080907211,12.94389189,0.620106718,0.029967796,0.08781803,0.724328816,4.471054068,4.021767117,0.008538284,,,,,,,
,,,,,,92,75.99014437,0.064823409,13.0138362,0.598070735,0.031857791,0.082868092,0.743362566,4.289288533,3.9632391,0.013479833,,,,,,,
,,,,,,93,76.37344459,0.09075625,12.81679132,0.721936053,0.0322393,0.099578597,0.722548997,4.423366554,3.998910232,0.010606595,,,,,,,
,,,,,,94,75.76359331,0.077905748,13.17258475,0.693941137,0.025427279,0.118577087,0.632725952,4.497380147,3.934486535,0.008364939,,,,,,,
,,,,,,95,76.33048735,0.086475014,12.77630244,0.735136999,0.029871129,0.108659905,0.677839237,4.272577444,3.971983866,0.012949928,,,,,,,
,,,,,,96,76.23233841,0.08019942,12.8666367,0.703884858,0.025793142,0.069024986,0.695377739,4.296521293,3.928667175,0.003899532,,,,,,,
,,,,,,97,75.71985988,0.080769835,12.88632127,0.659850267,0.027342243,0.083293748,0.710158015,4.493047725,3.959221703,0.014309516,,,,,,,
,,,,,,98,75.39357615,0.060815148,12.98225107,0.671984201,0.030702167,0.106358247,0.765691368,4.278073161,3.931279321,0.006897827,,,,,,,
,,,,,,99,75.69285872,0.062260989,13.18895423,0.72114948,0.030309029,0.064701951,0.68321889,4.34544593,3.993672265,0.01320626,,,,,,,
,,,,,,100,75.85398238,0.07977655,12.90328591,0.703736687,0.031127548,0.087102552,0.711259102,4.330202894,4.015445965,0.009795807,,,,,,,
,,,,,,101,76.05654321,0.070126779,12.86861689,0.752426638,0.029068132,0.105136117,0.715030678,4.463273496,4.058118097,0.00784766,,,,,,,
,,,,,,102,75.55777181,0.054333265,12.86955978,0.657600878,0.03565205,0.073348972,0.705958605,4.173221773,4.073544063,-0.001042823,,,,,,,
,,,,,,103,76.15139526,0.091207499,12.97063401,0.681620421,0.027458791,0.129602992,0.689180968,4.50049665,4.014874,0.001224662,,,,,,,
,,,,,,104,75.35406814,0.076134492,12.777967,0.596616444,0.027443707,0.079049188,0.72200778,4.40437394,3.984021218,0.011206908,,,,,,,
,,,,,,105,75.98453737,0.087756043,13.17427105,0.696795235,0.028412059,0.062586269,0.735139722,4.162295382,3.955093754,0.017413828,,,,,,,
,,,,,,106,75.29536091,0.083903629,12.943467,0.685514054,0.031251175,0.073245725,0.685689685,4.401131856,4.025772548,0.007870803,,,,,,,
,,,,,,107,75.72737061,0.088884974,13.0342714,0.624282053,0.025809398,0.081734411,0.698724372,4.217146833,4.01588164,0.004956436,,,,,,,
,,,,,,108,75.82320045,0.086133093,12.5616882,0.667331159,0.031650619,0.097277982,0.716382479,4.461773126,4.034035221,0.014536361,,,,,,,
,,,,,,109,75.61519595,0.091728159,12.98175633,0.69761122,0.029648134,0.167112873,0.731607198,4.547353328,3.935235769,0.004350937,,,,,,,
,,,,,,110,76.21236424,0.084291562,12.8916223,0.672533788,0.027254991,0.117943274,0.718692657,4.401237274,4.023712206,0.01618286,,,,,,,
,,,,,,111,75.42540385,0.076732573,12.98664738,0.744065607,0.025025178,0.095483091,0.702696641,4.546842148,4.103246387,0.012323272,,,,,,,
,,,,,,112,76.18064277,0.098761188,12.91937454,0.59244632,0.036274063,0.055644907,0.736180513,4.360642439,3.923749286,0.003637172,,,,,,,
,,,,,,113,75.41657682,0.067060555,13.23077079,0.739123683,0.027560013,0.076427622,0.725581809,4.264125902,4.099029392,0.00546443,,,,,,,
,,,,,,114,75.59628185,0.099533506,13.306887,0.616733493,0.027511657,0.097953625,0.688374027,4.502991864,4.031063826,0.001598224,,,,,,,
,,,,,,115,76.03707866,0.102633083,12.82669269,0.687071663,0.028044048,0.082971263,0.664719542,4.275838573,3.963686216,0.005334928,,,,,,,
,,,,,,116,75.90329453,0.076048296,13.17702352,0.672164076,0.029350146,0.095883885,0.729911041,4.400478761,4.031541337,0.019164817,,,,,,,
,,,,,,117,76.38819801,0.079789749,12.98993714,0.697375225,0.031899868,0.11747493,0.703084324,4.31826223,3.980794133,0.007849224,,,,,,,
,,,,,,118,76.14749035,0.084993929,12.90040477,0.649784923,0.030865041,0.0794813,0.683087489,4.361789092,3.955906848,-0.0015081,,,,,,,
,,,,,,119,76.06569595,0.077088923,13.15067392,0.583289019,0.022831957,0.077259495,0.665246106,4.214745285,3.948861172,0.010967136,,,,,,,
,,,,,,120,76.12457463,0.069781134,13.05552033,0.650788671,0.031182286,0.083565831,0.68930536,4.519866538,4.014547804,-0.00897623,,,,,,,
,,,,,,121,75.5858768,0.088759272,12.77889876,0.468925815,0.030818383,0.101162803,0.739478132,4.492652821,3.950676306,0.018013141,,,,,,,
,,,,,,122,76.89707214,0.086674951,12.90052577,0.650163054,0.030001692,0.083976729,0.712639234,4.422964408,4.038335001,0.00311293,,,,,,,
,,,,,,123,76.24370855,0.090196362,13.07285532,0.632215684,0.026194899,0.067337489,0.678283692,4.278417957,4.137130245,0.009945065,,,,,,,
,,,,,,124,76.47314337,0.079860889,13.0533605,0.67914881,0.032820063,0.131319494,0.738598521,4.464665607,4.03737683,0.010918709,,,,,,,
,,,,,,125,76.20114311,0.079802753,12.9620415,0.633417514,0.032068488,0.107925363,0.652974393,4.50308749,4.030333603,0.01109962,,,,,,,
,,,,,,126,75.85628339,0.098398825,12.8740111,0.610326531,0.028995877,0.107081114,0.719629819,4.496460864,4.06641258,0.013642481,,,,,,,
,,,,,,127,75.96273255,0.093240815,13.04965161,0.634120217,0.033757861,0.110609255,0.75632122,4.338223383,4.034541205,0.006426602,,,,,,,
,,,,,,128,75.64365053,0.095589266,12.70850234,0.65219472,0.034148916,0.134577913,0.763220494,4.291272308,3.956737203,0.005132543,,,,,,,
,,,,,,129,76.22088455,0.102228251,12.91235635,0.728780757,0.028440572,0.065695389,0.636849168,4.353485262,3.911788686,0.009703986,,,,,,,
,,,,,,130,75.32354721,0.060447862,12.84583229,0.668076724,0.03133562,0.09215234,0.704884422,4.469366941,3.906343435,0.009392125,,,,,,,
,,,,,,131,75.5244641,0.087908372,12.86762424,0.593004004,0.031369393,0.08555245,0.644567678,4.409593499,4.039122508,0.009794573,,,,,,,
,,,,,,132,76.14377421,0.092544204,12.96003604,0.670084381,0.030066303,0.085288492,0.694863463,4.380510666,3.915220295,0.008398146,,,,,,,
,,,,,,133,76.01970036,0.070864334,13.06780606,0.662252682,0.030873735,0.107808762,0.693062124,4.443605008,4.023837661,0.004426226,,,,,,,
,,,,,,134,75.59421249,0.097147182,12.75136213,0.522226674,0.029528125,0.074967745,0.661103077,4.305332461,3.918218261,0.007328906,,,,,,,
,,,,,,135,75.57647716,0.080554502,12.64637178,0.64579463,0.026681203,0.10551387,0.725427001,4.400406675,4.025736366,0.005217204,,,,,,,
,,,,,,136,75.74367495,0.075189641,12.83483697,0.757911685,0.026063849,0.082896339,0.638942093,4.450421137,3.932568364,0.004624802,,,,,,,
,,,,,,137,75.96974176,0.091120906,12.77383449,0.631992761,0.034339647,0.077662804,0.75415373,4.274813516,4.008921375,0.005378759,,,,,,,
,,,,,,138,75.69464125,0.098441926,12.83039209,0.645833104,0.029645385,0.081021646,0.775395912,4.369050585,4.132906672,0.005318047,,,,,,,
,,,,,,139,75.56936441,0.076370456,12.70277062,0.692403923,0.032269183,0.099851165,0.682108562,4.422706445,4.025876743,0.002046003,,,,,,,
,,,,,,140,75.87471942,0.089595881,12.72187401,0.697235073,0.030590132,0.093975928,0.686520456,4.367610304,4.030246449,0.010188131,,,,,,,
,,,,,,141,75.40503859,0.100234343,12.71843181,0.687457454,0.032999715,0.126934038,0.757439514,4.347658184,4.072854405,0.022966556,,,,,,,
,,,,,,142,75.78076183,0.091210332,13.1594255,0.708356384,0.029322694,0.05305664,0.704994856,4.516705651,4.012116724,0.013024095,,,,,,,
,,,,,,143,75.84317106,0.073476753,12.99947258,0.765882184,0.034257339,0.06761426,0.712315311,4.32630223,4.140393193,0.017420794,,,,,,,
,,,,,,144,76.42357035,0.04808295,12.79619733,0.658579581,0.031787934,0.096617321,0.696224907,4.56497666,4.068252512,0.00398501,,,,,,,
,,,,,,145,75.32494143,0.104829932,13.01873128,0.59600881,0.030365309,0.061391883,0.727424338,4.318122839,4.10891715,0.008381642,,,,,,,
,,,,,,146,75.87232797,0.090417344,12.87845225,0.648148938,0.029011398,0.100176864,0.712337663,4.172116998,4.043135355,0.007419682,,,,,,,
,,,,,,147,76.20651701,0.101958231,12.8724454,0.633766548,0.028951813,0.045157437,0.71031467,4.348524647,3.947785705,0.009950907,,,,,,,
,,,,,,148,75.96427261,0.089056136,13.23293159,0.681939611,0.032072145,0.072493998,0.763140248,4.277974552,4.010416413,0.009803767,,,,,,,
,,,,,,149,75.66440073,0.085143722,13.00672412,0.620923562,0.032359912,0.102988954,0.691915309,4.437249584,3.953202161,0.015100564,,,,,,,
,,,,,,150,76.54409986,0.068613271,12.99545971,0.697331676,0.031874871,0.119149948,0.698574218,4.498069776,4.026121216,0.017029565,,,,,,,
,,,,,,151,76.18280383,0.076271289,12.94773788,0.641630987,0.036526037,0.099784357,0.639911953,4.244728521,4.04203829,0.002069647,,,,,,,
,,,,,,152,75.65773309,0.069273072,12.69731999,0.674398877,0.029334934,0.088840065,0.693121852,4.350242962,3.988123815,0.009403788,,,,,,,
,,,,,,153,75.34032783,0.089257857,12.94123231,0.579641303,0.0304822,0.097792111,0.741647949,4.422065668,4.045439735,0.015529232,,,,,,,
,,,,,,154,76.28195504,0.079509323,12.74799478,0.651464794,0.031350008,0.079593885,0.767934402,4.430936009,3.991695684,0.014014626,,,,,,,
,,,,,,155,76.27033121,0.078519111,13.21135766,0.608878633,0.03355524,0.086434567,0.737895342,4.326675224,4.018663071,0.007519637,,,,,,,
,,,,,,156,76.40915745,0.079203702,12.5329595,0.683022866,0.031989442,0.078755057,0.700069977,4.41722825,3.978415611,0.008993905,,,,,,,
,,,,,,157,75.81074036,0.102881318,12.94458752,0.737863797,0.030124347,0.098656631,0.645773912,4.408488028,4.009034511,0.011169573,,,,,,,
,,,,,,158,76.15433817,0.090109261,13.04218189,0.662905826,0.029299127,0.123441611,0.722545928,4.450181129,3.933126207,0.010905721,,,,,,,
,,,,,,159,76.43898776,0.091778561,12.8492696,0.622688086,0.032033189,0.054256309,0.68107757,4.380284747,4.072823466,0.003879721,,,,,,,
,,,,,,160,75.6218649,0.082644567,12.89686188,0.642975463,0.032661638,0.089750264,0.674887285,4.653323088,4.049544091,0.007317258,,,,,,,
,,,,,,161,75.65979294,0.06189669,12.91113535,0.643403076,0.029894279,0.049023603,0.755676298,4.382419915,4.030596036,0.010874888,,,,,,,
,,,,,,162,76.48056557,0.091872856,12.84379184,0.637242879,0.02942383,0.077651136,0.71961288,4.495191668,3.930482763,0.009461095,,,,,,,
,,,,,,163,75.93105417,0.069622885,13.10275834,0.659994552,0.030531228,0.082351152,0.666168227,4.216675919,4.009913432,0.003256542,,,,,,,
,,,,,,164,75.64136735,0.076389362,13.03761406,0.641263513,0.026696735,0.072689269,0.653301913,4.288337627,4.073073008,0.001774596,,,,,,,
,,,,,,165,75.95209152,0.081118294,12.80269324,0.707625873,0.031653676,0.060936346,0.697560378,4.162474205,4.029988964,0.015924835,,,,,,,
,,,,,,166,75.66145167,0.062829841,12.93900436,0.67962006,0.03340457,0.126022797,0.700005566,4.30261323,4.015711935,0.006545958,,,,,,,
,,,,,,167,76.33406465,0.0875669,13.21250333,0.625493187,0.033414912,0.072615006,0.696177857,4.523299724,3.974358154,0.004219831,,,,,,,
,,,,,,168,75.43573459,0.088459085,12.82419812,0.741753889,0.026972244,0.093682731,0.724226236,4.394833602,3.989607841,0.008395571,,,,,,,
,,,,,,169,75.63986571,0.093129819,12.80144976,0.676893261,0.031991528,0.062388667,0.683231461,4.350729794,3.979522305,0.004590266,,,,,,,
,,,,,,170,76.56150329,0.070548898,12.84281515,0.646493734,0.030199864,0.099996976,0.637811823,4.314944834,4.106509641,0.011712449,,,,,,,
,,,,,,171,75.83015587,0.077571973,13.05283456,0.688820385,0.028588615,0.109303879,0.69111682,4.456873381,3.947105882,0.008365136,,,,,,,
,,,,,,172,76.41397379,0.0971061,12.99824217,0.643323731,0.029272666,0.098251791,0.73757219,4.417127441,3.95756942,0.008608978,,,,,,,
,,,,,,173,75.87547953,0.081344398,12.80548406,0.711171343,0.028334228,0.143271633,0.65109562,4.494036588,4.022791543,0.005532545,,,,,,,
,,,,,,174,75.63611694,0.080833195,13.03705374,0.691237846,0.029381606,0.139799269,0.69296504,4.542588043,4.000499458,0.00174883,,,,,,,
,,,,,,175,75.92376172,0.074754139,13.01756239,0.562215841,0.03416162,0.098266642,0.684089618,4.328592868,4.104595111,0.006895638,,,,,,,
,,,,,,176,75.70668477,0.092305208,12.75530937,0.678737298,0.030578932,0.085662014,0.710914505,4.302930878,4.023844296,0.010950168,,,,,,,
,,,,,,177,75.57025976,0.085524403,12.9277629,0.671858123,0.03559486,0.085581223,0.682679757,4.355817707,3.89808877,0.011471154,,,,,,,
,,,,,,178,76.12101593,0.078975573,12.98493721,0.619655355,0.030631512,0.089516002,0.700383466,4.309043184,4.020798826,0.003035821,,,,,,,
,,,,,,179,75.75927884,0.07802874,12.7147986,0.696768649,0.032522905,0.074836255,0.706313122,4.626844812,3.915128039,0.0069898,,,,,,,
,,,,,,180,76.48667658,0.073536508,12.66822221,0.685968238,0.0304818,0.106866315,0.634634455,4.397719679,4.054731589,0.003673352,,,,,,,
,,,,,,181,76.21946794,0.086036676,12.81844,0.750528327,0.037559883,0.094656583,0.75646805,4.474127509,3.996488492,0.009135118,,,,,,,
,,,,,,182,75.80260058,0.08376359,12.97225408,0.565127413,0.032173319,0.097991048,0.785706943,4.290309662,3.986844231,0.005913583,,,,,,,
,,,,,,183,76.04548856,0.081477184,12.81277208,0.682542376,0.033503255,0.113875071,0.68105327,4.268397767,3.981792473,0.007187237,,,,,,,
,,,,,,184,76.41251068,0.089025624,12.63854758,0.697377257,0.032735566,0.066965977,0.719006053,4.408913987,3.971222823,0.011686378,,,,,,,
,,,,,,185,75.82534689,0.089004323,13.12162818,0.63399081,0.030640985,0.098599436,0.65008214,4.42649125,4.049435127,0.003491182,,,,,,,
,,,,,,186,75.78573808,0.068771455,12.86171301,0.651347614,0.029077014,0.077840749,0.662523177,4.328573242,4.064332292,0.011394694,,,,,,,
,,,,,,187,76.29201774,0.099194053,12.9953153,0.653937404,0.029638241,0.124311706,0.730027262,4.325923959,4.008727878,0.004892625,,,,,,,
,,,,,,188,76.09531754,0.093121386,12.86250351,0.673526439,0.028468127,0.111244898,0.686871922,4.366470363,4.003872453,-0.00226755,,,,,,,
,,,,,,189,75.60327472,0.089734698,13.14421909,0.630665992,0.027301833,0.090198451,0.644712957,4.428081674,3.976288211,0.000732955,,,,,,,
,,,,,,190,75.92501064,0.093414705,13.02147921,0.674295745,0.029236443,0.056582669,0.718853691,4.579516192,3.992871091,0.009388061,,,,,,,
,,,,,,191,75.53898628,0.072202018,13.02264411,0.651887331,0.035107854,0.076771307,0.697881658,4.248555028,3.961906476,0.009447303,,,,,,,
,,,,,,192,76.42294722,0.095458437,12.87852559,0.688690806,0.032884344,0.082293935,0.729822412,4.390083376,4.037909181,0.013461494,,,,,,,
,,,,,,193,75.6038342,0.067414002,13.03493746,0.680885378,0.02950933,0.123097351,0.645821758,4.346751489,4.005713751,0.005417182,,,,,,,
,,,,,,194,76.04957311,0.083823733,12.51419624,0.621863756,0.030775688,0.063323727,0.720363875,4.381529915,4.020043182,0.004777467,,,,,,,
,,,,,,195,76.03978775,0.073965167,12.97712187,0.652769406,0.033127032,0.100531944,0.6849812,4.338642014,4.036586116,0.013723428,,,,,,,
,,,,,,196,75.94606356,0.093487195,13.1537884,0.560722896,0.028838782,0.045320112,0.677564822,4.366748115,3.942384238,0.009739589,,,,,,,
,,,,,,197,75.73476696,0.099325792,12.93171357,0.731962654,0.033213143,0.059707066,0.723134553,4.441584396,4.020193096,-0.003383595,,,,,,,
,,,,,,198,76.00218755,0.0765965,12.96457368,0.655169692,0.035764116,0.109745068,0.737084532,4.363214174,3.988408798,0.002210327,,,,,,,
,,,,,,199,75.81456599,0.090655008,12.77036964,0.663317761,0.031451963,0.090676423,0.742722749,4.264535524,3.971540137,0.007799287,,,,,,,
,,,,,,200,75.53617224,0.079647487,12.97036936,0.625779586,0.030653424,0.124725532,0.747944643,4.393632005,3.997438787,0.012470151,,,,,,,
,,,,,MEAN,,75.88133426,0.08227351,12.93568835,0.665862186,0.031056922,0.091506717,0.703658641,4.374038578,4.010141345,0.008255293,#DIV/0!,#DIV/0!,#DIV/0!,#DIV/0!,#DIV/0!,#DIV/0!,#DIV/0!
,,,,,STDEV.S(),,0.360763336,0.011454361,0.146157125,0.04844159,0.002820287,0.022942115,0.038448224,0.09762124,0.050623164,0.005068048,#DIV/0!,#DIV/0!,#DIV/0!,#DIV/0!,#DIV/0!,#DIV/0!,#DIV/0!
,,,,,ST. ERROR,,0.001803817,5.72718E-05,0.000730786,0.000242208,1.41014E-05,0.000114711,0.000192241,0.000488106,0.000253116,2.53402E-05,#DIV/0!,#DIV/0!,#DIV/0!,#DIV/0!,#DIV/0!,#DIV/0!,#DIV/0!
,,,,,,,,,,,,,,,,,,,,,,,
,,,,,,,,,,,,,,,,,,,,,,,
,,"Snapshot 1 | Sheet: KCP-109-B | Wednesday, February 11, 2026  11:08:24 PM",,,,,,,,,,,,,,,,,,,,,
,,Oxide,Concentration,HAL 2-sigma uncertainty,,Iteration,Synthetic SiO2 Value,Synthetic TiO2 Value,Synthetic Al2O3 Value,Synthetic FeO Value,Synthetic MnO Value,Synthetic MgO Value,Synthetic CaO Value,Synthetic Na2O Value,Synthetic K2O Value,Synthetic P2O5 Value,,,,,,,
,,SiO2,76.36361256,0.358748453,,1,76.5013638,0.065759029,12.45939442,0.518972786,0.024787721,0.072155292,0.570261896,3.903717416,4.530558631,0.005839597,,,,,,,
,,TiO2,0.069413154,0.010618103,,2,76.75369479,0.077744349,12.42543736,0.528506376,0.026818279,0.033275551,0.563422158,3.672926798,4.584183605,0.007010953,,,,,,,
,,Al2O3,12.65455713,0.146898384,,3,76.33502068,0.059368158,12.55386914,0.479526644,0.021942868,0.026917669,0.522082201,4.15873164,4.671548015,0.007513932,,,,,,,
,,FeO*,0.517921571,0.043191667,,4,76.68663002,0.057436384,12.726127,0.550799405,0.02248228,0.025945494,0.520657593,4.151701622,4.540391153,-0.002878352,,,,,,,
,,MnO,0.023925037,0.002585721,,5,77.26204983,0.065858908,12.62377,0.490982158,0.023842906,0.056295254,0.529913325,4.05949295,4.530926975,0.001171423,,,,,,,
,,MgO,0.054597604,0.018565839,,6,75.83144029,0.064858681,12.67006313,0.548728348,0.026291387,0.045843223,0.55013609,4.06400677,4.626238421,0.003516958,,,,,,,
,,CaO,0.54002262,0.035175266,,7,76.88583627,0.075693402,12.52201714,0.466578145,0.022178278,0.062807768,0.567461502,4.004312227,4.657045317,0.000720389,,,,,,,
,,Na2O,3.972797206,0.096473543,,8,76.48743224,0.07278276,12.79267366,0.533745836,0.020834621,0.099286672,0.466196805,3.961218226,4.499483847,0.006948195,,,,,,,
,,K2O,4.609558798,0.055788602,,9,76.15970601,0.073445412,12.59380477,0.489762638,0.021671995,0.068989364,0.578633182,3.985098343,4.614903004,0.011931072,,,,,,,
,,P2O5,0.005900858,0.004892456,,10,76.29199591,0.062314904,12.70283626,0.468110199,0.021304771,0.060874391,0.575572406,3.99506876,4.560054845,0.013699337,,,,,,,
,,,,,,11,76.66010686,0.068463387,12.56407998,0.596983503,0.019474127,0.044516218,0.523526109,3.977619387,4.559992472,0.00053715,,,,,,,
,,,,,,12,76.11059767,0.063484526,12.72600459,0.435170835,0.021634772,0.061795506,0.530173984,4.060474793,4.531208996,0.00952291,,,,,,,
,,,,,,13,76.58905192,0.076045309,12.66070818,0.468264817,0.025602902,0.080757041,0.522671411,3.97036318,4.606055522,0.008745953,,,,,,,
,,,,,,14,76.5429356,0.06691371,12.85718897,0.568431012,0.028001938,0.03277038,0.469657487,4.042887498,4.575866234,0.009956277,,,,,,,
,,,,,,15,76.75104112,0.069660006,12.54100268,0.483644492,0.026358147,0.041663006,0.529467135,3.96186781,4.669944574,0.005307335,,,,,,,
,,,,,,16,76.52475266,0.086979598,12.58964794,0.485952998,0.025484982,0.056824753,0.583293347,4.053723526,4.649018814,0.004364699,,,,,,,
,,,,,,17,76.82055473,0.070247699,12.20356347,0.525527489,0.026394028,0.046340298,0.533672089,3.909487117,4.545619723,0.00395485,,,,,,,
,,,,,,18,75.88646656,0.058576217,12.58395405,0.531846473,0.021973071,0.074239906,0.543271945,3.923942601,4.618377902,0.009092683,,,,,,,
,,,,,,19,77.14202096,0.052472534,12.58677473,0.523166332,0.024546357,0.073961713,0.502526219,3.983041299,4.563322393,0.005876478,,,,,,,
,,,,,,20,76.21406564,0.064369862,12.93449637,0.516884031,0.024568799,0.071204173,0.542383986,4.059803956,4.547883887,0.003007395,,,,,,,
,,,,,,21,76.42976505,0.072167742,12.56071317,0.537693749,0.025277304,0.035724669,0.527313091,3.996331228,4.5830882,0.008739434,,,,,,,
,,,,,,22,76.16331609,0.065215876,12.87531677,0.487395537,0.021450481,0.053350022,0.566535268,4.009321644,4.609074747,-0.003563193,,,,,,,
,,,,,,23,76.22124301,0.063274446,12.70586323,0.485180896,0.024570602,0.056452716,0.592797238,4.036362332,4.595633618,0.009349306,,,,,,,
,,,,,,24,76.36450086,0.061777727,12.58466362,0.501739685,0.024583167,0.019872385,0.55145156,4.156364114,4.560165995,0.010882337,,,,,,,
,,,,,,25,75.74236263,0.086910013,12.50227001,0.511919877,0.024735904,0.065034728,0.492265573,3.938732041,4.509968797,0.007636663,,,,,,,
,,,,,,26,76.64219855,0.067639459,12.49714145,0.484773371,0.020286198,0.047444745,0.625405614,3.893249828,4.621310196,0.011246284,,,,,,,
,,,,,,27,75.76476722,0.071535096,12.79683048,0.599769953,0.023161036,0.052778389,0.552876023,3.86535192,4.527170215,-0.000208784,,,,,,,
,,,,,,28,76.36749182,0.077911293,12.48975297,0.619155478,0.026938635,0.046085718,0.525046174,4.021455612,4.614975755,0.007412087,,,,,,,
,,,,,,29,75.9408416,0.060619631,12.40727552,0.533927405,0.022718954,0.059186472,0.56439654,4.04503727,4.637009333,0.008047794,,,,,,,
,,,,,,30,76.46383993,0.046093848,12.6134697,0.547345256,0.024574567,0.064788035,0.577820983,4.042524956,4.657844381,0.010313018,,,,,,,
,,,,,,31,76.30499519,0.087420958,12.43304104,0.547405712,0.024389675,0.064572589,0.469845223,3.898124679,4.652673151,0.002185618,,,,,,,
,,,,,,32,76.08405207,0.079603318,12.58909964,0.559267546,0.021585199,0.056324288,0.557680417,3.832681645,4.550488986,0.000633131,,,,,,,
,,,,,,33,76.98537282,0.057425171,12.58075003,0.530145163,0.02230563,0.048669447,0.559929276,4.002373906,4.73512151,0.010422311,,,,,,,
,,,,,,34,76.41962124,0.067471343,12.75146868,0.576424964,0.01982059,0.012947407,0.539811265,3.956107899,4.567389198,-0.004197192,,,,,,,
,,,,,,35,76.77457296,0.086989941,12.4674367,0.490657559,0.026020363,0.052192619,0.570153436,3.891443757,4.724675558,0.00734229,,,,,,,
,,,,,,36,76.28843475,0.068975807,12.7663191,0.474950058,0.024224533,0.062059393,0.50599377,3.961081335,4.580398456,0.003459039,,,,,,,
,,,,,,37,76.36032442,0.066818042,12.51530071,0.57529993,0.02462915,0.038308964,0.545681124,3.898467623,4.658100486,0.003206335,,,,,,,
,,,,,,38,76.43978121,0.051933028,12.8337723,0.542258674,0.023613007,0.048379152,0.497051281,3.911661769,4.587129546,0.009041442,,,,,,,
,,,,,,39,76.2255819,0.052244552,12.56499018,0.407285766,0.022070797,0.044024714,0.56995443,3.993595725,4.654436875,0.002261021,,,,,,,
,,,,,,40,75.90116547,0.064758766,12.75435403,0.602277954,0.020186914,0.047976516,0.456040177,4.087122467,4.580071006,-0.002144882,,,,,,,
,,,,,,41,76.95485393,0.074578623,12.44779087,0.475372699,0.024701126,0.054978565,0.553984442,4.097185174,4.606606321,0.009092241,,,,,,,
,,,,,,42,76.62443013,0.067990559,12.73839597,0.53071632,0.019771912,0.061302927,0.548513363,4.147400027,4.620850023,0.002524122,,,,,,,
,,,,,,43,76.01454542,0.042081865,12.55456774,0.574168937,0.018822333,0.059703312,0.519706078,4.108709119,4.64538889,0.014224221,,,,,,,
,,,,,,44,76.01146977,0.071125291,12.37597033,0.49970313,0.02393725,0.043857313,0.574814904,3.854312675,4.632825995,0.010131054,,,,,,,
,,,,,,45,77.46671264,0.078257997,12.76024795,0.571057558,0.024704627,0.071466173,0.531209509,3.967221885,4.738903042,0.013762518,,,,,,,
,,,,,,46,76.10881832,0.036320694,12.48380056,0.501021868,0.025110481,0.019409681,0.55721442,4.07477267,4.633137087,-5.48277E-06,,,,,,,
,,,,,,47,76.1855907,0.077708718,12.66584029,0.560579809,0.025668933,0.090498457,0.52779364,3.790825351,4.550602732,-0.008877295,,,,,,,
,,,,,,48,76.48753796,0.071537346,12.70361278,0.428892868,0.025688497,0.070447591,0.588727283,3.909538038,4.557721521,0.000260407,,,,,,,
,,,,,,49,75.79950076,0.085203303,12.93531379,0.525877042,0.027976867,0.078407723,0.466622228,4.016461545,4.535087692,0.002818193,,,,,,,
,,,,,,50,76.23816017,0.0466648,12.44572047,0.468000411,0.027383206,0.053311214,0.597427203,3.874056714,4.622612167,0.005876687,,,,,,,
,,,,,,51,75.98266004,0.07729122,12.85318863,0.528186232,0.019314338,0.044741944,0.490454612,3.97487628,4.665067219,-0.003388615,,,,,,,
,,,,,,52,76.01989523,0.06885654,12.61088632,0.497376506,0.022858249,0.052192256,0.52072267,3.918721029,4.567482051,0.002955732,,,,,,,
,,,,,,53,76.72702984,0.065566528,12.91859272,0.547627291,0.022041542,0.072923268,0.494828524,4.152061629,4.652317891,0.00344787,,,,,,,
,,,,,,54,76.56327135,0.072843154,12.67355988,0.523355394,0.02428032,0.010757907,0.548995407,4.107467907,4.565464773,0.003742431,,,,,,,
,,,,,,55,76.30889012,0.065439679,12.71988982,0.599830347,0.027776973,0.059235161,0.522059683,3.856587,4.638140532,-0.002434439,,,,,,,
,,,,,,56,76.4471067,0.080265723,12.82520591,0.587718432,0.021418426,0.042557402,0.579919792,3.899733833,4.721801358,-0.000803758,,,,,,,
,,,,,,57,75.97035078,0.0635328,12.80831551,0.503345211,0.0245472,0.073404377,0.568534661,4.108259546,4.623115373,0.006817274,,,,,,,
,,,,,,58,76.36071696,0.069622075,12.60433686,0.507004283,0.027177122,0.076206963,0.539642154,4.047834162,4.604733744,0.013675242,,,,,,,
,,,,,,59,75.7571728,0.070280696,12.68808788,0.560789898,0.02390575,0.079100959,0.50359845,4.040983144,4.632582763,0.00411371,,,,,,,
,,,,,,60,76.6636226,0.072049957,12.80170043,0.5140453,0.025663878,0.057885311,0.581297979,3.990755246,4.707337915,0.003416928,,,,,,,
,,,,,,61,76.19044079,0.050289879,12.80137664,0.544738108,0.028268332,0.054527976,0.496685224,3.919732736,4.558839223,0.009771506,,,,,,,
,,,,,,62,76.24504151,0.076782735,12.60192462,0.475770551,0.023526251,0.043113507,0.462563268,3.984262373,4.579264511,0.001127674,,,,,,,
,,,,,,63,77.05900482,0.075217273,12.71607906,0.54432952,0.021033883,0.088046824,0.594289325,4.056745902,4.709333561,0.0052003,,,,,,,
,,,,,,64,76.10173637,0.058403071,12.55112736,0.48937738,0.020831428,0.060538767,0.505675679,3.834840891,4.634472484,0.008108925,,,,,,,
,,,,,,65,76.88460894,0.077484365,12.73150502,0.497387491,0.020635058,0.060555481,0.52674632,3.888261979,4.596918599,0.002723839,,,,,,,
,,,,,,66,76.50452437,0.09268723,12.83130751,0.547461017,0.02211041,0.068037826,0.493838182,4.165418068,4.680947472,0.001494387,,,,,,,
,,,,,,67,76.1618307,0.070555898,12.75907514,0.545198872,0.025468136,0.041897626,0.531411816,4.008253159,4.533929988,0.000374371,,,,,,,
,,,,,,68,76.38521655,0.065348658,12.73482535,0.477374987,0.023581549,0.061600422,0.563918344,4.220145819,4.594080203,0.009114658,,,,,,,
,,,,,,69,76.18271403,0.05934309,12.37397862,0.548464395,0.019978113,0.045245883,0.55580935,4.10263712,4.609012802,0.00241425,,,,,,,
,,,,,,70,76.23361434,0.078558976,12.55190398,0.490234417,0.030103356,0.05207567,0.539910457,4.024633558,4.509527448,0.002376256,,,,,,,
,,,,,,71,76.27668355,0.068710801,12.39216293,0.490033996,0.019508484,0.060660597,0.583428269,4.130147843,4.62494988,-0.0020387,,,,,,,
,,,,,,72,76.16258511,0.068701589,12.76713773,0.540804044,0.029399909,0.06287151,0.513680759,4.003297939,4.614057937,0.007760148,,,,,,,
,,,,,,73,76.57052972,0.071661917,12.64460671,0.502801931,0.02255989,0.044864172,0.535900666,4.033819923,4.628692423,0.007335343,,,,,,,
,,,,,,74,76.08504541,0.068180311,12.22828882,0.447292522,0.020152535,0.024753107,0.532625815,3.925381302,4.650503994,0.007290417,,,,,,,
,,,,,,75,76.52915746,0.080798278,12.81258334,0.392907779,0.023200904,0.036551963,0.590394211,3.870242817,4.528143685,0.011106558,,,,,,,
,,,,,,76,76.25374382,0.07079289,12.5642915,0.478732419,0.024661573,0.045848014,0.517821012,3.840431032,4.686142409,0.012778586,,,,,,,
,,,,,,77,76.05986273,0.076684783,12.66934095,0.557573561,0.025126702,0.04565156,0.496915468,3.823114569,4.575818504,0.003483676,,,,,,,
,,,,,,78,76.21205171,0.080380108,12.67523275,0.521705931,0.027370891,0.063971712,0.502968941,4.053791555,4.58558576,-0.002274476,,,,,,,
,,,,,,79,75.754776,0.064644714,12.57529596,0.527175398,0.025171281,0.059953782,0.496235927,4.002619142,4.586159,0.010914988,,,,,,,
,,,,,,80,76.5039626,0.073348784,12.35940766,0.480847429,0.025917452,0.056233054,0.505926201,3.875475628,4.644400063,-0.00177048,,,,,,,
,,,,,,81,76.51634705,0.071747938,12.70610501,0.592361829,0.022658436,0.090784722,0.57684658,3.91715339,4.583332796,0.005057547,,,,,,,
,,,,,,82,76.6911876,0.072168649,12.64981087,0.58919727,0.023436965,0.089694492,0.591045282,3.931554519,4.715028712,0.012863282,,,,,,,
,,,,,,83,76.62339938,0.066676459,12.48140529,0.494187011,0.022884842,0.055123983,0.53949961,3.90045045,4.683722097,-0.000633659,,,,,,,
,,,,,,84,76.46131678,0.06979106,12.61992411,0.500538693,0.022149093,0.031777742,0.563199862,4.051079634,4.610324752,0.00303786,,,,,,,
,,,,,,85,76.18844583,0.083444841,12.6004516,0.513873233,0.023147574,0.052004486,0.52268288,3.983630453,4.672087679,0.004648381,,,,,,,
,,,,,,86,76.25545371,0.063813457,12.37328492,0.472509155,0.024695046,0.06550776,0.531639,4.087763659,4.624645628,0.004677258,,,,,,,
,,,,,,87,77.27305726,0.064529482,12.82228644,0.531525489,0.0214388,0.040226772,0.553713693,4.095637506,4.656244781,0.000755968,,,,,,,
,,,,,,88,76.78200604,0.068556166,12.5215842,0.496573946,0.022611561,0.059451918,0.479829585,4.02613655,4.736972891,0.001353474,,,,,,,
,,,,,,89,76.04835261,0.068287086,12.66695475,0.483713297,0.020507664,0.074463698,0.48899908,4.047344401,4.541868018,0.0125353,,,,,,,
,,,,,,90,76.44403756,0.063182864,12.41053286,0.605835596,0.026200061,0.028811262,0.603374904,3.827808331,4.573282202,-0.005953583,,,,,,,
,,,,,,91,76.10532644,0.056267067,12.47326828,0.576470073,0.024460063,0.062867645,0.506417008,3.802767216,4.582212518,0.005949204,,,,,,,
,,,,,,92,76.51060293,0.068591211,12.78877493,0.502530211,0.02064825,0.058019523,0.51809088,3.987177045,4.501104859,0.012005666,,,,,,,
,,,,,,93,75.74355094,0.064586399,12.79217997,0.470312261,0.023395395,0.028606209,0.506862993,3.955776502,4.599782615,0.010284959,,,,,,,
,,,,,,94,76.34496769,0.073789836,12.71786773,0.565172594,0.024007591,0.074706367,0.548041557,3.813545358,4.661938558,0.007320755,,,,,,,
,,,,,,95,76.32186667,0.074211415,12.58461351,0.542043169,0.024396784,0.022117581,0.576801404,3.891555561,4.641924197,0.010449934,,,,,,,
,,,,,,96,76.92454606,0.079451729,12.73689982,0.597345622,0.025793096,0.032688858,0.603068562,3.79651048,4.54072303,0.007250334,,,,,,,
,,,,,,97,76.69933896,0.068103766,12.85373443,0.525884263,0.02755343,0.039888132,0.518198363,3.953824685,4.519769439,0.018372912,,,,,,,
,,,,,,98,76.29345624,0.071680205,12.67947289,0.477510242,0.021342572,0.05716506,0.57445028,3.921593688,4.604917549,0.002054658,,,,,,,
,,,,,,99,76.93829272,0.084263686,12.80188307,0.500627618,0.025325053,0.079143969,0.516583759,4.002329963,4.55427379,0.009705604,,,,,,,
,,,,,,100,76.33421,0.06518884,12.5564922,0.518868259,0.02381132,0.060601469,0.525393492,3.94913176,4.700586239,-0.0009132,,,,,,,
,,,,,,101,76.86956594,0.072916514,12.54491911,0.523834147,0.027286236,0.079122899,0.520299741,3.9327816,4.561982079,-0.000187355,,,,,,,
,,,,,,102,75.72220706,0.068167524,12.80294264,0.556714843,0.016602809,0.016600729,0.550801772,3.887531274,4.656374115,0.002468756,,,,,,,
,,,,,,103,77.02145775,0.079730077,12.47363777,0.521511985,0.023240063,0.046521346,0.551314982,4.068967164,4.620763784,0.006404043,,,,,,,
,,,,,,104,76.5209935,0.076168369,12.68471793,0.580108915,0.024959581,0.081161987,0.626248187,3.912921296,4.602087473,0.014979269,,,,,,,
,,,,,,105,76.78217134,0.075154726,12.67991814,0.582710189,0.021400429,0.038758173,0.570118885,3.987790976,4.702162644,0.005316872,,,,,,,
,,,,,,106,76.05816951,0.059431012,12.51468495,0.526985464,0.027898801,0.0555408,0.485915988,3.987946567,4.698994042,0.003299592,,,,,,,
,,,,,,107,76.3925397,0.056328252,12.55015571,0.492843254,0.026623266,0.081637099,0.558229187,3.923297878,4.638170476,0.015535536,,,,,,,
,,,,,,108,76.08231289,0.092354274,12.75282606,0.548120542,0.022114144,0.07159273,0.545781815,3.858377129,4.687177964,0.011196935,,,,,,,
,,,,,,109,76.06795243,0.067276739,12.55249314,0.484311581,0.020522637,0.031779823,0.556757363,3.965037112,4.592329774,0.007739338,,,,,,,
,,,,,,110,76.41828685,0.075697056,12.76882233,0.475350577,0.026252874,0.069729138,0.512994938,3.977520313,4.674943931,0.008581036,,,,,,,
,,,,,,111,75.89015758,0.092747455,12.65912543,0.542927285,0.022849121,0.065966833,0.558648775,3.900894776,4.57822927,0.015021227,,,,,,,
,,,,,,112,75.9624633,0.045127772,12.5563954,0.478878405,0.023273334,0.068890876,0.509302627,3.857574678,4.68943099,0.006855783,,,,,,,
,,,,,,113,76.64243831,0.054944724,12.59929623,0.58957667,0.022222142,0.083396389,0.47415905,3.724756001,4.605361266,0.003299707,,,,,,,
,,,,,,114,76.29684298,0.087564697,12.69149809,0.543208394,0.027736842,0.047927271,0.531585691,3.8416607,4.616900452,0.002715817,,,,,,,
,,,,,,115,77.10630919,0.058565859,12.60666083,0.576028386,0.023643826,0.063376286,0.524369248,3.923547846,4.612476999,0.013280058,,,,,,,
,,,,,,116,76.48773586,0.093882681,12.54081662,0.506745724,0.021376991,0.063343485,0.559465542,4.08354185,4.688269849,0.007759818,,,,,,,
,,,,,,117,76.38379174,0.071156373,12.94585387,0.475971447,0.026563217,0.05213403,0.515028068,3.896270817,4.525645575,0.007693296,,,,,,,
,,,,,,118,75.72393006,0.064211867,12.97564831,0.531577085,0.020797175,0.066452127,0.552999462,3.935576785,4.585207062,0.001576098,,,,,,,
,,,,,,119,76.64427932,0.066261892,12.46732615,0.575785198,0.024762586,0.04141182,0.542027657,3.870119355,4.567271727,0.010049069,,,,,,,
,,,,,,120,76.45362132,0.055232475,12.8417695,0.536469024,0.021048585,0.075210856,0.535776409,3.942507213,4.668751171,0.007329594,,,,,,,
,,,,,,121,76.91824896,0.070399178,12.64549336,0.418680512,0.021848339,0.067444503,0.490643695,3.858432685,4.579283795,0.015687913,,,,,,,
,,,,,,122,76.09574671,0.065205116,12.77281046,0.557560718,0.030456649,0.095798711,0.574691507,3.859263546,4.572608938,0.015146646,,,,,,,
,,,,,,123,76.10477683,0.066962173,12.62925683,0.575114971,0.028229844,0.058548382,0.485756751,3.84892674,4.58488725,0.001081149,,,,,,,
,,,,,,124,76.85474203,0.089615278,12.61820752,0.53164583,0.019485405,0.070444316,0.5438209,3.913539838,4.542433987,0.007668847,,,,,,,
,,,,,,125,77.02630298,0.070492568,12.57238027,0.542094091,0.019549827,0.081011464,0.637823348,4.134855487,4.576921417,-0.001724265,,,,,,,
,,,,,,126,75.9629814,0.05677967,12.5813269,0.443533411,0.025991624,0.046662945,0.538167357,3.916037368,4.569509589,0.005308847,,,,,,,
,,,,,,127,76.32660294,0.048529825,12.44476379,0.465014087,0.019844482,0.041264793,0.555171955,3.856029497,4.658834841,0.002630968,,,,,,,
,,,,,,128,75.39985141,0.055220602,12.39585051,0.497505333,0.024655496,0.07631702,0.52422648,3.884074607,4.518077221,0.004648514,,,,,,,
,,,,,,129,76.68706119,0.073402547,12.49214824,0.556904147,0.022016664,0.047931006,0.531964542,3.926968164,4.659750592,0.011991909,,,,,,,
,,,,,,130,76.96930097,0.067029103,12.81575106,0.502047922,0.027606909,0.071973403,0.50812561,4.154806714,4.602470627,0.007785169,,,,,,,
,,,,,,131,76.68192797,0.061673553,12.70125818,0.491784408,0.027133315,0.039594236,0.4626068,4.143719841,4.646576688,0.002912771,,,,,,,
,,,,,,132,76.46321671,0.065813041,12.61815379,0.53841697,0.023581947,0.069943756,0.579567092,4.025654611,4.6382966,0.005570191,,,,,,,
,,,,,,133,75.76298108,0.069769498,12.50020644,0.540670027,0.022108812,0.068538506,0.585266849,3.900564891,4.591175081,0.002740982,,,,,,,
,,,,,,134,76.34032556,0.056908454,12.42288357,0.511577005,0.020300231,0.044166611,0.508574494,4.016909787,4.606032184,0.012659511,,,,,,,
,,,,,,135,76.71862528,0.074023808,12.79218134,0.573620679,0.024968081,0.043692252,0.538457843,4.126421165,4.654854661,0.012696207,,,,,,,
,,,,,,136,76.89205382,0.076547665,12.50408248,0.454292892,0.024852855,0.064922271,0.515331459,4.095632148,4.542586484,0.005218019,,,,,,,
,,,,,,137,75.79506753,0.065326524,12.84477248,0.471430086,0.021634484,0.057280182,0.508730097,4.048631086,4.548647915,0.006410577,,,,,,,
,,,,,,138,76.47727014,0.069500457,12.95402771,0.508389195,0.022878032,0.07002857,0.498677343,3.866006757,4.634184967,-0.006178387,,,,,,,
,,,,,,139,76.03642926,0.079414152,12.80483021,0.504042951,0.023182606,0.025184982,0.508675878,4.078765395,4.63151451,-0.00033565,,,,,,,
,,,,,,140,76.42862835,0.075713129,12.84553688,0.569906558,0.024138414,0.038491713,0.563743188,4.170618641,4.686262389,0.004808144,,,,,,,
,,,,,,141,76.34897876,0.071248479,12.62803697,0.430077216,0.027231481,0.066357608,0.609601258,4.051027015,4.55539481,0.014013608,,,,,,,
,,,,,,142,76.52243017,0.070222427,12.84169208,0.574442443,0.025143407,0.066611562,0.52131956,4.002549433,4.652130752,0.00912936,,,,,,,
,,,,,,143,76.70241251,0.058822353,12.83162361,0.541173869,0.019874385,0.071912965,0.539468873,3.92475703,4.64491804,0.006886176,,,,,,,
,,,,,,144,76.069683,0.053066907,12.78026113,0.562903071,0.023501462,0.06003883,0.513473363,4.058215911,4.624243105,0.009484228,,,,,,,
,,,,,,145,76.42008856,0.069796582,12.80429442,0.594962652,0.02326151,0.031294126,0.548322027,4.008474736,4.635746417,0.001210466,,,,,,,
,,,,,,146,76.39362132,0.066083939,12.79165101,0.530749073,0.022340206,0.068475218,0.495231007,4.063510972,4.564383206,-8.35385E-05,,,,,,,
,,,,,,147,75.99087768,0.070124538,12.95542048,0.513101048,0.022833876,0.045861421,0.549266601,3.958890555,4.712491583,0.010221346,,,,,,,
,,,,,,148,76.64432648,0.068430121,12.75163885,0.405121276,0.027348533,0.054545407,0.506481323,3.97825183,4.648049994,0.004990845,,,,,,,
,,,,,,149,76.66878251,0.049213198,12.69148135,0.555961559,0.024323007,0.060112303,0.519769299,3.922776496,4.594640956,0.006730053,,,,,,,
,,,,,,150,77.04992988,0.069410829,12.69516492,0.521504562,0.022939291,0.056277749,0.538912595,4.041233673,4.559177282,0.005630876,,,,,,,
,,,,,,151,76.61938658,0.0817828,12.89648392,0.423495381,0.020333803,0.050556016,0.565599088,3.810556263,4.586521193,0.009671742,,,,,,,
,,,,,,152,75.75833689,0.063936942,12.46291517,0.547426619,0.02349832,0.041568869,0.518384156,3.967387521,4.569001297,0.009838108,,,,,,,
,,,,,,153,75.95673424,0.088396318,12.7864373,0.546866131,0.021855067,-0.005282278,0.515217014,4.049673981,4.676817168,-0.000320339,,,,,,,
,,,,,,154,75.83614185,0.051563255,12.77319467,0.616309089,0.02103699,0.039395255,0.548983267,3.979190192,4.535637043,0.005118276,,,,,,,
,,,,,,155,76.75743189,0.070975937,12.60888833,0.504214921,0.02576961,0.045472622,0.524099062,3.956926993,4.564564817,0.00553996,,,,,,,
,,,,,,156,76.55669992,0.072112697,12.93628329,0.520221303,0.026679974,0.042299729,0.617120177,4.0936359,4.658241861,0.004083432,,,,,,,
,,,,,,157,76.65838216,0.042027863,12.65075076,0.476451376,0.027032501,0.06354687,0.501387573,3.97007184,4.648702821,0.014444804,,,,,,,
,,,,,,158,76.50436328,0.074533878,12.7632543,0.573318282,0.023324468,0.051092177,0.53241683,4.041539282,4.617303249,0.009410809,,,,,,,
,,,,,,159,76.51014444,0.092594458,12.54243839,0.503426222,0.023731382,0.074853441,0.589580035,4.063756827,4.709322704,0.01069191,,,,,,,
,,,,,,160,76.67897572,0.060910817,12.58023031,0.469218399,0.024828901,0.053950633,0.549601045,3.86013685,4.583266717,0.008600132,,,,,,,
,,,,,,161,76.59912076,0.058746245,12.58856893,0.536701396,0.020789527,0.043893183,0.474405238,3.952290861,4.555493302,0.011050594,,,,,,,
,,,,,,162,76.44554397,0.091651349,12.45748514,0.496047733,0.025521617,0.092167522,0.546820272,3.966372373,4.578990855,0.006955305,,,,,,,
,,,,,,163,75.86259505,0.070361839,12.48954842,0.498857286,0.020426517,0.076985656,0.604456394,3.907073056,4.593951592,0.014638186,,,,,,,
,,,,,,164,76.59577339,0.068890202,12.63542168,0.536406623,0.022919138,0.083185416,0.593184596,4.095346925,4.694648678,0.005365354,,,,,,,
,,,,,,165,76.54721881,0.075440537,12.76083537,0.527785274,0.021335569,0.075582394,0.520993123,4.021534367,4.594911172,0.003902961,,,,,,,
,,,,,,166,76.66982839,0.081414746,12.56924287,0.547202203,0.025612726,0.053492524,0.509277949,3.833690819,4.593140653,0.009305849,,,,,,,
,,,,,,167,76.22806234,0.07230845,12.82643844,0.539404135,0.028329639,0.048929929,0.605876649,3.86819235,4.666277176,0.006493183,,,,,,,
,,,,,,168,76.33788345,0.071179546,12.68265456,0.494062323,0.028871814,0.040965443,0.58775743,3.982190331,4.641830221,-0.001101057,,,,,,,
,,,,,,169,76.14591947,0.082177936,12.5015359,0.526219287,0.026144011,0.046220658,0.485947414,3.894065204,4.637858197,0.002634186,,,,,,,
,,,,,,170,76.68522722,0.09469086,12.53119586,0.46745787,0.024436503,0.071147117,0.530814189,4.058851718,4.68622221,0.006989561,,,,,,,
,,,,,,171,76.09911341,0.060990692,12.86385438,0.55251431,0.021568394,0.055284231,0.543416891,4.062075343,4.612681279,0.00427366,,,,,,,
,,,,,,172,76.50238254,0.06622211,12.92270673,0.502794101,0.022023374,0.082759669,0.558928414,3.76108265,4.667763641,0.008731782,,,,,,,
,,,,,,173,75.91469212,0.067303809,12.79524552,0.559791817,0.026723886,0.024856853,0.530779495,3.85160748,4.593339997,0.008302624,,,,,,,
,,,,,,174,76.30474656,0.087478005,12.52441187,0.580504638,0.030029775,0.093113338,0.59056969,3.883740435,4.621746749,-3.20474E-05,,,,,,,
,,,,,,175,76.37880235,0.081406741,12.60432553,0.455501269,0.023729444,0.064121581,0.511024139,4.140188411,4.713272875,0.010458919,,,,,,,
,,,,,,176,76.14031707,0.064648947,12.5996954,0.530159092,0.023488672,0.062259333,0.582741204,3.954939269,4.56738686,0.009661426,,,,,,,
,,,,,,177,76.40124037,0.083636518,12.60298574,0.526005522,0.025206787,0.037881909,0.598470599,4.052421236,4.563487959,0.013495564,,,,,,,
,,,,,,178,77.14417138,0.081453088,12.73887941,0.560120391,0.022683284,0.063578988,0.510349245,3.884190692,4.516679714,-0.004501959,,,,,,,
,,,,,,179,76.66401656,0.056661067,12.68352605,0.523702578,0.021749948,0.044687569,0.450624301,3.913244529,4.714009418,0.003774034,,,,,,,
,,,,,,180,76.67118221,0.081936547,12.8384597,0.464153067,0.023441846,0.075279004,0.565152595,4.003812033,4.602215055,0.000727772,,,,,,,
,,,,,,181,76.82440768,0.067815721,12.5962812,0.456593143,0.022282693,0.060467398,0.563425849,3.926026427,4.590461339,0.005129829,,,,,,,
,,,,,,182,76.3925644,0.082088852,12.88662984,0.538935892,0.021073976,0.061828371,0.494567388,3.912512277,4.576578427,0.007125413,,,,,,,
,,,,,,183,76.3117506,0.052607092,12.37622868,0.552638712,0.023684849,0.047850348,0.516248297,3.771203424,4.659816281,0.007041275,,,,,,,
,,,,,,184,76.06542987,0.075223856,12.7893031,0.59665717,0.021316305,0.025571416,0.564098716,3.879612146,4.683364423,0.010090464,,,,,,,
,,,,,,185,75.97104012,0.06457534,12.78351562,0.499688186,0.019574858,0.057529604,0.443177497,3.829238553,4.604482926,0.010584219,,,,,,,
,,,,,,186,76.14577544,0.085789231,12.76630294,0.46231638,0.023884838,0.034112521,0.541239897,4.126405752,4.565744973,0.00258947,,,,,,,
,,,,,,187,76.07407305,0.054194215,12.93806,0.520857287,0.029825997,0.039510487,0.509291566,4.030734617,4.522987614,0.012490694,,,,,,,
,,,,,,188,75.86184087,0.074252818,12.83420198,0.4964571,0.020330732,0.044937594,0.489399184,4.048496322,4.601875707,0.003750955,,,,,,,
,,,,,,189,76.23152037,0.080224908,12.39921045,0.490891001,0.025483387,0.060284642,0.591342363,4.137412277,4.567535289,0.010094632,,,,,,,
,,,,,,190,76.58691089,0.065623197,12.75718496,0.507536874,0.026503805,0.028738232,0.566169397,3.988561585,4.696847961,0.00459776,,,,,,,
,,,,,,191,75.69360238,0.064630505,12.72984778,0.551433334,0.021101309,0.042595991,0.528155502,3.974517232,4.650223025,0.011564378,,,,,,,
,,,,,,192,76.52851891,0.042264531,12.70133392,0.552022311,0.027182619,0.081735394,0.564196895,3.876342964,4.680334527,0.006314896,,,,,,,
,,,,,,193,76.55498088,0.084560842,12.76176733,0.594285195,0.025852768,0.051591566,0.545456313,3.980573345,4.590377611,0.005510655,,,,,,,
,,,,,,194,76.0845879,0.075423186,12.79544642,0.596208029,0.023919828,0.045572088,0.570170346,4.00074865,4.659854446,-0.005849971,,,,,,,
,,,,,,195,76.53082915,0.059523276,12.48682766,0.56968209,0.025816028,0.070177163,0.497494604,4.029622673,4.711609731,-0.008407657,,,,,,,
,,,,,,196,76.36503605,0.060737774,12.62552845,0.510594297,0.022267176,0.043723211,0.505771942,4.105064803,4.704901469,0.007118832,,,,,,,
,,,,,,197,76.47424635,0.072384655,12.54353373,0.533137015,0.028030248,0.029390258,0.569079514,3.942419856,4.515300079,0.004279998,,,,,,,
,,,,,,198,76.27266057,0.065517789,12.63386755,0.555587426,0.025804662,0.074274053,0.519096097,3.984714094,4.54489132,0.01107248,,,,,,,
,,,,,,199,76.18335165,0.06027285,12.66154294,0.536365425,0.018894563,0.068929822,0.587820357,4.018443381,4.645804777,0.00693182,,,,,,,
,,,,,,200,76.07920596,0.071611835,12.45809454,0.465870529,0.027201546,0.023943343,0.595338608,4.016100804,4.552618172,0.001774974,,,,,,,
,,,,,MEAN,,76.38278744,0.069339043,12.65540272,0.521582019,0.023813736,0.055567835,0.538448966,3.97376685,4.612730824,0.005826165,#DIV/0!,#DIV/0!,#DIV/0!,#DIV/0!,#DIV/0!,#DIV/0!,#DIV/0!
,,,,,STDEV.S(),,0.359605493,0.010866854,0.15183025,0.044239949,0.002616697,0.017958154,0.037385906,0.098200161,0.055742307,0.005083585,#DIV/0!,#DIV/0!,#DIV/0!,#DIV/0!,#DIV/0!,#DIV/0!,#DIV/0!
,,,,,ST. ERROR,,0.001798027,5.43343E-05,0.000759151,0.0002212,1.30835E-05,8.97908E-05,0.00018693,0.000491001,0.000278712,2.54179E-05,#DIV/0!,#DIV/0!,#DIV/0!,#DIV/0!,#DIV/0!,#DIV/0!,#DIV/0!
,,,,,,,,,,,,,,,,,,,,,,,
,,,,,,,,,,,,,,,,,,,,,,,
,,"Snapshot 1 | Sheet: KCP-109-A | Wednesday, February 11, 2026  11:08:24 PM",,,,,,,,,,,,,,,,,,,,,
,,Oxide,Concentration,HAL 2-sigma uncertainty,,Iteration,Synthetic SiO2 Value,Synthetic TiO2 Value,Synthetic Al2O3 Value,Synthetic FeO Value,Synthetic MnO Value,Synthetic MgO Value,Synthetic CaO Value,Synthetic Na2O Value,Synthetic K2O Value,Synthetic P2O5 Value,,,,,,,
,,SiO2,76.61621342,0.359297642,,1,76.67049527,0.07269311,12.56150844,0.61610213,0.028580365,0.0538821,0.489936128,3.920815604,4.50988437,-0.000890598,,,,,,,
,,TiO2,0.079308938,0.011012541,,2,75.73242328,0.097454169,12.5534637,0.620313624,0.032295901,0.047693459,0.593992239,3.904561725,4.542729682,0.002131859,,,,,,,
,,Al2O3,12.48142877,0.146576701,,3,76.83680018,0.070822154,12.40591977,0.618211863,0.028771591,0.027358088,0.533010117,3.93797119,4.521859526,0.000655765,,,,,,,
,,FeO*,0.623441156,0.048164892,,4,76.03367334,0.07737021,12.47858064,0.629337754,0.030528553,0.085332094,0.545223215,4.114215983,4.380108832,0.004099247,,,,,,,
,,MnO,0.026244603,0.002658482,,5,77.07248416,0.093773967,12.79886797,0.608924231,0.026184575,0.042270818,0.505456205,3.916974681,4.505364852,0.002686834,,,,,,,
,,MgO,0.055272169,0.018650462,,6,76.93691388,0.077816795,12.34634141,0.613083009,0.02839596,0.028415762,0.565927195,3.958365422,4.385767138,0.002002127,,,,,,,
,,CaO,0.530664537,0.034953085,,7,76.28813235,0.072211226,12.33157584,0.569938106,0.026327868,0.065394289,0.555262129,3.777858849,4.460744926,-0.001570093,,,,,,,
,,Na2O,3.981179198,0.09652445,,8,76.73629329,0.080897284,12.55467718,0.644402658,0.026338442,0.062109774,0.584214152,3.969199149,4.459009479,0.011062033,,,,,,,
,,K2O,4.460937218,0.054995939,,9,76.72114974,0.091736529,12.49330864,0.619614207,0.027010559,0.044751239,0.530930901,4.074861888,4.38721585,0.012106876,,,,,,,
,,P2O5,0.003877476,0.004536077,,10,76.12480231,0.078810677,12.51916016,0.640168597,0.024265195,0.040766477,0.545518835,3.912687099,4.442306788,0.011102201,,,,,,,
,,,,,,11,76.55729926,0.080815033,12.24937601,0.616623849,0.026557994,0.057805977,0.510897989,4.084919966,4.426138474,0.007898596,,,,,,,
,,,,,,12,76.59175165,0.067666017,12.30242735,0.634461701,0.029888849,0.042335202,0.558658796,3.913567024,4.468040046,0.007741044,,,,,,,
,,,,,,13,76.36918745,0.081087311,12.41959683,0.57789341,0.028487727,0.048802793,0.497391429,3.994607051,4.385383941,0.002948903,,,,,,,
,,,,,,14,76.70771135,0.082938556,12.83814186,0.569149103,0.027476811,0.044604796,0.525762057,3.928929883,4.459062858,0.00593046,,,,,,,
,,,,,,15,76.11534725,0.081767901,12.59056632,0.718105435,0.027229987,0.060598925,0.570942222,4.001829563,4.471524141,0.004753608,,,,,,,
,,,,,,16,76.43729666,0.082951142,12.51895573,0.594184233,0.022055754,0.037619877,0.507648619,4.050538569,4.60129724,0.000437978,,,,,,,
,,,,,,17,76.69551664,0.052820188,12.51429961,0.608247566,0.026092962,0.067287975,0.538244265,3.932028547,4.470829129,-0.003598851,,,,,,,
,,,,,,18,76.60643988,0.075851183,12.36013215,0.577092472,0.023205681,0.032607462,0.521192025,3.882763484,4.470814323,0.00260171,,,,,,,
,,,,,,19,76.49698417,0.080829057,12.63218584,0.644859048,0.025789266,0.053267574,0.59501004,3.920347963,4.463272231,0.006924161,,,,,,,
,,,,,,20,76.99388433,0.066371345,12.46850828,0.649905124,0.028551775,0.019423698,0.541336953,3.989463919,4.447421135,-0.002302016,,,,,,,
,,,,,,21,76.48930388,0.070442941,12.3862067,0.657928763,0.026846972,0.041399761,0.477938581,3.89582071,4.481292308,0.009656993,,,,,,,
,,,,,,22,76.41143536,0.078024036,12.62458073,0.649785227,0.028878333,0.057086354,0.529748619,4.030579288,4.455029262,0.007267715,,,,,,,
,,,,,,23,77.1850446,0.072004117,12.59729773,0.600095662,0.024493698,0.037188671,0.549170335,4.044799433,4.409303088,-0.000250857,,,,,,,
,,,,,,24,76.56122607,0.086465206,12.60462787,0.631111131,0.029674713,0.048351589,0.535880534,4.022079856,4.435632291,0.007965511,,,,,,,
,,,,,,25,77.17759427,0.07169639,12.52564601,0.587370535,0.023007124,0.092744846,0.46308037,4.129464596,4.390089819,0.013814452,,,,,,,
,,,,,,26,75.41540538,0.075265478,12.5503603,0.640762878,0.024437039,0.042301799,0.578488384,3.935803538,4.484692825,0.007079393,,,,,,,
,,,,,,27,75.80986549,0.069071462,12.61195243,0.598884209,0.02408622,0.052550892,0.470053034,3.840573125,4.453801144,-0.002003592,,,,,,,
,,,,,,28,76.94557674,0.099595999,12.44163548,0.599065091,0.031264811,0.028596433,0.553201786,4.044369542,4.364576929,0.000652559,,,,,,,
,,,,,,29,76.50493471,0.084372556,12.45916331,0.674210297,0.02910823,0.045895623,0.545659172,4.157661834,4.349442613,0.011874579,,,,,,,
,,,,,,30,76.79881026,0.082005969,12.18678346,0.663206878,0.025548318,0.054948401,0.498291035,3.909564769,4.438180898,0.008398826,,,,,,,
,,,,,,31,76.23377456,0.084553276,12.59921572,0.529513151,0.026677008,0.075142203,0.510811426,4.082957907,4.575363007,0.003123219,,,,,,,
,,,,,,32,76.89410688,0.087286848,12.33241365,0.655392,0.025302915,0.04055322,0.553011369,4.156333452,4.493766896,0.002846746,,,,,,,
,,,,,,33,76.60372129,0.079470105,12.59956928,0.614895657,0.028403193,0.036098086,0.537065453,4.150391409,4.574255594,-0.002702299,,,,,,,
,,,,,,34,76.53254234,0.092943903,12.47873386,0.536374863,0.024725137,0.077287536,0.517358344,3.928379577,4.379012848,0.009718394,,,,,,,
,,,,,,35,76.66319791,0.065319794,12.35948331,0.66065653,0.022771696,0.01467067,0.508032548,4.112517925,4.396196908,0.011569282,,,,,,,
,,,,,,36,77.05893715,0.088137481,12.53959386,0.59324011,0.029974373,0.052072061,0.527538421,3.956348783,4.406337254,0.009093289,,,,,,,
,,,,,,37,77.13862634,0.073397625,12.80031205,0.683641689,0.025886963,0.053687207,0.518249418,3.915493258,4.477717711,-0.002439669,,,,,,,
,,,,,,38,76.27826868,0.052576433,12.45486116,0.606657061,0.021324219,0.103995763,0.527641034,4.021215758,4.54211126,0.000293549,,,,,,,
,,,,,,39,76.75841591,0.063352842,12.57291714,0.629254612,0.029835748,0.092607145,0.558402481,3.915902881,4.447293241,0.007373509,,,,,,,
,,,,,,40,76.59166722,0.082598556,12.43552467,0.599657696,0.02814592,0.055860381,0.490864817,3.97935927,4.393940857,0.000451069,,,,,,,
,,,,,,41,76.05868419,0.070528537,12.51517959,0.684171374,0.028880816,0.053112049,0.525180994,3.960058672,4.490100365,0.007727423,,,,,,,
,,,,,,42,76.95406122,0.083643367,12.4592016,0.569378769,0.028081748,0.042586016,0.448093738,3.981728341,4.449465,-0.000705489,,,,,,,
,,,,,,43,76.47104563,0.075131322,12.20707199,0.654675974,0.020777168,0.089076854,0.49930139,4.032846851,4.481332246,0.001235346,,,,,,,
,,,,,,44,76.4223191,0.078668329,12.66132119,0.636626866,0.028190324,0.033235858,0.554376742,4.0342877,4.401766912,0.00961872,,,,,,,
,,,,,,45,76.47472125,0.068095875,12.47017537,0.512164418,0.025607574,0.044895096,0.530358246,3.915681571,4.469827298,0.007937079,,,,,,,
,,,,,,46,76.14675533,0.065663636,12.69757164,0.609568184,0.02704759,0.069419184,0.482303531,4.004877447,4.483312042,0.004152736,,,,,,,
,,,,,,47,76.19649964,0.075024654,12.46545614,0.581333924,0.025774962,0.063318154,0.55397611,4.172450201,4.472654666,-0.003496754,,,,,,,
,,,,,,48,76.49073392,0.091277749,12.40840251,0.612603322,0.025498952,0.072195236,0.555710098,3.786694504,4.448416539,0.005392041,,,,,,,
,,,,,,49,76.93273301,0.071408972,12.70625025,0.540633489,0.030078674,0.054298517,0.468152702,3.920600892,4.455537068,0.009420413,,,,,,,
,,,,,,50,76.88466517,0.091784584,12.73344154,0.671030371,0.025327943,0.052181936,0.561053803,4.070304032,4.384452641,0.009785779,,,,,,,
,,,,,,51,76.62503305,0.078479872,12.49215237,0.644324691,0.027011328,0.071017199,0.521801315,3.98206357,4.438673616,0.009055285,,,,,,,
,,,,,,52,76.5921139,0.081068681,12.35408991,0.658989997,0.021088546,0.072980081,0.514322539,3.972682826,4.333550057,0.010470527,,,,,,,
,,,,,,53,77.06142274,0.083601176,12.51118602,0.504425242,0.022853519,0.055163617,0.501618909,3.975463516,4.470576269,-0.002035833,,,,,,,
,,,,,,54,76.99478881,0.08156067,12.54962121,0.601107545,0.028836252,0.048359536,0.510378926,4.1112472,4.569950303,-0.000271839,,,,,,,
,,,,,,55,76.79805881,0.0927001,12.2853481,0.558849127,0.026122477,0.02220077,0.564684996,3.877133841,4.427341205,0.003843651,,,,,,,
,,,,,,56,75.8269589,0.067293373,12.58496794,0.611173802,0.027215008,0.072432453,0.57611699,3.784788749,4.394889528,0.002568055,,,,,,,
,,,,,,57,75.81766272,0.075300789,12.58832881,0.677418292,0.032368386,0.05523207,0.600494104,3.797043182,4.397358153,0.000294294,,,,,,,
,,,,,,58,76.32749645,0.066529076,12.50637768,0.635512785,0.029364042,0.07209482,0.516161353,4.086541663,4.507302876,-0.000282051,,,,,,,
,,,,,,59,76.61690241,0.061678094,12.62470719,0.550225254,0.029927356,0.055893389,0.507396385,3.977134149,4.391066379,0.003859128,,,,,,,
,,,,,,60,76.27415279,0.081981577,12.47213067,0.680556717,0.032082187,0.062389919,0.515638239,3.985227871,4.438433851,0.00386984,,,,,,,
,,,,,,61,76.75703403,0.080559333,12.56214999,0.590317651,0.026509314,0.088442041,0.541420891,3.941526626,4.477593742,0.004167414,,,,,,,
,,,,,,62,76.98109098,0.095416047,12.37238313,0.669400012,0.027976682,0.066470868,0.538808254,4.020182193,4.466201869,0.006890298,,,,,,,
,,,,,,63,76.56551615,0.077524765,12.53262496,0.567434447,0.024886621,0.059353421,0.606550448,3.867217682,4.518395497,0.001095963,,,,,,,
,,,,,,64,76.9029345,0.083285076,12.74644331,0.595746483,0.026909234,0.031037538,0.519762435,4.031600386,4.45454863,0.006937424,,,,,,,
,,,,,,65,76.93239086,0.082341173,12.40695094,0.58961267,0.026147385,0.079096316,0.557261683,4.064058082,4.432564393,0.005857228,,,,,,,
,,,,,,66,76.56797999,0.063550399,12.47753227,0.652070722,0.023314089,0.063699849,0.61654472,4.031613964,4.437256103,-7.03628E-05,,,,,,,
,,,,,,67,76.62126189,0.069206596,12.47963373,0.638737409,0.027310692,0.077253287,0.539241293,3.922572902,4.525617231,0.001886346,,,,,,,
,,,,,,68,77.20422409,0.076878352,12.37006838,0.561298449,0.023173806,0.03868378,0.593171908,3.924705514,4.46585127,-0.003541576,,,,,,,
,,,,,,69,76.06203648,0.059410599,12.34787445,0.679131655,0.022215117,0.027995165,0.490159045,4.084049244,4.434027182,0.003688596,,,,,,,
,,,,,,70,76.88350743,0.088956124,12.43490254,0.545935594,0.02857532,0.036142895,0.57425423,3.908651279,4.511672467,0.007346516,,,,,,,
,,,,,,71,76.73330907,0.087108278,12.68036309,0.608118671,0.024909299,0.037293402,0.516973989,3.893332027,4.475973282,0.001443308,,,,,,,
,,,,,,72,76.09793024,0.068604029,12.64526972,0.671846257,0.024418566,0.032519833,0.563422458,3.88877707,4.494380425,0.001642667,,,,,,,
,,,,,,73,76.14382587,0.087558799,12.57932997,0.64761775,0.025684271,0.074492149,0.539975894,3.990398915,4.497869375,0.004863105,,,,,,,
,,,,,,74,76.88347432,0.070736878,12.46177651,0.608336253,0.02560142,0.009494916,0.47796917,4.016280016,4.458332866,0.002468565,,,,,,,
,,,,,,75,76.77740253,0.074308239,12.49826743,0.617155754,0.023938631,0.030599017,0.515278835,4.006504954,4.528880761,-0.003874869,,,,,,,
,,,,,,76,76.35345702,0.087906122,12.29269645,0.709114247,0.027324899,0.040106341,0.556707098,3.779464746,4.417233909,0.001529123,,,,,,,
,,,,,,77,76.19892725,0.091983705,12.11568853,0.567405373,0.030325285,0.07226069,0.552808482,3.813620916,4.44989892,0.010231944,,,,,,,
,,,,,,78,76.33948987,0.097175025,12.4340991,0.615669189,0.030468184,0.046484351,0.543606672,4.067133853,4.451340329,0.003881247,,,,,,,
,,,,,,79,76.8286189,0.077706162,12.45536057,0.612336675,0.025402176,0.098741648,0.507205943,3.879212835,4.520388656,0.003984362,,,,,,,
,,,,,,80,76.62470901,0.084895591,12.46443954,0.61433547,0.024375301,0.047269263,0.60922042,3.894596294,4.369215259,0.007596427,,,,,,,
,,,,,,81,76.4719926,0.087272389,12.56749882,0.568768026,0.030633815,0.06271045,0.492514719,4.006512528,4.453993866,-0.000578221,,,,,,,
,,,,,,82,76.14896113,0.09213423,12.43813419,0.62602758,0.028575778,0.031989212,0.496974715,3.957479716,4.414951186,-0.001279817,,,,,,,
,,,,,,83,76.89326446,0.075633039,12.24738506,0.639596271,0.027870425,0.046351085,0.483365298,4.063477214,4.532545431,0.003447754,,,,,,,
,,,,,,84,76.50430272,0.060914422,12.32653083,0.644707751,0.023012778,0.063845657,0.55805422,3.999852853,4.43195197,0.004886663,,,,,,,
,,,,,,85,76.8436735,0.096822542,12.8370204,0.629953969,0.026757203,0.042474383,0.58989781,4.169147315,4.387627288,0.013594902,,,,,,,
,,,,,,86,76.26018365,0.06646758,12.47362227,0.655199473,0.028469568,0.027863047,0.511613337,4.086580557,4.468637418,0.00323391,,,,,,,
,,,,,,87,76.55518808,0.089579294,12.15334206,0.650169288,0.027918317,0.029377417,0.501664064,3.973444896,4.454058552,0.009479539,,,,,,,
,,,,,,88,76.60881136,0.085654164,12.4119697,0.684137955,0.022235172,0.06615531,0.557979796,4.092328364,4.495913701,0.002345532,,,,,,,
,,,,,,89,77.32270464,0.083584286,12.64943228,0.643529838,0.022070039,0.078769747,0.566555735,4.052244852,4.441208065,0.000543708,,,,,,,
,,,,,,90,76.74750881,0.071112172,12.3778653,0.610692674,0.026705495,0.043092807,0.517247913,4.045822007,4.47456561,-0.002166991,,,,,,,
,,,,,,91,76.6550649,0.068339311,12.57186001,0.674317411,0.024104129,0.038140883,0.530152463,4.080984668,4.416919114,-0.000749346,,,,,,,
,,,,,,92,76.43057885,0.07510529,12.59974415,0.574218346,0.023419478,0.07660326,0.560440848,4.029390338,4.46924157,0.003330701,,,,,,,
,,,,,,93,76.80108981,0.067539576,12.36044266,0.558356588,0.025261885,0.041712301,0.49094741,4.115682314,4.457552342,0.007687826,,,,,,,
,,,,,,94,76.52698278,0.091293722,12.57764701,0.637630923,0.023939113,0.083458726,0.489965112,3.985692589,4.533206347,0.002619873,,,,,,,
,,,,,,95,76.1396423,0.086193123,12.73488414,0.598538673,0.028193418,0.042080305,0.478754551,3.828342154,4.446038646,-0.001292645,,,,,,,
,,,,,,96,76.53987937,0.096181452,12.19270213,0.633927668,0.025465729,0.07000214,0.463642686,4.01414394,4.438252757,0.009978043,,,,,,,
,,,,,,97,76.86434604,0.066697412,12.48050618,0.560009363,0.030380535,0.053298568,0.580555967,4.001708629,4.540296588,0.006238578,,,,,,,
,,,,,,98,76.50059553,0.064477553,12.37681772,0.529970959,0.027604278,0.030586641,0.514288875,4.143372322,4.486244119,0.006702506,,,,,,,
,,,,,,99,76.62063748,0.071817305,12.50209087,0.688336305,0.025407128,0.050434981,0.59260804,3.985468278,4.484285438,0.002340196,,,,,,,
,,,,,,100,76.57550372,0.081377658,12.52974753,0.619348742,0.028851714,0.062056385,0.556015873,3.951806421,4.398859621,0.006789776,,,,,,,
,,,,,,101,76.65159417,0.086448592,12.5829282,0.678478448,0.023758089,0.065966629,0.51487038,3.844484388,4.545761716,0.008162567,,,,,,,
,,,,,,102,76.55222771,0.075408345,12.67355145,0.60722803,0.027166758,0.028488458,0.523955698,3.967029127,4.341236421,0.009707107,,,,,,,
,,,,,,103,75.85974884,0.049129342,12.59333171,0.715026206,0.02575404,0.059698875,0.51564583,3.99679708,4.542358478,-0.000463535,,,,,,,
,,,,,,104,75.8787095,0.08589449,12.40675286,0.655291002,0.028252715,0.096899196,0.512216963,3.92349114,4.487985519,0.00091009,,,,,,,
,,,,,,105,76.6978176,0.07797906,12.50943656,0.591148351,0.022753504,0.082077698,0.548948566,4.047248173,4.324402882,0.003977134,,,,,,,
,,,,,,106,76.63316831,0.079989827,12.4229804,0.594663276,0.024649458,0.04114072,0.524231219,3.791839764,4.537591081,0.004671695,,,,,,,
,,,,,,107,77.54121903,0.06804977,12.43980737,0.555823265,0.028211907,0.061780265,0.596019214,4.067030127,4.42194651,0.012709491,,,,,,,
,,,,,,108,76.1291737,0.051967449,12.49937851,0.611511281,0.024251074,0.034055973,0.460971193,3.964351726,4.46633481,0.001861575,,,,,,,
,,,,,,109,76.61126683,0.08967793,12.16590639,0.588119723,0.029111016,0.084928506,0.542835463,3.947019466,4.432103548,-0.003595814,,,,,,,
,,,,,,110,76.99427177,0.078824208,12.50664195,0.651628617,0.027485312,0.04868983,0.569285174,3.993720296,4.46752134,0.001768406,,,,,,,
,,,,,,111,76.31863298,0.059679589,12.9234736,0.632435992,0.027983879,0.055193442,0.53792379,4.053201089,4.514919984,0.002335771,,,,,,,
,,,,,,112,76.31957233,0.086716727,12.51974898,0.569756427,0.019968711,0.053206074,0.551101546,3.868715594,4.426429689,0.00590434,,,,,,,
,,,,,,113,76.8107191,0.076536314,12.40427956,0.707913622,0.030712097,0.041122085,0.476338392,4.048540231,4.504086028,0.004280245,,,,,,,
,,,,,,114,77.15780146,0.094862839,12.28427793,0.549262694,0.022083338,0.026123889,0.558654727,4.077254879,4.3449181,0.007058594,,,,,,,
,,,,,,115,77.31703163,0.083925494,12.4979403,0.571135222,0.025544826,0.020457158,0.512416234,3.839089067,4.497501436,-0.000999012,,,,,,,
,,,,,,116,75.94101369,0.094999253,12.94747975,0.64330746,0.029612367,0.027314938,0.453603495,3.902575585,4.49478189,0.000969937,,,,,,,
,,,,,,117,76.47691995,0.080685664,12.58861486,0.630940167,0.028856376,0.062372331,0.523951964,4.100387843,4.488789748,0.014739909,,,,,,,
,,,,,,118,76.35536179,0.065996319,12.43398579,0.514337349,0.023132117,0.041506732,0.536502166,3.794473173,4.475773102,-0.003083895,,,,,,,
,,,,,,119,75.74221232,0.093538097,12.4024338,0.593602659,0.023311709,0.07809189,0.589674961,3.967979114,4.511705012,0.002782611,,,,,,,
,,,,,,120,76.23748603,0.077526754,12.67173381,0.644698328,0.024636579,0.023324381,0.524138298,3.91800436,4.445802208,0.011494861,,,,,,,
,,,,,,121,76.94635396,0.090611982,12.31764869,0.68025551,0.026791557,0.048769894,0.488319217,4.094097299,4.535890901,0.005040156,,,,,,,
,,,,,,122,77.08044385,0.058638742,12.39185766,0.500704096,0.027804394,0.068635349,0.490380781,3.94109984,4.430692939,0.010167669,,,,,,,
,,,,,,123,76.48960579,0.07642034,12.59429703,0.526051794,0.0277039,0.058361484,0.492991469,3.942422559,4.541677791,0.007843649,,,,,,,
,,,,,,124,77.4837682,0.081638897,12.47596515,0.638327899,0.022970203,0.069987477,0.588866864,4.126814837,4.458797864,0.006258222,,,,,,,
,,,,,,125,76.58271748,0.085609607,12.52295785,0.635930579,0.024633371,0.064417508,0.561685096,3.999100646,4.416193444,-0.000336039,,,,,,,
,,,,,,126,76.77262712,0.08071104,12.28500301,0.61676118,0.025311576,0.080864981,0.467749169,3.95454993,4.404415032,0.003543383,,,,,,,
,,,,,,127,77.37314032,0.082318956,12.52669593,0.607136785,0.028006818,0.104707235,0.584999947,3.947608679,4.430383257,0.000855102,,,,,,,
,,,,,,128,76.36882245,0.068303823,12.36328369,0.65925707,0.019353288,0.044419773,0.502149345,3.855780068,4.503862139,0.007794887,,,,,,,
,,,,,,129,76.43154327,0.083504586,12.54409173,0.644161506,0.023746086,0.060375024,0.520766203,4.005582932,4.357738428,0.004776593,,,,,,,
,,,,,,130,77.17413071,0.071207198,12.47597185,0.659057702,0.024564004,0.030937729,0.534291447,4.018514265,4.436492342,0.001720001,,,,,,,
,,,,,,131,77.32235824,0.07207332,12.45943765,0.63911305,0.026539307,0.050450444,0.467868149,4.11755074,4.547028037,0.006792542,,,,,,,
,,,,,,132,76.48277863,0.068371536,12.69936346,0.55548705,0.026914527,0.036306926,0.519108286,4.065849869,4.430019584,-0.001033119,,,,,,,
,,,,,,133,76.57741864,0.076308116,12.47404433,0.589188589,0.024693503,0.067430989,0.455925842,3.944831269,4.506144309,0.009794647,,,,,,,
,,,,,,134,77.08949989,0.079777354,12.57195227,0.618104984,0.028714769,0.046243566,0.548691191,3.940771622,4.495543651,0.004037893,,,,,,,
,,,,,,135,75.93908555,0.071924386,12.69265312,0.617427268,0.023317844,0.074778511,0.511035946,4.078012575,4.399621119,0.002533939,,,,,,,
,,,,,,136,76.68902523,0.082180405,12.69736554,0.60035748,0.024160336,0.029044528,0.533279104,3.866042663,4.411485151,0.001893235,,,,,,,
,,,,,,137,75.78443665,0.098166015,12.47774446,0.701667799,0.024608428,0.050661343,0.542960128,4.133253847,4.490880639,0.001912224,,,,,,,
,,,,,,138,76.32005298,0.09225943,12.54490594,0.693615638,0.023905635,0.045060795,0.519844339,4.112197074,4.430055411,0.005242954,,,,,,,
,,,,,,139,76.61310859,0.074566142,12.34296341,0.65409431,0.027799726,0.037008782,0.510942606,3.999111187,4.311984649,-0.001439828,,,,,,,
,,,,,,140,76.38098436,0.073931016,12.38228082,0.590850517,0.027924461,0.084498219,0.568847273,4.088636896,4.508485477,0.015369303,,,,,,,
,,,,,,141,77.20501241,0.087595233,12.75775157,0.619068709,0.023596251,0.062503384,0.515316692,4.086472567,4.457400954,0.004082809,,,,,,,
,,,,,,142,76.14335018,0.051026989,12.38857024,0.660731636,0.030911085,0.036031263,0.543009859,4.107649321,4.488083849,0.001586273,,,,,,,
,,,,,,143,76.90765228,0.071441679,12.38353205,0.648172334,0.027414214,0.06175712,0.515535224,3.934826003,4.402271275,0.004624203,,,,,,,
,,,,,,144,76.58521081,0.064718723,12.46943972,0.682871765,0.024585407,0.064019981,0.459482369,3.824735663,4.457685618,0.012418707,,,,,,,
,,,,,,145,76.83499622,0.080145378,12.68836374,0.687370956,0.026112743,0.02647265,0.495654196,3.950442306,4.503901777,0.000564294,,,,,,,
,,,,,,146,77.04663335,0.095776929,12.23827076,0.589039096,0.027309117,0.059832716,0.552555531,3.837677042,4.523173027,0.002639969,,,,,,,
,,,,,,147,76.69262292,0.082794699,12.50462967,0.649030641,0.027353897,0.018930256,0.54908255,3.79008232,4.489421795,0.000740005,,,,,,,
,,,,,,148,75.95473739,0.075617161,12.37147139,0.620419967,0.025290665,0.077952331,0.43295906,3.905913751,4.470861077,-0.00047353,,,,,,,
,,,,,,149,76.90729159,0.084123527,12.50557713,0.589288102,0.026433389,0.022535158,0.51276083,3.906195078,4.351448637,0.001931161,,,,,,,
,,,,,,150,76.65424105,0.093973084,12.60266114,0.608180162,0.029729283,0.050087272,0.519142328,3.934424599,4.397593609,0.003407638,,,,,,,
,,,,,,151,76.75429705,0.08316809,12.41505172,0.639873999,0.029739083,0.0921598,0.53745634,3.967034526,4.446951041,0.00246704,,,,,,,
,,,,,,152,76.56589878,0.07966817,12.52770326,0.573799991,0.02256257,0.054047258,0.610867871,4.014093712,4.575296286,0.005891007,,,,,,,
,,,,,,153,76.51171815,0.064873206,12.48611174,0.664686749,0.019174367,0.04393447,0.542666004,3.881516478,4.424238628,0.007851471,,,,,,,
,,,,,,154,76.30432708,0.076558456,12.4977185,0.623274403,0.028259229,0.035795592,0.489608153,3.996942196,4.470625841,-0.000797083,,,,,,,
,,,,,,155,76.75679877,0.07303044,12.31976258,0.560569517,0.028132806,0.083794601,0.618101313,3.885771719,4.482415504,0.004690212,,,,,,,
,,,,,,156,76.64013088,0.070850327,12.49541365,0.605567911,0.026078142,0.067806189,0.540779986,3.959547776,4.551750151,0.003287554,,,,,,,
,,,,,,157,76.30449305,0.081605349,12.69151382,0.61905177,0.026554814,0.045278364,0.525633746,3.822143848,4.397316811,0.012918763,,,,,,,
,,,,,,158,77.09956917,0.064815455,12.33658952,0.682988674,0.023275233,0.070497056,0.540398497,4.150987181,4.585533729,0.003435337,,,,,,,
,,,,,,159,76.68043651,0.089573804,12.2715812,0.612851204,0.025833537,0.037724355,0.603391084,3.896304904,4.440957938,0.001148151,,,,,,,
,,,,,,160,76.92403393,0.084217249,12.62510095,0.558653483,0.027068276,0.060855953,0.544936145,3.901795142,4.464325598,0.011231297,,,,,,,
,,,,,,161,76.55017823,0.079412276,12.30785903,0.58746275,0.022794214,0.047115463,0.566507269,3.928662753,4.45579369,0.005110936,,,,,,,
,,,,,,162,76.45644291,0.07031015,12.7080632,0.646532054,0.025247892,0.064305182,0.533833484,4.039315386,4.559242831,-0.001431787,,,,,,,
,,,,,,163,76.21046251,0.083955909,12.29929179,0.613670808,0.022543088,0.063294194,0.503705564,4.060119773,4.4965723,0.010209954,,,,,,,
,,,,,,164,76.44827145,0.088030839,12.43406494,0.598461845,0.027075823,0.072173765,0.495563861,4.064708702,4.478544037,0.006134404,,,,,,,
,,,,,,165,76.73920457,0.068359244,12.69208555,0.638906087,0.024330148,0.047542446,0.521919437,4.132754799,4.462475605,0.00207705,,,,,,,
,,,,,,166,76.77810436,0.070412247,12.32961249,0.596926683,0.025445114,0.062980492,0.590914026,3.952214919,4.325493586,0.002026471,,,,,,,
,,,,,,167,77.05928446,0.083733712,12.71304542,0.648806765,0.031993164,0.070480683,0.470234032,3.942385314,4.37846676,0.006444704,,,,,,,
,,,,,,168,76.70471088,0.076647496,12.49408579,0.599494861,0.024026092,0.060493408,0.518353378,3.893760254,4.507149354,-0.001605237,,,,,,,
,,,,,,169,76.32068797,0.073126258,12.46367144,0.628648762,0.026491258,0.043761307,0.538374639,4.10644391,4.464597794,0.007466776,,,,,,,
,,,,,,170,76.28245093,0.081611811,12.50248572,0.64320877,0.027350626,0.071700468,0.517342232,4.052699186,4.415022898,-0.003581904,,,,,,,
,,,,,,171,76.17992667,0.090925642,12.38584344,0.696961792,0.02521895,0.067365892,0.536594211,3.982286138,4.451980345,0.001753094,,,,,,,
,,,,,,172,77.07627143,0.089382531,12.43098763,0.588348793,0.030485255,0.035996239,0.501054003,3.940274623,4.4317628,-0.002105598,,,,,,,
,,,,,,173,76.57485457,0.071618318,12.54174159,0.633087294,0.028515645,0.0466962,0.496025357,3.981824901,4.620832369,-0.004064557,,,,,,,
,,,,,,174,76.1874355,0.076080482,12.56327364,0.646779978,0.024123547,0.06616658,0.511061006,3.929355646,4.397324869,0.005049822,,,,,,,
,,,,,,175,76.94427983,0.086603246,12.45892824,0.655568981,0.027108407,0.062647773,0.533653647,3.991966589,4.498714717,0.005112818,,,,,,,
,,,,,,176,76.11319821,0.080369694,12.45175713,0.650540001,0.030489922,0.059171163,0.564447485,4.148062773,4.571315767,0.004994871,,,,,,,
,,,,,,177,76.98148975,0.061957011,12.44982413,0.601849283,0.027473801,0.079770564,0.537682249,3.961002518,4.441992018,0.005934211,,,,,,,
,,,,,,178,76.84180563,0.075022168,12.47413732,0.702432903,0.023662367,0.081546381,0.475141316,3.872061051,4.391356932,0.001528875,,,,,,,
,,,,,,179,76.48722457,0.073181027,12.38461598,0.584702072,0.028844085,0.051890768,0.540187377,3.891078626,4.421642218,0.001262169,,,,,,,
,,,,,,180,76.55359938,0.074430226,12.37721629,0.613948176,0.02343394,0.046309729,0.495573524,3.97634973,4.41594424,0.011289823,,,,,,,
,,,,,,181,76.51451859,0.088262024,12.4729013,0.704951233,0.030958502,0.041275838,0.505259228,3.793195863,4.486472614,-0.001363654,,,,,,,
,,,,,,182,76.45024595,0.078303825,12.43142864,0.615079522,0.026778094,0.028712253,0.517733386,4.006683397,4.511644679,0.005145566,,,,,,,
,,,,,,183,76.51409244,0.075893496,12.32348853,0.67051632,0.021436132,0.059079822,0.528484942,4.098435715,4.506944251,0.008324716,,,,,,,
,,,,,,184,76.990132,0.064752102,12.73843969,0.606601797,0.025470354,0.080920639,0.536414968,3.79777294,4.466298375,0.000434372,,,,,,,
,,,,,,185,76.94925338,0.086374577,12.65682999,0.684001107,0.027220166,0.032930473,0.510151263,3.823530336,4.46030976,0.014879991,,,,,,,
,,,,,,186,76.97085949,0.084725909,12.27099992,0.625749163,0.027695394,0.058054495,0.523746271,3.899604163,4.517358387,0.007290902,,,,,,,
,,,,,,187,76.84377053,0.093081115,12.58205639,0.646869885,0.025616691,0.063835116,0.543437738,4.146191844,4.573140919,0.003902436,,,,,,,
,,,,,,188,77.12511927,0.073229841,12.81397383,0.605696402,0.027411493,0.034425339,0.533116802,4.008076037,4.399457157,-0.000668663,,,,,,,
,,,,,,189,76.05845574,0.087505113,12.43179348,0.615220952,0.027580728,0.020616546,0.492075804,3.995715939,4.430605534,-0.000980841,,,,,,,
,,,,,,190,77.38066901,0.080697186,12.61418221,0.562228698,0.024056714,0.045813853,0.499048819,3.825565579,4.438704574,0.004757291,,,,,,,
,,,,,,191,76.50408208,0.079711419,12.46669039,0.548821875,0.027826706,0.068126183,0.475982601,3.902824752,4.466003592,-0.001484336,,,,,,,
,,,,,,192,76.21891729,0.078587139,12.58515034,0.588717487,0.030709709,0.038487303,0.523689305,4.116083128,4.526453972,-0.002046048,,,,,,,
,,,,,,193,76.25111099,0.081235812,12.26806604,0.631909688,0.030241095,0.050140934,0.554384083,3.875811427,4.460241188,0.007402418,,,,,,,
,,,,,,194,76.61434427,0.057747246,12.45340185,0.600309964,0.026477913,0.02369236,0.47891644,3.980988901,4.55136202,0.010082389,,,,,,,
,,,,,,195,76.15676025,0.070338908,12.43832867,0.585039137,0.030064329,0.058893478,0.510137302,3.808153898,4.532906522,-0.002927983,,,,,,,
,,,,,,196,77.2681207,0.07718034,12.72747667,0.587584936,0.02635555,0.072771283,0.560029051,3.986534112,4.429930919,0.002207293,,,,,,,
,,,,,,197,76.65898532,0.087781466,12.73735561,0.625442542,0.022670597,0.077162425,0.46711468,3.997211463,4.352844162,0.012122541,,,,,,,
,,,,,,198,76.3053564,0.087652032,12.69295741,0.626651556,0.023082047,0.02600404,0.559369278,3.820782308,4.538939483,-0.003569542,,,,,,,
,,,,,,199,77.25456501,0.078186739,12.58696656,0.637433456,0.02808367,0.062686938,0.512410602,3.838689285,4.441625886,0.003931741,,,,,,,
,,,,,,200,76.62998344,0.076660474,12.48258188,0.560649628,0.028814013,0.02220438,0.525336979,4.023778568,4.433759723,0.004578488,,,,,,,
,,,,,MEAN,,76.59982205,0.078375015,12.49644097,0.619506574,0.026401113,0.053752738,0.528530401,3.975732685,4.460691171,0.004026749,#DIV/0!,#DIV/0!,#DIV/0!,#DIV/0!,#DIV/0!,#DIV/0!,#DIV/0!
,,,,,STDEV.S(),,0.37820111,0.010103457,0.146779181,0.043725368,0.002659912,0.019225932,0.03630151,0.09568656,0.057437592,0.004465154,#DIV/0!,#DIV/0!,#DIV/0!,#DIV/0!,#DIV/0!,#DIV/0!,#DIV/0!
,,,,,ST. ERROR,,0.001891006,5.05173E-05,0.000733896,0.000218627,1.32996E-05,9.61297E-05,0.000181508,0.000478433,0.000287188,2.23258E-05,#DIV/0!,#DIV/0!,#DIV/0!,#DIV/0!,#DIV/0!,#DIV/0!,#DIV/0!
,,,,,,,,,,,,,,,,,,,,,,,
,,,,,,,,,,,,,,,,,,,,,,,
,,"Snapshot 1 | Sheet: KCP-110-A | Wednesday, February 11, 2026  11:08:24 PM",,,,,,,,,,,,,,,,,,,,,
,,Oxide,Concentration,HAL 2-sigma uncertainty,,Iteration,Synthetic SiO2 Value,Synthetic TiO2 Value,Synthetic Al2O3 Value,Synthetic FeO Value,Synthetic MnO Value,Synthetic MgO Value,Synthetic CaO Value,Synthetic Na2O Value,Synthetic K2O Value,Synthetic P2O5 Value,,,,,,,
,,SiO2,72.09994703,0.349839706,,1,71.5695183,0.429554,13.7598338,2.412299192,0.058812258,0.685839276,2.531023689,4.207918986,2.563682796,0.147457366,,,,,,,
,,TiO2,0.415365982,0.01777499,,2,71.88780024,0.425164702,13.87394223,2.473398679,0.050778068,0.64477032,2.48347492,4.313233782,2.490384438,0.148122808,,,,,,,
,,Al2O3,13.76032807,0.148954671,,3,72.25699176,0.398373149,13.66514219,2.074794846,0.063201179,0.658370958,2.523159411,4.028185155,2.519490054,0.143811658,,,,,,,
,,FeO*,2.297898837,0.103955878,,4,72.12914704,0.43026343,13.72975066,2.246200518,0.06110621,0.67778757,2.505769832,4.04876422,2.56169558,0.137312185,,,,,,,
,,MnO,0.056215882,0.003362536,,5,72.30010298,0.409798913,13.51186196,2.215727884,0.05588189,0.642230422,2.466340746,4.088602137,2.517321364,0.132275046,,,,,,,
,,MgO,0.663826234,0.047910802,,6,72.16479059,0.402388112,13.79148218,2.33788314,0.057086134,0.631082171,2.547666236,4.008829314,2.580884643,0.138273073,,,,,,,
,,CaO,2.502646318,0.065481416,,7,72.22093429,0.4195881,13.85919035,2.27002028,0.05356372,0.643998258,2.43253188,4.17409338,2.569199746,0.139791813,,,,,,,
,,Na2O,4.115074932,0.097327448,,8,72.46318471,0.407561401,13.63967286,2.283215903,0.052735172,0.694520383,2.408821027,4.135655815,2.605694379,0.164105148,,,,,,,
,,K2O,2.556104494,0.043679559,,9,72.16528076,0.408566979,13.94865075,2.219663384,0.056862412,0.685631087,2.498556835,4.036812101,2.602826531,0.140603029,,,,,,,
,,P2O5,0.145951988,0.00940381,,10,72.07515474,0.394260606,13.8493577,2.264745284,0.055325243,0.636778622,2.506689313,4.141715809,2.515472925,0.133721082,,,,,,,
,,,,,,11,71.44138701,0.41227362,13.7262249,2.564848555,0.063008961,0.657480078,2.48527197,4.129765148,2.615200275,0.142113633,,,,,,,
,,,,,,12,72.13716119,0.434339182,13.50075642,2.451880517,0.051865445,0.692202106,2.534527092,4.262831924,2.552861624,0.144441223,,,,,,,
,,,,,,13,71.95540523,0.423107081,13.78897765,2.170050527,0.055130283,0.694990841,2.469118133,3.976340762,2.609532738,0.143650614,,,,,,,
,,,,,,14,72.22639434,0.387381708,13.88805436,2.260427717,0.054287313,0.675023498,2.538252874,4.125306306,2.500826843,0.132678624,,,,,,,
,,,,,,15,72.06537813,0.415252872,13.5536067,2.273667951,0.054780775,0.681757853,2.510321121,4.034027022,2.55229458,0.154667528,,,,,,,
,,,,,,16,72.19062503,0.400599515,13.68484029,2.145117975,0.059914198,0.680476542,2.527914532,4.186887675,2.58037189,0.143127996,,,,,,,
,,,,,,17,72.47315386,0.427656416,13.54214424,2.380965049,0.054161739,0.652478083,2.348775421,4.215729033,2.638576864,0.13542092,,,,,,,
,,,,,,18,71.76006849,0.426685665,13.99416901,2.261160001,0.053786156,0.617257176,2.50590213,4.12605947,2.625505897,0.13144296,,,,,,,
,,,,,,19,71.95167423,0.393080803,13.77500911,2.333413858,0.058565916,0.783451889,2.309508375,4.020738649,2.481786236,0.152613203,,,,,,,
,,,,,,20,71.84486499,0.4128685,13.91646165,2.553196564,0.05643459,0.630823432,2.619374286,4.233066094,2.570832401,0.135822634,,,,,,,
,,,,,,21,72.37487291,0.442918538,14.03484134,2.382458846,0.051012645,0.651653097,2.494653869,4.184322458,2.600323243,0.133759253,,,,,,,
,,,,,,22,71.8622698,0.433413342,13.8000039,2.311556475,0.053942026,0.650122157,2.485677229,4.156465968,2.514157224,0.151603973,,,,,,,
,,,,,,23,72.48002007,0.410514903,13.78784342,2.278538742,0.054444343,0.638632669,2.504339954,4.296188259,2.619679466,0.135859141,,,,,,,
,,,,,,24,72.24707574,0.398344033,13.8817499,2.261301698,0.057827489,0.681738382,2.534160221,4.084577984,2.610057089,0.147936164,,,,,,,
,,,,,,25,71.68884951,0.433562389,13.96825641,2.147458609,0.061709498,0.680365226,2.32046592,4.055484149,2.576763408,0.139593458,,,,,,,
,,,,,,26,72.36895844,0.382414522,13.84450335,2.36618258,0.055961882,0.682417117,2.485133038,4.064199503,2.622134245,0.156116981,,,,,,,
,,,,,,27,72.30344622,0.450469363,13.9611294,2.344878134,0.058930469,0.668357583,2.473950733,4.130395711,2.625908762,0.156286109,,,,,,,
,,,,,,28,72.51489398,0.393916494,13.79504919,2.344598092,0.056844808,0.695560641,2.518561376,4.078499436,2.596239366,0.144912427,,,,,,,
,,,,,,29,71.66913309,0.429761949,13.55647314,2.173801361,0.06072941,0.669962075,2.581856199,4.017448558,2.572565899,0.152047492,,,,,,,
,,,,,,30,72.23566999,0.434905672,14.10722485,2.161929769,0.056623179,0.640571668,2.526330794,4.084840547,2.550432541,0.140959274,,,,,,,
,,,,,,31,72.18548794,0.429092701,13.78264617,2.26733058,0.056612329,0.720129555,2.498946238,4.050979758,2.612380528,0.144856324,,,,,,,
,,,,,,32,72.38318264,0.410212405,14.00879444,2.11710753,0.057438117,0.621976427,2.481639494,4.001082985,2.548676025,0.155307757,,,,,,,
,,,,,,33,72.19790652,0.397552433,13.47948643,2.31729405,0.053469785,0.725379797,2.550699606,4.152558984,2.552002743,0.13601452,,,,,,,
,,,,,,34,72.03251675,0.392804276,13.67865545,2.265760569,0.052905284,0.685138882,2.398876159,4.18123349,2.629224684,0.148024737,,,,,,,
,,,,,,35,72.01911952,0.408543352,13.69190458,2.30609371,0.057010959,0.629619777,2.46724478,4.167236053,2.608002078,0.13359562,,,,,,,
,,,,,,36,72.5804778,0.397215926,13.9332005,2.484513078,0.054467704,0.660099019,2.535508413,4.359854469,2.60953634,0.15189254,,,,,,,
,,,,,,37,71.74492767,0.388997336,13.65772358,2.201101927,0.055247152,0.71799265,2.554661916,4.045565216,2.512790486,0.150845056,,,,,,,
,,,,,,38,72.7108412,0.392703263,13.97109336,2.362152615,0.05088961,0.703820811,2.585839735,4.085199773,2.556100656,0.145694546,,,,,,,
,,,,,,39,71.87515471,0.40812403,13.77615286,2.301603401,0.056473257,0.578537005,2.462248644,4.140304547,2.538711392,0.145040769,,,,,,,
,,,,,,40,72.36240839,0.427386701,13.63205577,2.340217068,0.055391914,0.672543072,2.449375092,4.213824079,2.611747387,0.152641157,,,,,,,
,,,,,,41,72.67562083,0.422373672,13.64054063,2.385716313,0.058211183,0.655645881,2.607844399,4.175140066,2.465835795,0.124593508,,,,,,,
,,,,,,42,72.45797845,0.400983705,13.68887119,2.219917435,0.058646274,0.713148769,2.502605529,4.106344748,2.590629839,0.150379009,,,,,,,
,,,,,,43,72.31198113,0.386871079,13.80285087,2.397917986,0.061544039,0.643151429,2.426538683,4.061317633,2.503376272,0.138066856,,,,,,,
,,,,,,44,72.74348086,0.389032013,13.72320351,2.159504688,0.057520207,0.729567741,2.498784254,4.210200401,2.545370597,0.154388278,,,,,,,
,,,,,,45,72.12255259,0.396262735,13.6812742,2.329109718,0.049375408,0.633604749,2.37935203,3.972357831,2.515563301,0.150529339,,,,,,,
,,,,,,46,72.17763192,0.394015935,14.01277993,2.238842073,0.052313783,0.681734831,2.565097044,4.110727287,2.546038452,0.15386181,,,,,,,
,,,,,,47,71.73024299,0.412948606,13.82063994,2.223587964,0.058871193,0.592102687,2.49293273,4.097065046,2.593877067,0.147728221,,,,,,,
,,,,,,48,71.6365152,0.388221813,13.717513,2.294942168,0.05643441,0.586639922,2.599877933,4.10996694,2.614597579,0.137488685,,,,,,,
,,,,,,49,71.88740036,0.381437425,13.74353718,2.236970564,0.056715414,0.692447562,2.511116968,4.07645352,2.573109018,0.150177266,,,,,,,
,,,,,,50,72.39744282,0.440906767,13.75141207,2.254003598,0.053848256,0.647672381,2.459188089,4.010865691,2.495336786,0.153125876,,,,,,,
,,,,,,51,71.8852621,0.424266758,13.51997907,2.203789938,0.056738891,0.673535828,2.477671615,4.035035438,2.569257916,0.132487259,,,,,,,
,,,,,,52,71.93375509,0.440249039,13.67587604,2.335503464,0.058948418,0.647148586,2.549929053,4.357375409,2.573897657,0.145969215,,,,,,,
,,,,,,53,72.61099012,0.411647232,13.79664476,2.438680748,0.057899054,0.671938747,2.297621789,4.125642697,2.566787813,0.143393059,,,,,,,
,,,,,,54,72.60624922,0.406720057,13.60411436,2.266050164,0.057042974,0.626238041,2.507964189,4.050984151,2.531773115,0.154372285,,,,,,,
,,,,,,55,72.10064809,0.410544593,13.74170392,2.247937717,0.056845991,0.701773672,2.513476193,3.986168219,2.541934666,0.15135226,,,,,,,
,,,,,,56,72.82424387,0.413852695,13.77553487,2.390675321,0.05558343,0.667577016,2.451446993,4.025815892,2.508056371,0.141288659,,,,,,,
,,,,,,57,71.67981756,0.421453286,13.72563637,2.250335353,0.051589095,0.65824012,2.537543972,4.105780235,2.612686292,0.151352695,,,,,,,
,,,,,,58,71.1118386,0.402152108,13.71068059,2.376078911,0.058734037,0.679248145,2.425345723,4.097697988,2.547101009,0.154020426,,,,,,,
,,,,,,59,71.53070284,0.420434374,13.76054732,2.177113566,0.057070745,0.688362273,2.500381248,3.956698551,2.57047027,0.145415993,,,,,,,
,,,,,,60,71.93861319,0.42117268,13.94089868,2.236910686,0.051631138,0.679164707,2.41072796,4.048003901,2.509092319,0.133266556,,,,,,,
,,,,,,61,71.81799789,0.389266879,13.67684086,2.056138132,0.064972174,0.646582919,2.503790478,4.164507797,2.499831349,0.152089985,,,,,,,
,,,,,,62,71.94221801,0.385408463,13.7635935,2.35738428,0.060001898,0.755906456,2.558495741,4.208318211,2.603081368,0.151337043,,,,,,,
,,,,,,63,72.45765369,0.416021534,13.6118901,2.442260019,0.053014099,0.6471496,2.611315332,4.197389485,2.528862339,0.156764204,,,,,,,
,,,,,,64,72.3125248,0.410078529,13.68079104,2.226109978,0.055572406,0.72471082,2.50902307,4.027587823,2.525284836,0.152715313,,,,,,,
,,,,,,65,72.36113315,0.399069364,13.84659412,2.141649039,0.054615924,0.651371199,2.478849866,4.167825987,2.539593302,0.130951184,,,,,,,
,,,,,,66,71.491459,0.43646296,13.77380886,2.248406968,0.058473495,0.648292519,2.539244702,4.238152704,2.521896547,0.135182263,,,,,,,
,,,,,,67,71.84780038,0.416080179,13.77975807,2.417049707,0.054531236,0.652777155,2.407016195,4.086961613,2.471266848,0.154816286,,,,,,,
,,,,,,68,72.08898505,0.403641351,14.04603464,2.416378316,0.060167843,0.631865745,2.511646095,4.221129253,2.582518332,0.135827132,,,,,,,
,,,,,,69,72.34482894,0.415262492,13.50559755,2.257563136,0.05211251,0.735310652,2.499683512,4.188401606,2.561644898,0.145793714,,,,,,,
,,,,,,70,71.68089953,0.436129389,13.63004073,2.329409348,0.052981306,0.723895202,2.561355052,4.079387825,2.453181425,0.157641044,,,,,,,
,,,,,,71,71.95407067,0.435050525,13.82985491,2.427077841,0.05683089,0.746048725,2.562893224,3.994096329,2.543719231,0.156131146,,,,,,,
,,,,,,72,72.27189361,0.453139863,13.71183974,2.507841178,0.054640961,0.692395601,2.542851802,4.119054251,2.652017242,0.149473303,,,,,,,
,,,,,,73,71.8328739,0.415072734,13.8489919,2.215327794,0.056745607,0.685224377,2.447570007,4.064753302,2.483846617,0.149922276,,,,,,,
,,,,,,74,72.27830712,0.422957543,13.54985948,2.366606321,0.061945572,0.650615256,2.477507167,4.074852402,2.592987647,0.146520128,,,,,,,
,,,,,,75,72.45968464,0.387826849,13.72430404,2.269815627,0.062154843,0.674381513,2.567900787,3.943871218,2.503728557,0.140036373,,,,,,,
,,,,,,76,71.4359089,0.41086769,13.8397812,2.27706386,0.054002941,0.706000576,2.397928021,4.366624588,2.587033334,0.164090339,,,,,,,
,,,,,,77,71.93803162,0.416453158,13.71967528,2.357520016,0.05311826,0.726664295,2.422207368,4.018456642,2.505989349,0.139162835,,,,,,,
,,,,,,78,72.20320642,0.449992815,13.68817359,2.193604144,0.059585967,0.742676609,2.365299131,4.14385867,2.543684588,0.146443379,,,,,,,
,,,,,,79,71.90878306,0.419177914,13.93311628,2.415037939,0.058598678,0.719943453,2.439736961,4.038651164,2.541457488,0.144149331,,,,,,,
,,,,,,80,72.71056566,0.442094425,13.75544166,2.350245665,0.062237043,0.653050583,2.454065148,4.107273011,2.526188095,0.154208044,,,,,,,
,,,,,,81,72.17683821,0.42472886,13.88604209,2.14714261,0.059610182,0.684237619,2.616147172,4.045951413,2.561246975,0.126588602,,,,,,,
,,,,,,82,72.54084489,0.458973475,13.79612087,2.186772954,0.055486063,0.688102461,2.513001381,4.019109821,2.583149676,0.14572154,,,,,,,
,,,,,,83,71.91928653,0.402658452,13.84774563,2.342121988,0.054475241,0.670434931,2.533643755,4.128685724,2.553871348,0.15024225,,,,,,,
,,,,,,84,71.62640071,0.408598836,13.80480878,2.234454591,0.054541706,0.670975308,2.480528144,4.298516504,2.498868771,0.147336728,,,,,,,
,,,,,,85,72.0982549,0.424558137,13.79879046,2.154165592,0.059665459,0.602113453,2.53207511,4.159524392,2.616567956,0.140499397,,,,,,,
,,,,,,86,71.98724694,0.410865662,13.65026143,2.310248678,0.058597612,0.646348463,2.427243764,4.07159223,2.5517566,0.144708745,,,,,,,
,,,,,,87,71.79322749,0.402587868,13.59650575,2.16972356,0.055703982,0.671171987,2.491965662,4.136507546,2.485132513,0.133026169,,,,,,,
,,,,,,88,72.36185678,0.412475782,13.90599122,2.401730501,0.057917088,0.625120234,2.434760082,4.081279225,2.583894531,0.158870697,,,,,,,
,,,,,,89,71.71656084,0.426346585,14.03840499,2.361349834,0.052139612,0.712147933,2.430502848,3.941805384,2.61855525,0.160551563,,,,,,,
,,,,,,90,71.97220062,0.414141448,13.94769413,2.305389532,0.061783133,0.670485,2.437641096,4.169655879,2.535316631,0.145522976,,,,,,,
,,,,,,91,72.13047958,0.451717543,13.87941104,2.255513089,0.057150029,0.615607517,2.45146782,4.055718447,2.610911547,0.155467715,,,,,,,
,,,,,,92,71.56328154,0.403208691,13.99338497,2.345976289,0.060891126,0.630112654,2.522486379,3.999886122,2.537492866,0.165487015,,,,,,,
,,,,,,93,72.44500863,0.429206377,13.89563926,2.079946681,0.05309327,0.639044734,2.602310212,4.143939058,2.509333616,0.154049011,,,,,,,
,,,,,,94,72.18258408,0.420026208,13.54790597,2.183268156,0.05752881,0.619902133,2.477338003,4.061959588,2.526477636,0.157798984,,,,,,,
,,,,,,95,72.0075262,0.406149693,13.42134969,2.264139392,0.059619801,0.723543072,2.42181441,4.154502152,2.556366944,0.142220132,,,,,,,
,,,,,,96,72.23129456,0.422854637,14.13573755,2.343338371,0.056679906,0.660761478,2.520279166,4.057435578,2.508200876,0.15702126,,,,,,,
,,,,,,97,72.19133268,0.457327057,13.80156869,2.366615827,0.051976208,0.733728122,2.482781517,4.043032634,2.577079262,0.139883668,,,,,,,
,,,,,,98,72.41368375,0.415789022,13.82495047,2.338457525,0.056084983,0.636354419,2.534806422,4.082469651,2.532229743,0.142489722,,,,,,,
,,,,,,99,72.0176377,0.378204516,14.00062612,2.126356147,0.059541871,0.673245253,2.373066805,3.92218276,2.542090712,0.129798561,,,,,,,
,,,,,,100,72.51012415,0.450141243,14.14248238,2.415183786,0.063425155,0.581506351,2.589269877,4.105730222,2.546228982,0.14365275,,,,,,,
,,,,,,101,72.17057347,0.407807987,13.87665281,2.372727871,0.05016728,0.636346848,2.390762802,3.92256554,2.526371138,0.147286677,,,,,,,
,,,,,,102,72.63746157,0.41615536,13.70127818,2.32812577,0.055780983,0.694172543,2.496821946,4.132545993,2.534046813,0.174552816,,,,,,,
,,,,,,103,72.17466549,0.374789466,13.77779488,2.470990656,0.060192772,0.587250015,2.574332771,4.165707056,2.550759766,0.157296545,,,,,,,
,,,,,,104,72.27303151,0.418462688,13.37300524,2.252795423,0.054185213,0.691367475,2.563355759,4.322303263,2.561360608,0.139430345,,,,,,,
,,,,,,105,72.27772628,0.393519737,13.83243608,2.110400744,0.055991687,0.66235268,2.528723309,4.03515384,2.544025987,0.160639403,,,,,,,
,,,,,,106,71.87706283,0.434740745,13.90244207,2.127051101,0.056264987,0.693017569,2.430181552,4.019511079,2.569993597,0.142284955,,,,,,,
,,,,,,107,72.10424492,0.397959434,13.83217429,2.208188011,0.062367782,0.68650266,2.338838248,4.028531422,2.551288804,0.148606726,,,,,,,
,,,,,,108,72.36956287,0.392602996,13.85525062,2.383857657,0.057668515,0.700962018,2.422874871,4.026822086,2.515731468,0.155534842,,,,,,,
,,,,,,109,72.09419692,0.430364963,13.89435659,2.350777016,0.061690042,0.66581196,2.59122814,4.002531502,2.558050087,0.138332513,,,,,,,
,,,,,,110,71.85788552,0.443828681,13.74376609,2.520386676,0.057121783,0.613368664,2.403636152,4.247257679,2.588085029,0.137934244,,,,,,,
,,,,,,111,72.03232219,0.416715723,13.86225581,2.392697183,0.058685546,0.6107556,2.433976927,4.101008842,2.587883258,0.135632437,,,,,,,
,,,,,,112,72.0260123,0.378401099,13.70514787,2.293447059,0.060021024,0.629781271,2.378130322,4.114588884,2.548141788,0.139953098,,,,,,,
,,,,,,113,71.77290881,0.436777534,13.51577078,2.357449062,0.052876769,0.648916703,2.531785942,4.120453777,2.549648203,0.135971186,,,,,,,
,,,,,,114,71.91897369,0.406963829,14.09322667,2.354588805,0.058378167,0.734156799,2.470067263,4.077035986,2.635478605,0.13711488,,,,,,,
,,,,,,115,72.00762335,0.417048278,13.68516487,2.310536718,0.057985515,0.647675185,2.47022918,4.179033635,2.513968301,0.148000729,,,,,,,
,,,,,,116,72.37325898,0.408465081,13.75798706,2.442555464,0.058457832,0.665276998,2.458769027,4.3605617,2.556173165,0.147758295,,,,,,,
,,,,,,117,71.9048709,0.413940023,13.42890429,2.085212188,0.058378628,0.745507942,2.508374084,4.006825654,2.539211888,0.124023587,,,,,,,
,,,,,,118,72.24003653,0.414199061,13.69925234,2.111087893,0.059154905,0.600917506,2.518837624,4.070830294,2.590628687,0.139091921,,,,,,,
,,,,,,119,72.0835176,0.379659914,13.8833788,2.185051624,0.054228087,0.633458232,2.354881387,4.185933009,2.559016742,0.141363907,,,,,,,
,,,,,,120,72.41595772,0.396775157,13.6402919,2.371319707,0.052819231,0.746961818,2.545439791,4.216720127,2.532545493,0.161519142,,,,,,,
,,,,,,121,71.66358164,0.391976834,13.67903685,2.520737613,0.058526872,0.679206417,2.455740242,4.216296408,2.597547773,0.14254452,,,,,,,
,,,,,,122,71.86990826,0.417946633,13.75473618,2.077244824,0.053407975,0.66518207,2.383780587,4.236079757,2.580959661,0.163105203,,,,,,,
,,,,,,123,72.29082918,0.396957162,14.01353063,2.528390975,0.060257466,0.731837024,2.51078979,3.974254568,2.531627786,0.149466696,,,,,,,
,,,,,,124,73.0246404,0.405493265,13.93288857,2.255319371,0.057494958,0.636866146,2.498758455,4.051759394,2.586709265,0.138207782,,,,,,,
,,,,,,125,72.04113099,0.4047325,13.76178541,2.361920216,0.061046581,0.692055473,2.465305492,4.062873695,2.552813589,0.145803338,,,,,,,
,,,,,,126,71.50563424,0.387538308,13.8432227,2.1365505,0.056673948,0.595549655,2.400055194,4.144538168,2.526696013,0.137216309,,,,,,,
,,,,,,127,72.23440015,0.40583819,13.78716876,2.334568928,0.047599134,0.643096817,2.413413885,4.002539914,2.566418849,0.156097619,,,,,,,
,,,,,,128,72.57300548,0.392055573,13.45869634,2.25704552,0.062696377,0.613642585,2.515066853,3.989546587,2.533489341,0.157179954,,,,,,,
,,,,,,129,72.422756,0.385908143,13.87089395,2.257697438,0.049900611,0.65670692,2.46921927,4.268613879,2.527560883,0.139817831,,,,,,,
,,,,,,130,71.63780452,0.417199896,13.78699623,2.322503394,0.06171591,0.728038874,2.369388269,4.196183734,2.528286543,0.151074909,,,,,,,
,,,,,,131,71.31860108,0.426038383,13.80035031,2.361353033,0.054407711,0.585529793,2.521984545,4.06845741,2.583573077,0.152070306,,,,,,,
,,,,,,132,71.98299959,0.402435138,13.78372658,2.17978281,0.052733431,0.686938062,2.59127249,4.236647304,2.573342146,0.125764869,,,,,,,
,,,,,,133,71.93288392,0.449534331,14.02387741,2.295745872,0.059635966,0.606896625,2.588057932,4.105033424,2.579456247,0.13183058,,,,,,,
,,,,,,134,72.42579022,0.429330894,13.75329983,2.157735425,0.052420532,0.637859901,2.594889997,4.134856834,2.54578115,0.157860263,,,,,,,
,,,,,,135,72.30246961,0.398189422,13.74404656,2.180951174,0.054564467,0.692147837,2.487726511,4.238267972,2.573679877,0.143561818,,,,,,,
,,,,,,136,72.05679213,0.38806042,13.78249852,2.230934244,0.055377253,0.698621494,2.530179312,4.084808349,2.516031415,0.15246612,,,,,,,
,,,,,,137,72.47803769,0.421113204,13.78247275,2.470714166,0.05848773,0.60680594,2.402551146,4.130206551,2.526471396,0.14999211,,,,,,,
,,,,,,138,71.53839292,0.431008038,13.4878287,2.090714129,0.05919155,0.711924234,2.575359581,4.041831714,2.570312728,0.132384057,,,,,,,
,,,,,,139,71.81189031,0.393839165,13.49977464,2.325231429,0.054879794,0.728618985,2.473289914,4.114739117,2.483523238,0.14110584,,,,,,,
,,,,,,140,72.58801606,0.428465679,13.94544553,2.264778527,0.052023797,0.619612777,2.467961743,4.089847096,2.504988151,0.148451799,,,,,,,
,,,,,,141,71.97409363,0.411341925,13.77199448,2.367216205,0.05763745,0.618646668,2.412702117,4.159813547,2.54389882,0.157669726,,,,,,,
,,,,,,142,72.45434373,0.437302339,13.76821983,2.231826243,0.057818724,0.730860874,2.490136609,4.239393689,2.547390009,0.160583209,,,,,,,
,,,,,,143,71.92646983,0.386013615,14.06163906,2.431170262,0.056743822,0.579318438,2.543300481,3.867051534,2.547794007,0.163427444,,,,,,,
,,,,,,144,71.91572377,0.400477952,13.68826732,2.131080303,0.051792362,0.622116159,2.487711322,4.1400891,2.564501808,0.143355383,,,,,,,
,,,,,,145,72.351892,0.403672279,13.74154158,2.465026844,0.055231676,0.695232886,2.503873637,4.115170768,2.605971371,0.143386647,,,,,,,
,,,,,,146,72.07809653,0.440694841,13.67043816,2.305548706,0.052314906,0.654178646,2.598594732,3.996450267,2.493922497,0.160731084,,,,,,,
,,,,,,147,71.66286279,0.42108062,13.70820527,2.248512376,0.0544153,0.691511576,2.573253294,4.016819544,2.557533191,0.137881499,,,,,,,
,,,,,,148,72.05409434,0.418330889,14.08063421,2.323916616,0.057787176,0.648851368,2.428634908,4.060893374,2.552543554,0.159377916,,,,,,,
,,,,,,149,71.58880002,0.40887223,13.7585921,2.313325187,0.05540505,0.675971208,2.554702155,4.102823878,2.559047503,0.14584931,,,,,,,
,,,,,,150,72.19924393,0.431275276,13.85640169,2.342764733,0.059792685,0.581003322,2.487349571,4.135807653,2.500064088,0.135653917,,,,,,,
,,,,,,151,72.7333673,0.411510855,13.73137878,2.43627106,0.055392438,0.60873645,2.47480307,4.065420401,2.540972693,0.123831753,,,,,,,
,,,,,,152,72.5299263,0.414568041,13.91729713,2.136663189,0.049494361,0.608818604,2.448304503,4.023386628,2.573149416,0.155687872,,,,,,,
,,,,,,153,72.07877913,0.42163577,13.81815294,2.334851987,0.058532794,0.730055486,2.41909043,4.103661461,2.511186804,0.142725523,,,,,,,
,,,,,,154,71.98725902,0.400824059,13.7339021,2.072280526,0.056017039,0.573053721,2.514338417,4.153728172,2.653631776,0.151332322,,,,,,,
,,,,,,155,72.60023047,0.408921384,13.66010534,2.255066479,0.057125783,0.645210582,2.632339752,4.099668797,2.507406372,0.14429091,,,,,,,
,,,,,,156,71.45946635,0.416474591,13.84133174,2.405268814,0.059103976,0.656901346,2.419630934,4.104494273,2.56927151,0.146297556,,,,,,,
,,,,,,157,72.37982252,0.440971862,13.51051511,2.260902475,0.057365892,0.615977037,2.51662303,3.997328807,2.558070671,0.146939518,,,,,,,
,,,,,,158,72.22515794,0.402856297,13.5885021,2.331007242,0.056016541,0.648182679,2.485387353,3.917795664,2.594051976,0.142703077,,,,,,,
,,,,,,159,72.24074214,0.424755643,13.57572646,2.500129599,0.046386168,0.594014028,2.503308103,4.059623779,2.588828885,0.141266084,,,,,,,
,,,,,,160,72.47040996,0.421182736,13.6064254,2.013283018,0.055257358,0.626052414,2.466088881,4.051619197,2.579434765,0.147673287,,,,,,,
,,,,,,161,72.45221645,0.418328165,13.7464222,2.292309026,0.053003091,0.631125011,2.579396814,4.181667316,2.484251566,0.148987814,,,,,,,
,,,,,,162,72.21146267,0.399770695,13.88657377,2.259834073,0.05850976,0.637268676,2.469696191,4.084281402,2.641423188,0.138836919,,,,,,,
,,,,,,163,71.6789962,0.435581943,13.8407124,2.275959,0.054474452,0.708591057,2.458313458,4.284869688,2.581411494,0.151730482,,,,,,,
,,,,,,164,71.63663074,0.405400869,13.74250312,2.349310773,0.054417131,0.665452214,2.468184169,4.082321935,2.569654818,0.15351362,,,,,,,
,,,,,,165,72.67445707,0.426065335,13.83958151,2.328773499,0.055699746,0.701778755,2.459221427,4.191273219,2.646637933,0.15384362,,,,,,,
,,,,,,166,72.95575038,0.431731665,13.89717784,2.379802717,0.055463743,0.683190574,2.661748122,4.286655096,2.518495862,0.127049139,,,,,,,
,,,,,,167,71.21173276,0.413299876,13.3491258,2.362509888,0.048486347,0.622473279,2.442659822,4.233666305,2.575130893,0.135404314,,,,,,,
,,,,,,168,72.15834873,0.42364214,13.84168067,2.314245931,0.060617923,0.662512419,2.485121703,4.096470815,2.595833178,0.147539468,,,,,,,
,,,,,,169,72.40882244,0.428308227,13.9402574,2.270058062,0.057559369,0.659321856,2.380491963,4.081005434,2.513642344,0.141396696,,,,,,,
,,,,,,170,72.63532891,0.42792716,13.52354212,2.351476322,0.052307457,0.707373967,2.501567182,4.153297237,2.578258014,0.159013665,,,,,,,
,,,,,,171,71.73147174,0.42231862,13.688547,2.424751262,0.058345593,0.67213848,2.479332147,4.181631906,2.507125583,0.162444738,,,,,,,
,,,,,,172,72.10264692,0.429053478,13.66445568,2.420305425,0.056507486,0.613342792,2.497575197,4.261583092,2.544458265,0.138100715,,,,,,,
,,,,,,173,71.82871659,0.404056886,13.78613167,2.407312005,0.056006934,0.673380865,2.516473238,3.874933184,2.445402057,0.143124431,,,,,,,
,,,,,,174,72.39628632,0.442974392,13.91100526,2.374346727,0.057428176,0.686449326,2.564331826,4.163843683,2.528067605,0.163185119,,,,,,,
,,,,,,175,72.79895585,0.382312642,13.82695429,2.574413429,0.050940743,0.613712417,2.442323233,4.046673048,2.605441263,0.140751627,,,,,,,
,,,,,,176,72.19061396,0.399405905,13.35595887,2.29505929,0.054845762,0.672932166,2.510060778,3.926811709,2.576874994,0.139088415,,,,,,,
,,,,,,177,71.74574396,0.421540768,13.68304614,2.422469444,0.056887333,0.677495734,2.594096207,4.081199519,2.565173879,0.146932347,,,,,,,
,,,,,,178,71.63721845,0.430333239,14.00360157,2.427076961,0.050609013,0.696606183,2.501181663,4.225296377,2.592868538,0.155812325,,,,,,,
,,,,,,179,71.78160645,0.411491742,13.7570063,2.48743008,0.049473697,0.631415874,2.536658447,4.235693339,2.523512528,0.150379777,,,,,,,
,,,,,,180,72.91452159,0.439107112,13.786562,2.223619712,0.059099457,0.661366366,2.486039037,4.219734208,2.578854396,0.139961498,,,,,,,
,,,,,,181,71.85898802,0.437133764,13.5647383,2.30544365,0.05728425,0.699841143,2.474671122,4.158989681,2.591302811,0.147279802,,,,,,,
,,,,,,182,71.2845777,0.432172838,13.79233527,2.042081197,0.056022671,0.651499188,2.51440464,3.870371693,2.535712257,0.153675107,,,,,,,
,,,,,,183,71.79706672,0.394455365,13.84352083,2.312387446,0.056501729,0.676663113,2.488689503,4.109577479,2.573486252,0.13566011,,,,,,,
,,,,,,184,71.97327256,0.45613524,14.0783089,2.324047263,0.053565629,0.664355181,2.541665654,4.205192601,2.565395995,0.150483098,,,,,,,
,,,,,,185,72.27730435,0.446192679,13.5045734,2.353825761,0.05554397,0.698743624,2.590366759,4.059693748,2.518564741,0.139937553,,,,,,,
,,,,,,186,72.67474371,0.384113327,13.68015364,2.346473708,0.05554351,0.792430419,2.368129729,4.111250871,2.52826858,0.155676865,,,,,,,
,,,,,,187,72.40914591,0.383470435,13.72345058,2.30563465,0.055335564,0.621969252,2.60852487,4.202513343,2.568185901,0.153600068,,,,,,,
,,,,,,188,71.79209054,0.391780081,14.05620124,2.400189431,0.054264932,0.704821561,2.441833007,4.243894753,2.530617666,0.147099747,,,,,,,
,,,,,,189,72.22074609,0.408686004,13.61935084,2.293197142,0.060207628,0.703740881,2.608181234,4.262022269,2.534374075,0.153547417,,,,,,,
,,,,,,190,72.16980603,0.416735765,13.62523936,2.322324647,0.045957921,0.649174624,2.593814786,4.137573651,2.609939707,0.14357749,,,,,,,
,,,,,,191,72.01133927,0.411222843,13.94812956,2.211535733,0.051867189,0.645006436,2.553259764,4.252793932,2.626272512,0.142749172,,,,,,,
,,,,,,192,72.23570547,0.433400816,13.58066955,2.017754386,0.060906135,0.641856398,2.497771375,4.082714054,2.509371274,0.151131344,,,,,,,
,,,,,,193,71.57696918,0.430764102,13.70111613,2.124661392,0.053928943,0.696869476,2.470855254,4.256403815,2.588510651,0.159126064,,,,,,,
,,,,,,194,72.2268635,0.415511499,13.87233958,2.277851697,0.053571701,0.644685563,2.421703703,3.952738815,2.471283935,0.151695761,,,,,,,
,,,,,,195,72.20453205,0.406807502,13.82458449,2.444569112,0.062225764,0.596628853,2.583338301,4.047785532,2.518696581,0.146216463,,,,,,,
,,,,,,196,72.39172759,0.418210492,13.75081065,2.142402543,0.05672303,0.653451123,2.484950442,3.998984914,2.557536216,0.146544722,,,,,,,
,,,,,,197,71.86575898,0.413740336,13.62645037,2.223123696,0.063028306,0.649440853,2.494336476,4.223911856,2.501776904,0.146678668,,,,,,,
,,,,,,198,72.06010583,0.429504289,13.69364703,2.467153763,0.050887033,0.602775473,2.579681014,4.114723768,2.619888803,0.161342405,,,,,,,
,,,,,,199,71.57772091,0.39664264,13.43990732,2.278216425,0.056368792,0.689788699,2.537652176,4.285808052,2.607769764,0.135052034,,,,,,,
,,,,,,200,72.21821069,0.409559456,13.80083888,2.340869285,0.052222226,0.621128046,2.547512329,4.246539937,2.551187679,0.143963726,,,,,,,
,,,,,MEAN,,72.10952069,0.414361361,13.7672643,2.29758307,0.056253644,0.664397536,2.493160756,4.113729208,2.556151322,0.146315092,#DIV/0!,#DIV/0!,#DIV/0!,#DIV/0!,#DIV/0!,#DIV/0!,#DIV/0!
,,,,,STDEV.S(),,0.350598058,0.018138369,0.157603074,0.112546826,0.003448099,0.041751433,0.066882526,0.098484725,0.041438082,0.009189444,#DIV/0!,#DIV/0!,#DIV/0!,#DIV/0!,#DIV/0!,#DIV/0!,#DIV/0!
,,,,,ST. ERROR,,0.00175299,9.06918E-05,0.000788015,0.000562734,1.72405E-05,0.000208757,0.000334413,0.000492424,0.00020719,4.59472E-05,#DIV/0!,#DIV/0!,#DIV/0!,#DIV/0!,#DIV/0!,#DIV/0!,#DIV/0!
,,,,,,,,,,,,,,,,,,,,,,,
,,,,,,,,,,,,,,,,,,,,,,,
,,"Snapshot 1 | Sheet: KHD-106-A | Wednesday, February 11, 2026  11:08:24 PM",,,,,,,,,,,,,,,,,,,,,
,,Oxide,Concentration,HAL 2-sigma uncertainty,,Iteration,Synthetic SiO2 Value,Synthetic TiO2 Value,Synthetic Al2O3 Value,Synthetic FeO Value,Synthetic MnO Value,Synthetic MgO Value,Synthetic CaO Value,Synthetic Na2O Value,Synthetic K2O Value,Synthetic P2O5 Value,,,,,,,
,,SiO2,75.80288204,0.35753761,,1,75.76030046,0.10788774,12.63004032,1.071039623,0.032753133,0.129983995,1.089804745,3.292870972,4.990043211,0.055752101,,,,,,,
,,TiO2,0.13094881,0.01266685,,2,75.35175514,0.125147147,12.871368,1.176387237,0.038239135,0.186905045,1.106472437,3.141040355,4.957328096,0.066201343,,,,,,,
,,Al2O3,12.89830338,0.147351383,,3,75.6961471,0.131008308,12.8342566,1.1444116,0.038875154,0.155012756,1.030633646,3.001963747,4.958497761,0.06012847,,,,,,,
,,FeO*,1.095203827,0.067111483,,4,75.30161149,0.129641895,12.83561654,1.109034075,0.038888276,0.136434593,1.044251775,3.438435014,4.877991062,0.043304002,,,,,,,
,,MnO,0.034702385,0.002893555,,5,76.09191491,0.15250624,12.75183027,1.196967347,0.032408639,0.207202471,1.070232802,3.332462562,4.903999679,0.049761424,,,,,,,
,,MgO,0.157433886,0.027590708,,6,75.89313807,0.137073704,12.84772948,1.183066793,0.035542804,0.145081554,1.123617905,3.226681928,4.962829423,0.057545238,,,,,,,
,,CaO,1.062872433,0.045527374,,7,75.6688952,0.122594196,13.10564647,1.040742185,0.040299345,0.137076076,1.00486264,3.290048116,4.983748322,0.053872581,,,,,,,
,,Na2O,3.213100265,0.091500545,,8,75.91823826,0.143585849,12.82355562,1.098314235,0.034276928,0.101065453,1.078892559,3.261034924,4.894343919,0.043778422,,,,,,,
,,K2O,4.97597175,0.057705475,,9,75.43405917,0.122314658,12.93264187,0.999467606,0.038490308,0.167722897,1.074241361,3.134884943,4.983667153,0.05903768,,,,,,,
,,P2O5,0.051559396,0.007469579,,10,76.39615732,0.128603743,12.96373602,1.095497406,0.034369302,0.159803285,1.190779583,3.331512619,4.995634273,0.042644477,,,,,,,
,,,,,,11,75.4773161,0.129550686,13.03836344,1.078093641,0.028238017,0.139292061,1.065525633,3.229738791,4.948080443,0.052185964,,,,,,,
,,,,,,12,75.95312597,0.132000417,12.85394893,1.159222552,0.028784243,0.122274565,1.172910861,3.247127548,4.970632281,0.055070846,,,,,,,
,,,,,,13,75.85740487,0.136269452,12.73591264,1.203344264,0.035131983,0.161422096,1.026779158,3.3919846,5.064042401,0.057378163,,,,,,,
,,,,,,14,75.49764646,0.118400449,12.61765001,1.112519094,0.039563412,0.146159276,1.146016766,3.196500736,5.027342612,0.04807246,,,,,,,
,,,,,,15,75.31998292,0.150408995,12.600246,0.980428049,0.034028537,0.096126582,1.061047516,3.214302851,4.995824776,0.058803215,,,,,,,
,,,,,,16,76.17640324,0.146556207,12.79013501,1.127489435,0.037820632,0.141092237,1.046470965,3.190681597,5.063912737,0.047510638,,,,,,,
,,,,,,17,76.05921795,0.116858092,12.82023194,1.102236648,0.033173286,0.152756729,1.01827028,3.052125256,4.838238736,0.049487009,,,,,,,
,,,,,,18,75.61271627,0.151898231,12.85633019,1.129970691,0.036505208,0.139121698,1.057710325,3.187006961,5.05484603,0.045398657,,,,,,,
,,,,,,19,75.32054624,0.143529255,12.80767378,1.151175531,0.036466908,0.151030896,1.085536569,3.395245832,4.892438506,0.050133261,,,,,,,
,,,,,,20,75.856133,0.106072352,12.93219931,1.070673652,0.034378154,0.119823684,1.084644175,3.11344795,4.982076444,0.051401374,,,,,,,
,,,,,,21,76.0057277,0.133473287,13.04502801,1.255610413,0.032709887,0.111001976,1.044248194,3.091314806,5.061466554,0.06421698,,,,,,,
,,,,,,22,75.84399671,0.122589032,12.90741471,0.985639262,0.035369123,0.145679586,1.112930788,3.219841477,4.886041308,0.048703393,,,,,,,
,,,,,,23,76.07146563,0.165406973,12.55847696,1.134743039,0.036060461,0.145100901,1.07126694,3.376457444,4.95844281,0.056569654,,,,,,,
,,,,,,24,76.04068835,0.123442165,12.87537107,1.12362375,0.038405123,0.170218089,1.037167547,3.154124992,5.099249643,0.060859784,,,,,,,
,,,,,,25,74.9635703,0.154724895,12.79600993,1.186505975,0.029696762,0.149998812,1.061038932,3.303841788,4.906286115,0.051160086,,,,,,,
,,,,,,26,75.64945827,0.151913808,12.69350456,1.118742211,0.036565039,0.165317149,1.126162119,3.394547946,4.939627699,0.043569716,,,,,,,
,,,,,,27,75.81252201,0.160852662,12.81297921,1.025761434,0.035234567,0.192052451,1.14670002,3.219377008,4.862256668,0.04548094,,,,,,,
,,,,,,28,75.77808261,0.135139776,12.68694959,1.056638048,0.034336622,0.179889136,1.000559431,3.185797741,4.915343702,0.055288812,,,,,,,
,,,,,,29,76.14476416,0.128066746,12.91035646,1.084578583,0.032339694,0.173625234,0.965921196,3.171711114,4.949537913,0.058209949,,,,,,,
,,,,,,30,75.71418522,0.111588122,12.87647611,1.082047734,0.030634624,0.152579466,1.060717084,3.155924509,5.042972511,0.069653307,,,,,,,
,,,,,,31,75.67369883,0.13471899,13.09673218,1.15091984,0.035832398,0.158828668,1.028917596,3.216810629,4.930942572,0.059249722,,,,,,,
,,,,,,32,75.62778386,0.119520368,12.78209039,1.020555252,0.039010558,0.069596625,1.119935381,3.081247598,4.961858929,0.047753134,,,,,,,
,,,,,,33,76.10796108,0.12092439,12.83868516,1.211677387,0.033189844,0.202424607,1.146197295,3.081879998,4.89118223,0.045234767,,,,,,,
,,,,,,34,75.64384074,0.134539406,12.86198442,1.05965679,0.026843583,0.123027461,1.034313562,3.279602145,5.045667067,0.054731822,,,,,,,
,,,,,,35,75.66158395,0.136244986,12.92266001,1.035588571,0.03164094,0.149501595,1.079833996,3.119163059,4.996057333,0.044735378,,,,,,,
,,,,,,36,75.27921108,0.134178759,13.08827725,1.238213165,0.031172599,0.213382552,1.071178127,3.120250565,4.993594424,0.061782395,,,,,,,
,,,,,,37,76.05181269,0.154551418,13.09740443,1.178499734,0.031151233,0.152098078,1.079601901,3.42266143,4.967200728,0.037401667,,,,,,,
,,,,,,38,76.05990996,0.139268478,12.81628545,1.108615258,0.035253784,0.1832599,1.116570592,3.29002814,4.940433086,0.04038776,,,,,,,
,,,,,,39,75.58670818,0.14258182,13.00147444,1.113033741,0.032142023,0.148863717,1.005797107,3.203553709,5.026427116,0.052088708,,,,,,,
,,,,,,40,76.1534805,0.145745822,13.02381957,1.097168173,0.03586986,0.126492777,0.964033757,3.288620151,4.92040199,0.054277447,,,,,,,
,,,,,,41,75.77544706,0.146589299,13.05529024,1.00956674,0.030460645,0.13816356,1.062664629,3.346089498,4.920925914,0.042554046,,,,,,,
,,,,,,42,76.05757156,0.119065758,12.97128026,1.020655327,0.029720928,0.219858385,0.996256469,3.162421733,5.061115712,0.064410187,,,,,,,
,,,,,,43,75.47626487,0.123080238,13.15489108,1.196989174,0.037763803,0.163931941,1.007913794,3.194920603,4.991749862,0.056350507,,,,,,,
,,,,,,44,75.86641834,0.126065187,12.89035659,1.142250155,0.035809624,0.186714332,1.041909023,3.185792321,4.924428896,0.04278967,,,,,,,
,,,,,,45,75.84109359,0.146350892,12.87715396,1.073547167,0.032396604,0.155102725,1.065753931,3.23885538,5.073698586,0.048562747,,,,,,,
,,,,,,46,76.10007016,0.1461457,12.69830962,1.306557773,0.035039613,0.209067676,1.075712374,3.079112728,4.984865631,0.057020853,,,,,,,
,,,,,,47,75.7017224,0.120394926,13.03301516,1.208076304,0.034525593,0.152941065,1.044980641,3.290052297,5.031597507,0.061114966,,,,,,,
,,,,,,48,75.99842524,0.130216657,12.93916292,1.111909649,0.035770832,0.172578581,1.100286728,3.105858612,4.961021067,0.062648597,,,,,,,
,,,,,,49,75.72474807,0.136659612,12.83400289,0.975545032,0.036693527,0.166753175,1.073492623,3.090463925,5.006876365,0.053042971,,,,,,,
,,,,,,50,75.18314672,0.130916235,12.91382297,1.202728491,0.034719687,0.150285309,1.034755092,3.191272159,4.992374192,0.057516873,,,,,,,
,,,,,,51,75.84224131,0.123079894,12.89338438,1.154172484,0.033381697,0.14795369,1.097540905,3.426063784,4.982321449,0.046744227,,,,,,,
,,,,,,52,75.44575862,0.123995569,12.57308518,1.052448252,0.033847067,0.164872583,1.075453944,3.303144586,4.918546463,0.04251893,,,,,,,
,,,,,,53,75.98120598,0.14014061,13.04227198,1.143331269,0.034300445,0.11559834,1.035538899,3.182343077,4.898721272,0.064302009,,,,,,,
,,,,,,54,75.80752178,0.110544691,13.06880215,1.124482409,0.036050519,0.157056768,1.075167601,3.179526018,4.980020647,0.052208968,,,,,,,
,,,,,,55,75.89519033,0.136263843,13.08762461,1.07770742,0.035785178,0.128459424,1.098353937,3.261071988,4.968192645,0.045541702,,,,,,,
,,,,,,56,75.54288182,0.121708102,12.74804141,1.158539224,0.037782786,0.125394476,0.983312198,3.1848136,5.089194733,0.044941211,,,,,,,
,,,,,,57,75.5101534,0.140672657,12.76643302,1.115977924,0.037534226,0.169616833,1.06230231,3.161968812,4.936928933,0.052406245,,,,,,,
,,,,,,58,75.29376596,0.14698991,13.00647676,1.078339327,0.03965478,0.117379614,1.031338011,3.051438459,4.980817283,0.042384639,,,,,,,
,,,,,,59,75.57905774,0.140855226,12.84434323,0.971485157,0.034638208,0.148699202,0.969741428,3.16686434,4.941233631,0.052460217,,,,,,,
,,,,,,60,76.10823858,0.134177737,12.91348813,1.051209877,0.034832156,0.194474208,1.090917195,3.380940301,4.938983631,0.065031356,,,,,,,
,,,,,,61,75.47808888,0.141264123,13.17783124,1.154531067,0.03308476,0.113277901,1.070416256,3.221492221,5.001705796,0.044997793,,,,,,,
,,,,,,62,75.58840617,0.145080311,12.96589971,1.079186724,0.034011454,0.196602167,1.075272689,3.130099659,5.039751971,0.048818183,,,,,,,
,,,,,,63,75.54750948,0.112294549,12.78191846,1.119491305,0.036874577,0.166241774,1.025859002,3.156500707,4.887602681,0.051210284,,,,,,,
,,,,,,64,75.74310718,0.127941025,12.63597348,1.118237068,0.034374372,0.132735419,0.938118582,3.301437821,4.996757547,0.056583035,,,,,,,
,,,,,,65,75.20881761,0.131027115,12.90179782,1.182116163,0.035201231,0.151870533,1.060144114,3.303151123,5.028969682,0.04141641,,,,,,,
,,,,,,66,75.55655676,0.13469949,12.75749236,1.002811879,0.036418373,0.12187406,1.034412444,3.218285771,4.861550313,0.071407692,,,,,,,
,,,,,,67,75.90946313,0.102656957,12.84696106,1.007995461,0.036352925,0.116979608,1.047079751,3.236170886,4.991228786,0.061192923,,,,,,,
,,,,,,68,76.04589434,0.146316526,12.95593285,1.096600486,0.03000386,0.144390208,1.140353267,3.32796885,5.005050492,0.044685842,,,,,,,
,,,,,,69,75.92887868,0.119541161,13.24071139,1.136600588,0.034649278,0.178004124,1.053421004,3.14037312,4.9974864,0.053736215,,,,,,,
,,,,,,70,75.67727346,0.13771616,12.78566759,1.034768394,0.038390641,0.201465632,1.070800804,3.22447662,4.841119047,0.042603167,,,,,,,
,,,,,,71,75.19243071,0.139948073,12.99413633,1.138542488,0.035816818,0.185376082,1.056664802,3.340802597,5.114598059,0.041593634,,,,,,,
,,,,,,72,75.72119193,0.117814404,12.89203164,1.182509846,0.034090446,0.163114385,1.02638765,3.2392076,4.879920711,0.047469748,,,,,,,
,,,,,,73,75.68745987,0.117163604,13.00910705,1.205760387,0.037028825,0.127673892,1.070755206,3.014511439,5.026523397,0.042324225,,,,,,,
,,,,,,74,75.94721535,0.136008717,12.96629501,1.236954385,0.03542614,0.14564849,1.114488647,3.243078533,4.947061531,0.064783729,,,,,,,
,,,,,,75,75.90443208,0.118023122,12.88036475,1.113861639,0.035830195,0.112921111,1.115876064,3.361520871,4.968535832,0.060960069,,,,,,,
,,,,,,76,76.10497111,0.119650033,12.63885247,1.09763157,0.029493788,0.163764364,1.083136933,3.077459879,5.020773943,0.051221489,,,,,,,
,,,,,,77,75.87564796,0.129596411,12.95476478,1.126115524,0.033791099,0.162266339,1.095883458,3.318175818,4.943816778,0.053857528,,,,,,,
,,,,,,78,75.86623581,0.133954603,13.05866646,0.966352316,0.035746208,0.192441848,1.096665347,3.349589319,4.963896348,0.045414258,,,,,,,
,,,,,,79,75.3576954,0.131729981,12.97233199,1.048678954,0.033563684,0.129740925,1.078611279,3.077437529,4.957822767,0.043498987,,,,,,,
,,,,,,80,75.86201445,0.152024976,13.18316015,1.019907319,0.031496351,0.157990935,1.016544812,3.162450378,5.084244537,0.055649911,,,,,,,
,,,,,,81,76.51355106,0.126077587,12.96889261,1.071113209,0.034683561,0.108534119,1.079207127,3.106839127,5.033034417,0.045578033,,,,,,,
,,,,,,82,75.50810375,0.130515496,12.75126743,0.997050999,0.036301058,0.154144758,1.165882183,3.20298644,5.071259191,0.057711695,,,,,,,
,,,,,,83,75.80701274,0.121157322,12.61472951,0.997090893,0.035246836,0.17780971,1.023737575,3.30299458,5.000656576,0.048232937,,,,,,,
,,,,,,84,75.28518808,0.110133295,13.29563777,1.0952243,0.038160431,0.163744716,1.057486848,3.324166427,5.010351551,0.06262474,,,,,,,
,,,,,,85,75.60630813,0.116405123,12.95479098,1.063857926,0.035121995,0.144880151,0.990311604,3.328014911,5.010400191,0.048314191,,,,,,,
,,,,,,86,76.60235256,0.138565485,12.84172309,1.136556212,0.035606467,0.168507313,1.089316581,3.139308592,4.973650578,0.042912868,,,,,,,
,,,,,,87,75.69521599,0.132537748,13.04573017,0.980069395,0.029880908,0.161814947,1.070483083,3.129244772,5.024963587,0.049765705,,,,,,,
,,,,,,88,75.5048538,0.14631581,12.98086894,1.014476821,0.035523428,0.133378644,1.014358997,3.153910499,4.940712301,0.050236124,,,,,,,
,,,,,,89,75.61182613,0.140883136,12.92021142,1.085416071,0.036277482,0.172236022,1.008155059,3.294022572,4.90800188,0.055168444,,,,,,,
,,,,,,90,75.8838151,0.139018671,12.63790454,1.08497835,0.035273314,0.14766635,1.070668566,3.257383221,4.980244014,0.04917697,,,,,,,
,,,,,,91,76.11178439,0.121070914,12.87115202,1.262719899,0.039285971,0.162370381,1.010676938,3.317603369,4.97621596,0.04920237,,,,,,,
,,,,,,92,75.99722648,0.1431668,12.79753846,1.147133944,0.037308536,0.167187947,1.115733376,3.262487797,4.936750016,0.049983097,,,,,,,
,,,,,,93,76.13387398,0.152172594,12.97906323,1.055292494,0.035230203,0.121801118,1.145097354,3.290549578,4.922345827,0.040438629,,,,,,,
,,,,,,94,76.11825423,0.1462881,12.94602871,1.138193754,0.036912666,0.121543638,1.070660596,3.238244105,5.007463485,0.053418275,,,,,,,
,,,,,,95,75.89164898,0.109672791,12.86714825,1.161963154,0.036361419,0.187203274,1.091646371,3.291302509,5.038325127,0.038597376,,,,,,,
,,,,,,96,75.83323109,0.114937867,12.92361105,1.177799847,0.034000395,0.137798555,1.051672404,3.261615097,4.899101486,0.040747387,,,,,,,
,,,,,,97,75.32366765,0.105209896,12.85039648,1.086375104,0.034310686,0.138258845,1.049686584,3.38601997,5.026326409,0.034488547,,,,,,,
,,,,,,98,75.52774974,0.136082063,12.89805106,1.048338206,0.031070447,0.178586041,1.102852237,3.259909126,4.952924841,0.050343173,,,,,,,
,,,,,,99,75.51023248,0.138365654,12.76976181,1.064480697,0.03782578,0.199637736,1.102889601,3.292740165,4.918610174,0.058669019,,,,,,,
,,,,,,100,75.52308824,0.136647822,12.86159706,1.058867678,0.034965068,0.138454917,0.985355794,3.131192592,4.971759591,0.041955158,,,,,,,
,,,,,,101,75.63348776,0.133293636,12.86063966,1.108012223,0.036975657,0.085236406,1.066385512,3.231889144,4.941475563,0.05385722,,,,,,,
,,,,,,102,75.72847111,0.122601835,12.98197151,1.123059123,0.030827073,0.12511191,1.109819972,3.198452749,4.923199311,0.049540436,,,,,,,
,,,,,,103,75.4564964,0.10929047,12.94067243,1.119490697,0.033521713,0.180506455,1.119484004,3.098353517,4.980610424,0.051448148,,,,,,,
,,,,,,104,75.60916906,0.134966804,12.7787166,1.219527275,0.032902906,0.170734261,1.10838953,3.211150737,4.918758113,0.039572411,,,,,,,
,,,,,,105,76.19879627,0.124227448,12.89111461,1.106234494,0.041006341,0.140592194,1.133338831,3.100686504,4.964542757,0.054726557,,,,,,,
,,,,,,106,75.3293514,0.153383344,12.70834731,1.150267696,0.033535396,0.185592202,1.036485803,3.298066513,4.954641261,0.052249744,,,,,,,
,,,,,,107,76.44111139,0.131469652,12.78944843,1.134929719,0.036664831,0.113155682,1.004328431,3.287879745,4.926787559,0.044437984,,,,,,,
,,,,,,108,76.08907086,0.114201343,13.03328909,1.167177247,0.030789224,0.128676619,1.095263845,3.167095408,4.941428498,0.05497887,,,,,,,
,,,,,,109,75.95394267,0.13755561,13.02296706,1.095010511,0.035096859,0.146871976,1.014978534,3.163893132,4.897098199,0.044383001,,,,,,,
,,,,,,110,75.84865962,0.122498955,13.04659995,1.140544476,0.039781057,0.123918541,1.141850326,3.141723757,5.057562827,0.047720936,,,,,,,
,,,,,,111,75.14628461,0.134326061,12.83062017,1.199167977,0.039147651,0.133522014,1.109149649,3.303310161,4.971424557,0.052548872,,,,,,,
,,,,,,112,76.16047189,0.14851427,12.85396143,1.173226215,0.032993006,0.119885286,1.101598158,3.297008969,5.040565885,0.044167116,,,,,,,
,,,,,,113,75.96372286,0.147159164,12.86240106,1.041151156,0.039586251,0.093810913,1.060402898,3.219263893,5.037541099,0.059276394,,,,,,,
,,,,,,114,75.85213196,0.099618456,12.52485688,1.143384448,0.03281487,0.166538054,1.085028082,3.143388341,4.887781597,0.05257299,,,,,,,
,,,,,,115,75.89620949,0.129133194,12.74071454,1.099656896,0.033123386,0.130732965,1.080544213,3.114489488,5.008785102,0.048713105,,,,,,,
,,,,,,116,75.56898028,0.139715908,12.9638086,1.143958759,0.034069286,0.198711121,1.082303338,3.170219426,5.015400371,0.043691918,,,,,,,
,,,,,,117,75.59999691,0.117245266,12.86832906,1.09852483,0.032208392,0.17841214,1.074607155,3.110426114,4.898445721,0.050829979,,,,,,,
,,,,,,118,75.84818235,0.135568603,12.84746963,1.070053021,0.032106025,0.165071504,1.017040319,3.245017756,4.945748561,0.052096856,,,,,,,
,,,,,,119,75.43794897,0.132622657,12.88345515,1.113762928,0.032293492,0.166240172,1.039517298,3.29022162,5.028115347,0.057791914,,,,,,,
,,,,,,120,76.10720097,0.147624964,12.96006793,1.114760701,0.036485263,0.17101868,1.071193454,3.150205588,5.096764148,0.048240798,,,,,,,
,,,,,,121,75.98370286,0.122005286,13.0597825,1.145377996,0.028637609,0.163736987,1.052449244,3.330505672,4.898120461,0.049738052,,,,,,,
,,,,,,122,75.62187195,0.116283322,12.91498618,1.143929578,0.037194734,0.164933444,0.953598483,3.102030128,4.930238485,0.045093629,,,,,,,
,,,,,,123,76.00842072,0.145057898,12.86044393,1.05837088,0.030772694,0.16764509,1.104724569,3.242649731,5.007030654,0.046317958,,,,,,,
,,,,,,124,76.3219389,0.110436236,13.20564904,1.061245295,0.035789166,0.171863351,1.097773733,3.271768481,4.882409394,0.049457168,,,,,,,
,,,,,,125,75.8430722,0.139703802,12.90228677,1.062532141,0.034963813,0.145036167,1.070318073,3.21005059,4.975546315,0.054779056,,,,,,,
,,,,,,126,75.29381847,0.119241768,12.90953466,1.105381683,0.031686695,0.109043762,1.050381407,3.08622746,4.968140914,0.049936715,,,,,,,
,,,,,,127,75.7617367,0.139111935,13.0295493,1.111597655,0.033766582,0.164661121,1.074571002,3.076090558,5.033689713,0.0403963,,,,,,,
,,,,,,128,75.47942807,0.131536402,13.084798,1.227747416,0.033986245,0.166108681,1.059655739,3.054686024,4.9944025,0.049053999,,,,,,,
,,,,,,129,75.61617316,0.135839998,12.65082937,0.951348502,0.032834239,0.117236956,1.045924172,3.127786948,5.049600056,0.049988289,,,,,,,
,,,,,,130,75.81663285,0.126102264,13.02136319,0.955514745,0.033403154,0.178148841,1.06241617,3.165310238,5.0201057,0.042335591,,,,,,,
,,,,,,131,75.46536033,0.138355739,12.87998401,1.153052293,0.034227475,0.175548083,1.069698181,3.356571558,4.988598798,0.04085601,,,,,,,
,,,,,,132,75.45632895,0.126825831,12.99009383,1.035561975,0.033607502,0.108855573,1.114245287,3.284201816,4.91392821,0.056757317,,,,,,,
,,,,,,133,76.14154949,0.144170662,12.78788794,1.160471762,0.038316586,0.148421146,1.072474006,3.223609717,5.037195534,0.068517841,,,,,,,
,,,,,,134,75.04932867,0.135266889,12.94570646,1.054550038,0.033882819,0.18773084,1.087203268,3.141837001,4.988955189,0.059889942,,,,,,,
,,,,,,135,75.0889639,0.120200958,12.76827997,1.114438579,0.031471143,0.185843395,1.104773352,3.336770973,4.963308366,0.04752711,,,,,,,
,,,,,,136,75.06058095,0.118061243,12.81284962,1.079007868,0.03469143,0.161901906,1.068081049,3.208907227,5.029582508,0.05589568,,,,,,,
,,,,,,137,75.54672187,0.125532003,12.67735256,1.17493174,0.030939556,0.153558763,1.096351893,3.262597438,5.041336863,0.037456526,,,,,,,
,,,,,,138,75.98007102,0.134433212,12.77182304,1.094002265,0.034546349,0.149727016,1.047660192,3.074061728,4.975348842,0.051135607,,,,,,,
,,,,,,139,76.11657326,0.114598019,12.92801676,1.054659656,0.031578482,0.166014573,1.149129251,3.223743561,4.984752351,0.065146043,,,,,,,
,,,,,,140,75.8037845,0.139733038,12.90422252,1.139901481,0.037408723,0.133415699,1.046494577,3.101845356,4.933440693,0.063331542,,,,,,,
,,,,,,141,76.13228116,0.11854531,12.7577389,1.200971235,0.035338418,0.178986592,1.134576785,3.027448639,4.986423442,0.059844639,,,,,,,
,,,,,,142,75.75194282,0.131582544,12.9248393,1.026272174,0.032652255,0.168098804,1.080780126,3.112777329,4.978686861,0.03877849,,,,,,,
,,,,,,143,76.17147114,0.127657852,12.9393144,0.984150816,0.034991707,0.1443391,0.993407176,3.174623407,4.854650523,0.030727299,,,,,,,
,,,,,,144,75.97193173,0.139634993,12.90358932,1.223201621,0.040935433,0.191325905,1.05990926,3.165696855,4.98743554,0.060450878,,,,,,,
,,,,,,145,75.45998093,0.120457384,13.01217693,1.087584689,0.034267281,0.14482521,1.072131491,3.150775124,4.934955532,0.043043183,,,,,,,
,,,,,,146,75.6809932,0.11725283,13.02289742,1.053477115,0.028566022,0.157161984,1.0925076,3.445607719,4.94731893,0.066704905,,,,,,,
,,,,,,147,75.66252529,0.127134353,12.97097038,0.994546936,0.03799288,0.174227963,1.065686883,3.338547981,4.984833431,0.058933294,,,,,,,
,,,,,,148,76.2475425,0.126391477,12.86613498,1.000468459,0.034198593,0.091000902,1.049991831,3.306281745,5.022223801,0.054124909,,,,,,,
,,,,,,149,75.70445778,0.122300679,12.48299053,1.154927164,0.0335941,0.175481699,0.993366854,3.333834686,5.028648547,0.043634537,,,,,,,
,,,,,,150,75.99438846,0.138599815,12.9385457,1.03386931,0.03143724,0.175312445,1.133054139,3.205685864,4.987768058,0.052945561,,,,,,,
,,,,,,151,76.09994168,0.142027062,13.22098552,1.089294309,0.036238751,0.167959495,1.024868102,3.262625656,5.013916155,0.055141337,,,,,,,
,,,,,,152,76.22942325,0.131576827,13.04091609,1.027137748,0.029587186,0.153050158,1.100085477,3.071192108,4.932857879,0.049656641,,,,,,,
,,,,,,153,75.6301854,0.130860403,12.6284095,1.038583261,0.035098158,0.190067497,0.994183146,3.106132623,4.878698981,0.057616737,,,,,,,
,,,,,,154,76.04991196,0.122146791,12.85966203,0.989755358,0.034640546,0.140504099,1.057768919,3.220782638,4.967983676,0.050188982,,,,,,,
,,,,,,155,75.2506923,0.145508274,12.89466709,1.152892979,0.033116801,0.161561364,1.108792597,3.034458358,4.979733358,0.045630112,,,,,,,
,,,,,,156,75.21907233,0.146384737,13.04436074,1.175378135,0.034591626,0.17831144,0.963162754,3.194319639,5.003512473,0.044249967,,,,,,,
,,,,,,157,75.87450834,0.13009295,12.98837544,0.990914547,0.036082795,0.139510572,1.039243517,3.323042481,5.0905785,0.049301942,,,,,,,
,,,,,,158,75.25723099,0.149039333,12.90500901,1.217602765,0.032280804,0.15927316,1.055326964,3.159951302,5.04280556,0.057578562,,,,,,,
,,,,,,159,75.80900901,0.113124685,12.88713588,1.055246059,0.028140263,0.111469595,1.036973962,3.263763444,4.876838313,0.046964116,,,,,,,
,,,,,,160,76.02651625,0.094401892,13.03947787,1.07938608,0.035181185,0.181551796,1.068321352,3.284273005,5.124641296,0.057830076,,,,,,,
,,,,,,161,75.51227652,0.12802761,12.81299421,1.033055058,0.037632911,0.167065889,1.05411821,3.201215369,4.947422859,0.039823227,,,,,,,
,,,,,,162,75.52127922,0.139637501,12.93038575,1.003567885,0.035157881,0.142547895,0.992107286,3.281084833,4.875369176,0.06047065,,,,,,,
,,,,,,163,75.28690208,0.116605351,12.94048001,1.038310083,0.038843449,0.175253249,1.137900502,3.202847615,4.994988355,0.060190013,,,,,,,
,,,,,,164,76.04774753,0.147101486,12.92272492,1.136813831,0.035809544,0.155379826,1.071920611,3.092485118,4.930278707,0.056913349,,,,,,,
,,,,,,165,75.26527949,0.127849927,12.87608265,1.123450036,0.033989043,0.192974945,1.031837861,3.235340368,4.953978886,0.064246999,,,,,,,
,,,,,,166,75.24092262,0.128582896,12.80969447,1.147221461,0.034085577,0.116234267,1.104043602,3.304957004,4.96491674,0.06115475,,,,,,,
,,,,,,167,75.77506029,0.128328781,12.9709953,1.180708424,0.035280067,0.14655699,1.120128493,3.274608636,4.897344293,0.054066276,,,,,,,
,,,,,,168,75.8381146,0.144119358,12.87391297,1.074708005,0.030526301,0.180914215,0.99312445,3.082257348,5.024490668,0.055730722,,,,,,,
,,,,,,169,76.09306454,0.131351281,12.9885891,1.145685916,0.034094425,0.124836732,1.009102456,3.251702507,5.063308637,0.05792291,,,,,,,
,,,,,,170,75.67280574,0.133832861,12.77020087,1.0793033,0.031151502,0.125310728,1.061049863,3.232319939,5.077234494,0.050442579,,,,,,,
,,,,,,171,75.52925353,0.12180169,12.90132491,1.021344742,0.037513692,0.121374172,1.059769414,3.286919221,5.086249873,0.046477815,,,,,,,
,,,,,,172,75.55787551,0.120493958,12.9147052,1.002589614,0.033973565,0.146374871,1.067938682,3.19994726,4.980605015,0.052699813,,,,,,,
,,,,,,173,75.31722778,0.140304051,12.80753605,1.115859443,0.034218074,0.171010507,1.135631292,3.441304386,4.978633207,0.067748035,,,,,,,
,,,,,,174,75.85368807,0.104038056,12.81962167,1.092740004,0.03533114,0.159665489,1.12489343,3.354513063,5.069484635,0.042855359,,,,,,,
,,,,,,175,75.45055315,0.132189642,12.89045254,1.092931207,0.038568205,0.150494071,0.980573494,3.114647688,4.974136558,0.054764692,,,,,,,
,,,,,,176,76.69721038,0.134025361,12.71708666,1.188520564,0.036943582,0.208677132,1.043384378,3.191466604,5.009441781,0.050429516,,,,,,,
,,,,,,177,75.96529207,0.12974257,12.75074232,1.033131589,0.034391776,0.171246445,1.072860426,3.310055679,4.89389052,0.053443146,,,,,,,
,,,,,,178,75.92033068,0.111016469,12.64526606,1.083230461,0.032675762,0.106431409,1.113784207,3.217256959,4.921052336,0.052218328,,,,,,,
,,,,,,179,75.60151613,0.121119417,13.12675785,1.10714484,0.038481446,0.165797988,1.065151922,3.11012015,5.00890048,0.049006217,,,,,,,
,,,,,,180,75.57784446,0.133746419,13.04511908,1.017327963,0.03433462,0.175001848,1.103001946,3.217855947,5.006190472,0.049783121,,,,,,,
,,,,,,181,75.23309771,0.13759591,12.80482372,1.053336161,0.036627105,0.14824651,1.11137439,3.409627958,4.963974834,0.055660272,,,,,,,
,,,,,,182,76.11745919,0.131386168,12.78209167,1.013841756,0.033410576,0.152662054,0.962180344,3.078769161,4.93330047,0.047847736,,,,,,,
,,,,,,183,75.50385118,0.134372868,13.12550853,1.061787688,0.039576033,0.145623054,1.066038924,3.111010612,4.981891603,0.048446486,,,,,,,
,,,,,,184,75.7481224,0.14279866,13.01119005,1.140708911,0.030099137,0.182541125,1.012478326,3.114125548,4.978087856,0.056313278,,,,,,,
,,,,,,185,75.98230242,0.125647595,13.10376344,1.007184189,0.031094114,0.148440674,1.058041086,3.27041494,4.946292536,0.051993774,,,,,,,
,,,,,,186,75.90759482,0.149429806,12.67208639,1.010031449,0.034754534,0.186002264,1.10735324,3.14655206,4.98288431,0.051790116,,,,,,,
,,,,,,187,75.98347163,0.131400358,13.01887365,1.24647372,0.033903839,0.168169274,1.067408746,3.339287924,4.830701878,0.049775251,,,,,,,
,,,,,,188,74.82333753,0.136480145,12.89943631,1.053132451,0.03544895,0.133225705,1.087250562,3.256602186,4.949832648,0.056427123,,,,,,,
,,,,,,189,75.556278,0.147127637,12.83277236,1.096958375,0.040723788,0.210693471,1.029278707,3.195582172,4.951913826,0.052852124,,,,,,,
,,,,,,190,75.37900455,0.104441035,13.03525924,1.12106969,0.030038045,0.148312685,1.000232108,2.992506547,4.868220134,0.047874945,,,,,,,
,,,,,,191,75.5706115,0.124388289,12.72841345,1.161302566,0.038654297,0.197329015,1.136164397,3.161174492,4.90217681,0.042824504,,,,,,,
,,,,,,192,75.70666959,0.145857596,13.08018196,1.107770903,0.03863895,0.123378089,1.057015851,3.262985578,5.045356732,0.048142623,,,,,,,
,,,,,,193,76.23954202,0.143851407,12.98918469,1.037847931,0.037873173,0.137577437,1.077582453,3.166485295,5.019038538,0.05353093,,,,,,,
,,,,,,194,75.89966599,0.11325632,13.0489617,1.170791881,0.038261022,0.169250305,0.981680576,3.109252499,4.818875203,0.040163248,,,,,,,
,,,,,,195,75.89285973,0.143365146,12.99899346,1.010112989,0.030664905,0.131756618,1.073973209,3.257821416,4.964101545,0.046787148,,,,,,,
,,,,,,196,75.88820906,0.133061669,13.2287843,1.047963336,0.032667901,0.160861073,1.062840306,3.396785652,4.985469747,0.047844731,,,,,,,
,,,,,,197,75.17028058,0.115414283,12.68765919,1.100611908,0.031747803,0.137948049,1.123702236,3.105458765,4.965758824,0.054564508,,,,,,,
,,,,,,198,75.13461215,0.137540524,12.77951012,1.094665797,0.033045709,0.17382654,1.102924342,3.192897792,5.061696706,0.06093532,,,,,,,
,,,,,,199,76.14173018,0.120060913,13.03502752,1.084917435,0.033926399,0.212115927,1.028458853,3.259867718,4.902955965,0.048925791,,,,,,,
,,,,,,200,75.79916472,0.143696363,12.83003026,1.082928046,0.034679042,0.133965004,1.075641863,3.183570335,4.97604589,0.049757048,,,,,,,
,,,,,MEAN,,75.74194111,0.131161447,12.89529321,1.09955669,0.034653977,0.154380157,1.065548355,3.216315468,4.973745248,0.051435049,#DIV/0!,#DIV/0!,#DIV/0!,#DIV/0!,#DIV/0!,#DIV/0!,#DIV/0!
,,,,,STDEV.S(),,0.326406935,0.012598771,0.142325879,0.068531756,0.002796988,0.02725495,0.045649204,0.097256859,0.059814647,0.007371809,#DIV/0!,#DIV/0!,#DIV/0!,#DIV/0!,#DIV/0!,#DIV/0!,#DIV/0!
,,,,,ST. ERROR,,0.001632035,6.29939E-05,0.000711629,0.000342659,1.39849E-05,0.000136275,0.000228246,0.000486284,0.000299073,3.6859E-05,#DIV/0!,#DIV/0!,#DIV/0!,#DIV/0!,#DIV/0!,#DIV/0!,#DIV/0!
,,,,,,,,,,,,,,,,,,,,,,,
,,,,,,,,,,,,,,,,,,,,,,,
,,"Snapshot 1 | Sheet: KHD-105-G | Wednesday, February 11, 2026  11:08:24 PM",,,,,,,,,,,,,,,,,,,,,
,,Oxide,Concentration,HAL 2-sigma uncertainty,,Iteration,Synthetic SiO2 Value,Synthetic TiO2 Value,Synthetic Al2O3 Value,Synthetic FeO Value,Synthetic MnO Value,Synthetic MgO Value,Synthetic CaO Value,Synthetic Na2O Value,Synthetic K2O Value,Synthetic P2O5 Value,,,,,,,
,,SiO2,76.2345912,0.358468832,,1,76.13232376,0.06592037,13.23835425,0.477676732,0.00152333,0.030883465,0.94760921,3.113566132,5.400500418,0.014109948,,,,,,,
,,TiO2,0.057677335,0.010098312,,2,76.06136145,0.058278254,12.84111196,0.461339312,0.004603646,0.041522233,0.932330534,3.127664344,5.391346569,0.005390937,,,,,,,
,,Al2O3,13.05105783,0.147635346,,3,76.56010307,0.056875157,12.79158272,0.463559831,0.006079217,0.058935592,0.955496952,3.058043973,5.339196272,0.005146901,,,,,,,
,,FeO*,0.452038394,0.039874725,,4,75.48184788,0.035120615,12.82776201,0.369008322,0.004428855,0.05122199,0.913692176,3.187561283,5.426677666,0.009788267,,,,,,,
,,MnO,0.004899009,0.001636042,,5,76.12192517,0.059618274,13.06994236,0.490972619,0.005208076,0.053700674,0.990377013,3.106327278,5.309857352,0.005797144,,,,,,,
,,MgO,0.049760716,0.01793946,,6,76.13737331,0.055447824,13.14256219,0.387581652,0.003572339,0.048154737,0.982403169,3.148466493,5.395645247,0.0069137,,,,,,,
,,CaO,0.95714782,0.043674033,,7,75.675185,0.061156821,12.90321422,0.443329251,0.005564383,0.05967966,0.909527495,3.084060356,5.442141283,0.012542034,,,,,,,
,,Na2O,3.079908614,0.090543915,,8,76.61375377,0.072107431,12.94684642,0.471786193,0.00418695,0.042778597,0.922191501,3.160587213,5.4264886,0.004631069,,,,,,,
,,K2O,5.425841258,0.059994959,,9,76.48645109,0.069948366,13.12953009,0.400301311,0.003090549,0.058357316,1.081216799,3.113154276,5.38485384,0.012171055,,,,,,,
,,P2O5,0.005322709,0.004801708,,10,76.36573763,0.060718754,13.24189072,0.43256994,0.00774157,0.047971857,0.904544097,3.114298835,5.378343703,0.003611937,,,,,,,
,,,,,,11,76.35765702,0.034768286,13.03486844,0.44381527,0.004640735,0.05635819,0.903393912,3.026053557,5.42972579,0.005595541,,,,,,,
,,,,,,12,76.78755074,0.060550836,13.2040104,0.488176428,0.003015908,0.048793178,0.956105519,3.124952552,5.470153133,-0.001110614,,,,,,,
,,,,,,13,75.95457482,0.053859071,13.14925113,0.431428441,0.006021792,0.062750254,0.890144252,3.006078225,5.384711776,0.007299367,,,,,,,
,,,,,,14,76.22920554,0.054027979,12.87443891,0.381071378,0.005560499,0.027481759,1.029417375,3.059558483,5.445491192,0.00407409,,,,,,,
,,,,,,15,76.22000105,0.056126054,13.05166565,0.447878969,0.004275027,0.025044095,0.979926832,3.205372223,5.357458659,0.00748953,,,,,,,
,,,,,,16,76.15926212,0.071161017,13.14409559,0.483170829,0.003197139,0.024099575,0.92929318,2.966559747,5.483221195,0.004583002,,,,,,,
,,,,,,17,76.14204922,0.059696225,12.8974239,0.457934606,0.003561181,0.053659922,0.977228639,3.116372254,5.437454298,0.00359799,,,,,,,
,,,,,,18,76.54808749,0.063944417,13.15191374,0.38700916,0.004953062,0.023278036,1.000901621,2.976111636,5.396582539,0.004657901,,,,,,,
,,,,,,19,75.96316664,0.056852632,13.02359797,0.429591229,0.002294658,0.056634013,0.989831333,3.09077589,5.498602366,0.007903839,,,,,,,
,,,,,,20,76.52823645,0.050712423,13.2121742,0.507428447,0.00630034,0.043398032,0.993621369,3.02065781,5.469910036,0.010845062,,,,,,,
,,,,,,21,76.1607643,0.050804109,13.02245419,0.459314849,0.001348229,0.053792242,1.076184247,3.25517268,5.412019107,-0.000387805,,,,,,,
,,,,,,22,76.10775747,0.029043695,13.32663983,0.42833488,0.005501,0.053308106,0.883549006,3.072143654,5.52229054,0.008414112,,,,,,,
,,,,,,23,75.85022754,0.051072277,13.20788374,0.474063557,0.008138243,0.016438782,0.964544208,3.066060677,5.393005366,0.005727618,,,,,,,
,,,,,,24,76.12892792,0.067455618,13.00233642,0.393349575,0.007790663,0.079966005,1.013727278,3.148809845,5.447070697,0.014953165,,,,,,,
,,,,,,25,76.51163085,0.05347304,12.9824246,0.498231356,0.00382261,0.03223409,0.981877637,3.109196894,5.422436664,0.018090754,,,,,,,
,,,,,,26,75.71044225,0.050895134,12.96076999,0.481284925,0.004877583,0.053252474,1.018139359,2.967781922,5.5271465,0.00606425,,,,,,,
,,,,,,27,76.53079612,0.066452269,13.06156094,0.478164097,0.006101657,0.054228269,0.978328,3.083919773,5.486481726,0.007074676,,,,,,,
,,,,,,28,76.48310804,0.03898853,13.10459364,0.460162714,0.003424368,0.045803074,0.986540316,3.254502674,5.4620377,0.005468927,,,,,,,
,,,,,,29,76.31217562,0.059333426,13.2000171,0.44560488,0.00305348,0.053546338,0.949825061,3.021879193,5.37639794,-0.001745376,,,,,,,
,,,,,,30,76.72322682,0.072625381,13.10043145,0.45968694,0.004991765,0.097928576,0.964396652,3.135277061,5.413412801,0.008187628,,,,,,,
,,,,,,31,76.23928235,0.059773892,13.07158261,0.397816389,0.005441364,0.06701234,0.915141935,3.13071169,5.50599887,0.006096597,,,,,,,
,,,,,,32,75.99421882,0.053605462,13.17228127,0.487662538,0.004165077,0.073260089,0.994114712,3.061445564,5.481770203,-0.000153688,,,,,,,
,,,,,,33,75.63715445,0.051654873,13.1157823,0.455978129,0.003251085,0.051415547,0.96045545,3.096251428,5.513231658,0.013067383,,,,,,,
,,,,,,34,76.42631821,0.063181574,13.04328025,0.46071143,0.004449419,0.049660027,0.959235344,3.069201581,5.524896509,0.007498281,,,,,,,
,,,,,,35,76.6911079,0.071859241,13.26813291,0.471728304,0.005581293,0.05368053,0.899063448,3.029107473,5.496606668,0.007519185,,,,,,,
,,,,,,36,75.99701202,0.063263013,13.07192553,0.393842177,0.00365261,0.03109823,0.965162031,3.223022846,5.424662034,0.003220981,,,,,,,
,,,,,,37,76.07978448,0.049771347,12.95156927,0.387265977,0.005899054,0.055515419,0.933330239,3.072766671,5.47740039,-0.008554372,,,,,,,
,,,,,,38,75.61758741,0.050770336,13.21817314,0.505361192,0.003590999,0.054031312,0.929529137,3.179567107,5.469909409,0.011554372,,,,,,,
,,,,,,39,75.90596885,0.042393363,13.4389573,0.449008606,0.003597039,0.040402393,0.930951833,3.133690141,5.491187522,0.007943321,,,,,,,
,,,,,,40,76.51779768,0.045593513,13.31628829,0.456360712,0.007985002,0.046504493,1.027971543,3.033017656,5.443684017,0.00304982,,,,,,,
,,,,,,41,76.89967939,0.059643281,13.2229563,0.430310903,0.006825962,0.06808712,1.006174697,3.053221457,5.482796285,0.008856083,,,,,,,
,,,,,,42,77.05744485,0.075160142,13.12298719,0.472613564,0.004441183,0.041198003,0.941404122,3.190015153,5.388857823,-0.001958449,,,,,,,
,,,,,,43,76.6674134,0.069862024,12.98695244,0.402143964,0.004783166,0.038476111,0.971751319,3.142099161,5.404829073,-0.002477199,,,,,,,
,,,,,,44,76.49942703,0.060624609,13.10982887,0.431652189,0.00635986,0.013356543,0.9427731,2.880222958,5.431370395,-0.002581709,,,,,,,
,,,,,,45,76.09860304,0.054402267,13.12728427,0.440725621,0.005126295,0.063874077,1.004933867,3.184211208,5.428025238,0.015176529,,,,,,,
,,,,,,46,76.33792798,0.048961322,12.82816583,0.441275604,0.006218283,0.063748401,0.906582116,3.044129645,5.427425159,0.003635274,,,,,,,
,,,,,,47,76.02695138,0.051478827,13.07663007,0.481870943,0.00153199,0.070167838,0.876019335,2.917849294,5.452754935,0.000589773,,,,,,,
,,,,,,48,76.23593185,0.067943118,13.12065644,0.389994465,0.003410111,0.065330735,0.980642726,3.103096588,5.391403488,0.015331344,,,,,,,
,,,,,,49,75.86026612,0.057746692,13.14243949,0.443607528,0.007369877,0.035642176,0.994266323,2.991784761,5.539653684,0.012236583,,,,,,,
,,,,,,50,76.60892693,0.064797294,13.07080661,0.416954728,0.004315786,0.02499211,0.990702501,3.032948899,5.435432054,0.001025531,,,,,,,
,,,,,,51,76.50597258,0.051508734,12.98954073,0.457592476,0.003962991,0.066292447,0.990195882,3.167193002,5.288841094,0.007936983,,,,,,,
,,,,,,52,76.22061693,0.040030486,12.93053873,0.423168058,0.004246547,0.053190071,0.930254739,3.000895843,5.503398939,0.010149443,,,,,,,
,,,,,,53,76.72679982,0.069994892,12.95098985,0.446659191,0.005887196,0.056324087,0.912655821,3.014588743,5.377161036,0.003430428,,,,,,,
,,,,,,54,76.17016612,0.050817218,12.81458351,0.459722254,0.006253991,0.036736309,0.894869199,3.168409647,5.360366617,-0.001397933,,,,,,,
,,,,,,55,76.22827156,0.060386805,12.97122,0.501350783,0.004583494,0.045626225,0.95569038,3.190921415,5.375272202,0.003114043,,,,,,,
,,,,,,56,76.31748878,0.036811394,13.38973639,0.452052927,0.006646907,0.036443491,0.985176811,3.10456761,5.468453589,0.005859086,,,,,,,
,,,,,,57,75.98576125,0.061518397,12.97546419,0.417690942,0.005510846,0.06333547,0.947084219,2.927285242,5.502664261,0.002838466,,,,,,,
,,,,,,58,76.2262227,0.064147577,12.94886793,0.385707361,0.00378116,0.059082028,0.895461133,3.076234727,5.478613044,0.008534356,,,,,,,
,,,,,,59,75.81484035,0.063026031,13.10742868,0.44659077,0.003511801,0.082792439,0.939535118,3.146968987,5.349900802,0.008408295,,,,,,,
,,,,,,60,76.66542269,0.05419099,13.13109649,0.499849404,0.004810439,0.081916714,0.914636492,3.008103509,5.381436033,0.00352702,,,,,,,
,,,,,,61,76.20793932,0.060370374,12.91872463,0.460693161,0.004849115,0.012354918,0.883338365,3.095517487,5.498232409,0.008934091,,,,,,,
,,,,,,62,75.86349599,0.052820706,13.10098724,0.442971418,0.006169083,0.04928469,0.940791207,3.023823649,5.33744262,0.008057797,,,,,,,
,,,,,,63,76.39957276,0.053714172,12.89344526,0.446650314,0.007477186,0.077797988,1.037280424,2.959076068,5.456870977,0.004282467,,,,,,,
,,,,,,64,76.63697861,0.080891949,13.13406059,0.435004362,0.004299033,0.041112427,0.968721613,3.237890979,5.428750439,0.002142653,,,,,,,
,,,,,,65,76.02429385,0.06267872,12.75258299,0.464743406,0.006091958,0.022992062,0.936243121,2.939948527,5.462218401,0.002215443,,,,,,,
,,,,,,66,76.84938774,0.060259079,13.16659369,0.425573061,0.004927227,0.108846818,0.993575428,3.026368146,5.391644133,0.007867596,,,,,,,
,,,,,,67,76.13104494,0.055361939,13.23665886,0.387348295,0.004965415,0.040039217,1.015710477,3.170027321,5.416651921,0.009623947,,,,,,,
,,,,,,68,76.14882891,0.057196595,13.08469621,0.494897263,0.002341041,0.041840697,0.979314991,3.003583752,5.385844109,0.008361978,,,,,,,
,,,,,,69,76.32823835,0.057648013,13.44057356,0.448706935,0.004516178,0.04787976,0.940288992,3.128301782,5.41061061,0.005522281,,,,,,,
,,,,,,70,76.68015037,0.049897524,13.06708839,0.498211353,0.003334523,0.027229995,0.997046234,3.108754138,5.390490086,0.005484205,,,,,,,
,,,,,,71,75.93205922,0.056192474,13.09070603,0.456761021,0.003979319,0.07085045,0.978815,3.224711122,5.362778796,-0.000726276,,,,,,,
,,,,,,72,76.38868715,0.070885086,13.35075307,0.430627154,0.005113974,0.058584366,1.037699836,3.187474255,5.459656888,0.004029842,,,,,,,
,,,,,,73,76.25273105,0.066095753,12.96898443,0.449218619,0.003270998,0.048255944,0.954622024,3.054587435,5.387149783,0.004078095,,,,,,,
,,,,,,74,75.88855989,0.061709491,13.25369899,0.516301942,0.007582029,0.011218032,0.963598113,3.056710641,5.290168132,0.008793769,,,,,,,
,,,,,,75,76.67470422,0.061342035,13.36284515,0.498487611,0.004783569,0.028654349,0.948520281,3.150632177,5.582924014,0.005932707,,,,,,,
,,,,,,76,76.44186137,0.059852168,12.97238519,0.389403666,0.00404142,0.047339321,0.947673614,3.320051149,5.444227299,0.015806618,,,,,,,
,,,,,,77,76.47721879,0.055919689,12.93478216,0.335041629,0.00369697,0.082778714,0.968651666,3.090630161,5.382536561,0.006521394,,,,,,,
,,,,,,78,76.17296395,0.05372885,13.10053409,0.440953516,0.007639188,0.0431166,0.891193488,3.197589991,5.386538039,0.009131054,,,,,,,
,,,,,,79,75.58861249,0.056586485,13.22091084,0.461936762,0.005607399,0.035389267,0.981610338,3.247823486,5.398707396,0.008962442,,,,,,,
,,,,,,80,76.40143274,0.055271707,12.95954449,0.469295407,0.002868534,0.013445531,0.886707567,2.915995642,5.366506343,0.004020303,,,,,,,
,,,,,,81,76.00252361,0.08014386,12.89621431,0.452312217,0.003991164,0.071852887,0.96451534,3.141307369,5.372071849,0.008884333,,,,,,,
,,,,,,82,76.39854806,0.055893273,13.13488344,0.484637277,0.004767973,0.09831449,0.948455894,3.120125036,5.350758905,0.011639854,,,,,,,
,,,,,,83,75.92704411,0.052707655,12.80449414,0.444017402,0.003871288,0.061807514,0.977296924,2.975541475,5.445757452,0.001801357,,,,,,,
,,,,,,84,76.04247032,0.091601231,13.23665925,0.420002164,0.003217621,0.078623895,0.996687019,3.140254521,5.432536209,0.014008147,,,,,,,
,,,,,,85,75.82512323,0.078952252,12.92929972,0.454380952,0.005563464,0.065438514,0.938092824,3.042747911,5.370270162,0.006247516,,,,,,,
,,,,,,86,77.08691414,0.061115926,13.31705808,0.471418994,0.003495196,0.068455666,0.940057899,3.039978692,5.45315057,0.000788446,,,,,,,
,,,,,,87,76.51634595,0.042846685,12.90421665,0.457113543,0.003744268,0.031778592,0.957828992,2.971984012,5.371115033,0.008275476,,,,,,,
,,,,,,88,75.50147155,0.056904663,12.75556805,0.408401192,0.002889586,0.038076854,0.952118226,3.022662204,5.479167472,0.004983013,,,,,,,
,,,,,,89,76.86940613,0.061242845,13.13941493,0.441164473,0.004610864,0.037340903,0.905879266,3.136506608,5.515474059,0.013048032,,,,,,,
,,,,,,90,76.44297767,0.04833111,13.03766132,0.385013732,0.006187211,0.047933238,1.027758217,3.114057484,5.381244887,-0.001995228,,,,,,,
,,,,,,91,76.1601085,0.060516952,13.04523658,0.442246053,0.002229786,0.049049093,0.858499975,3.246097681,5.402573706,0.009051603,,,,,,,
,,,,,,92,76.21303049,0.043620115,13.06632743,0.469321821,0.004352766,0.065759042,1.058880486,3.117152246,5.375546111,0.005974346,,,,,,,
,,,,,,93,76.33185477,0.047097282,13.23780096,0.490170083,0.002819241,0.044648603,0.951843838,3.088343719,5.540399764,0.005017553,,,,,,,
,,,,,,94,75.99353076,0.052519721,13.10735606,0.421820843,0.004539862,0.063693654,0.977110408,3.178944234,5.447185245,0.007695149,,,,,,,
,,,,,,95,76.40218458,0.072012727,13.09174122,0.421497347,0.006733478,0.071482339,1.018400958,3.140835447,5.515129807,0.00757751,,,,,,,
,,,,,,96,76.44872587,0.044336335,13.082761,0.486781661,0.005931775,0.045981268,0.918825662,3.156972173,5.410270928,0.008605176,,,,,,,
,,,,,,97,76.26920357,0.055772092,13.22143028,0.494760339,0.005353479,0.063854517,0.946336512,3.08602362,5.45013112,0.015571641,,,,,,,
,,,,,,98,76.00123902,0.059752544,13.06038671,0.464697589,0.005216774,0.081815334,0.952432422,3.093494933,5.506302617,0.004015683,,,,,,,
,,,,,,99,76.82403184,0.059849207,13.13607146,0.397558473,0.001114713,0.056946881,0.930752364,2.978871317,5.315439855,-0.003150329,,,,,,,
,,,,,,100,75.87494812,0.071559776,13.01027292,0.425340889,0.004352526,0.047881132,0.96048743,3.113046138,5.38072466,0.009327864,,,,,,,
,,,,,,101,76.94542204,0.059234224,13.11018285,0.448247477,0.003184184,0.039817907,0.995486173,3.085293117,5.360201108,0.007226887,,,,,,,
,,,,,,102,76.45045412,0.068159772,13.075963,0.473405511,0.003282832,0.059812667,0.982187006,3.04767398,5.54682374,0.005990112,,,,,,,
,,,,,,103,76.67047648,0.057231378,13.2850513,0.458521492,0.003246334,0.004960872,0.993906234,3.049965094,5.322489443,0.009321522,,,,,,,
,,,,,,104,76.51548367,0.052409361,12.97128954,0.507070162,0.002688879,0.022859936,0.943866435,3.143504309,5.461500737,0.00424239,,,,,,,
,,,,,,105,75.67904572,0.055810453,13.02794333,0.431564159,0.004164405,0.035886366,1.004841732,3.23663329,5.439553873,0.00578005,,,,,,,
,,,,,,106,76.58768759,0.049557169,13.00644581,0.418431532,0.004405916,0.067129633,1.007173416,3.010318102,5.335154297,0.003057849,,,,,,,
,,,,,,107,76.54790011,0.051324452,12.89403779,0.491411017,0.003198911,0.053799466,0.957814928,3.21356102,5.398528673,0.005721349,,,,,,,
,,,,,,108,76.85713656,0.060574496,12.85165855,0.399286911,0.006164627,0.039840523,1.00482617,3.062045971,5.337702697,0.007793347,,,,,,,
,,,,,,109,76.24790519,0.072592652,13.00884914,0.45080564,0.007595635,0.061363144,0.88916854,3.039067219,5.458197281,0.008574207,,,,,,,
,,,,,,110,76.13729485,0.067010828,13.22093941,0.46608233,0.006749783,0.054535319,0.920377146,3.3147757,5.365564534,0.010612005,,,,,,,
,,,,,,111,75.98531198,0.047741562,13.09458264,0.475957143,0.006033398,0.048193597,0.974016089,3.243871369,5.337739331,0.001549849,,,,,,,
,,,,,,112,76.74931909,0.079931224,13.08025747,0.480799441,0.000146632,0.055467739,1.028280583,2.951489086,5.376181483,0.012726464,,,,,,,
,,,,,,113,76.44431158,0.063807922,13.05910084,0.424892279,0.003827044,0.067598214,0.973506789,3.09823944,5.308432308,0.00763929,,,,,,,
,,,,,,114,76.5281641,0.04905469,13.25643697,0.472225243,0.004642672,0.012410347,0.921505983,3.108785787,5.370672292,0.000794656,,,,,,,
,,,,,,115,76.31272712,0.053091406,13.30239558,0.486835012,0.003755861,0.036734258,0.926300612,3.0854383,5.363775707,0.010261504,,,,,,,
,,,,,,116,75.80238408,0.058054574,13.12964129,0.390560969,0.003442955,0.045212657,1.030894611,3.106951874,5.417786394,0.002294181,,,,,,,
,,,,,,117,76.46914169,0.061714293,13.22679341,0.507722314,0.006765291,0.032669254,0.945593735,3.150906484,5.381455644,0.006889015,,,,,,,
,,,,,,118,76.72212343,0.067526774,13.08657244,0.438510039,0.007091634,0.061544583,0.96605891,3.035476549,5.497659908,0.006714889,,,,,,,
,,,,,,119,76.33034282,0.03684317,13.01372172,0.414987298,0.006026422,0.055055764,0.90632292,2.972958837,5.41112396,0.004661432,,,,,,,
,,,,,,120,76.07739746,0.053478812,13.15282172,0.428227652,0.004754048,0.06189429,0.903714909,3.190218728,5.50448634,0.000204423,,,,,,,
,,,,,,121,75.68198174,0.055669933,12.9855671,0.471662674,0.003063713,0.064180289,0.975407984,2.951378161,5.363258985,-0.004637673,,,,,,,
,,,,,,122,76.5787042,0.059632816,13.10756112,0.401612635,0.005296677,0.029269679,0.993044941,3.08477866,5.49334274,0.004246199,,,,,,,
,,,,,,123,76.22521441,0.051340613,13.08879496,0.43101626,0.002588369,0.058316988,0.995765307,3.125073697,5.421356179,0.01137987,,,,,,,
,,,,,,124,76.05529514,0.057866357,13.15302162,0.43868185,0.004573719,0.055206555,0.937528804,3.044022642,5.482745942,0.006369375,,,,,,,
,,,,,,125,76.25422263,0.060193579,13.12728187,0.502250755,0.005922611,0.071571783,0.96764927,3.230166785,5.457324486,0.012228517,,,,,,,
,,,,,,126,76.09067313,0.047792388,13.05696746,0.472658376,0.004904522,0.017361095,1.028203644,3.026388624,5.437994946,0.008375867,,,,,,,
,,,,,,127,75.98828413,0.059487077,13.16862732,0.390911975,0.005366141,0.064000487,0.994052949,3.007206651,5.439634366,0.004038205,,,,,,,
,,,,,,128,76.13196421,0.035114297,13.15818599,0.49117526,0.006060814,0.046269864,0.942510994,3.088929539,5.447332352,0.017502973,,,,,,,
,,,,,,129,76.18021168,0.043452499,13.15198999,0.434504135,0.004575127,0.055917064,0.908216819,3.13499924,5.571019242,0.015696885,,,,,,,
,,,,,,130,76.30710101,0.05236804,12.97516923,0.46574693,0.004904361,0.051496069,0.869071806,3.084961032,5.292531589,0.006757788,,,,,,,
,,,,,,131,76.42231412,0.065402827,12.95554974,0.445471565,0.00532638,0.067034923,0.933543159,3.024185599,5.424909311,-0.003657362,,,,,,,
,,,,,,132,76.34798637,0.071249333,13.17893476,0.462976495,0.005591655,0.053859641,1.034168966,3.200563882,5.491755141,0.016136655,,,,,,,
,,,,,,133,76.19053016,0.041223909,13.02702495,0.433494377,0.0043856,0.030793332,0.917690316,3.095933923,5.317162415,-0.002217527,,,,,,,
,,,,,,134,75.86394914,0.059228126,13.13632473,0.412671499,0.006218358,0.064668678,0.946593908,3.020290482,5.41851832,0.004185002,,,,,,,
,,,,,,135,76.47108619,0.053385402,13.17116908,0.510015997,0.002930493,0.070548089,0.965608933,3.097992536,5.543103499,0.012072289,,,,,,,
,,,,,,136,76.54395031,0.050753115,13.0170785,0.434402869,0.006218013,0.042854743,0.990099644,2.976858145,5.390593202,0.00537075,,,,,,,
,,,,,,137,76.39388919,0.053983137,13.04576235,0.515874551,0.004425076,0.06291749,0.955472531,3.207963138,5.419993927,0.000871614,,,,,,,
,,,,,,138,76.73663419,0.057133694,13.11125101,0.437040702,0.005633148,0.050475502,0.989551839,2.947437987,5.476587815,0.010323517,,,,,,,
,,,,,,139,76.19842271,0.068693332,12.8964302,0.38286498,0.003070222,0.0457721,0.999827741,3.118335037,5.43130025,0.012347468,,,,,,,
,,,,,,140,75.97719025,0.074885664,13.26878959,0.49774062,0.002855954,0.053429477,0.985911544,3.014460739,5.45300121,-0.001837001,,,,,,,
,,,,,,141,75.58468594,0.047917847,12.89494811,0.439270681,0.001710185,0.061905414,0.951626325,3.073066669,5.384260927,0.002923458,,,,,,,
,,,,,,142,75.41643447,0.05560804,12.85893662,0.452106737,0.006618726,0.049808098,0.936857223,3.120821006,5.343901672,-0.004104159,,,,,,,
,,,,,,143,76.22616326,0.05592428,12.97281051,0.441064549,0.005623396,0.090168859,0.942405242,3.002070755,5.384460909,0.005912564,,,,,,,
,,,,,,144,76.31979353,0.063805543,13.02614004,0.453044677,0.003956079,0.062735555,0.974069398,2.928972416,5.472819087,-0.002853266,,,,,,,
,,,,,,145,76.94658295,0.051906055,12.72489699,0.431661734,0.00326261,0.065542428,0.875193459,3.020086848,5.474932955,0.004126841,,,,,,,
,,,,,,146,76.28121625,0.04759701,12.96163802,0.450168898,0.006453307,0.049916282,1.024523227,3.1175653,5.403466924,0.009273129,,,,,,,
,,,,,,147,76.395983,0.061124063,12.97151745,0.447165959,0.004114448,0.054505988,0.945898656,3.14341297,5.475556054,0.00401393,,,,,,,
,,,,,,148,76.34646242,0.0525648,12.83084977,0.395631593,0.005278416,0.040788356,0.950113724,3.221722488,5.430348495,0.00128182,,,,,,,
,,,,,,149,76.07023317,0.053582473,13.01618689,0.544328105,0.005512009,0.063119288,0.999773779,3.032023289,5.446357012,0.005672592,,,,,,,
,,,,,,150,76.40438358,0.037672235,12.78069309,0.463912665,0.003714148,0.059690742,0.981852394,2.995426402,5.362920126,-0.002163456,,,,,,,
,,,,,,151,76.4309956,0.042822221,12.83048733,0.456653645,0.005423765,0.029639191,0.931355953,3.013437433,5.400545718,0.005384418,,,,,,,
,,,,,,152,75.89058665,0.049183489,12.98779465,0.437091792,0.004130216,0.04978906,0.952320254,3.147581177,5.413571067,0.011783096,,,,,,,
,,,,,,153,76.57582355,0.057860734,12.95679592,0.436383485,0.003720645,0.056885679,0.978615627,2.976435192,5.461019794,0.001058169,,,,,,,
,,,,,,154,76.0194117,0.055713965,13.06119126,0.415395146,0.002003939,0.030117141,0.989868098,3.081103997,5.49478328,0.000683797,,,,,,,
,,,,,,155,76.32300949,0.057079887,13.08675532,0.460582102,0.006269097,0.080711007,0.934803445,3.255373171,5.404734096,0.011506508,,,,,,,
,,,,,,156,76.39818813,0.059963173,12.91247615,0.406371195,0.00341614,0.050593443,1.019535082,3.160175918,5.28979867,-0.000278139,,,,,,,
,,,,,,157,76.91747057,0.075322169,13.14993698,0.433286067,0.00611325,0.084402361,0.996256055,2.863439363,5.470955475,-0.00564403,,,,,,,
,,,,,,158,76.17678198,0.064517738,13.16098228,0.453128373,0.000668538,0.053311542,1.014698257,3.065230279,5.305875106,0.004185207,,,,,,,
,,,,,,159,75.89518063,0.050884692,13.13689355,0.497264301,0.005514047,0.046269282,0.992882144,3.235057013,5.466977278,0.00500526,,,,,,,
,,,,,,160,75.90024979,0.066279741,12.97684614,0.428395039,0.006773664,0.047879289,0.914556747,3.189655675,5.471452469,-0.003863575,,,,,,,
,,,,,,161,76.69637544,0.043744778,13.21012522,0.45127261,0.004897733,0.054836028,0.976582705,3.072473963,5.420076199,0.004859636,,,,,,,
,,,,,,162,76.14889516,0.060905252,13.18791085,0.404348237,0.006131192,0.072567004,0.963114646,3.144642532,5.399129838,-0.001430067,,,,,,,
,,,,,,163,76.43168922,0.059210777,13.02885642,0.410351179,0.004969185,0.059889239,0.99012499,3.168089623,5.484925289,-0.000948272,,,,,,,
,,,,,,164,76.27218349,0.063110881,12.93747427,0.432770511,0.004786032,0.090210017,0.948312835,2.936969875,5.474257799,0.005621377,,,,,,,
,,,,,,165,76.05530957,0.082778669,13.02079933,0.393221544,0.003871777,0.055561234,0.971613631,3.066150794,5.430724976,0.002751084,,,,,,,
,,,,,,166,76.37731838,0.0421401,13.07531438,0.489404835,0.007196713,0.023747786,0.910094801,3.042794353,5.412638384,0.003935293,,,,,,,
,,,,,,167,76.43225831,0.049680738,13.05349428,0.430105341,0.004717969,0.045900198,0.914487628,3.139083266,5.388433063,0.011450017,,,,,,,
,,,,,,168,76.0906628,0.056143996,13.05768209,0.436037475,0.004465445,0.051067491,0.923557711,3.278129321,5.443816076,0.013617461,,,,,,,
,,,,,,169,76.41341771,0.059730806,12.95760412,0.398579923,0.004371898,0.052639931,0.96011176,2.89415927,5.364731738,0.0043575,,,,,,,
,,,,,,170,76.67691206,0.05272456,13.10801454,0.385622556,0.006983343,0.070616194,0.932016744,2.979813423,5.472769766,0.005545837,,,,,,,
,,,,,,171,76.20529565,0.039381614,12.71427415,0.45263345,0.001966937,0.073544782,0.958320212,2.973863787,5.453600546,0.01280166,,,,,,,
,,,,,,172,75.48222342,0.065278007,12.87378692,0.411345625,0.00390657,0.087127871,0.910925605,3.054057168,5.384256432,0.004297636,,,,,,,
,,,,,,173,76.41237919,0.06429637,13.22269482,0.387810894,0.006793077,0.03946635,0.992433775,3.029369136,5.473965375,0.000348814,,,,,,,
,,,,,,174,76.40395453,0.059374175,13.06089039,0.428435015,0.004120933,0.057799122,1.010905516,3.347186978,5.455111194,0.002212218,,,,,,,
,,,,,,175,75.54277832,0.052943784,12.95414946,0.454457839,0.004157759,0.04771234,0.904120947,3.015424513,5.377075026,0.002688524,,,,,,,
,,,,,,176,76.23255053,0.060359785,13.18989682,0.444999154,0.00711514,0.054451976,0.9698871,3.04954246,5.377279777,0.000397754,,,,,,,
,,,,,,177,76.74619485,0.064381476,12.8868685,0.445735357,0.00262347,0.080728581,0.955338489,3.036891647,5.329075218,0.011530376,,,,,,,
,,,,,,178,76.39735626,0.060267583,12.92176632,0.474586738,0.007079099,0.039478936,0.914537507,2.995217283,5.48114626,0.005697314,,,,,,,
,,,,,,179,76.52713445,0.060345878,13.25640506,0.423847265,0.005828828,0.058372028,0.985487289,3.102112606,5.559288138,0.004899288,,,,,,,
,,,,,,180,76.00799557,0.050996042,12.9948098,0.442271922,0.004251941,0.034971741,1.015463305,2.923256109,5.457351744,0.007286501,,,,,,,
,,,,,,181,76.55040952,0.057540597,13.12033299,0.465439764,0.005724846,0.03044062,1.023781879,3.001363178,5.444408952,0.002933793,,,,,,,
,,,,,,182,76.52914636,0.063676382,13.19839491,0.422217199,0.005254693,0.046584765,1.035196671,3.15290923,5.377055976,0.000873863,,,,,,,
,,,,,,183,76.54335629,0.054682222,13.24152888,0.502631405,0.006417296,0.024539961,0.984199809,3.06241937,5.431260345,0.007385564,,,,,,,
,,,,,,184,76.57806725,0.07395202,13.14143057,0.437134478,0.006820298,0.043409344,0.977586779,3.126219948,5.532736317,0.007546535,,,,,,,
,,,,,,185,76.34205917,0.064336314,13.02642483,0.41022201,0.004226873,0.069546048,0.93228447,2.997661315,5.410244357,0.007433705,,,,,,,
,,,,,,186,76.50390029,0.070048497,12.98025335,0.500185363,0.002126453,0.052858837,0.983131755,3.023746477,5.312204736,0.00439594,,,,,,,
,,,,,,187,76.67098214,0.049016277,13.10239724,0.437333151,0.004029752,0.06192879,0.927664469,3.096366635,5.489581496,0.002431944,,,,,,,
,,,,,,188,76.78524786,0.060273142,12.93212283,0.552609794,0.007772771,0.081948657,1.000944175,3.191178907,5.452873108,0.002995534,,,,,,,
,,,,,,189,77.26514194,0.059227248,13.18901327,0.467220317,0.00693797,0.061561885,0.95945478,3.176894052,5.381088136,0.007283689,,,,,,,
,,,,,,190,76.72389872,0.063059765,12.9605099,0.46090342,0.005227497,0.043824076,0.96891878,2.97334072,5.340902542,0.003474923,,,,,,,
,,,,,,191,76.6475306,0.050608712,12.65959551,0.448049946,0.00497156,0.059218395,0.941462497,3.132206585,5.513331666,0.001419751,,,,,,,
,,,,,,192,76.45045207,0.051322039,13.0498411,0.454898989,0.003463595,0.044326664,0.965571418,3.131253889,5.473384578,0.007904879,,,,,,,
,,,,,,193,76.47338972,0.04208329,13.2370951,0.474542581,0.007001285,0.072348726,0.939699555,3.250012415,5.411650292,0.003687047,,,,,,,
,,,,,,194,76.35005198,0.055650721,13.16343508,0.434623172,0.004660249,0.047410436,0.870944206,3.128448393,5.394648842,0.004003123,,,,,,,
,,,,,,195,76.37912774,0.055220418,12.81169836,0.427794011,0.003117574,0.04675121,0.969237806,2.943562596,5.528007728,0.000128084,,,,,,,
,,,,,,196,76.20210904,0.053424854,13.16554358,0.440152928,0.006011258,0.066933186,0.943624483,3.131120874,5.38280933,0.004647183,,,,,,,
,,,,,,197,76.67438822,0.052588499,13.05690185,0.438688479,0.004504254,0.041499784,0.959326348,3.129608512,5.44650279,0.008207209,,,,,,,
,,,,,,198,76.53971616,0.037859896,13.17817922,0.435782524,0.004667547,0.038595696,1.016472042,3.151924403,5.471578588,0.008618143,,,,,,,
,,,,,,199,76.50688568,0.075832008,12.89569384,0.44746666,0.001108194,0.038592037,1.050207828,3.169810805,5.459820679,0.011088604,,,,,,,
,,,,,,200,76.10985048,0.066869077,13.02499721,0.444265345,0.004887275,0.058651809,0.892095936,3.055781373,5.397188565,0.001989588,,,,,,,
,,,,,MEAN,,76.29761794,0.057467774,13.06270028,0.446839023,0.004715591,0.052131543,0.961490029,3.089428788,5.42601014,0.00569327,#DIV/0!,#DIV/0!,#DIV/0!,#DIV/0!,#DIV/0!,#DIV/0!,#DIV/0!
,,,,,STDEV.S(),,0.336796567,0.009887017,0.141226797,0.034958369,0.001540902,0.017622064,0.042090829,0.090467649,0.060277821,0.004801982,#DIV/0!,#DIV/0!,#DIV/0!,#DIV/0!,#DIV/0!,#DIV/0!,#DIV/0!
,,,,,ST. ERROR,,0.001683983,4.94351E-05,0.000706134,0.000174792,7.70451E-06,8.81103E-05,0.000210454,0.000452338,0.000301389,2.40099E-05,#DIV/0!,#DIV/0!,#DIV/0!,#DIV/0!,#DIV/0!,#DIV/0!,#DIV/0!
,,,,,,,,,,,,,,,,,,,,,,,
,,,,,,,,,,,,,,,,,,,,,,,
,,"Snapshot 1 | Sheet: KHD-105-D | Wednesday, February 11, 2026  11:08:24 PM",,,,,,,,,,,,,,,,,,,,,
,,Oxide,Concentration,HAL 2-sigma uncertainty,,Iteration,Synthetic SiO2 Value,Synthetic TiO2 Value,Synthetic Al2O3 Value,Synthetic FeO Value,Synthetic MnO Value,Synthetic MgO Value,Synthetic CaO Value,Synthetic Na2O Value,Synthetic K2O Value,Synthetic P2O5 Value,,,,,,,
,,SiO2,76.07385452,0.358121319,,1,76.20992234,0.082669813,13.11733544,0.658422611,0.01000118,0.088065529,1.017840081,3.464982887,4.785536418,0.003729439,,,,,,,
,,TiO2,0.091730948,0.011463885,,2,76.67580516,0.092849372,13.00861025,0.618348374,0.009346432,0.071942206,1.031624464,3.424271501,4.77144298,0.009844829,,,,,,,
,,Al2O3,13.07329074,0.14767668,,3,75.85254821,0.087600826,13.09659032,0.659167486,0.009656762,0.101352696,1.06109406,3.390773491,4.953817514,0.004634573,,,,,,,
,,FeO*,0.63948608,0.048889962,,4,76.22116976,0.098807469,13.15704906,0.573577314,0.008389371,0.083749784,1.0138461,3.414706072,4.827765705,0.011674524,,,,,,,
,,MnO,0.007889345,0.001871856,,5,76.29069518,0.084832889,13.08678207,0.693228453,0.008573949,0.102070134,1.115387129,3.607057129,4.828967427,0.010185072,,,,,,,
,,MgO,0.08047571,0.021445498,,6,75.80892925,0.101576708,12.98947729,0.67637228,0.005356029,0.096326692,1.020667489,3.597178626,4.879248842,0.016170725,,,,,,,
,,CaO,1.03800981,0.045099475,,7,75.61031464,0.079104687,13.16016773,0.716734656,0.005264591,0.074024234,1.013328274,3.38981731,4.903268423,0.014667229,,,,,,,
,,Na2O,3.433806605,0.093025038,,8,76.36085216,0.075219149,13.11621679,0.653868113,0.010663107,0.083434416,1.042881364,3.458913289,4.784861347,0.00581868,,,,,,,
,,K2O,4.849269872,0.057048339,,9,75.87776696,0.095284764,12.99352159,0.575141444,0.009457853,0.070135618,0.97600182,3.601363544,4.831728161,0.011846699,,,,,,,
,,P2O5,0.009698962,0.005362491,,10,76.53939874,0.093325868,13.09413724,0.606814868,0.005237118,0.037233319,0.984927828,3.493864415,4.838152987,0.014824006,,,,,,,
,,,,,,11,75.89734973,0.107600851,13.23390767,0.728707424,0.008165082,0.076443448,0.965465472,3.493326579,4.809868258,0.008902266,,,,,,,
,,,,,,12,75.9437439,0.098256943,12.92941886,0.595813422,0.0079934,0.070396377,1.076393847,3.443220115,4.867670277,0.010222791,,,,,,,
,,,,,,13,76.5521815,0.094289847,13.08067322,0.703768061,0.008140574,0.095905489,1.072837242,3.554244845,4.794145684,0.00192238,,,,,,,
,,,,,,14,76.32640311,0.101844728,13.07753551,0.681930071,0.009083304,0.090287989,1.084014716,3.46062331,4.892398387,0.003876441,,,,,,,
,,,,,,15,75.91573002,0.103720659,12.64985379,0.693854208,0.009124156,0.074235103,1.073265945,3.425568703,4.878253988,0.017995511,,,,,,,
,,,,,,16,76.67077208,0.090312322,13.14857161,0.670704687,0.011808677,0.076903933,1.027151232,3.333515666,4.821921237,0.007238673,,,,,,,
,,,,,,17,76.76084426,0.084817719,12.99987889,0.605608605,0.006608646,0.053183645,0.962472383,3.331991835,4.843501615,0.008049594,,,,,,,
,,,,,,18,75.03869274,0.09136892,13.09879872,0.601161989,0.00747104,0.057718514,1.089387844,3.446432634,4.892274371,0.010598738,,,,,,,
,,,,,,19,76.05556795,0.101666758,13.29040234,0.687415201,0.012133794,0.011086148,0.980404369,3.373157731,4.853923699,0.02154302,,,,,,,
,,,,,,20,75.90257643,0.074372388,13.20493527,0.597061072,0.010149513,0.077393696,0.99608638,3.512754372,4.812718864,0.006028035,,,,,,,
,,,,,,21,75.33477427,0.098455786,13.06301632,0.605740501,0.008781291,0.121652876,1.089589265,3.683776372,4.846874676,-0.002857305,,,,,,,
,,,,,,22,76.48760877,0.094716263,13.16052098,0.562970907,0.008249615,0.114269672,0.987988129,3.402318831,4.912735413,0.015895051,,,,,,,
,,,,,,23,76.74783031,0.111297838,12.96020199,0.524509654,0.0077957,0.045425089,1.043496613,3.492970857,4.89718823,0.007668689,,,,,,,
,,,,,,24,76.05742822,0.096780371,13.25738851,0.635716563,0.007711452,0.090951469,1.043647455,3.341635013,4.845450748,0.005701223,,,,,,,
,,,,,,25,75.86297693,0.087985531,13.10876381,0.630127369,0.01082173,0.1045003,1.000553475,3.42649588,4.834631208,0.019031292,,,,,,,
,,,,,,26,76.33211965,0.085681289,12.97558221,0.716020335,0.005855217,0.071171416,1.091519867,3.426077272,4.852927637,0.013721586,,,,,,,
,,,,,,27,76.48196636,0.092060941,13.20101594,0.516689813,0.005327277,0.075552958,1.032817513,3.578557821,4.80352449,0.007276668,,,,,,,
,,,,,,28,76.04254413,0.089591844,13.07737545,0.620521888,0.009146959,0.112591015,0.98646158,3.671514365,4.891562167,0.013703572,,,,,,,
,,,,,,29,75.70539876,0.100837208,12.84690164,0.602900165,0.008029817,0.085717804,1.018096328,3.485875644,4.840634529,0.005975134,,,,,,,
,,,,,,30,76.02224624,0.092915276,12.94150726,0.581681147,0.008127755,0.080013441,1.018801104,3.478558536,4.86249743,0.005578962,,,,,,,
,,,,,,31,76.17512737,0.081526151,12.85760632,0.680596123,0.008245769,0.053226704,1.051754904,3.472262637,4.791918225,0.015308931,,,,,,,
,,,,,,32,75.92259127,0.113992119,13.1259137,0.603156413,0.009692965,0.075357541,1.040051981,3.470450599,4.892776154,0.010780646,,,,,,,
,,,,,,33,75.74644807,0.080358239,13.00411166,0.604045707,0.004943845,0.092697342,1.056609134,3.394294569,4.820584602,0.002034344,,,,,,,
,,,,,,34,76.26764094,0.084077764,13.15178285,0.690354824,0.004348775,0.029880654,1.014437713,3.393299072,4.795971412,0.006211079,,,,,,,
,,,,,,35,75.8030212,0.105760305,13.0051668,0.600681028,0.013277145,0.109054458,0.990567835,3.436556188,4.833734739,0.008820124,,,,,,,
,,,,,,36,76.25635712,0.08160174,12.95885545,0.64937135,0.007664391,0.105026431,1.045689418,3.323621244,4.873237197,0.008053516,,,,,,,
,,,,,,37,75.71580798,0.088273679,12.97695454,0.731643964,0.00895875,0.091581913,1.036663389,3.39071458,4.853477831,0.007698649,,,,,,,
,,,,,,38,76.26445606,0.117676154,12.87461385,0.624281689,0.008193919,0.086757203,1.125805069,3.443513296,4.778999067,0.008359471,,,,,,,
,,,,,,39,75.34815596,0.085592507,13.12221575,0.622679112,0.006940516,0.081772265,1.027996066,3.503365341,4.860313981,0.001505814,,,,,,,
,,,,,,40,75.8681873,0.070649628,13.33686791,0.655422402,0.006754816,0.120781979,1.033132579,3.517715462,4.831514759,0.001938423,,,,,,,
,,,,,,41,76.1546031,0.096183947,13.24536525,0.709640028,0.00794487,0.090252253,0.984651187,3.672712367,4.855953545,0.016813014,,,,,,,
,,,,,,42,75.85482888,0.092543402,13.18830933,0.68009703,0.007146616,0.084310453,0.942802604,3.417382437,4.748352877,0.001995137,,,,,,,
,,,,,,43,76.44266191,0.077369675,12.91076226,0.630626326,0.010531767,0.082983119,1.040599034,3.543962988,4.932595544,0.010543671,,,,,,,
,,,,,,44,76.05744347,0.096536518,13.28914803,0.676901368,0.008319602,0.094029332,1.041702082,3.423930507,4.761508454,0.017664068,,,,,,,
,,,,,,45,76.22681148,0.087784874,13.18285503,0.610064801,0.007406264,0.066693146,1.021232725,3.466804605,4.783826741,0.006452366,,,,,,,
,,,,,,46,76.08393608,0.079632661,13.27039454,0.666103253,0.005762539,0.05812829,1.055371917,3.558244933,4.835282608,-0.002201045,,,,,,,
,,,,,,47,75.81381365,0.09601905,13.10125672,0.593155967,0.008550132,0.041983216,1.031123677,3.371627762,4.72255643,0.005860752,,,,,,,
,,,,,,48,76.01906594,0.071958959,13.05293902,0.653457015,0.005326096,0.070119615,0.971616874,3.444796991,4.836296634,0.013970428,,,,,,,
,,,,,,49,75.92494471,0.07996484,12.82021509,0.675164764,0.008272175,0.061286502,1.002690101,3.484070238,4.851445409,0.00102274,,,,,,,
,,,,,,50,75.97647044,0.08047989,12.81385812,0.703820939,0.011303978,0.070137754,1.005251339,3.39188039,4.8149986,0.015814612,,,,,,,
,,,,,,51,75.67993327,0.084306843,12.90387316,0.612027845,0.009752502,0.031857984,0.931640373,3.665688222,4.80884951,0.004418911,,,,,,,
,,,,,,52,76.27946642,0.086805702,13.13798377,0.63757447,0.008233089,0.060272869,1.039578427,3.508203942,4.880965559,0.007596462,,,,,,,
,,,,,,53,75.89358455,0.099112701,13.04096696,0.649061909,0.002971976,0.051129712,1.051365221,3.415796903,4.830660902,0.01031933,,,,,,,
,,,,,,54,76.05791722,0.070861902,13.15906992,0.613941845,0.007703472,0.086452909,1.044642568,3.506926158,4.80910279,0.015034013,,,,,,,
,,,,,,55,75.54286544,0.078151065,13.0532155,0.607624536,0.006940187,0.043511927,1.098527383,3.307854917,4.843030506,0.015137615,,,,,,,
,,,,,,56,76.29853958,0.09073377,13.35303594,0.633140297,0.00615271,0.070780005,0.997750416,3.434342961,4.786430992,-0.003213563,,,,,,,
,,,,,,57,76.35335128,0.074695779,13.01616127,0.739320594,0.008594043,0.107662169,0.956796355,3.314397648,4.947385538,0.006015051,,,,,,,
,,,,,,58,76.35822509,0.077928547,12.97965833,0.679809827,0.010486451,0.057969548,1.072055734,3.342046797,4.688261561,0.005641608,,,,,,,
,,,,,,59,75.48762825,0.089440486,13.31475671,0.573527313,0.006210831,0.042579601,1.00534002,3.523659705,4.939623222,0.018499891,,,,,,,
,,,,,,60,76.47167659,0.074339546,13.16625921,0.579466445,0.008404469,0.070867309,0.998305364,3.408227281,4.919253701,0.016948641,,,,,,,
,,,,,,61,75.54954856,0.08138698,13.18410828,0.685241786,0.008186698,0.070701873,1.001648828,3.369649932,4.833971114,0.004870109,,,,,,,
,,,,,,62,76.44146946,0.093597868,12.77837697,0.599606272,0.003929753,0.071045175,1.095959231,3.431634566,4.886120072,0.011122609,,,,,,,
,,,,,,63,75.35929066,0.074717925,13.25672817,0.665909618,0.009032514,0.109755022,0.925119635,3.284152628,4.873231399,0.014563454,,,,,,,
,,,,,,64,75.72739199,0.07639777,13.01936711,0.687697423,0.007990589,0.07946758,0.994461103,3.329013791,4.760428413,0.010630776,,,,,,,
,,,,,,65,76.14846378,0.085090556,13.26627293,0.623371426,0.008795916,0.061931587,1.049877174,3.462787352,4.877978497,0.00776683,,,,,,,
,,,,,,66,75.99876859,0.096531,13.0191591,0.734996282,0.010907252,0.063000821,0.945494341,3.569813304,4.813427277,-0.001655652,,,,,,,
,,,,,,67,75.85825265,0.07131516,13.19618903,0.652940492,0.008822961,0.092464169,0.95092053,3.478598352,4.793856457,0.013944072,,,,,,,
,,,,,,68,76.02686483,0.089569433,12.9889323,0.64491214,0.007559497,0.080268949,1.02094035,3.579989911,4.844039451,0.008705188,,,,,,,
,,,,,,69,75.91530878,0.079154823,12.99456447,0.675297094,0.006707032,0.075985515,0.981902382,3.485053474,4.808749372,0.005289408,,,,,,,
,,,,,,70,76.80412993,0.098063139,12.99838676,0.668858347,0.006657028,0.081465136,1.053812075,3.414185651,4.851032458,0.00844486,,,,,,,
,,,,,,71,76.47565324,0.077286672,13.2874674,0.689491599,0.00788887,0.093269252,1.068116295,3.351983886,4.930942012,0.002883974,,,,,,,
,,,,,,72,76.3327449,0.068398267,13.23426567,0.658258155,0.009961542,0.07130938,1.035422632,3.535392515,4.828316414,0.012431919,,,,,,,
,,,,,,73,77.01565789,0.111273131,12.99133933,0.589962501,0.011835127,0.059190182,0.971230309,3.385766644,4.812089193,0.006626695,,,,,,,
,,,,,,74,75.70310838,0.110535525,13.1479362,0.675860693,0.007232369,0.09412963,1.000860978,3.438317707,4.776487291,0.00957448,,,,,,,
,,,,,,75,75.97044439,0.081027287,13.13420688,0.554839556,0.010081592,0.041469367,1.024943966,3.348091978,4.897733975,0.012904382,,,,,,,
,,,,,,76,76.68712266,0.099220787,12.94284685,0.596068427,0.008254555,0.068246582,0.990097865,3.525415497,4.870865806,0.009559875,,,,,,,
,,,,,,77,76.73388971,0.108549789,13.26940267,0.645912826,0.008445978,0.091695764,0.987718527,3.204871651,4.841404686,0.008925856,,,,,,,
,,,,,,78,75.89988113,0.109543685,13.06449495,0.698208044,0.008452014,0.072187541,1.009803895,3.284991899,4.940890299,0.009347282,,,,,,,
,,,,,,79,76.42908701,0.075597244,13.03395783,0.629282607,0.008908776,0.055306364,1.083613187,3.360084283,4.840232437,0.00524807,,,,,,,
,,,,,,80,75.92285827,0.087669402,13.21055891,0.724752666,0.008003678,0.110391199,1.135660757,3.472399975,4.898106855,0.006816401,,,,,,,
,,,,,,81,76.40582373,0.099565492,13.12114454,0.607925842,0.011712545,0.076126574,1.016696221,3.67103018,4.846804246,0.001170264,,,,,,,
,,,,,,82,75.98472644,0.096657421,13.11488343,0.613634758,0.007423617,0.092424619,1.032817691,3.544110006,4.898640666,0.01353301,,,,,,,
,,,,,,83,76.46388628,0.106356916,13.3887253,0.648599162,0.006550572,0.048222866,1.098997094,3.402424091,4.849913451,0.006037817,,,,,,,
,,,,,,84,76.33087223,0.089183365,13.13577135,0.616171562,0.009837729,0.085657671,1.02666373,3.484435713,4.807258516,0.01122512,,,,,,,
,,,,,,85,75.66382015,0.088615889,12.85942796,0.652617324,0.009911653,0.087719306,1.045702768,3.363380227,4.91924741,0.010729928,,,,,,,
,,,,,,86,76.47575077,0.08036483,12.9461282,0.687972915,0.007421158,0.084274347,0.993266037,3.257192989,4.895610083,0.015064296,,,,,,,
,,,,,,87,75.91405672,0.075020769,12.90835146,0.638924978,0.00688227,0.068125373,0.982598368,3.544524444,4.867483271,0.003747766,,,,,,,
,,,,,,88,76.00205103,0.098423362,13.19871201,0.696460164,0.005191594,0.054824622,1.086495313,3.449813723,4.866739529,0.005645455,,,,,,,
,,,,,,89,76.39624075,0.08194917,13.09420297,0.608789014,0.008392013,0.113299132,1.053234784,3.463626991,4.894890352,0.013541222,,,,,,,
,,,,,,90,75.77177215,0.086847239,13.0997107,0.577296581,0.010206587,0.065599467,1.082186492,3.351462851,4.827005483,0.009995786,,,,,,,
,,,,,,91,76.540402,0.110923982,13.04815436,0.762938854,0.006296945,0.06207493,1.031552122,3.49426046,4.847235183,0.01577815,,,,,,,
,,,,,,92,75.86651205,0.092851399,13.25811338,0.649217609,0.004681385,0.094379446,1.110495932,3.485498509,4.878650081,0.008948178,,,,,,,
,,,,,,93,75.90460896,0.083735047,13.1982506,0.756365135,0.011819677,0.086281288,0.965954538,3.456791105,4.874041412,0.011572715,,,,,,,
,,,,,,94,76.06943199,0.097398963,13.09979055,0.630758046,0.007121168,0.070462322,1.025679565,3.437409848,4.856800068,0.015048253,,,,,,,
,,,,,,95,75.78871542,0.083741829,13.04093754,0.696550413,0.009535795,0.106892343,0.997882295,3.282541386,4.799206028,0.003058594,,,,,,,
,,,,,,96,76.39486174,0.081697897,13.23247117,0.640113628,0.010133242,0.031864562,1.021903598,3.378960119,4.834085528,0.009711257,,,,,,,
,,,,,,97,76.29509816,0.096455107,13.01964648,0.56644283,0.005367119,0.073162096,1.053459479,3.343971386,4.843215729,0.012007676,,,,,,,
,,,,,,98,76.37192972,0.091075535,12.95141689,0.671542978,0.008460161,0.098518088,0.955716858,3.49267896,4.868159097,0.014230053,,,,,,,
,,,,,,99,76.06150567,0.082000749,13.09164455,0.628114736,0.007570957,0.078015419,1.086505334,3.377952346,4.777739096,0.011378549,,,,,,,
,,,,,,100,76.75830734,0.084785687,12.85867742,0.650876325,0.007640856,0.090456478,1.048087756,3.553164197,4.857518531,0.009612173,,,,,,,
,,,,,,101,76.7776244,0.081653482,13.06816508,0.633567452,0.007767203,0.079568363,1.041368702,3.45569812,4.888617365,0.022400567,,,,,,,
,,,,,,102,76.3426803,0.108610021,13.02952012,0.634323158,0.008461564,0.101675605,1.057742078,3.519418884,4.885102766,0.00304046,,,,,,,
,,,,,,103,76.38164645,0.074769006,13.04702394,0.634388649,0.00488119,0.06384806,1.044647412,3.472734822,4.903075014,0.012907737,,,,,,,
,,,,,,104,75.94503164,0.0972933,13.01824381,0.690083517,0.007677739,0.100779779,1.037393998,3.320394341,4.903066308,0.007720641,,,,,,,
,,,,,,105,75.74127255,0.057625207,12.9675826,0.609594752,0.003625208,0.115692839,0.979833063,3.453955462,4.835371146,0.007606137,,,,,,,
,,,,,,106,75.03137167,0.099023936,12.79756193,0.689020224,0.008330962,0.066206127,1.049980471,3.650574406,4.914239753,0.007682296,,,,,,,
,,,,,,107,76.07318054,0.074920507,12.92516685,0.627063248,0.013036684,0.10357423,1.008120974,3.447546094,4.891283863,0.020876646,,,,,,,
,,,,,,108,76.69004445,0.112350434,13.1529511,0.539556331,0.008683311,0.088593263,1.005884425,3.353758879,4.81419264,0.005248375,,,,,,,
,,,,,,109,76.40450269,0.084585509,12.86839187,0.588588895,0.008884374,0.061448969,1.074976654,3.442647512,4.788412393,-0.002207497,,,,,,,
,,,,,,110,75.70923037,0.097082292,13.35750979,0.686306778,0.004793909,0.119364261,1.067323891,3.449168897,4.766340097,0.009690265,,,,,,,
,,,,,,111,76.46484706,0.082205876,12.96079833,0.659295568,0.010035702,0.04090129,1.07968728,3.358944902,4.793937426,0.013318176,,,,,,,
,,,,,,112,76.13751509,0.10027331,12.66265846,0.641727271,0.012744394,0.020999273,0.972720376,3.452959012,4.833874667,0.021776157,,,,,,,
,,,,,,113,76.46384566,0.079466774,13.03455757,0.640587819,0.005701798,0.077009046,0.937337447,3.276864602,4.863431134,0.006213069,,,,,,,
,,,,,,114,76.23862667,0.078014584,12.93050608,0.717410419,0.008705309,0.029972301,1.021909976,3.513997359,4.854181262,0.009678502,,,,,,,
,,,,,,115,76.03593502,0.117892151,12.81422507,0.639332011,0.006030888,0.102468474,1.023453715,3.544142211,4.808021401,0.014675421,,,,,,,
,,,,,,116,76.48461474,0.094792266,13.11480652,0.621316506,0.010082721,0.067321322,1.024860033,3.431346289,4.776489388,0.01231778,,,,,,,
,,,,,,117,75.84280818,0.10153669,13.02363735,0.675394165,0.007887223,0.062473059,1.054817674,3.355942687,4.881900685,0.010492974,,,,,,,
,,,,,,118,76.13414807,0.093473431,13.09821151,0.726441224,0.006645166,0.086858373,1.08463107,3.45001836,4.814525178,0.015065951,,,,,,,
,,,,,,119,75.40152226,0.09758612,13.02517259,0.603317779,0.00751638,0.059854058,1.068022886,3.435351369,4.84509863,0.004237937,,,,,,,
,,,,,,120,76.09117047,0.081394225,13.0401272,0.619420547,0.01000571,0.04307174,0.964740625,3.235080542,4.874620592,0.007537268,,,,,,,
,,,,,,121,76.22654641,0.082699587,13.2991574,0.63028694,0.007019479,0.036884956,1.014774986,3.543887744,4.728491212,0.001560206,,,,,,,
,,,,,,122,76.52448211,0.106472274,13.16988552,0.559987034,0.006878206,0.06913167,1.050504867,3.292321852,4.865509134,0.004671035,,,,,,,
,,,,,,123,76.01048888,0.081591259,13.14587711,0.636741994,0.009859505,0.108636097,1.080062915,3.458287586,4.80464946,0.015998787,,,,,,,
,,,,,,124,76.22452854,0.104544559,13.00195967,0.665096172,0.008041455,0.089483416,1.04617425,3.421261147,4.955314499,0.012134451,,,,,,,
,,,,,,125,76.73300587,0.111130947,13.14362367,0.599670359,0.008603104,0.08716184,1.026255102,3.470233924,4.856153806,0.009290862,,,,,,,
,,,,,,126,76.62674911,0.098319352,12.9446396,0.635107142,0.005612038,0.052093624,1.006204614,3.40430599,4.839799129,0.011860114,,,,,,,
,,,,,,127,76.05437862,0.073323237,13.05361354,0.606561751,0.009260295,0.095185839,1.089797999,3.35473647,4.865223514,0.008945793,,,,,,,
,,,,,,128,75.96735221,0.084641249,13.2738624,0.683207192,0.005981474,0.1079305,1.140404188,3.453525645,4.917380879,0.009891041,,,,,,,
,,,,,,129,76.10785435,0.093716421,12.91845145,0.704937637,0.006430432,0.058734219,1.007406535,3.609306246,4.75264287,0.016271722,,,,,,,
,,,,,,130,76.56359706,0.068487625,13.21575319,0.646474758,0.011744036,0.114670738,0.987059224,3.397750572,4.972993108,0.012308935,,,,,,,
,,,,,,131,75.70675505,0.111497352,12.8992795,0.585116139,0.008747829,0.077593921,1.076597453,3.557561334,4.823033166,0.004928169,,,,,,,
,,,,,,132,75.60684077,0.09398804,13.06211695,0.643374247,0.007859338,0.089568738,0.954006399,3.278985734,4.790119955,0.004433197,,,,,,,
,,,,,,133,76.76935461,0.089842671,13.18506699,0.595161278,0.007747659,0.070264928,1.045432513,3.475062131,4.893195142,0.014290522,,,,,,,
,,,,,,134,75.78862136,0.086520821,13.24330912,0.702209527,0.00799442,0.108088883,1.003988739,3.503124495,4.894933146,0.006700625,,,,,,,
,,,,,,135,76.55162963,0.088146634,13.02588811,0.701992541,0.006109441,0.084548783,1.057600889,3.631776959,4.714228408,0.009770961,,,,,,,
,,,,,,136,76.14258004,0.094753242,13.04050554,0.629682574,0.00706426,0.105629171,1.003732228,3.57763581,4.871089328,0.01646811,,,,,,,
,,,,,,137,75.36376261,0.096571364,12.92380508,0.652941456,0.007428967,0.058274122,1.026130777,3.361923507,4.902923567,0.008566857,,,,,,,
,,,,,,138,75.85009329,0.087296922,12.9070957,0.651626009,0.010903499,0.098491679,1.006028229,3.587520728,4.873198222,0.007555411,,,,,,,
,,,,,,139,76.04603687,0.095184496,13.24902009,0.617921566,0.005430976,0.091779407,1.081658072,3.418555287,4.823629867,0.00275289,,,,,,,
,,,,,,140,76.27613936,0.092766027,13.25957642,0.643236781,0.007489589,0.066123943,1.030416196,3.365879144,4.903837367,0.005715769,,,,,,,
,,,,,,141,75.96448942,0.05954321,12.91777063,0.724770038,0.010404012,0.110778307,1.064872484,3.627655698,4.837568147,-0.00215285,,,,,,,
,,,,,,142,76.29933225,0.077505679,13.22074151,0.640130829,0.006670087,0.109276445,1.027938487,3.37523758,4.751603679,0.00485262,,,,,,,
,,,,,,143,75.75110586,0.085238905,13.14769126,0.658054051,0.004591303,0.120203711,1.021403633,3.536007175,4.858482377,0.008032479,,,,,,,
,,,,,,144,76.2042773,0.076155796,13.09069861,0.625711372,0.008191715,0.1177754,1.070642485,3.507510771,4.87336275,0.008884345,,,,,,,
,,,,,,145,76.08747748,0.061266452,12.86264691,0.654658205,0.00681052,0.098826465,0.992477935,3.368536762,4.836272765,0.020671901,,,,,,,
,,,,,,146,75.93958131,0.09220453,12.94373855,0.63458929,0.005668227,0.07965496,1.004864534,3.346652489,4.836689419,0.003911986,,,,,,,
,,,,,,147,76.44742456,0.074815802,13.09660857,0.554871731,0.009574157,0.054645088,1.13830063,3.418533687,4.817859643,0.00417794,,,,,,,
,,,,,,148,76.41035209,0.087702538,13.44747654,0.548006575,0.008745878,0.102589858,1.036911207,3.280604616,4.883109502,0.008283461,,,,,,,
,,,,,,149,75.61956456,0.087817419,13.14232055,0.620795769,0.006700743,0.065818414,1.032120061,3.586571839,4.8491948,0.001626588,,,,,,,
,,,,,,150,76.78398207,0.097661021,13.2719856,0.705159345,0.004122318,0.060540882,1.069972009,3.288831473,4.888598097,0.002570152,,,,,,,
,,,,,,151,75.58747932,0.09802391,12.69037423,0.663487743,0.005857684,0.053124912,1.057361775,3.360699148,4.8207066,0.011985197,,,,,,,
,,,,,,152,76.78908443,0.098553852,13.28496473,0.604916423,0.00873672,0.082422561,1.065326669,3.397700729,4.739122218,0.007707213,,,,,,,
,,,,,,153,76.14016848,0.092251197,13.10229943,0.62688787,0.00845381,0.072213549,1.089878279,3.446231952,4.879803027,0.008746549,,,,,,,
,,,,,,154,76.42586176,0.114468638,12.9950408,0.599963687,0.007594273,0.043072485,0.954360992,3.347615512,4.852580998,0.009466306,,,,,,,
,,,,,,155,76.11463992,0.097505104,13.0579503,0.616435433,0.013971163,0.102416791,0.995023604,3.348404185,4.819302255,0.009117123,,,,,,,
,,,,,,156,76.18250521,0.084253707,13.03879395,0.579930608,0.010821151,0.058918771,1.002487878,3.402992553,4.865948866,0.007719127,,,,,,,
,,,,,,157,76.3064108,0.082227255,12.98765848,0.54287114,0.007278007,0.08268652,1.068853319,3.294617991,4.869310755,0.003245415,,,,,,,
,,,,,,158,75.6960869,0.092148907,13.00921411,0.661934308,0.006864208,0.072363444,0.988677639,3.472357788,4.946304867,0.013605162,,,,,,,
,,,,,,159,76.03359896,0.081889357,13.01105381,0.624038059,0.008800743,0.069052199,1.092367695,3.514170696,4.874278296,0.008099437,,,,,,,
,,,,,,160,76.23490755,0.103803946,12.98003071,0.599853025,0.007386775,0.071208615,1.025190806,3.368778158,4.923685464,0.016586219,,,,,,,
,,,,,,161,76.21283749,0.093083187,13.06071714,0.60697547,0.006585442,0.071813426,1.078090106,3.480093855,4.836849714,0.012801862,,,,,,,
,,,,,,162,76.33665523,0.073775772,12.99133275,0.589985306,0.006929899,0.128817627,1.072933297,3.392334961,4.899731235,0.010956197,,,,,,,
,,,,,,163,75.73664046,0.091906593,13.04611153,0.586778972,0.004930791,0.071334808,1.046539062,3.434383554,4.804349346,0.018901192,,,,,,,
,,,,,,164,76.00960347,0.095053713,13.10101316,0.708581483,0.008235792,0.072763501,0.999513718,3.394205483,4.874107314,0.014873158,,,,,,,
,,,,,,165,75.81618036,0.093748229,13.21550109,0.557208214,0.009974842,0.077853798,1.051462341,3.520599543,4.993317406,0.008622599,,,,,,,
,,,,,,166,76.08944649,0.082354883,12.63945726,0.664920685,0.007827437,0.056691386,0.953119339,3.365305954,4.82678116,0.008453343,,,,,,,
,,,,,,167,76.29605232,0.083393923,12.95648581,0.589888428,0.007345681,0.073962952,1.107516331,3.499368525,4.874018081,0.015348848,,,,,,,
,,,,,,168,76.26227862,0.090959826,13.06870158,0.711561189,0.006075969,0.109719061,1.122459857,3.48265362,5.022079343,0.008112405,,,,,,,
,,,,,,169,75.69219484,0.101316968,12.88457155,0.675156712,0.009337809,0.057406889,1.056261466,3.536594453,4.860538306,0.008022116,,,,,,,
,,,,,,170,76.14590784,0.083576844,13.16903275,0.588827238,0.008921048,0.095664235,1.065984467,3.279956284,4.842489678,0.002884926,,,,,,,
,,,,,,171,75.87893532,0.117250106,13.27565367,0.595719658,0.006097333,0.074228428,1.073701336,3.378923476,4.792657526,0.007189454,,,,,,,
,,,,,,172,75.83531698,0.095858886,12.64109705,0.647857073,0.006242996,0.055128165,1.077197182,3.45307438,4.962051854,0.018680386,,,,,,,
,,,,,,173,75.8190168,0.076290523,13.27124568,0.611760338,0.007867919,0.121166906,0.974939117,3.28981665,4.964271351,0.012695287,,,,,,,
,,,,,,174,75.98301573,0.098159278,13.16390819,0.629530973,0.008784275,0.088386925,0.998192654,3.3989658,4.809069611,0.0150008,,,,,,,
,,,,,,175,76.08229342,0.099312548,12.96315794,0.645506653,0.009475836,0.111819094,1.075393495,3.395455391,4.874973941,0.011006417,,,,,,,
,,,,,,176,76.89995184,0.085174465,13.07302388,0.616168748,0.00741304,0.058674191,1.035365753,3.472727048,4.779225625,0.015371819,,,,,,,
,,,,,,177,75.70927226,0.104622043,13.19742094,0.643719544,0.00699737,0.070791156,1.028448136,3.385309668,4.845230564,0.017438499,,,,,,,
,,,,,,178,76.05308733,0.090132737,13.09680864,0.588297315,0.009246208,0.06803845,1.008615873,3.52528385,4.893221127,0.011240965,,,,,,,
,,,,,,179,76.19367663,0.083999382,13.3590173,0.640687535,0.007821364,0.081521684,1.045834575,3.490506927,4.88540254,0.01856438,,,,,,,
,,,,,,180,75.80857987,0.089839839,13.12936988,0.583866942,0.007616638,0.10028646,1.043829285,3.373071865,4.889666179,0.011136296,,,,,,,
,,,,,,181,76.40108504,0.074028782,13.01360014,0.595110345,0.007477657,0.060731727,1.066097057,3.404173821,4.852114804,0.004986803,,,,,,,
,,,,,,182,76.08394131,0.103967578,13.09657698,0.547491094,0.007555079,0.096800871,1.017397382,3.324329775,4.819644003,0.010848066,,,,,,,
,,,,,,183,76.12098879,0.097115928,13.14808469,0.687728122,0.006580365,0.116377032,0.97460833,3.493415499,4.928837631,0.012127497,,,,,,,
,,,,,,184,75.73627707,0.091505203,13.08201194,0.612214593,0.00530715,0.053033398,1.042126828,3.52384677,4.93879963,0.010148298,,,,,,,
,,,,,,185,76.22701825,0.096720606,12.976965,0.667578359,0.012707489,0.047997719,1.03112023,3.459865184,4.854972018,0.013361928,,,,,,,
,,,,,,186,76.14234268,0.076284245,13.33896422,0.682940727,0.010016048,0.093868466,1.062964537,3.311108741,4.825170551,0.007947075,,,,,,,
,,,,,,187,75.81393518,0.091049581,13.13970395,0.656292659,0.008282313,0.088317658,0.992567882,3.462075298,4.846856448,0.007998573,,,,,,,
,,,,,,188,75.48827296,0.079723621,13.14189509,0.630991998,0.006040868,0.088922644,1.052752069,3.567305908,4.947154427,0.014642865,,,,,,,
,,,,,,189,75.8313271,0.091329528,13.04701156,0.667530383,0.007817977,0.062022767,1.003212191,3.415603972,4.799105559,0.009100588,,,,,,,
,,,,,,190,76.57669958,0.084553128,13.00290538,0.704848265,0.00632683,0.072731501,1.050387579,3.488164159,4.906373941,0.005717104,,,,,,,
,,,,,,191,76.06979576,0.080366047,12.81370705,0.649384302,0.010912228,0.05994527,1.037078476,3.506177998,4.816657806,0.009996374,,,,,,,
,,,,,,192,76.45014745,0.097995235,13.16268642,0.623218485,0.004485379,0.103286732,1.04863039,3.482394177,4.788119941,0.006318974,,,,,,,
,,,,,,193,75.81212985,0.073006462,13.02914173,0.736369205,0.007308797,0.105211136,1.030624858,3.35353657,4.884764538,0.01080666,,,,,,,
,,,,,,194,75.52267967,0.078471995,13.1559685,0.651987749,0.00939116,0.087282255,1.072066115,3.381023279,4.820948317,0.011397385,,,,,,,
,,,,,,195,75.91757347,0.08153635,13.15756364,0.684939527,0.008844672,0.082091152,0.983808584,3.44407889,4.913882319,0.01442013,,,,,,,
,,,,,,196,76.62103871,0.092758934,13.06143249,0.619737296,0.008550311,0.108951241,1.092889439,3.207668082,4.822333444,0.005910103,,,,,,,
,,,,,,197,76.29565103,0.093300133,13.24091533,0.594055459,0.004853516,0.068193924,1.076629831,3.392826479,4.830091843,0.004385372,,,,,,,
,,,,,,198,75.90931913,0.101006084,13.38976085,0.679193151,0.008153119,0.080544137,1.05163433,3.345786742,4.796799077,0.012274891,,,,,,,
,,,,,,199,75.52907649,0.092326623,12.70016946,0.603989928,0.006682905,0.085909857,1.062568111,3.497883678,4.879320791,0.01221947,,,,,,,
,,,,,,200,76.27392764,0.091433345,12.84613191,0.565872795,0.010298393,0.096497047,1.052215664,3.506858307,4.832175958,0.008864284,,,,,,,
,,,,,MEAN,,76.10313472,0.089830751,13.07136111,0.639918632,0.008017919,0.078944366,1.032633996,3.440459862,4.85060308,0.009544269,#DIV/0!,#DIV/0!,#DIV/0!,#DIV/0!,#DIV/0!,#DIV/0!,#DIV/0!
,,,,,STDEV.S(),,0.361356909,0.011496503,0.150786182,0.047480543,0.001949778,0.022276145,0.042902012,0.093999405,0.053123067,0.005070691,#DIV/0!,#DIV/0!,#DIV/0!,#DIV/0!,#DIV/0!,#DIV/0!,#DIV/0!
,,,,,ST. ERROR,,0.001806785,5.74825E-05,0.000753931,0.000237403,9.74889E-06,0.000111381,0.00021451,0.000469997,0.000265615,2.53535E-05,#DIV/0!,#DIV/0!,#DIV/0!,#DIV/0!,#DIV/0!,#DIV/0!,#DIV/0!
,,,,,,,,,,,,,,,,,,,,,,,
,,,,,,,,,,,,,,,,,,,,,,,
,,"Snapshot 1 | Sheet: KHD-105-E | Wednesday, February 11, 2026  11:08:24 PM",,,,,,,,,,,,,,,,,,,,,
,,Oxide,Concentration,HAL 2-sigma uncertainty,,Iteration,Synthetic SiO2 Value,Synthetic TiO2 Value,Synthetic Al2O3 Value,Synthetic FeO Value,Synthetic MnO Value,Synthetic MgO Value,Synthetic CaO Value,Synthetic Na2O Value,Synthetic K2O Value,Synthetic P2O5 Value,,,,,,,
,,SiO2,76.35512264,0.358730035,,1,75.83478839,0.089305501,12.74396896,0.652508958,0.008725911,0.043161445,0.890595503,3.250168833,5.460589572,0.004333976,,,,,,,
,,TiO2,0.090774952,0.011430642,,2,76.64057671,0.087738417,12.79308424,0.63689407,0.00582512,0.055256902,0.934010232,3.226595348,5.377920599,0.004340502,,,,,,,
,,Al2O3,12.95380064,0.147454543,,3,76.472262,0.082631443,12.87613297,0.602352358,0.006539393,0.044953713,0.901633625,3.262528162,5.277810774,0.004692266,,,,,,,
,,FeO*,0.592338348,0.046737331,,4,76.4289229,0.097037314,13.28059681,0.656369683,0.008432888,0.064189495,0.860404022,3.201787402,5.30949071,0.002170095,,,,,,,
,,MnO,0.008425533,0.001907267,,5,76.36760296,0.109055463,12.76474699,0.661699404,0.009870066,0.09783087,0.960687088,3.372649675,5.226062373,0.003014644,,,,,,,
,,MgO,0.073030364,0.020683452,,6,76.86606659,0.085888952,12.85891425,0.573707752,0.010620621,0.059248939,0.880252408,3.158958696,5.403816181,0.009954163,,,,,,,
,,CaO,0.900365156,0.042639401,,7,76.83627998,0.099217514,12.5652836,0.658687321,0.006900774,0.037153828,0.948624036,3.367581451,5.354623812,0.008162466,,,,,,,
,,Na2O,3.230928403,0.091626425,,8,76.42115994,0.089881582,12.85667099,0.65235192,0.010033452,0.05015395,0.915464892,3.241237256,5.459260282,0.007518963,,,,,,,
,,K2O,5.34396181,0.059583026,,9,76.19513708,0.079945833,12.80408415,0.634007218,0.007536445,0.064339336,0.949158702,3.175752514,5.331716324,0.008713186,,,,,,,
,,P2O5,0.008290575,0.005207929,,10,76.40783046,0.099015972,12.97095569,0.484630246,0.011312421,0.087797401,0.897596471,3.288710794,5.43212206,0.016063892,,,,,,,
,,,,,,11,75.72745711,0.092995019,13.05974192,0.64058907,0.009323493,0.057812557,0.919325772,3.316537949,5.377325781,0.006445963,,,,,,,
,,,,,,12,75.94631366,0.09728142,12.69667461,0.555309089,0.007889353,0.056459194,0.89993291,3.270376583,5.365694015,0.012476753,,,,,,,
,,,,,,13,76.80972245,0.088447494,12.87021503,0.580728249,0.011671659,0.086564116,0.847348183,3.093408896,5.204470905,0.01741824,,,,,,,
,,,,,,14,76.7377284,0.077540092,12.79941581,0.581259049,0.012889337,0.080176512,0.891279507,3.317472367,5.328325475,0.001950029,,,,,,,
,,,,,,15,76.53905213,0.081602913,12.98610201,0.532097888,0.009488014,0.076480418,0.850756664,3.097141768,5.404321459,0.01008059,,,,,,,
,,,,,,16,75.78143442,0.108173964,12.90396003,0.537446993,0.011526082,0.079693745,0.919477881,3.319158177,5.317852024,0.005970268,,,,,,,
,,,,,,17,76.2811514,0.084204723,13.06431001,0.585378861,0.011093169,0.087451168,0.915674292,3.147454494,5.305960018,0.014647383,,,,,,,
,,,,,,18,76.54368608,0.111558604,12.7713788,0.488571681,0.009613888,0.0826249,0.94477669,3.287460287,5.318235546,0.01604746,,,,,,,
,,,,,,19,76.72753284,0.085333351,12.7080186,0.528811338,0.009969632,0.07135695,0.858278358,3.147696274,5.359939211,0.006484094,,,,,,,
,,,,,,20,76.27033394,0.097095098,12.98549147,0.591069818,0.008610014,0.065011214,0.828154343,3.156147638,5.377896976,0.005151283,,,,,,,
,,,,,,21,76.46990322,0.108121982,12.86027327,0.55853615,0.007568511,0.084782576,0.948425963,3.387073672,5.350348378,0.014646069,,,,,,,
,,,,,,22,76.56254259,0.099857129,12.92789647,0.560211266,0.015305413,0.076960273,0.987943605,3.382987887,5.288325499,0.006568784,,,,,,,
,,,,,,23,75.94484141,0.090666097,13.13660187,0.523635074,0.009184775,0.080524678,0.924669842,3.223782276,5.335966259,0.005696175,,,,,,,
,,,,,,24,76.23163254,0.098934142,13.13382185,0.591218444,0.011360119,0.082077378,0.954101846,3.11306598,5.291275076,0.005007467,,,,,,,
,,,,,,25,76.30092702,0.094179929,12.87557069,0.609729003,0.009034437,0.086964522,0.895343816,3.104106859,5.236919693,0.013093115,,,,,,,
,,,,,,26,76.05832124,0.08984787,13.08289388,0.577023667,0.008251741,0.061376127,0.913595664,3.160247418,5.328126546,0.011654069,,,,,,,
,,,,,,27,75.37193439,0.080644982,12.81917583,0.643312394,0.008546764,0.043039461,0.909617937,3.374004531,5.374484073,0.008935859,,,,,,,
,,,,,,28,76.89959928,0.092279938,13.1033783,0.675176602,0.010368793,0.095104714,0.872922545,3.320027096,5.379454436,0.007939341,,,,,,,
,,,,,,29,76.10296761,0.070918855,13.12696597,0.498095916,0.010264337,0.068879118,0.910323345,3.337828172,5.377090454,0.003699792,,,,,,,
,,,,,,30,76.33501368,0.081861909,12.81528839,0.596957679,0.003903204,0.078736393,0.859169203,3.125475048,5.294930702,0.009175417,,,,,,,
,,,,,,31,77.16147052,0.082068832,13.0439563,0.498561704,0.011779941,0.08672395,0.910868299,3.291181156,5.366236937,0.010616145,,,,,,,
,,,,,,32,76.23120999,0.089316385,13.09213882,0.658249937,0.008057146,0.082227724,0.93105313,3.126357923,5.510892869,0.00990094,,,,,,,
,,,,,,33,76.20732257,0.076299318,13.04252425,0.627885462,0.009455595,0.077497137,0.903512854,3.170288789,5.278413833,0.020580247,,,,,,,
,,,,,,34,76.74328833,0.091222164,13.05086195,0.649162611,0.00977231,0.048596203,0.904666017,3.068098713,5.393515499,-0.002187383,,,,,,,
,,,,,,35,76.05395353,0.11709034,12.92215956,0.596305426,0.012037838,0.056819543,0.870918631,3.030988286,5.354552442,0.009737532,,,,,,,
,,,,,,36,76.73431776,0.077191729,12.9051979,0.651897692,0.0073478,0.048213722,0.965004129,3.148671491,5.358438912,0.013520235,,,,,,,
,,,,,,37,76.42002002,0.097572625,13.07815967,0.552807169,0.006150054,0.073841188,0.828671423,3.280289966,5.331346703,0.006178448,,,,,,,
,,,,,,38,76.07333088,0.105098471,12.99085868,0.50034021,0.007956197,0.027263898,0.860865174,3.10342518,5.38682626,0.007262426,,,,,,,
,,,,,,39,76.21038165,0.094982801,12.87907046,0.467295226,0.009077128,0.089772436,0.95288177,3.338369445,5.448401608,-0.003095519,,,,,,,
,,,,,,40,76.43767951,0.096826388,12.74511766,0.670011897,0.011474385,0.09568237,0.910505574,3.232723835,5.333487028,0.018899859,,,,,,,
,,,,,,41,76.45520597,0.092710803,13.00135998,0.65407852,0.006046996,0.061017731,0.91382464,2.988329627,5.247072439,0.007069969,,,,,,,
,,,,,,42,75.26001323,0.08685584,13.05302614,0.679719094,0.011923618,0.078699672,0.873957423,3.282305393,5.293093255,0.006389424,,,,,,,
,,,,,,43,75.77610951,0.101788755,13.01018195,0.65858186,0.007089964,0.082012454,0.918995539,3.11610362,5.337569272,0.011285144,,,,,,,
,,,,,,44,75.71268749,0.091533509,12.68257693,0.615114483,0.007913944,0.078471165,0.851025645,3.228287299,5.376691892,0.007148156,,,,,,,
,,,,,,45,76.60105427,0.089296823,12.93168135,0.59836275,0.007995842,0.038927918,0.896616325,3.141169004,5.399672566,0.006958221,,,,,,,
,,,,,,46,76.83318271,0.07752464,12.81512835,0.549048843,0.01153726,0.074511736,0.92693342,3.339303702,5.411618334,0.011099275,,,,,,,
,,,,,,47,77.09120716,0.103659896,12.94106152,0.582681234,0.007956836,0.048500494,0.882507044,3.174256232,5.297338078,0.009505411,,,,,,,
,,,,,,48,75.97723533,0.097399286,13.01084231,0.587489657,0.008207511,0.101981965,0.828150803,3.241465052,5.30273726,0.003494431,,,,,,,
,,,,,,49,75.9393499,0.100362425,13.01160319,0.548408835,0.009473156,0.080449481,0.887715567,3.122720596,5.308166013,0.015883657,,,,,,,
,,,,,,50,76.66006592,0.09530079,12.77604365,0.643860335,0.007573373,0.068580498,0.903777015,3.03394565,5.300415387,0.00719987,,,,,,,
,,,,,,51,76.56639126,0.099772785,13.1059247,0.603408746,0.006505139,0.072515608,0.85235689,3.199640726,5.37418379,0.007116662,,,,,,,
,,,,,,52,76.43721331,0.115511226,12.83229509,0.557996333,0.006606528,0.049122649,0.857644013,3.202418874,5.305122914,0.00618132,,,,,,,
,,,,,,53,76.47035929,0.093245947,12.76644988,0.555201502,0.009919512,0.080632652,0.956253196,3.258239966,5.445248037,0.009460416,,,,,,,
,,,,,,54,76.8581196,0.07223771,13.03789688,0.618278435,0.008520598,0.048832801,0.941013832,3.206439758,5.403181771,0.012651679,,,,,,,
,,,,,,55,76.4434112,0.092909663,13.0856505,0.544403698,0.010256286,0.047022975,0.854260822,3.354675865,5.436664132,0.00941313,,,,,,,
,,,,,,56,76.57638302,0.101600588,13.12520062,0.502843714,0.008558187,0.087492728,0.837496942,3.141935298,5.337192538,0.015083696,,,,,,,
,,,,,,57,76.60881409,0.093766512,12.88608916,0.470922683,0.006243379,0.061288468,0.937352464,3.236432168,5.343046907,0.007607624,,,,,,,
,,,,,,58,75.79727561,0.10491341,13.01442286,0.606164685,0.008295164,0.05548206,0.835850454,3.145741334,5.480823309,0.011402565,,,,,,,
,,,,,,59,77.00526617,0.094995286,12.93567451,0.60021421,0.006522382,0.099662295,0.868156064,3.282132393,5.337337233,0.003691416,,,,,,,
,,,,,,60,76.53041074,0.088180285,13.1305113,0.613773874,0.005657062,0.062775865,0.959799611,3.229040897,5.317013804,0.021299849,,,,,,,
,,,,,,61,76.46640073,0.114263579,13.16237929,0.604654997,0.007615838,0.045875914,0.920497349,3.32559955,5.346933411,0.007832237,,,,,,,
,,,,,,62,75.96307248,0.095791264,13.12653429,0.548566505,0.008535453,0.102662725,0.905972208,3.008131646,5.34814224,0.020352364,,,,,,,
,,,,,,63,76.07190897,0.086003061,12.93013855,0.631729589,0.009180697,0.046531442,0.884136516,3.388766241,5.382637331,0.007159358,,,,,,,
,,,,,,64,76.72528384,0.087921532,13.15582754,0.632140395,0.007215948,0.05839186,0.840737218,3.2579754,5.374404842,0.008887176,,,,,,,
,,,,,,65,76.79114298,0.088988416,13.11689164,0.54996786,0.008365795,0.073488296,0.950117472,3.229289268,5.381833647,0.000122582,,,,,,,
,,,,,,66,76.85126261,0.083319191,12.8035996,0.565925332,0.008268482,0.065419941,0.939080733,3.195708513,5.325442172,-0.00076011,,,,,,,
,,,,,,67,76.39574284,0.090584518,12.92072787,0.592638075,0.006983229,0.055903815,0.902566521,3.334585109,5.369092491,0.022922722,,,,,,,
,,,,,,68,75.95077635,0.102143643,12.52060677,0.574438241,0.00955985,0.058916536,0.952848898,3.18712324,5.353222111,0.000508655,,,,,,,
,,,,,,69,76.29310526,0.113330106,12.91102984,0.561150053,0.00980695,0.036437714,0.809458396,3.291235878,5.348534552,0.010858086,,,,,,,
,,,,,,70,75.97999046,0.094026459,12.76048617,0.573474978,0.005830566,0.061593727,0.930347207,3.436460287,5.416790826,0.023551817,,,,,,,
,,,,,,71,75.92445229,0.079590643,12.77794214,0.648617679,0.009426834,0.064844943,0.89166685,3.226286438,5.241157981,0.008093657,,,,,,,
,,,,,,72,75.89982663,0.080695566,13.00016937,0.589685476,0.009551231,0.095712037,0.908295148,3.082533176,5.393783516,-0.00218475,,,,,,,
,,,,,,73,76.42943866,0.102447722,12.89223574,0.545005872,0.008058065,0.046087091,0.820728883,3.085109687,5.35811704,0.011159766,,,,,,,
,,,,,,74,76.25136386,0.08231749,12.95217081,0.589978791,0.008486099,0.101411536,0.90739349,3.162618611,5.307528659,0.007514498,,,,,,,
,,,,,,75,76.74708276,0.082808247,13.0669356,0.560762564,0.0106256,0.090905069,0.940421749,3.225978027,5.411711597,0.007225844,,,,,,,
,,,,,,76,76.56035991,0.097726327,12.85519716,0.530389901,0.010037521,0.08096402,0.906548049,3.256126932,5.379937523,0.012077193,,,,,,,
,,,,,,77,76.3031432,0.095915095,12.67836756,0.592732709,0.009283803,0.102853615,0.932716996,3.128802993,5.38036967,0.009274125,,,,,,,
,,,,,,78,76.73711828,0.102628178,12.91224122,0.642146075,0.009919033,0.096692325,0.897066179,3.157864748,5.438294962,0.010307324,,,,,,,
,,,,,,79,76.21665909,0.099106318,13.04310771,0.573890208,0.006914002,0.101960681,0.926558634,3.217840711,5.381457119,0.01228534,,,,,,,
,,,,,,80,75.8845562,0.101428381,13.0039409,0.494845773,0.009260256,0.073469538,0.873372182,3.37556403,5.311101892,0.006155538,,,,,,,
,,,,,,81,75.97440369,0.100528654,13.2527266,0.605424244,0.006312934,0.084360395,0.953215805,3.327829179,5.350911323,0.009356715,,,,,,,
,,,,,,82,76.85998255,0.073958067,13.02935971,0.577491633,0.008547003,0.077132809,0.894472437,3.296334962,5.363956304,0.009882133,,,,,,,
,,,,,,83,76.28720244,0.082588081,12.95196432,0.599951392,0.009335546,0.074229133,0.917518865,3.281749226,5.433783305,0.019687494,,,,,,,
,,,,,,84,76.06463559,0.092164619,12.92773381,0.615787055,0.008874554,0.079484363,0.931180152,3.338967878,5.292893406,0.003746406,,,,,,,
,,,,,,85,77.05150733,0.085009038,13.07162428,0.637012653,0.008263887,0.07060206,0.908207695,3.212142218,5.229124231,0.007096034,,,,,,,
,,,,,,86,76.44157639,0.095630115,12.88057203,0.569554797,0.008139603,0.06244428,0.946095209,3.226839115,5.297931901,0.012572058,,,,,,,
,,,,,,87,76.31334147,0.100752382,12.97036701,0.58316396,0.008764872,0.072055649,0.894001742,3.337487485,5.34890065,0.003091409,,,,,,,
,,,,,,88,75.98109573,0.093298448,12.80421556,0.529819078,0.011013278,0.097972803,0.824305146,3.053365528,5.224456312,0.010839674,,,,,,,
,,,,,,89,75.97066566,0.080503118,12.92648825,0.655142702,0.006850824,0.086592132,0.831229107,3.353715041,5.31168105,0.011972368,,,,,,,
,,,,,,90,76.37707737,0.089158622,12.74984199,0.640448893,0.005910147,0.033694476,0.931128392,3.206916456,5.311482998,0.012330748,,,,,,,
,,,,,,91,76.74096988,0.06866591,12.76756205,0.622174978,0.008375556,0.053474376,0.925370517,3.180417417,5.332007847,0.007405146,,,,,,,
,,,,,,92,75.78076995,0.09289458,13.19632723,0.549327872,0.008981076,0.092372486,0.9034323,3.199730363,5.491546171,0.006316657,,,,,,,
,,,,,,93,76.58210217,0.088969065,12.80774161,0.536992384,0.006000345,0.080418009,0.911049798,3.212211365,5.428080838,0.010168383,,,,,,,
,,,,,,94,76.90106747,0.080672727,12.94464268,0.620825343,0.007479464,0.075959451,0.868626225,3.389145924,5.379991117,0.010448715,,,,,,,
,,,,,,95,76.61569427,0.085716502,12.99538536,0.633385037,0.008888271,0.07711272,0.96898224,3.126099539,5.387931308,0.014533256,,,,,,,
,,,,,,96,76.00286103,0.090818977,12.79242084,0.614247506,0.008329425,0.123354137,0.910950008,3.272861814,5.330898513,0.005864171,,,,,,,
,,,,,,97,75.77893552,0.085148304,12.93302249,0.596241472,0.008155163,0.059464854,0.888991794,3.136602139,5.338171245,0.01057938,,,,,,,
,,,,,,98,76.68510725,0.096575765,12.95077212,0.565888889,0.007923598,0.109426305,0.874854388,3.322488688,5.445912602,0.003648725,,,,,,,
,,,,,,99,76.44186193,0.099341313,12.93122779,0.545928757,0.009584781,0.067857008,0.902221525,3.108521483,5.367208384,0.008971856,,,,,,,
,,,,,,100,76.10354732,0.104658384,12.85332559,0.69703105,0.006370492,0.034903711,0.870968,3.186487172,5.373114821,0.011734707,,,,,,,
,,,,,,101,76.87531385,0.094240252,12.75959717,0.556591259,0.009778767,0.074051506,0.963368184,3.247232029,5.319779838,0.011604179,,,,,,,
,,,,,,102,75.66371002,0.095386805,13.14789092,0.565146411,0.009709548,0.104900683,0.885330572,3.055893052,5.42371076,0.004729878,,,,,,,
,,,,,,103,76.07057873,0.105603195,12.94470394,0.608642186,0.009917313,0.065386301,0.938992656,3.199659021,5.215527981,0.016300544,,,,,,,
,,,,,,104,75.6166192,0.094859234,12.7950249,0.634586795,0.010851167,0.085850993,0.882436711,3.292153821,5.289115115,0.013370017,,,,,,,
,,,,,,105,75.81070136,0.088005319,12.86902959,0.669735047,0.008516287,0.047311027,0.972193144,3.213650336,5.33381395,0.011127458,,,,,,,
,,,,,,106,75.98074496,0.090605022,13.11875852,0.619382536,0.004885869,0.013546097,0.89280575,3.189204757,5.367966208,0.010010313,,,,,,,
,,,,,,107,76.14966661,0.093454394,12.81231932,0.583011714,0.010046985,0.058247054,0.895600127,3.231806286,5.313703416,0.016402139,,,,,,,
,,,,,,108,76.46484587,0.081880933,13.16032075,0.589745566,0.009639186,0.102886182,0.899997488,3.315612574,5.32885109,0.016435644,,,,,,,
,,,,,,109,76.63608049,0.086990141,12.84091376,0.612353083,0.006638513,0.054470879,0.938935524,3.246033911,5.39172674,-0.00090633,,,,,,,
,,,,,,110,76.83834955,0.094807174,12.83766396,0.516017106,0.006204827,0.077330178,0.885685864,3.187337288,5.305385341,0.014956709,,,,,,,
,,,,,,111,75.77214782,0.113268335,12.95310446,0.514393018,0.005839844,0.06130246,0.826047202,3.188661552,5.305704137,0.006221905,,,,,,,
,,,,,,112,76.53558824,0.094506185,13.05063676,0.578481973,0.009104439,0.060517189,0.849966952,3.168697801,5.258573879,0.002336496,,,,,,,
,,,,,,113,76.4467648,0.106408609,12.63664178,0.678517087,0.008159242,0.066654182,0.948934885,3.313640154,5.30484394,0.016803681,,,,,,,
,,,,,,114,76.06678895,0.106450209,12.98742679,0.629091488,0.007771386,0.085137682,0.903687378,3.284575112,5.441299534,0.007038167,,,,,,,
,,,,,,115,75.6123956,0.082364269,12.93314079,0.617972629,0.008312384,0.090778004,0.903016682,3.303389358,5.361328911,0.014505829,,,,,,,
,,,,,,116,76.28523134,0.073442127,13.07349206,0.553831293,0.011933135,0.046470529,0.901009074,3.254072926,5.285533613,0.010341113,,,,,,,
,,,,,,117,76.11377049,0.080461791,12.83721387,0.581883093,0.010452502,0.09708685,0.886773122,3.272941257,5.299791951,0.00251905,,,,,,,
,,,,,,118,75.78809944,0.099227542,12.97370388,0.536648863,0.008487906,0.040249227,0.917096457,3.173520193,5.260026501,0.004969767,,,,,,,
,,,,,,119,76.00931221,0.086159441,12.94973452,0.633155006,0.003530915,0.054690913,0.916559024,3.330053748,5.38987052,0.013146715,,,,,,,
,,,,,,120,76.13581867,0.100402151,12.98151548,0.548516364,0.011159205,0.045333583,0.909661621,3.082259437,5.376310633,0.008448764,,,,,,,
,,,,,,121,76.06037706,0.098634922,13.00899214,0.61088742,0.009377786,0.042796263,0.843560029,3.191716179,5.515032292,0.011541378,,,,,,,
,,,,,,122,76.11711472,0.117508386,12.85750396,0.578595663,0.008209695,0.081526591,0.928628095,3.259893204,5.35455543,0.013272516,,,,,,,
,,,,,,123,76.40615436,0.074179557,12.75003534,0.561952133,0.009903572,0.06842092,0.873842775,3.123926452,5.3975844,0.006883844,,,,,,,
,,,,,,124,75.90626567,0.08810621,13.08898656,0.650798013,0.010053555,0.077867389,0.936330993,3.203041963,5.231678075,0.003702896,,,,,,,
,,,,,,125,75.89109439,0.08236254,13.11455635,0.553312981,0.007222863,0.092546815,0.924986278,3.110483644,5.368600995,0.009594178,,,,,,,
,,,,,,126,76.36111522,0.089946017,12.94884017,0.630776212,0.012398326,0.03214293,0.889660982,3.164832574,5.372482403,0.010896176,,,,,,,
,,,,,,127,75.8464104,0.075830181,13.00062054,0.548367948,0.011410222,0.042774505,0.878916868,3.109212272,5.293683783,0.012261181,,,,,,,
,,,,,,128,76.76874043,0.091784233,12.79702642,0.664261935,0.005633484,0.111816591,0.926909743,3.191904681,5.316858775,-0.000151111,,,,,,,
,,,,,,129,76.30322385,0.088117508,12.75366793,0.552383243,0.00987241,0.064799256,0.909975244,3.192340866,5.323600366,0.00343216,,,,,,,
,,,,,,130,76.33005545,0.091664768,13.07469351,0.615390483,0.010707172,0.080668801,0.89053889,3.33358401,5.361708464,0.008207038,,,,,,,
,,,,,,131,75.66606534,0.074690505,12.88766135,0.548338509,0.009949663,0.065334005,0.966208058,3.238968604,5.306072151,0.006943321,,,,,,,
,,,,,,132,76.61915979,0.083586621,13.13726494,0.608725222,0.010394107,0.044967847,0.903211484,3.128533789,5.237013823,0.01136247,,,,,,,
,,,,,,133,76.05423178,0.105438101,13.24066836,0.605957623,0.008218973,0.096197768,0.944032093,3.333853647,5.356025061,0.005501283,,,,,,,
,,,,,,134,76.16367204,0.112227598,12.93451449,0.625283957,0.008723301,0.085030263,0.857908172,3.225557268,5.378964822,0.008535858,,,,,,,
,,,,,,135,76.39697641,0.074295302,13.30964196,0.572719268,0.008633189,0.072873187,0.987679606,3.342466308,5.300746552,0.011640863,,,,,,,
,,,,,,136,75.85373809,0.099485454,13.02851679,0.548242828,0.008704142,0.073240086,0.925077861,3.235265884,5.418612817,0.005749057,,,,,,,
,,,,,,137,76.21667943,0.090798293,12.92404779,0.657110177,0.009111078,0.123976686,0.921024164,3.1445826,5.377464926,0.015751621,,,,,,,
,,,,,,138,77.73437988,0.074536827,13.0283859,0.576252636,0.010775225,0.081591562,0.900690745,3.186572872,5.457063359,0.002236543,,,,,,,
,,,,,,139,76.02124433,0.076148364,13.03855442,0.668298561,0.007935343,0.081714924,0.878447923,3.236506498,5.317092398,0.008118674,,,,,,,
,,,,,,140,76.60016205,0.091251762,13.0206971,0.650431916,0.012016692,0.090142476,0.900092019,3.190495505,5.455400802,0.005945264,,,,,,,
,,,,,,141,76.70317105,0.080795861,12.96459207,0.608609645,0.010296296,0.06248733,0.809283372,3.297301716,5.467738684,-0.000646814,,,,,,,
,,,,,,142,76.60690653,0.076577492,12.83950838,0.603348998,0.011499203,0.087130367,0.947909585,3.236605897,5.336627546,0.004656574,,,,,,,
,,,,,,143,75.89969447,0.097832684,12.88254614,0.557714304,0.012079939,0.08244063,0.814064168,3.253331108,5.379627073,0.012534376,,,,,,,
,,,,,,144,76.48817082,0.114726071,12.87295029,0.668321568,0.007125417,0.068837858,0.87099339,3.260620719,5.43473294,0.007750326,,,,,,,
,,,,,,145,76.24319649,0.091154076,13.04543616,0.571084169,0.009204875,0.076329666,0.900115014,3.135484663,5.476915577,0.006936484,,,,,,,
,,,,,,146,76.35669983,0.08032758,12.75300593,0.567965412,0.009922013,0.05065305,0.902711792,3.309351443,5.431763593,0.008940433,,,,,,,
,,,,,,147,76.03453613,0.087400205,12.99807398,0.582347162,0.007690064,0.064242056,0.897427254,3.226773088,5.43178613,0.002734819,,,,,,,
,,,,,,148,75.95909035,0.092637309,12.97539463,0.588306841,0.008654707,0.090302553,0.850911277,3.083600791,5.327380411,0.002850746,,,,,,,
,,,,,,149,75.94073478,0.085075469,12.7985297,0.624240897,0.007779393,0.040061891,0.837221793,3.311096505,5.253247797,0.013177946,,,,,,,
,,,,,,150,75.9770386,0.081305851,13.04758739,0.618093445,0.008362957,0.074246303,0.850035659,3.256555307,5.455515277,-0.001493408,,,,,,,
,,,,,,151,75.64402065,0.088415461,12.97345139,0.580674873,0.008244747,0.074714678,0.901642749,3.047106625,5.384577516,0.007651931,,,,,,,
,,,,,,152,76.59543784,0.102123543,12.97037687,0.614874876,0.010714657,0.051182891,0.875969917,3.151965756,5.350366972,0.010931853,,,,,,,
,,,,,,153,76.5241066,0.081644077,12.93137912,0.574956084,0.008375237,0.068730018,0.919089122,3.233000033,5.296460662,0.00222871,,,,,,,
,,,,,,154,76.53390095,0.101017687,13.18176345,0.556822801,0.010025905,0.052992775,0.906608999,3.265925866,5.493380905,0.00588287,,,,,,,
,,,,,,155,76.09489445,0.089499625,13.01596476,0.60020433,0.009359568,0.090601476,0.916695059,3.408171694,5.427183605,-0.001359674,,,,,,,
,,,,,,156,76.143908,0.109296336,13.04139678,0.631733416,0.007502831,0.083228392,0.960564645,3.333016914,5.281220898,0.006495556,,,,,,,
,,,,,,157,75.92454536,0.079197028,13.13335235,0.670999003,0.009573083,0.080144569,0.936805544,3.289380488,5.370658238,0.004190428,,,,,,,
,,,,,,158,76.95066972,0.087950121,12.99353313,0.591399321,0.009237252,0.099671759,0.847400204,3.1591818,5.273594048,0.007974408,,,,,,,
,,,,,,159,76.63954474,0.111112904,12.95062384,0.565824619,0.010278199,0.05703165,0.917331176,3.310554891,5.356237337,0.011202142,,,,,,,
,,,,,,160,76.81664264,0.087379831,13.06515031,0.604873364,0.007147497,0.095025918,0.881517439,3.070746677,5.327812692,-0.000916592,,,,,,,
,,,,,,161,76.70205559,0.0698357,12.91192662,0.578372762,0.00398813,0.083730869,0.880165365,3.040605994,5.291413251,0.005555022,,,,,,,
,,,,,,162,76.46208247,0.086584642,12.77475358,0.576677769,0.009162801,0.061540364,0.848677028,3.128721773,5.370818783,0.009433877,,,,,,,
,,,,,,163,76.74254548,0.094158449,13.12216561,0.707807334,0.009664209,0.035667463,0.953697016,3.278224733,5.41314661,0.003626635,,,,,,,
,,,,,,164,76.10259734,0.102845692,13.06671741,0.568657993,0.007159807,0.055187174,0.963619559,3.185346016,5.278492237,0.02065184,,,,,,,
,,,,,,165,76.46903009,0.09009246,12.61730951,0.5482707,0.009803065,0.084447705,0.902465513,3.318580279,5.353096208,0.004497362,,,,,,,
,,,,,,166,75.9187724,0.093723794,13.1338376,0.577501953,0.011457019,0.059061763,0.925607868,3.298898176,5.397476716,0.010037411,,,,,,,
,,,,,,167,76.61226023,0.083500156,13.00184306,0.61403422,0.010223587,0.078014009,0.882514112,3.405643431,5.373941696,0.007263674,,,,,,,
,,,,,,168,76.3805814,0.098375922,12.87983751,0.597549348,0.008536781,0.108282767,0.956973414,3.3718388,5.364813941,0.001331284,,,,,,,
,,,,,,169,76.55190843,0.102825237,13.22703399,0.560929198,0.008308589,0.071319712,0.961265132,3.273813365,5.378737237,0.001673477,,,,,,,
,,,,,,170,76.23796136,0.104717356,13.0084338,0.674506596,0.009705296,0.067595544,0.868073508,3.374424294,5.400368874,-0.007424947,,,,,,,
,,,,,,171,77.12959098,0.108377327,13.039033,0.568715932,0.010305643,0.097047423,0.925371561,3.181260534,5.260527152,0.007044924,,,,,,,
,,,,,,172,76.88493936,0.095695147,12.96904285,0.613259282,0.008495395,0.09304408,0.915951348,3.262310381,5.374758925,0.011493674,,,,,,,
,,,,,,173,76.38939458,0.082431362,12.72872855,0.601264332,0.008294853,0.069911355,0.887973958,3.325360633,5.304844788,0.007122165,,,,,,,
,,,,,,174,76.52209996,0.078055626,12.82064746,0.625256061,0.009309439,0.060289239,0.932467806,3.201933667,5.376961866,0.013689429,,,,,,,
,,,,,,175,76.0690817,0.075911973,13.04005865,0.564984881,0.009907742,0.06288829,0.871807765,3.224270332,5.388058902,0.012832274,,,,,,,
,,,,,,176,75.94556142,0.080109716,13.07120351,0.513692192,0.007213627,0.032966588,0.91739714,3.260385052,5.376869288,-0.000569318,,,,,,,
,,,,,,177,76.62245279,0.111135347,13.07029345,0.653471385,0.009202945,0.125809831,0.88554706,3.187559236,5.317525845,0.011924603,,,,,,,
,,,,,,178,76.82630656,0.104523015,12.93429144,0.609287776,0.011310212,0.059181717,0.917865998,3.218648149,5.339267974,0.000819336,,,,,,,
,,,,,,179,76.46733005,0.097260691,12.94275411,0.58417428,0.007719052,0.111346159,0.896039526,3.142242476,5.325941372,0.005753802,,,,,,,
,,,,,,180,76.12106889,0.103122345,12.58253262,0.593736586,0.009499369,0.092623057,0.885468002,3.249291168,5.454847198,0.007999202,,,,,,,
,,,,,,181,76.4805755,0.082693911,12.99387156,0.497825632,0.010052714,0.130274062,0.951378649,3.359533332,5.369222799,0.014365682,,,,,,,
,,,,,,182,76.39148052,0.111625681,12.89338434,0.659984114,0.009671656,0.109740374,0.904840418,3.276072358,5.294841669,0.007609614,,,,,,,
,,,,,,183,76.53344656,0.077622109,12.69929061,0.630918963,0.007307443,0.061005821,0.880745242,3.367698654,5.298826773,0.006727295,,,,,,,
,,,,,,184,76.73955253,0.101355748,13.10771831,0.655522522,0.010368999,0.066228646,0.868709414,3.283310245,5.451263186,0.00991827,,,,,,,
,,,,,,185,76.53919767,0.097828862,13.10121935,0.614753611,0.007105169,0.058889832,0.923294229,3.353211936,5.339715136,0.011098966,,,,,,,
,,,,,,186,76.55053767,0.078557272,13.09189663,0.562850441,0.008611758,0.077623403,0.884015712,3.079388877,5.184145305,0.013016671,,,,,,,
,,,,,,187,76.3270926,0.069976617,13.01055436,0.646002834,0.009964915,0.068072326,0.849897657,3.437754865,5.332144913,-0.003653253,,,,,,,
,,,,,,188,76.68390332,0.094961352,12.94439497,0.575996647,0.006345154,0.089911866,0.984940545,3.117611896,5.357546699,0.001829306,,,,,,,
,,,,,,189,77.11259877,0.091815725,12.79861326,0.563387068,0.00495688,0.114713503,0.824021258,3.156784683,5.260731233,0.014676598,,,,,,,
,,,,,,190,75.95553613,0.094389365,12.86727362,0.590822739,0.007110676,0.05672408,0.880841183,3.241346993,5.490458722,0.013184723,,,,,,,
,,,,,,191,76.8411753,0.100476794,13.14996529,0.551612453,0.011753322,0.087793253,0.854802139,3.264414314,5.339053866,0.009562581,,,,,,,
,,,,,,192,76.45798011,0.099219716,12.7388566,0.613382075,0.007162901,0.06779289,0.948454456,3.306940941,5.422010495,0.015352614,,,,,,,
,,,,,,193,76.29363672,0.098532845,13.12659182,0.688918405,0.010581954,0.088349201,0.829357119,3.211391404,5.338543402,0.002713692,,,,,,,
,,,,,,194,76.80616254,0.082965356,12.90516985,0.561392816,0.009100977,0.047021821,0.896167429,3.341163603,5.343774868,0.010582557,,,,,,,
,,,,,,195,76.21024997,0.093124663,12.96592644,0.577913385,0.006323055,0.059103895,0.870952992,3.225015551,5.404553013,-0.000737282,,,,,,,
,,,,,,196,76.71517907,0.12960694,13.056274,0.583500385,0.008879088,0.085568759,0.874984997,3.095700213,5.436015783,0.01017337,,,,,,,
,,,,,,197,76.15775787,0.093560281,12.96055195,0.530076013,0.010206041,0.093538804,0.932447435,3.242534169,5.318199449,0.004499614,,,,,,,
,,,,,,198,75.80736894,0.066300687,12.88649989,0.58215561,0.010385006,0.054288678,0.890686902,3.177265535,5.234781778,-0.001366136,,,,,,,
,,,,,,199,76.96041721,0.077870594,12.68100438,0.549719077,0.005589063,0.047750515,0.868398353,3.378054538,5.343103491,0.002648782,,,,,,,
,,,,,,200,75.97391699,0.101539124,12.98893207,0.552928393,0.006081241,0.070914206,0.879786962,3.36658912,5.30835202,0.006103678,,,,,,,
,,,,,MEAN,,76.34172116,0.092112391,12.94712945,0.592450084,0.008813433,0.072408813,0.900686512,3.229154812,5.353181306,0.00831785,#DIV/0!,#DIV/0!,#DIV/0!,#DIV/0!,#DIV/0!,#DIV/0!,#DIV/0!
,,,,,STDEV.S(),,0.384791307,0.011127218,0.142734068,0.047041855,0.001817663,0.020685277,0.038593407,0.093554592,0.06252669,0.005338944,#DIV/0!,#DIV/0!,#DIV/0!,#DIV/0!,#DIV/0!,#DIV/0!,#DIV/0!
,,,,,ST. ERROR,,0.001923957,5.56361E-05,0.00071367,0.000235209,9.08832E-06,0.000103426,0.000192967,0.000467773,0.000312633,2.66947E-05,#DIV/0!,#DIV/0!,#DIV/0!,#DIV/0!,#DIV/0!,#DIV/0!,#DIV/0!
,,,,,,,,,,,,,,,,,,,,,,,
,,,,,,,,,,,,,,,,,,,,,,,
,,"Snapshot 1 | Sheet: KKC-103-A | Wednesday, February 11, 2026  11:08:24 PM",,,,,,,,,,,,,,,,,,,,,
,,Oxide,Concentration,HAL 2-sigma uncertainty,,Iteration,Synthetic SiO2 Value,Synthetic TiO2 Value,Synthetic Al2O3 Value,Synthetic FeO Value,Synthetic MnO Value,Synthetic MgO Value,Synthetic CaO Value,Synthetic Na2O Value,Synthetic K2O Value,Synthetic P2O5 Value,,,,,,,
,,SiO2,76.42143569,0.358873966,,1,76.21572698,0.060195299,12.7478098,0.490256412,0.007189473,0.037914966,0.9897645,2.831297637,5.586667862,0.032475279,,,,,,,
,,TiO2,0.078974815,0.010999774,,2,76.10598748,0.07795178,12.69233217,0.485244998,0.003994699,0.052712036,1.02375262,2.903797609,5.664667817,0.036102534,,,,,,,
,,Al2O3,12.85507113,0.147271027,,3,76.64431819,0.070622126,12.8904024,0.483756295,0.005108291,0.045652737,0.996902882,2.856502308,5.665596768,0.021284467,,,,,,,
,,FeO*,0.502537772,0.042433351,,4,76.57949666,0.084925957,13.2143395,0.556031731,0.006213114,0.060094422,1.072180021,2.751522133,5.493939125,0.031719957,,,,,,,
,,MnO,0.005636108,0.001701811,,5,76.56713016,0.075057932,12.81805305,0.505143745,0.004042305,0.063309104,0.969664196,2.858089482,5.685052373,0.045203804,,,,,,,
,,MgO,0.059583258,0.019176935,,6,76.37325156,0.078610028,12.75113716,0.477942819,0.008389414,0.091560333,1.037182573,2.887803743,5.622336358,0.027906039,,,,,,,
,,CaO,1.012457028,0.044654755,,7,76.85800967,0.09940014,12.89107486,0.579405007,0.007449136,0.084100388,1.015032728,2.912825261,5.650412624,0.031643486,,,,,,,
,,Na2O,2.837018345,0.088720195,,8,77.00795408,0.073253852,12.93760205,0.543411558,0.006439771,0.055528046,1.07189784,2.793542378,5.62851373,0.037637257,,,,,,,
,,K2O,5.622524145,0.060976463,,9,76.91792893,0.090327122,12.91610167,0.463828319,0.004622846,0.068734838,1.099457852,2.946531847,5.59639807,0.027445924,,,,,,,
,,P2O5,0.034452466,0.006869299,,10,76.67767429,0.085754311,12.68595892,0.52694463,0.00495928,0.048347546,1.034103568,2.960055106,5.577601392,0.032234321,,,,,,,
,,,,,,11,75.86913065,0.064989978,12.82578749,0.561182041,0.007588973,0.052175164,1.038129465,2.746553406,5.634726477,0.035656554,,,,,,,
,,,,,,12,76.69577159,0.092461398,12.84903531,0.515922035,0.007446564,0.081521461,1.003462325,2.71819237,5.687401506,0.0380726,,,,,,,
,,,,,,13,76.54167811,0.064794284,12.81134808,0.586512706,0.005846782,0.085661385,1.077103418,2.902050272,5.677851829,0.033788818,,,,,,,
,,,,,,14,77.02344192,0.087269691,12.73577625,0.473646663,0.005152831,0.03426549,1.038574275,3.057769785,5.645951411,0.036240275,,,,,,,
,,,,,,15,76.19974714,0.065693506,12.71779706,0.501271902,0.003518556,0.054024025,0.956750573,2.765774535,5.640608302,0.032629083,,,,,,,
,,,,,,16,77.07221923,0.067230635,13.04853413,0.59909527,0.005772935,0.059557663,1.032768765,2.798943828,5.614390183,0.022590478,,,,,,,
,,,,,,17,76.33672974,0.075977582,12.88594945,0.514455722,0.008059264,0.061607625,0.975864174,2.799760518,5.646143844,0.042473964,,,,,,,
,,,,,,18,76.2007736,0.080046535,12.66819514,0.596517113,0.00614834,0.085402114,1.029269432,2.720756105,5.673485343,0.030014265,,,,,,,
,,,,,,19,75.88478442,0.09550367,12.75715877,0.43864035,0.006744309,0.063091629,0.992567367,2.849238763,5.700198243,0.028557665,,,,,,,
,,,,,,20,76.75860376,0.050012554,12.69680148,0.498165584,0.005746604,0.03820008,0.976000752,2.903870556,5.731205519,0.050588327,,,,,,,
,,,,,,21,75.74064356,0.081737072,12.78901734,0.504811728,0.002247505,0.093385303,1.035886123,2.941205973,5.63776086,0.02000576,,,,,,,
,,,,,,22,76.28164119,0.08623245,12.9310925,0.462083377,0.005607801,0.036612247,0.940572526,2.823828215,5.5160099,0.044550924,,,,,,,
,,,,,,23,75.83789191,0.088531744,13.04600705,0.535674883,0.009798597,0.064588969,0.911812941,3.038981702,5.585359682,0.038285301,,,,,,,
,,,,,,24,76.77474974,0.078940801,12.93793954,0.513429015,0.00597897,0.075917852,1.009582556,2.846820843,5.708493184,0.048979037,,,,,,,
,,,,,,25,76.58580248,0.084714407,12.94324679,0.488599872,0.003858354,0.086072674,1.008775556,2.839625312,5.684533534,0.030382587,,,,,,,
,,,,,,26,76.62936864,0.089980405,12.8479075,0.543742874,0.004902664,0.045465211,0.947348542,2.695583359,5.523269229,0.042213885,,,,,,,
,,,,,,27,75.81576966,0.086391549,12.49456692,0.546336867,0.003739647,0.077136879,1.005086992,2.874209806,5.621811928,0.02846173,,,,,,,
,,,,,,28,75.98903752,0.084157014,12.8948706,0.496875158,0.004222007,0.063471396,0.978077116,2.703832306,5.681004306,0.028698432,,,,,,,
,,,,,,29,76.28285795,0.081019408,12.92789174,0.558818832,0.006094699,0.043944035,1.029278792,2.816449578,5.48570683,0.031993672,,,,,,,
,,,,,,30,76.28633074,0.080695834,12.73770472,0.527970292,0.007390937,0.049297842,1.020916351,2.957430927,5.567311747,0.040318937,,,,,,,
,,,,,,31,76.98564968,0.099374041,12.99046932,0.45102622,0.005769865,0.052589799,0.928746615,2.886827452,5.678080792,0.037751378,,,,,,,
,,,,,,32,76.48388273,0.066047236,12.87564973,0.482947368,0.005175395,0.058305938,1.025023401,2.947705892,5.593907865,0.031224605,,,,,,,
,,,,,,33,76.74712901,0.094587205,12.69422215,0.454456428,0.004343484,0.059515905,0.967044581,2.815430907,5.631129133,0.035321368,,,,,,,
,,,,,,34,76.97610398,0.081972887,12.66587412,0.519043321,0.00728889,0.063294673,1.037339217,2.884597897,5.632382918,0.027253484,,,,,,,
,,,,,,35,76.23959426,0.071017175,12.97380749,0.562719189,0.003310929,0.042976575,1.018059506,2.643321707,5.756712911,0.034941207,,,,,,,
,,,,,,36,76.95376366,0.08576246,12.77494237,0.426494447,0.008825896,0.072177475,0.964442436,2.943845686,5.559534555,0.037544049,,,,,,,
,,,,,,37,76.33263792,0.077409814,12.9860053,0.495170853,0.00848192,0.096660748,1.10249599,2.918815692,5.53801638,0.040140993,,,,,,,
,,,,,,38,76.17883606,0.084166836,12.89426876,0.431411918,0.005526404,0.0719073,1.074028006,2.883475916,5.773013382,0.026993135,,,,,,,
,,,,,,39,75.91710748,0.072414175,12.78085356,0.494398872,0.00338569,0.081315554,0.996772506,2.960888427,5.628540387,0.042198911,,,,,,,
,,,,,,40,75.82674721,0.070834801,12.98079257,0.540535464,0.003022744,0.058754415,0.992781211,2.726622172,5.666916127,0.0243647,,,,,,,
,,,,,,41,76.52182515,0.076958108,12.87164558,0.489267621,0.007134986,0.046581213,1.019486213,2.917247936,5.601817975,0.031189846,,,,,,,
,,,,,,42,76.18973622,0.092264578,12.91616275,0.480222768,0.005234956,0.078682261,1.100717589,2.675199238,5.642849629,0.034786859,,,,,,,
,,,,,,43,76.64590783,0.068526663,13.07553927,0.508465131,0.004601876,0.041019027,1.061992806,2.920915849,5.6647743,0.037702864,,,,,,,
,,,,,,44,76.29951044,0.073743183,12.82386449,0.521664955,0.005415196,0.074163346,1.101956541,2.923198673,5.650140434,0.028840862,,,,,,,
,,,,,,45,76.09610257,0.096402708,13.11256287,0.51653401,0.005743928,0.039948645,0.999563565,2.928015547,5.665727278,0.031539121,,,,,,,
,,,,,,46,76.10061868,0.068396457,12.88751217,0.5270955,0.005028742,0.065282344,0.984681054,2.819438941,5.617913786,0.024666606,,,,,,,
,,,,,,47,76.26178795,0.09255216,13.02916984,0.462428535,0.005998321,0.0221357,1.035490376,2.811538375,5.534304588,0.038425578,,,,,,,
,,,,,,48,76.30363454,0.057021596,13.03838462,0.47736371,0.00563806,0.053361669,1.036043811,2.753851337,5.519332218,0.042923116,,,,,,,
,,,,,,49,76.06225181,0.08387328,12.67030814,0.441288121,0.006953933,0.033823914,1.023397236,2.77695676,5.72628959,0.031989136,,,,,,,
,,,,,,50,76.68147808,0.074930492,12.98770282,0.497703319,0.007790649,0.056209634,1.018424622,2.634182135,5.736910694,0.0346038,,,,,,,
,,,,,,51,76.42026062,0.070872461,12.92924136,0.504875587,0.007489397,0.087203209,1.04441407,2.913981397,5.655711144,0.023157079,,,,,,,
,,,,,,52,76.40085451,0.069842785,12.93332464,0.510808942,0.005053471,0.031397782,0.968896373,3.008468044,5.612134874,0.039621611,,,,,,,
,,,,,,53,75.7699363,0.079255231,12.85651337,0.497939075,0.005094028,0.076969802,1.054653474,2.848471669,5.666252608,0.051377262,,,,,,,
,,,,,,54,76.37884566,0.097619258,12.85623711,0.529337356,0.003709117,0.061851605,1.033138963,2.689901575,5.55208922,0.027174833,,,,,,,
,,,,,,55,76.10452567,0.064974545,13.05677365,0.53490891,0.004445663,0.051529237,1.074365181,2.636934207,5.705988628,0.042517352,,,,,,,
,,,,,,56,76.64880651,0.069303145,12.78376794,0.570641174,0.004697904,0.08608629,0.981030359,2.933064464,5.628012113,0.034256505,,,,,,,
,,,,,,57,76.45588997,0.095611542,12.65340257,0.468344665,0.006885197,0.055121718,1.054790387,2.769225818,5.470099043,0.034624809,,,,,,,
,,,,,,58,76.57668732,0.081258008,12.79979106,0.53453299,0.006557515,0.026656822,0.978472216,2.752528101,5.65213179,0.050239073,,,,,,,
,,,,,,59,76.2394255,0.097297099,12.88430324,0.493985117,0.007177719,0.033299252,0.997694444,2.930533177,5.644495716,0.036311855,,,,,,,
,,,,,,60,75.99749175,0.067978568,12.76280776,0.49773667,0.007099001,0.040984955,1.133785876,3.051940268,5.591610126,0.047046541,,,,,,,
,,,,,,61,76.94914264,0.076400802,12.58696571,0.33113209,0.005605922,0.065204306,0.875409998,2.82570474,5.522964754,0.039170042,,,,,,,
,,,,,,62,76.1499306,0.088423279,12.60546138,0.51136847,0.008418768,0.044342263,1.017530467,2.89395473,5.511608967,0.033706345,,,,,,,
,,,,,,63,76.65294141,0.085875738,12.83735927,0.506280258,0.006836911,0.083321133,1.027033684,2.882398947,5.652958348,0.040582039,,,,,,,
,,,,,,64,76.08655186,0.093932184,12.87620996,0.537349,0.005142513,0.025426192,1.030047781,2.852205454,5.707038055,0.013120883,,,,,,,
,,,,,,65,75.94025556,0.071186095,12.60719233,0.531840903,0.006353902,0.054730342,0.952292976,2.856088537,5.712639413,0.040001927,,,,,,,
,,,,,,66,76.93368697,0.081153031,12.77065718,0.533589905,0.00766591,0.06468763,0.944610372,2.880812377,5.641129259,0.039494004,,,,,,,
,,,,,,67,76.60594883,0.10501881,12.74061963,0.510429538,0.006389234,0.025093079,0.956528379,2.94817962,5.638454885,0.046363044,,,,,,,
,,,,,,68,76.684182,0.072228487,13.01302807,0.480583842,0.007931592,0.06709538,1.085864458,2.667887322,5.630378633,0.023007546,,,,,,,
,,,,,,69,77.10316865,0.096311614,13.03253347,0.484257865,0.003088942,0.061511161,1.066589918,2.799977385,5.733385506,0.027984222,,,,,,,
,,,,,,70,76.40407254,0.084010276,13.09360161,0.564081094,0.008795884,0.039524388,0.985264778,2.842313212,5.591584781,0.041400932,,,,,,,
,,,,,,71,76.87407195,0.078276017,12.56354319,0.574965369,0.003736165,0.049704114,1.057207773,2.879339366,5.59427931,0.028631907,,,,,,,
,,,,,,72,76.44042431,0.079521683,12.67712178,0.56986415,0.005828977,0.043866673,0.951242439,2.831304245,5.495346525,0.024095657,,,,,,,
,,,,,,73,76.65321358,0.085702915,12.93126579,0.568691515,0.006680071,0.052454557,0.941031302,2.964399709,5.582500825,0.039038118,,,,,,,
,,,,,,74,76.34676244,0.08696733,12.90944936,0.493929513,0.004983425,0.045709407,0.989269193,2.688164359,5.711626072,0.048133016,,,,,,,
,,,,,,75,76.19167838,0.063092424,12.5352387,0.56948561,0.006806794,0.059842116,0.946240368,2.776817056,5.635072954,0.044632654,,,,,,,
,,,,,,76,77.1764548,0.097760514,13.25217396,0.494830663,0.00644739,0.106108652,0.997873216,2.846074103,5.756540502,0.036666977,,,,,,,
,,,,,,77,76.59950061,0.079030746,13.0333413,0.473078565,0.006758928,0.074049384,1.072459333,3.047960339,5.678127043,0.038978511,,,,,,,
,,,,,,78,75.85302442,0.073436259,12.9518405,0.483799661,0.006033601,0.057654032,1.068411624,2.75780432,5.691194217,0.038638936,,,,,,,
,,,,,,79,76.10831319,0.080561035,12.66363369,0.501178138,0.006107864,0.086308167,1.015178577,2.942196639,5.682078645,0.039026259,,,,,,,
,,,,,,80,76.98097628,0.076955606,12.59995405,0.546045675,0.002471845,0.037965144,0.978261482,2.719535878,5.608086527,0.03590147,,,,,,,
,,,,,,81,76.04920229,0.069614013,13.05532155,0.514677439,0.00844742,0.044346875,1.060380597,2.982644471,5.717434011,0.031970972,,,,,,,
,,,,,,82,76.8712577,0.041176529,12.76668541,0.517589861,0.00817146,0.048679033,1.028772924,2.795806432,5.623582198,0.046581232,,,,,,,
,,,,,,83,76.65021237,0.076250451,12.87534054,0.526329516,0.005930975,0.064951794,0.959771988,2.80568613,5.612859646,0.033173849,,,,,,,
,,,,,,84,76.05630346,0.060025657,13.11949938,0.47245039,0.004431761,0.016332137,1.033137677,2.848624204,5.695195224,0.03936988,,,,,,,
,,,,,,85,76.36091277,0.061699192,12.94992953,0.527490034,0.005347532,0.041600001,0.965138661,2.651517616,5.657792673,0.024196431,,,,,,,
,,,,,,86,76.9750311,0.099413455,12.88362818,0.488687507,0.005079568,0.059198785,1.002776564,2.829079726,5.618597459,0.026588502,,,,,,,
,,,,,,87,76.1115664,0.068350741,12.8655633,0.562433135,0.005840227,0.030758048,1.059612902,2.759279526,5.614919241,0.040127109,,,,,,,
,,,,,,88,76.31393837,0.082661674,13.07024949,0.531149534,0.006987076,0.046863996,1.035575949,2.882387428,5.676335831,0.032920569,,,,,,,
,,,,,,89,76.11067868,0.075249049,12.93329247,0.496913339,0.004875084,0.065008866,1.047639351,2.844530659,5.612160699,0.03308492,,,,,,,
,,,,,,90,76.56237388,0.08518584,12.8011226,0.535327964,0.003532806,0.049345542,0.983919326,2.722066086,5.715661972,0.030604396,,,,,,,
,,,,,,91,76.21796566,0.069600254,12.62556156,0.582488189,0.007889365,0.059375106,1.027374105,2.678795129,5.686307495,0.037585296,,,,,,,
,,,,,,92,76.27821696,0.068965716,13.00114786,0.444111622,0.004522339,0.097156434,0.965347084,2.822383787,5.552762122,0.029083377,,,,,,,
,,,,,,93,75.78489814,0.075093573,12.82503734,0.531852955,0.004826142,0.086549889,1.060928674,2.836814295,5.584825055,0.037328383,,,,,,,
,,,,,,94,75.98835898,0.090110761,13.04234937,0.498981435,0.003270354,0.051437879,1.114052701,2.957962961,5.572122837,0.029576523,,,,,,,
,,,,,,95,76.56412594,0.065056447,12.80901549,0.622481019,0.006203883,0.059257277,1.033900052,2.909228268,5.698455052,0.038576458,,,,,,,
,,,,,,96,77.1805309,0.069816027,13.01927251,0.518456001,0.004131756,0.039345325,1.063826051,2.851904878,5.555140756,0.041927838,,,,,,,
,,,,,,97,76.1506034,0.07922424,12.77603583,0.474743206,0.0062093,0.080075655,1.022791012,2.892261341,5.665150994,0.031841161,,,,,,,
,,,,,,98,77.11662274,0.089676751,12.90806472,0.534981035,0.002457178,0.076773632,1.039129654,2.74704682,5.720753991,0.038582897,,,,,,,
,,,,,,99,76.7134251,0.060666488,12.76742942,0.532407646,0.007491222,0.055723144,1.0433037,2.803394863,5.704501078,0.026640944,,,,,,,
,,,,,,100,76.99473221,0.068712158,12.85534287,0.441669724,0.003460107,0.076924531,1.073652506,2.734636077,5.524136942,0.031773763,,,,,,,
,,,,,,101,76.51986082,0.092146802,13.1278292,0.502313796,0.002816974,0.041268964,1.012270142,2.707961022,5.577606438,0.027117133,,,,,,,
,,,,,,102,76.24451345,0.078204741,12.74700344,0.484851188,0.005664184,0.068091401,1.072837216,2.769232358,5.678873265,0.039278258,,,,,,,
,,,,,,103,75.79371382,0.079783218,12.75511928,0.519193058,0.005926513,0.077840435,1.050654924,3.010385576,5.676444166,0.042255458,,,,,,,
,,,,,,104,75.76458598,0.079743736,12.85700891,0.525858648,0.007183616,0.046459006,1.035076613,2.755724025,5.578682216,0.033065133,,,,,,,
,,,,,,105,76.39454632,0.08511573,12.99663204,0.6042576,0.005692863,0.078764503,1.075215399,2.850563864,5.575969291,0.035473754,,,,,,,
,,,,,,106,76.70487883,0.075658562,12.60999547,0.456551353,0.004846681,0.087460816,0.994157346,2.694296091,5.657722525,0.039732252,,,,,,,
,,,,,,107,76.40784746,0.100195362,12.94565671,0.545275037,0.006937155,0.077132215,1.108707449,2.883511416,5.586347469,0.04358781,,,,,,,
,,,,,,108,75.65918598,0.085161039,12.93153076,0.462608481,0.00653812,0.058140594,0.978038074,2.974995398,5.697457261,0.042690283,,,,,,,
,,,,,,109,76.98080151,0.063321755,12.7574742,0.528166932,0.007044658,0.063294936,1.001674807,2.991723582,5.646441825,0.033014041,,,,,,,
,,,,,,110,76.32473732,0.070796306,12.8780555,0.516743992,0.000824636,0.04959779,0.997026056,2.837217821,5.581583621,0.030612239,,,,,,,
,,,,,,111,76.22274827,0.079080616,12.91649765,0.56809344,0.005816645,0.076617216,0.974984602,2.753822929,5.68879094,0.047670426,,,,,,,
,,,,,,112,76.75484779,0.093695057,12.67847116,0.47606349,0.003494706,0.052013921,1.085268557,2.719460566,5.612723825,0.037207096,,,,,,,
,,,,,,113,76.24144675,0.082233905,12.79619997,0.531600933,0.006209671,0.084842797,1.142101212,2.786036291,5.562257062,0.03248994,,,,,,,
,,,,,,114,76.12966689,0.098960272,12.74243517,0.509417221,0.005530056,0.085575753,1.062426828,2.832098898,5.60054394,0.032704102,,,,,,,
,,,,,,115,76.36329125,0.061442247,12.75260894,0.457929671,0.004263834,0.043346734,1.029579798,2.815628208,5.697735165,0.046640762,,,,,,,
,,,,,,116,76.74781087,0.089038342,12.87781897,0.543604358,0.005728811,0.050929197,1.070598514,2.775404016,5.593956493,0.037747112,,,,,,,
,,,,,,117,76.37332168,0.086267119,12.80443031,0.500646698,0.001062129,0.077682866,1.110467935,2.804142885,5.627882756,0.039917781,,,,,,,
,,,,,,118,76.71693736,0.061782338,13.12707114,0.530997316,0.007238025,0.094113304,0.990614574,2.887844979,5.66420492,0.023263012,,,,,,,
,,,,,,119,76.14881545,0.080261267,12.73922834,0.514318578,0.004433142,0.060946438,0.991550844,2.876099533,5.709103249,0.019985096,,,,,,,
,,,,,,120,76.48501905,0.089310126,12.88443475,0.463440909,0.007805494,0.083497064,0.991484305,2.806268868,5.596301548,0.03916319,,,,,,,
,,,,,,121,76.87730423,0.094257036,12.88116843,0.60972749,0.004545808,0.069981901,1.023593515,2.968421035,5.655622252,0.02804616,,,,,,,
,,,,,,122,75.88334425,0.075680215,12.93095046,0.576272777,0.008204612,0.050615467,1.06344994,2.72480491,5.611966563,0.023794571,,,,,,,
,,,,,,123,76.91834025,0.071247302,12.78144151,0.508842133,0.01043667,0.059165219,1.073081528,2.887594834,5.623322611,0.018550107,,,,,,,
,,,,,,124,76.21060281,0.09336884,12.90389255,0.521780738,0.003608785,0.074727211,1.013658644,2.693293275,5.543780003,0.028022574,,,,,,,
,,,,,,125,76.77035433,0.082416831,12.88705084,0.464096847,0.00432981,0.039698499,1.057608616,2.950495653,5.59967982,0.026773703,,,,,,,
,,,,,,126,76.9074463,0.083341098,12.82704178,0.448762867,0.006715115,0.076378079,1.008318066,2.921423422,5.543311639,0.035650659,,,,,,,
,,,,,,127,76.388674,0.072812801,12.60941407,0.486796892,0.004285329,0.020092988,1.013460203,2.961534282,5.628386374,0.029625028,,,,,,,
,,,,,,128,76.40607398,0.08520191,12.72559157,0.430507706,0.007360379,0.030338419,1.019926052,2.922756168,5.748882964,0.030931685,,,,,,,
,,,,,,129,76.05025851,0.066274931,12.89688431,0.489172909,0.004387508,0.070969702,1.001966183,2.792305433,5.569673361,0.033461398,,,,,,,
,,,,,,130,76.51344009,0.090839451,12.84680313,0.582357429,0.005569579,0.087790434,0.881601441,2.779591787,5.555194547,0.0418386,,,,,,,
,,,,,,131,76.61216625,0.060115408,12.72781356,0.589667022,0.004998692,0.053482334,0.969022546,2.674788181,5.672099884,0.043845338,,,,,,,
,,,,,,132,76.83176002,0.092300697,12.69934136,0.542299245,0.004384736,0.039139416,1.009228509,2.725111378,5.475523956,0.041308681,,,,,,,
,,,,,,133,76.66965515,0.081560342,13.12426584,0.498509282,0.005907773,0.026051261,1.042916211,2.815326212,5.681188758,0.033122515,,,,,,,
,,,,,,134,76.35716086,0.063916768,12.86094107,0.504578898,0.005142407,0.056892098,1.005264706,2.82258905,5.650977797,0.039466685,,,,,,,
,,,,,,135,75.96819252,0.07134002,12.84636233,0.558025629,0.004290585,0.0916021,1.032994902,2.677346027,5.598484918,0.030482652,,,,,,,
,,,,,,136,77.02560759,0.073631805,12.82153539,0.522519785,0.006785375,0.089192835,0.995687131,2.766093795,5.565876412,0.03763427,,,,,,,
,,,,,,137,76.33608927,0.092431735,12.58886315,0.578622532,0.004953218,0.049015238,0.954848676,2.868644434,5.561384654,0.042935313,,,,,,,
,,,,,,138,76.73507101,0.091696998,13.13111473,0.556948382,0.004759423,0.055838459,0.942799507,2.928971786,5.630903604,0.043257356,,,,,,,
,,,,,,139,76.43435289,0.078141192,12.90322165,0.523266562,0.009155808,0.088066989,1.002899696,3.009626152,5.541380261,0.030418117,,,,,,,
,,,,,,140,75.95306087,0.083441062,12.63120764,0.567030208,0.006052435,0.055801829,1.005335858,2.999051803,5.64982523,0.041563297,,,,,,,
,,,,,,141,75.96288361,0.072189497,12.63798097,0.538262199,0.007481557,0.063683543,0.994336649,2.790843494,5.560603491,0.033864053,,,,,,,
,,,,,,142,76.46371107,0.076791439,12.57248254,0.416874332,0.004016645,0.040569701,1.045616883,2.907521822,5.537990454,0.036762191,,,,,,,
,,,,,,143,75.8693795,0.073350814,12.81519004,0.497983801,0.005821321,0.055004418,1.041335795,2.90896332,5.590109953,0.039943267,,,,,,,
,,,,,,144,76.06077071,0.071836941,12.81184808,0.461892408,0.004776061,0.066015887,1.003382015,2.759641624,5.615190584,0.043913592,,,,,,,
,,,,,,145,76.73563099,0.088412548,12.71050031,0.609935489,0.006015207,0.058846836,0.9526858,2.750280806,5.685447656,0.035329734,,,,,,,
,,,,,,146,76.17448035,0.081761568,12.6629709,0.565878965,0.005739206,0.077815908,1.068021691,2.882994018,5.627641467,0.047190176,,,,,,,
,,,,,,147,76.47460695,0.087403506,12.89437166,0.496006375,0.004257509,0.042432526,0.992646589,2.8588328,5.644431024,0.028337741,,,,,,,
,,,,,,148,76.84946254,0.087773601,12.85661578,0.514527294,0.004884011,0.059184243,1.042097714,2.872911731,5.615939146,0.027245448,,,,,,,
,,,,,,149,76.28588355,0.084323682,12.86636696,0.537900849,0.005255345,0.081428092,1.108155839,2.975663837,5.580038575,0.042952263,,,,,,,
,,,,,,150,76.34616981,0.073067925,13.13893237,0.496771789,0.004747954,0.05439106,1.031567915,2.789094339,5.668812571,0.035146079,,,,,,,
,,,,,,151,76.7582651,0.075315595,12.77311114,0.534252586,0.005002131,0.05018741,0.927334634,2.838367227,5.675818769,0.041623992,,,,,,,
,,,,,,152,75.53013062,0.095400506,12.65891007,0.536849421,0.001509444,0.077015077,1.013730582,2.861339283,5.712687313,0.04294508,,,,,,,
,,,,,,153,75.99370438,0.077055393,13.09783905,0.467258794,0.005588188,0.006129818,0.975791021,2.856475893,5.563823588,0.025679401,,,,,,,
,,,,,,154,76.54032412,0.088327045,12.85210674,0.502411589,0.003380268,0.055412807,1.005248185,2.82936979,5.655426574,0.024404083,,,,,,,
,,,,,,155,75.7644434,0.08137239,12.73232779,0.446486705,0.006620771,0.024241273,0.911254913,2.934365717,5.573042161,0.031441824,,,,,,,
,,,,,,156,76.23845717,0.095753747,12.91968664,0.476094219,0.00774977,0.053996803,1.071448464,2.948748148,5.67294568,0.039380592,,,,,,,
,,,,,,157,76.49630685,0.053818494,12.78767903,0.542413721,0.009301002,0.041690632,1.012979219,2.935624724,5.560632734,0.033742947,,,,,,,
,,,,,,158,75.74534065,0.070169261,12.70320338,0.558734672,0.004798238,0.062247402,1.030825154,2.749828169,5.623767566,0.036094615,,,,,,,
,,,,,,159,76.28332919,0.075673735,12.88942489,0.46906031,0.0051409,0.06583385,0.950800977,2.867998285,5.566406275,0.038273787,,,,,,,
,,,,,,160,76.27503467,0.073844967,13.16017495,0.533435666,0.006319774,0.033311918,0.995266743,2.729112653,5.691603444,0.046457601,,,,,,,
,,,,,,161,75.93637455,0.092141226,12.63554951,0.48636163,0.005796605,0.080124428,0.979270602,2.830209273,5.59368444,0.042981853,,,,,,,
,,,,,,162,76.21109724,0.085418366,12.69888758,0.461202989,0.007302987,0.055373964,0.946653519,2.844087784,5.661412291,0.043097076,,,,,,,
,,,,,,163,76.28497388,0.083744136,12.73876553,0.505516404,0.00504677,0.06993614,1.086291291,2.908859631,5.538172743,0.041496253,,,,,,,
,,,,,,164,76.06995644,0.082763566,12.65578169,0.505295588,0.000789103,0.065361637,0.983730298,2.950201718,5.687326397,0.031627872,,,,,,,
,,,,,,165,75.90670514,0.078725879,12.7963178,0.495193282,0.004378658,0.042758557,1.04442435,2.864046577,5.59972121,0.02425304,,,,,,,
,,,,,,166,76.61715601,0.074535681,13.22359169,0.516924121,0.006552986,0.070176762,0.974273249,2.836416133,5.572020541,0.036393775,,,,,,,
,,,,,,167,76.45268045,0.083978247,13.03212215,0.454327119,0.005512993,0.096732947,0.968077439,2.729525838,5.666218234,0.046666193,,,,,,,
,,,,,,168,76.45329736,0.064669891,12.85831445,0.521577539,0.005535956,0.066223453,0.980931414,2.846308817,5.542358457,0.037016959,,,,,,,
,,,,,,169,76.590269,0.087622414,12.94179472,0.581966274,0.004349549,0.076971983,1.067205996,2.932020737,5.457183219,0.032973476,,,,,,,
,,,,,,170,76.55590962,0.079488774,12.55705127,0.493803945,0.005743206,0.097503517,0.943190711,2.933648476,5.685215855,0.045855113,,,,,,,
,,,,,,171,76.37635297,0.0695505,12.83084878,0.557665659,0.006476623,0.07267577,1.038238647,2.76749483,5.572829402,0.029307091,,,,,,,
,,,,,,172,76.22255011,0.085009522,13.06677028,0.529754862,0.005123306,0.084164829,1.03973269,3.011351069,5.589426188,0.031233306,,,,,,,
,,,,,,173,76.73963205,0.075799683,13.13406748,0.534592928,0.005881637,0.051128049,0.943325804,3.091646228,5.587240363,0.025770439,,,,,,,
,,,,,,174,76.29848938,0.089149843,13.04026894,0.403517749,0.005406995,0.078726166,1.004649031,2.775269019,5.588107407,0.029256134,,,,,,,
,,,,,,175,77.00806686,0.073751771,12.90057524,0.507981475,0.005718912,0.055859574,0.9970521,2.857849783,5.582819129,0.020428504,,,,,,,
,,,,,,176,76.63987314,0.064394258,12.91057952,0.463978034,0.002086505,0.056543677,1.008474807,2.852614898,5.604747241,0.03119577,,,,,,,
,,,,,,177,76.88475078,0.079233102,12.86514067,0.573248699,0.003406969,0.064221674,0.944961669,2.871059408,5.56344052,0.032017643,,,,,,,
,,,,,,178,77.15074347,0.081112183,12.83781841,0.514452418,0.008177611,0.012125327,1.010539536,2.925450799,5.682676941,0.040232003,,,,,,,
,,,,,,179,76.19374149,0.098930585,12.95715058,0.458636609,0.006212674,0.078029259,1.011438683,2.974591073,5.644322876,0.039257839,,,,,,,
,,,,,,180,76.20901497,0.063706077,13.009366,0.525346192,0.005312163,0.067228642,1.03531609,2.612375548,5.557192298,0.028483066,,,,,,,
,,,,,,181,76.38171865,0.054069022,12.98378934,0.528761433,0.007610182,0.062146849,0.978887758,2.78918275,5.601593906,0.028353982,,,,,,,
,,,,,,182,76.11771782,0.067921519,12.83751289,0.446808767,0.00543155,0.082003441,0.95930343,3.00528731,5.652242924,0.032937012,,,,,,,
,,,,,,183,75.88579219,0.077812197,12.92425917,0.509735807,0.005800912,0.049465616,1.032685143,2.837576367,5.650740346,0.030374663,,,,,,,
,,,,,,184,76.42062279,0.081628931,12.83458699,0.504447004,0.003890581,0.108552795,0.923394443,2.979584157,5.608322358,0.035105184,,,,,,,
,,,,,,185,76.24546914,0.075739482,12.84423168,0.444071026,0.00511672,0.05676566,1.051629121,2.780827083,5.73668864,0.036645991,,,,,,,
,,,,,,186,76.37259275,0.057782783,12.62598578,0.452130095,0.005477576,0.060972835,1.052504103,2.793394877,5.497719897,0.029501233,,,,,,,
,,,,,,187,76.93421313,0.079174845,12.81117277,0.536412523,0.004944465,0.082888477,1.011008685,2.866972391,5.688235325,0.033348164,,,,,,,
,,,,,,188,76.7940769,0.093345471,12.98680556,0.476745405,0.002266038,0.04384,1.039410242,2.754859402,5.657580842,0.042042455,,,,,,,
,,,,,,189,76.14154295,0.074655023,12.70462306,0.533723939,0.007853921,0.049776121,0.993444998,2.801309188,5.547543204,0.034281774,,,,,,,
,,,,,,190,76.49115784,0.081544962,13.09775117,0.403352977,0.00400189,0.07659243,1.063390857,2.765691329,5.646957368,0.029595704,,,,,,,
,,,,,,191,75.88594547,0.069338824,12.88435892,0.474336867,0.005181552,0.061112704,0.948973916,2.933184314,5.617667777,0.033186958,,,,,,,
,,,,,,192,76.16479404,0.074876435,12.85768104,0.451076251,0.004636634,0.037917559,0.935322594,2.746254109,5.63349283,0.037543469,,,,,,,
,,,,,,193,76.02258711,0.058331749,12.84804964,0.502838722,0.003590886,0.069876779,1.033143015,2.723319922,5.723222338,0.018718395,,,,,,,
,,,,,,194,75.64160372,0.101921718,12.83005668,0.444440769,0.007828297,0.065890138,1.121261514,2.872101968,5.615810403,0.027199172,,,,,,,
,,,,,,195,76.49726997,0.072707395,12.87743654,0.473622139,0.00556246,0.082824022,0.982678815,2.910891788,5.593445335,0.044677711,,,,,,,
,,,,,,196,76.36680867,0.083287939,12.82586811,0.618982822,0.005972179,0.053601471,0.983170907,2.892636966,5.643922435,0.049606505,,,,,,,
,,,,,,197,76.78078978,0.083115862,12.65347138,0.541705514,0.006603713,0.053475317,1.016240737,2.863372521,5.5843059,0.038458764,,,,,,,
,,,,,,198,76.06425719,0.090835729,12.68163845,0.569047025,0.006798121,0.047357118,1.071191629,2.610592908,5.602960464,0.028499063,,,,,,,
,,,,,,199,76.08149813,0.05625803,13.03690841,0.501317318,0.00456085,0.10348468,1.0568918,2.952109542,5.596297407,0.040677819,,,,,,,
,,,,,,200,76.22718107,0.090409809,13.11813226,0.501054821,0.00627641,0.046198873,0.965307345,2.771965323,5.574068018,0.036785706,,,,,,,
,,,,,MEAN,,76.3966593,0.079077412,12.85457817,0.510658867,0.005609501,0.060609836,1.01500709,2.843027237,5.625031534,0.03500574,#DIV/0!,#DIV/0!,#DIV/0!,#DIV/0!,#DIV/0!,#DIV/0!,#DIV/0!
,,,,,STDEV.S(),,0.365245127,0.011237395,0.150248736,0.044818644,0.001663742,0.019182301,0.048035473,0.096950313,0.062124975,0.007189432,#DIV/0!,#DIV/0!,#DIV/0!,#DIV/0!,#DIV/0!,#DIV/0!,#DIV/0!
,,,,,ST. ERROR,,0.001826226,5.6187E-05,0.000751244,0.000224093,8.31871E-06,9.59115E-05,0.000240177,0.000484752,0.000310625,3.59472E-05,#DIV/0!,#DIV/0!,#DIV/0!,#DIV/0!,#DIV/0!,#DIV/0!,#DIV/0!
,,,,,,,,,,,,,,,,,,,,,,,
,,,,,,,,,,,,,,,,,,,,,,,
,,,,,,,,,,,,,,,,,,,,,,,
,,,,,,,,,,,,,,,,,,,,,,,
,,,,,,,,,,,,,,.,,,,,,,,,
,,,,,,,,,,,,,,,,,,,,,,,
,,,,,,,,,,,,,,,,,,,,,,,
,,"Snapshot 1 | Sheet: KHD-105-B | Wednesday, February 11, 2026  11:08:24 PM",,,,,,,,,,,,,,,,,,,,,
,,Oxide,Concentration,HAL 2-sigma uncertainty,,Iteration,Synthetic SiO2 Value,Synthetic TiO2 Value,Synthetic Al2O3 Value,Synthetic FeO Value,Synthetic MnO Value,Synthetic MgO Value,Synthetic CaO Value,Synthetic Na2O Value,Synthetic K2O Value,Synthetic P2O5 Value,,,,,,,
,,SiO2,76.19285763,0.358378514,,1,76.24788691,0.085982998,12.59923364,0.529824763,0.005963566,0.031209292,0.94263597,2.937677487,5.580744209,0.014770458,,,,,,,
,,TiO2,0.075529955,0.010865998,,2,77.259792,0.061147489,13.00958805,0.566671213,0.005385198,0.055814238,1.02807654,2.969171815,5.636153074,0.000421331,,,,,,,
,,Al2O3,12.98027429,0.147503756,,3,75.44701999,0.069294415,12.9566418,0.603776184,0.005871699,0.054490643,0.971510044,3.036580618,5.649474113,0.006684011,,,,,,,
,,FeO*,0.585955576,0.046440628,,4,76.43482519,0.087208557,13.18112902,0.594231381,0.006178272,0.075908469,1.003734557,2.912400869,5.49928236,0.018678765,,,,,,,
,,MnO,0.006506444,0.001772225,,5,75.87420819,0.071956921,12.6678367,0.6206083,0.008937517,0.076834556,1.005000925,3.022161619,5.510417738,0.024420147,,,,,,,
,,MgO,0.07367603,0.020751358,,6,75.69574998,0.079040063,12.93085381,0.631103014,0.004937136,0.050414039,0.992396232,3.078300442,5.517445703,0.013198344,,,,,,,
,,CaO,0.995759497,0.044361351,,7,75.52466933,0.072840937,12.9198194,0.600137125,0.008509068,0.082077117,0.978179615,3.03330829,5.474094431,0.00967081,,,,,,,
,,Na2O,2.947978961,0.089566674,,8,76.49382136,0.072513994,13.01719536,0.547177096,0.004549001,0.064010325,0.947597083,2.929539873,5.530177697,0.002559751,,,,,,,
,,K2O,5.541054113,0.060571243,,9,75.90824986,0.087417785,12.75388725,0.589115765,0.007352756,0.089767662,1.030557696,2.933336946,5.528841016,0.010246604,,,,,,,
,,P2O5,0.01393725,0.005743627,,10,75.9267327,0.095246243,12.90530601,0.635743953,0.003925504,0.091257211,0.977108143,2.898612438,5.512063312,0.016829236,,,,,,,
,,,,,,11,75.66718893,0.087114112,13.00221416,0.68364003,0.010805095,0.097974087,1.003995247,2.925407938,5.474839796,0.00560538,,,,,,,
,,,,,,12,76.36729811,0.058788214,12.76683139,0.596849321,0.00659636,0.094749106,1.054085259,2.820381256,5.577383423,0.013988822,,,,,,,
,,,,,,13,76.6720946,0.070512008,12.93619985,0.517736529,0.007668213,0.08576333,0.991417149,3.028570664,5.481448426,0.014761571,,,,,,,
,,,,,,14,75.78255536,0.076945867,13.13571736,0.562145678,0.006577989,0.076946712,0.984191066,2.959051582,5.49757381,0.020825092,,,,,,,
,,,,,,15,76.09058445,0.089469622,12.95641846,0.597510563,0.006443121,0.084315985,0.98469846,2.957777175,5.489764243,0.014551935,,,,,,,
,,,,,,16,75.83187382,0.072729236,13.05713911,0.606688347,0.006522613,0.06635333,1.055184572,2.699740954,5.560142241,0.013191587,,,,,,,
,,,,,,17,76.43130319,0.094315264,12.80023423,0.625117074,0.010184653,0.073644444,1.033036686,2.883431397,5.554708463,0.016449345,,,,,,,
,,,,,,18,76.29283689,0.071527044,12.99247363,0.598034719,0.006197768,0.075712618,1.035080865,2.902237115,5.520114317,0.008555027,,,,,,,
,,,,,,19,74.85695125,0.089330054,13.12621584,0.61508541,0.005839066,0.085727849,1.066713437,2.942295602,5.596642308,0.011626771,,,,,,,
,,,,,,20,77.00519493,0.094536908,12.96229797,0.548387386,0.008831624,0.093478359,1.04604386,2.82968105,5.578315412,0.01262285,,,,,,,
,,,,,,21,76.64043845,0.101806237,12.9278604,0.638240915,0.007139204,0.09845895,0.979779985,2.792278245,5.513461202,0.000736372,,,,,,,
,,,,,,22,75.9340581,0.084066408,12.72129976,0.56497246,0.007883559,0.061680809,1.025365173,2.951996477,5.471006016,0.014316424,,,,,,,
,,,,,,23,75.8752112,0.092254313,12.774604,0.571256842,0.007205877,0.072082363,1.077312999,2.975910177,5.518183744,0.015843011,,,,,,,
,,,,,,24,76.18334751,0.073829032,12.98577889,0.563086258,0.007529595,0.064729783,1.019344827,2.903800289,5.584391539,0.014759019,,,,,,,
,,,,,,25,75.90119822,0.087055959,13.14176407,0.526021113,0.00793928,0.089056768,0.969637767,3.071538415,5.585299989,0.013539574,,,,,,,
,,,,,,26,76.43092393,0.070739821,13.16011319,0.494536439,0.007273157,0.083394894,1.087403088,3.003806707,5.543564061,0.010866588,,,,,,,
,,,,,,27,76.28477308,0.072591788,13.1472636,0.621807893,0.008540106,0.086029387,1.065779489,2.851538144,5.612866239,0.013039051,,,,,,,
,,,,,,28,76.24132557,0.069350511,13.15653536,0.562747851,0.006317156,0.057566272,0.976412792,2.94830362,5.609201916,0.015256164,,,,,,,
,,,,,,29,76.20998867,0.056935839,12.93216749,0.58303465,0.010189961,0.079439917,0.96962654,3.064004991,5.460967269,0.014772575,,,,,,,
,,,,,,30,76.13863275,0.056860129,12.90536626,0.638327147,0.005583445,0.093108618,1.04490502,2.877910851,5.618292582,0.021778982,,,,,,,
,,,,,,31,76.68470382,0.057982936,13.23409029,0.602252804,0.003506069,0.077695632,0.990849546,3.068211961,5.57919857,0.012617499,,,,,,,
,,,,,,32,75.96553408,0.062123447,12.80452103,0.579206914,0.005134492,0.044023252,1.019716093,2.985667913,5.514904228,0.027891402,,,,,,,
,,,,,,33,76.66326065,0.0982496,12.9905195,0.560470252,0.004031098,0.108316531,1.020547494,2.979144811,5.51152677,0.007026283,,,,,,,
,,,,,,34,76.53562851,0.062973088,12.83406511,0.589333842,0.00839364,0.030372255,0.974176898,2.973921135,5.637985848,0.012320478,,,,,,,
,,,,,,35,76.04137263,0.054543871,12.79773384,0.569918631,0.010233022,0.049380455,0.969495666,2.996927549,5.673332453,0.02366235,,,,,,,
,,,,,,36,76.09105473,0.06313383,13.05452427,0.647126943,0.008562772,0.08538631,1.040859451,3.059930595,5.545469929,0.026559489,,,,,,,
,,,,,,37,76.78288383,0.06430616,13.32148046,0.54249461,0.005380432,0.11206965,1.008287088,2.933044419,5.561386523,0.010213273,,,,,,,
,,,,,,38,76.28153776,0.084258878,13.06969772,0.60593204,0.007518942,0.125790119,1.044180692,2.960263189,5.509320482,0.0075919,,,,,,,
,,,,,,39,75.9796638,0.060885907,12.86626128,0.568209393,0.008852822,0.107071825,0.972677671,2.85270824,5.538286171,0.016453658,,,,,,,
,,,,,,40,76.40922443,0.07726881,13.16716848,0.608018228,0.008174163,0.081441388,1.039866331,2.808542899,5.676390097,0.014685306,,,,,,,
,,,,,,41,76.82587441,0.067069817,12.94140608,0.579050234,0.008328628,0.053554568,0.973609815,2.864991991,5.435837219,0.018083811,,,,,,,
,,,,,,42,76.85213794,0.063540231,13.02400943,0.586310334,0.007646751,0.097250056,0.960745763,3.040794939,5.498263377,0.00601557,,,,,,,
,,,,,,43,75.94556646,0.062420301,12.77556191,0.556917621,0.00564822,0.054138168,0.920999241,3.102174433,5.54957,0.014213856,,,,,,,
,,,,,,44,76.18035788,0.086987504,12.82042071,0.511050978,0.006927179,0.073666263,1.000844365,2.917339971,5.583383396,-0.0037149,,,,,,,
,,,,,,45,76.48176647,0.074940459,12.95923671,0.520377022,0.009648481,0.055227582,0.94811917,2.991188288,5.533563633,0.026266768,,,,,,,
,,,,,,46,75.24437136,0.072955139,12.89741051,0.573536489,0.005852117,0.072418905,0.991187935,3.130357445,5.486453476,0.022970409,,,,,,,
,,,,,,47,76.32576045,0.066008366,12.95383673,0.613988068,0.003732343,0.071612916,1.0161217,2.920891748,5.503479573,0.009700151,,,,,,,
,,,,,,48,76.24130555,0.071639092,12.95916574,0.640783213,0.007082805,0.087717961,1.031901685,2.967539281,5.630913222,0.007785233,,,,,,,
,,,,,,49,76.05947337,0.07949766,12.76004944,0.525658385,0.00931546,0.071442935,1.077010339,2.783868433,5.500813625,0.01981468,,,,,,,
,,,,,,50,76.04866224,0.071512778,13.00233162,0.589159133,0.007350399,0.098261749,1.005705775,3.28850475,5.587384563,0.016719475,,,,,,,
,,,,,,51,76.31645674,0.062508388,13.01581757,0.588355584,0.00600268,0.080328465,1.073932167,3.029021858,5.577653193,0.023392989,,,,,,,
,,,,,,52,75.66298095,0.075241995,13.10441491,0.54247051,0.00369605,0.111565023,0.972104977,2.936722448,5.45188991,0.017876002,,,,,,,
,,,,,,53,76.31469939,0.059624698,12.86155376,0.625913457,0.005807133,0.093329669,0.992722956,3.021743514,5.538725536,0.00585492,,,,,,,
,,,,,,54,76.25480363,0.072209454,13.02013602,0.611922956,0.005636188,0.084513911,0.987664754,3.07238697,5.560929803,0.015079453,,,,,,,
,,,,,,55,76.06523968,0.084533639,13.17116616,0.57638599,0.006214134,0.0911778,0.988232494,3.048965104,5.503555179,0.017869644,,,,,,,
,,,,,,56,76.24623848,0.075467754,13.03654562,0.603951797,0.005729929,0.065268152,1.003742332,3.060941887,5.590494405,0.016697851,,,,,,,
,,,,,,57,75.70838618,0.103850011,12.735029,0.591064913,0.007879967,0.07417095,1.022990309,2.95783999,5.567730344,0.012169051,,,,,,,
,,,,,,58,76.21742261,0.067438958,13.00456918,0.494097537,0.007865064,0.007010348,0.993561275,2.893512416,5.403295589,0.009890842,,,,,,,
,,,,,,59,76.35463405,0.075600495,13.25352959,0.540132473,0.00797867,0.073575511,0.950710916,2.813562153,5.619298711,0.015982237,,,,,,,
,,,,,,60,76.14564341,0.082851475,13.05135062,0.607247329,0.004918982,0.069118651,0.920841294,2.913722929,5.632838579,0.01516876,,,,,,,
,,,,,,61,76.64348326,0.072623497,12.90288743,0.511575298,0.008524007,0.061755912,1.0223458,2.947559912,5.40559482,0.019980694,,,,,,,
,,,,,,62,76.03859602,0.077582178,12.78605429,0.614610892,0.007393629,0.060994787,0.973074059,2.861033237,5.48788834,0.024594766,,,,,,,
,,,,,,63,75.98421158,0.062003429,13.19947938,0.583072946,0.007185962,0.059198621,0.973865643,2.905122395,5.528199942,0.017772812,,,,,,,
,,,,,,64,75.7748456,0.072781404,13.06293932,0.595477383,0.00434987,0.063160206,0.992508932,3.024081715,5.518712161,0.01344149,,,,,,,
,,,,,,65,76.05185604,0.083550184,13.03031807,0.624614136,0.004949301,0.067076835,0.976108361,2.984471237,5.5818075,0.009136773,,,,,,,
,,,,,,66,76.22725027,0.084087161,13.03770486,0.613707992,0.006932381,0.082372089,1.018391256,3.130655934,5.470438109,0.015430786,,,,,,,
,,,,,,67,76.20988051,0.086014055,13.1036379,0.602260173,0.00940472,0.060417026,0.990223971,3.146364321,5.493424032,0.017906342,,,,,,,
,,,,,,68,76.22662689,0.093153124,12.98572568,0.579029003,0.005900594,0.057821433,0.954432832,3.061059322,5.541168447,0.003603092,,,,,,,
,,,,,,69,76.11644959,0.07957652,13.13215735,0.560494911,0.005163098,0.028160872,1.014314667,2.715395736,5.559839741,0.019800472,,,,,,,
,,,,,,70,76.53682149,0.076783513,13.07883241,0.610760083,0.005042614,0.086910119,1.009066153,3.031148026,5.478448414,0.008144378,,,,,,,
,,,,,,71,75.6800342,0.10361404,13.17258395,0.597444271,0.004852054,0.092310091,0.991751225,2.949973582,5.61628607,0.020706692,,,,,,,
,,,,,,72,75.92198907,0.073286965,13.05141084,0.679953342,0.006634234,0.082893858,1.046142568,2.994723296,5.497824248,0.011588493,,,,,,,
,,,,,,73,76.46517838,0.077031782,12.90770753,0.582383432,0.005733662,0.076442609,0.935780119,3.13925736,5.636623435,0.014061013,,,,,,,
,,,,,,74,76.41115627,0.097746006,13.09684083,0.587823609,0.00866191,0.076134981,0.958694645,2.982218873,5.489873582,0.017526806,,,,,,,
,,,,,,75,76.73805921,0.071583989,12.78425156,0.545383701,0.007340515,0.063640743,0.973108519,2.970321459,5.534105855,0.01094462,,,,,,,
,,,,,,76,75.85052273,0.083705812,12.86129361,0.614137876,0.009448996,0.08564248,1.094563108,2.966276312,5.514429635,0.017743049,,,,,,,
,,,,,,77,76.14772223,0.053717061,12.82346756,0.614663619,0.004788043,0.083875104,1.017535185,2.940448166,5.554330128,0.017139995,,,,,,,
,,,,,,78,75.42585229,0.078383025,13.09431392,0.553388382,0.006128181,0.034011464,0.983635925,2.807516294,5.525862777,0.015790431,,,,,,,
,,,,,,79,76.54973045,0.108440951,12.88293866,0.545370851,0.008866805,0.050505023,0.972072075,2.814566268,5.505441305,0.017128603,,,,,,,
,,,,,,80,76.65963441,0.081261841,13.07840223,0.564362324,0.005746593,0.052642448,1.01196816,2.974569201,5.44265181,0.025310037,,,,,,,
,,,,,,81,76.34044542,0.082704046,12.8513667,0.661651257,0.005040754,0.083550676,1.0258644,2.959937784,5.548279349,-0.000804723,,,,,,,
,,,,,,82,76.31290693,0.067344311,12.78372062,0.48197504,0.005694475,0.082805362,0.964606472,2.941128086,5.508728933,0.009843126,,,,,,,
,,,,,,83,76.64215864,0.097955872,13.05806796,0.53567158,0.007889834,0.106170461,1.00550453,2.998050096,5.521065862,0.019026926,,,,,,,
,,,,,,84,76.47267161,0.079662001,12.8365442,0.578264536,0.007577024,0.085040389,0.981876007,2.881174867,5.520573009,0.012682365,,,,,,,
,,,,,,85,75.36608712,0.073986801,12.93210089,0.521092044,0.006710726,0.096057454,1.058948928,3.010035059,5.602324961,0.012197888,,,,,,,
,,,,,,86,76.06093919,0.072813568,12.84059108,0.632513321,0.00616562,0.100983276,0.985976601,2.886989432,5.611251368,0.011967466,,,,,,,
,,,,,,87,75.67798171,0.072088007,13.11243589,0.537728466,0.004764514,0.076173264,0.889661253,2.964841714,5.508336364,0.01930368,,,,,,,
,,,,,,88,76.01155282,0.070583464,12.92376212,0.549690139,0.005804111,0.068037774,1.016616482,3.139456976,5.673160159,0.01463697,,,,,,,
,,,,,,89,76.43810375,0.085412824,13.15940676,0.543478347,0.008149886,0.054752459,0.937362212,2.984066011,5.507059191,0.011758921,,,,,,,
,,,,,,90,76.17268986,0.078505832,13.10158473,0.618934582,0.010194601,0.084630079,0.950476528,2.921699482,5.558022596,0.013987323,,,,,,,
,,,,,,91,76.5196721,0.057615423,13.2300594,0.605104048,0.006294547,0.1025351,0.908423847,2.971964264,5.532490207,0.009649629,,,,,,,
,,,,,,92,76.39595183,0.054769664,12.67118806,0.548232443,0.002802577,0.092599115,1.018602234,2.939175431,5.593757646,0.006282044,,,,,,,
,,,,,,93,76.57125687,0.075028545,13.20283943,0.561016358,0.007029473,0.085728207,1.024572219,2.874690603,5.577024766,0.015072391,,,,,,,
,,,,,,94,75.99948331,0.064920596,13.09500037,0.569423626,0.00909792,0.075120459,1.038104272,2.936696721,5.561792591,0.020193207,,,,,,,
,,,,,,95,76.41484461,0.073157323,13.01792092,0.549971684,0.005417358,0.058283656,0.99192614,2.982946876,5.468052594,0.008685862,,,,,,,
,,,,,,96,76.72551709,0.076944946,12.81822784,0.651603271,0.005053133,0.04859756,1.039121383,2.98403682,5.604493006,0.01018289,,,,,,,
,,,,,,97,76.1679223,0.044048858,13.24939038,0.629763891,0.005523836,0.099009526,0.987678283,2.921276207,5.518280414,0.003963161,,,,,,,
,,,,,,98,76.73695481,0.0821103,12.75567552,0.547779884,0.005700595,0.090184465,0.8875302,2.83169079,5.497331152,0.01295271,,,,,,,
,,,,,,99,76.20072,0.062072362,12.9502573,0.569882867,0.00409706,0.096721636,0.942331381,2.814469792,5.680844031,0.017586398,,,,,,,
,,,,,,100,76.68148975,0.062034786,12.85081836,0.57437041,0.009676832,0.07604278,0.948436688,3.087772262,5.504926976,0.019847645,,,,,,,
,,,,,,101,76.63022134,0.045153223,12.87772482,0.584234106,0.007862989,0.069552031,1.057569529,3.026126169,5.50717706,0.012648582,,,,,,,
,,,,,,102,75.89075288,0.078306662,13.16848447,0.584586392,0.00795968,0.064161979,0.977127181,3.144964944,5.4984066,0.021531489,,,,,,,
,,,,,,103,76.76852634,0.073976955,12.92746719,0.598355101,0.00719144,0.077385485,0.953551277,2.964566531,5.468658761,0.009994137,,,,,,,
,,,,,,104,75.93955599,0.044394408,12.90182664,0.5918286,0.006756572,0.09514144,1.009276042,2.897020833,5.481144005,0.021629585,,,,,,,
,,,,,,105,75.95206477,0.06968367,12.89592844,0.647843795,0.009079005,0.063204608,0.958182175,2.945797638,5.52737337,0.004364596,,,,,,,
,,,,,,106,75.54545568,0.075901514,13.22959575,0.596413977,0.00732356,0.075589447,1.054333426,2.92406996,5.540446637,0.016571088,,,,,,,
,,,,,,107,76.19716866,0.082939381,12.76860135,0.494231545,0.008371827,0.087900965,0.953238705,2.705257207,5.47185608,0.012925789,,,,,,,
,,,,,,108,76.47947592,0.082926312,12.94315673,0.550940361,0.005664004,0.050677253,0.977328358,3.043184983,5.645822106,0.012527032,,,,,,,
,,,,,,109,76.4131808,0.067605757,12.99277295,0.565846077,0.004948537,0.050932791,1.048267506,2.89079574,5.575296841,0.013032594,,,,,,,
,,,,,,110,76.26549737,0.090396307,12.71424341,0.564579792,0.007201771,0.082142395,1.051633911,3.071773262,5.509772428,0.012016147,,,,,,,
,,,,,,111,76.97872708,0.087626229,13.0863622,0.65470527,0.003839156,0.057853826,1.042522005,2.906078553,5.521925166,0.009406446,,,,,,,
,,,,,,112,76.72835389,0.086912345,12.82734682,0.642720471,0.00516016,0.065851686,0.960018432,3.015161118,5.534991188,0.010988825,,,,,,,
,,,,,,113,77.14839328,0.057779748,13.21696046,0.603701409,0.006266126,0.080300718,1.015897697,3.097421343,5.480284202,0.021643187,,,,,,,
,,,,,,114,76.68929223,0.090154484,12.99656727,0.494328473,0.010257433,0.086864286,0.97998951,2.972695513,5.512339003,0.007925551,,,,,,,
,,,,,,115,76.00815907,0.083277419,13.16790145,0.539559989,0.006365668,0.076021431,1.040229324,2.984058252,5.54131052,0.015589871,,,,,,,
,,,,,,116,76.48292691,0.075669052,12.92523152,0.646198148,0.007059018,0.079556557,0.943515346,2.898913207,5.528190038,0.009769132,,,,,,,
,,,,,,117,76.0199491,0.063935922,13.23890962,0.636377152,0.006353172,0.055059439,0.966743915,2.85962986,5.515639099,0.010881405,,,,,,,
,,,,,,118,76.72701508,0.075198694,13.11322838,0.597673513,0.005097484,0.021315672,0.954074567,2.877652165,5.534982454,0.006636165,,,,,,,
,,,,,,119,76.12746626,0.081350854,13.22493761,0.61120264,0.006514954,0.075588836,0.939901094,2.988103376,5.500331424,0.021942418,,,,,,,
,,,,,,120,76.13324646,0.087722763,13.21771547,0.643362851,0.00582354,0.047482823,1.014161879,3.038213578,5.499041133,0.014288614,,,,,,,
,,,,,,121,76.34389303,0.053855347,13.25889826,0.594698972,0.009498293,0.090055892,1.007275165,2.945359994,5.457721431,0.012535701,,,,,,,
,,,,,,122,75.76502382,0.054005798,12.87650905,0.619427452,0.007567104,0.09246461,0.95979832,2.924532206,5.505729303,0.026154419,,,,,,,
,,,,,,123,76.17743368,0.08456674,12.83889,0.60910635,0.005188246,0.083061296,0.971967323,2.92881232,5.664648174,0.005670069,,,,,,,
,,,,,,124,75.90666348,0.074879276,12.97852466,0.598775528,0.008576168,0.065840616,1.077407606,2.952843249,5.538564158,0.003798993,,,,,,,
,,,,,,125,75.81053678,0.082708519,13.24267441,0.620543371,0.009367997,0.089768378,0.987898749,3.059715748,5.58695023,0.010094734,,,,,,,
,,,,,,126,75.70082831,0.086857108,13.09879804,0.602863585,0.003000249,0.082835444,0.990633662,2.91021788,5.543086407,0.033457879,,,,,,,
,,,,,,127,76.18948476,0.067981468,12.90082189,0.530870721,0.007030614,0.05606567,0.974214845,2.939917987,5.535458601,0.009568293,,,,,,,
,,,,,,128,76.11645335,0.079125582,13.22906382,0.537864731,0.004319589,0.032413947,1.020678411,2.843802349,5.636338725,0.019636976,,,,,,,
,,,,,,129,75.87767955,0.068525535,13.10746477,0.671233539,0.006822573,0.093671258,1.03383668,2.910336261,5.642185035,0.013427171,,,,,,,
,,,,,,130,75.64979503,0.086424218,12.98784272,0.661499094,0.004639052,0.07885804,0.98543955,2.971458821,5.552468323,0.008717678,,,,,,,
,,,,,,131,76.22114377,0.079275343,12.98644436,0.535008562,0.007490903,0.092748709,0.992628539,3.064818598,5.53541533,0.00636729,,,,,,,
,,,,,,132,76.02870299,0.074986278,12.99679451,0.566751254,0.003197438,0.04184468,1.058035557,2.867841635,5.542119207,0.014333209,,,,,,,
,,,,,,133,76.75143989,0.077219089,12.96438997,0.60316313,0.006004239,0.065797118,0.98366342,3.097601235,5.668651362,0.007576327,,,,,,,
,,,,,,134,76.0914779,0.086257852,12.91705699,0.588969226,0.005006744,0.063803358,0.995435784,3.056747855,5.52040307,0.014026797,,,,,,,
,,,,,,135,75.63958514,0.070385147,12.81918673,0.504045837,0.007721041,0.079863115,1.053365951,3.0192042,5.486419075,0.018285453,,,,,,,
,,,,,,136,76.54876026,0.098828864,12.8940859,0.555462252,0.006300836,0.049675238,0.964726153,2.939763096,5.48836717,0.009704216,,,,,,,
,,,,,,137,76.39711484,0.076024272,13.33188321,0.624850417,0.009162922,0.083437868,0.9582298,2.858121973,5.433570276,0.019574595,,,,,,,
,,,,,,138,76.85582471,0.073842302,13.02938829,0.608140557,0.003946999,0.049194705,0.981890604,3.053687997,5.448333888,0.00931351,,,,,,,
,,,,,,139,76.16478302,0.076622317,13.02869149,0.684814692,0.005765918,0.085879999,1.010235385,2.927670121,5.621078204,0.009503685,,,,,,,
,,,,,,140,76.20580224,0.061814968,12.94091946,0.572481631,0.008168123,0.052556865,1.065629017,3.019394388,5.489353425,0.01780901,,,,,,,
,,,,,,141,75.75922714,0.077992302,12.88725252,0.567162934,0.00722192,0.079168546,1.024211428,3.06889065,5.470386243,0.015155383,,,,,,,
,,,,,,142,76.15492083,0.074627074,12.84584459,0.620127588,0.008955314,0.076167906,0.927122362,3.002473553,5.534404987,0.029222097,,,,,,,
,,,,,,143,76.59314309,0.081354447,13.15934168,0.661612029,0.006443995,0.071785938,1.02058114,3.09389947,5.588113664,0.011492548,,,,,,,
,,,,,,144,76.32198733,0.084797509,12.82954104,0.584517979,0.005680476,0.07795013,0.975236336,2.734478729,5.54029062,0.009748099,,,,,,,
,,,,,,145,77.02755465,0.064971327,12.56267583,0.559650519,0.005567269,0.073110081,0.98236352,2.964269174,5.589388592,0.00847949,,,,,,,
,,,,,,146,76.43346328,0.114221478,13.15422472,0.490542237,0.005448936,0.088070192,0.915934685,2.824661017,5.504007051,0.020122237,,,,,,,
,,,,,,147,76.41398308,0.093225674,13.03580099,0.638493536,0.005967859,0.076827846,0.936861348,3.041468435,5.637327804,0.012325262,,,,,,,
,,,,,,148,75.45402171,0.081848189,12.88570502,0.465513634,0.005298162,0.08447468,0.991032235,3.072497856,5.573234389,0.014596492,,,,,,,
,,,,,,149,76.56735161,0.07535998,13.11250412,0.523662194,0.006506821,0.05827469,0.902840344,2.84261266,5.625348669,0.010236342,,,,,,,
,,,,,,150,76.37514475,0.0704022,12.95210916,0.620091725,0.006265365,0.066172319,1.068023455,2.997438894,5.456858264,0.018434903,,,,,,,
,,,,,,151,76.01027115,0.090891529,12.93827113,0.519099463,0.006480134,0.085456794,1.030701819,2.915548952,5.506304896,0.010070739,,,,,,,
,,,,,,152,75.99939168,0.053811179,12.94114599,0.657166344,0.006077559,0.094390768,0.969271698,3.096755306,5.502052063,0.005334271,,,,,,,
,,,,,,153,75.86110227,0.074466282,12.99443869,0.668347782,0.009003381,0.11233625,0.946420895,2.975028126,5.462250413,0.014061583,,,,,,,
,,,,,,154,76.62292246,0.073139883,13.00858803,0.569205211,0.002507151,0.109457371,1.0061538,2.982352661,5.509106509,0.016897901,,,,,,,
,,,,,,155,76.90728176,0.083616605,12.99999952,0.646015137,0.005650522,0.078949717,1.001461384,2.927950119,5.505086157,0.014399122,,,,,,,
,,,,,,156,76.4894202,0.079291325,12.92666039,0.496001822,0.005838792,0.118984312,0.962576554,2.943804599,5.485736574,0.021028191,,,,,,,
,,,,,,157,76.114121,0.095193168,13.05460564,0.561641167,0.006047035,0.106206868,0.992404187,2.967619587,5.464910292,0.010737901,,,,,,,
,,,,,,158,75.88072751,0.051932902,13.07649132,0.607730148,0.006471817,0.071915009,0.951135554,3.0803724,5.567512991,0.015555181,,,,,,,
,,,,,,159,76.07760886,0.068252176,13.05765501,0.575085271,0.004065041,0.048412699,1.054540897,2.996363467,5.519714232,0.014421515,,,,,,,
,,,,,,160,76.54954702,0.063413239,12.70753215,0.534603332,0.004594823,0.044396055,0.979765523,2.884600075,5.599705945,0.010600043,,,,,,,
,,,,,,161,76.13520267,0.076008303,13.08908257,0.615025259,0.006993332,0.082946936,0.945618099,2.926536553,5.465839119,0.018568602,,,,,,,
,,,,,,162,75.99949787,0.083621951,12.92690614,0.655249988,0.005621459,0.094825998,1.004221509,2.977996865,5.495193013,0.022377411,,,,,,,
,,,,,,163,75.38527307,0.079006007,12.79264496,0.567579888,0.006954631,0.065404027,1.037396797,2.918791064,5.427456763,0.004754998,,,,,,,
,,,,,,164,76.21043319,0.088459979,12.91176449,0.602023977,0.005714754,0.091172757,0.952542688,2.903061611,5.550406983,0.013168986,,,,,,,
,,,,,,165,76.33585917,0.08326404,12.82512343,0.503889647,0.006129297,0.05203512,0.976726758,3.017227717,5.508339371,0.008764839,,,,,,,
,,,,,,166,75.48962192,0.077660161,13.21481736,0.605966455,0.004749645,0.07971106,0.929369408,2.899344061,5.550964747,0.014386837,,,,,,,
,,,,,,167,76.57263127,0.0963415,12.85786259,0.622028639,0.00676308,0.044353927,0.93654636,3.026590001,5.480255726,0.011019519,,,,,,,
,,,,,,168,76.25596688,0.073984209,13.10393288,0.650514981,0.005691492,0.060413423,1.023534565,2.810695565,5.55012785,0.015994379,,,,,,,
,,,,,,169,76.15015784,0.097868254,13.08239744,0.512273814,0.006226914,0.086775508,0.961999119,2.911065356,5.523867822,0.005041559,,,,,,,
,,,,,,170,76.02974365,0.072630203,13.12056656,0.564426385,0.00609716,0.073562751,1.04347164,2.932377495,5.548836595,0.022043936,,,,,,,
,,,,,,171,75.8460352,0.075056519,12.82598526,0.579270148,0.005157396,0.074025116,1.029963007,3.003097159,5.657973687,0.005829582,,,,,,,
,,,,,,172,76.55218431,0.078195469,12.96990515,0.577686396,0.004594927,0.083344206,0.968072715,3.090025451,5.484567869,0.008932501,,,,,,,
,,,,,,173,76.0781086,0.071818074,12.96327894,0.604438533,0.007462107,0.094790798,1.015549619,2.91539434,5.549086112,0.009991949,,,,,,,
,,,,,,174,75.63725298,0.062169912,12.9805148,0.61967939,0.006119909,0.096440742,0.964794235,2.88702057,5.523632164,0.008824548,,,,,,,
,,,,,,175,76.34432273,0.088697715,12.96744687,0.607469118,0.007511425,0.075475165,0.975544471,2.711768842,5.62156909,0.005819795,,,,,,,
,,,,,,176,75.65276593,0.060964798,12.92899347,0.531656543,0.00730554,0.06264452,1.012793126,2.840860145,5.432247699,0.01688975,,,,,,,
,,,,,,177,76.01536986,0.085381484,12.85594494,0.660399192,0.006299909,0.064893855,0.911031087,2.916831553,5.360350103,0.019911858,,,,,,,
,,,,,,178,75.87248122,0.085520356,13.11052789,0.592493921,0.009752814,0.071475479,0.994019394,2.936831924,5.497248995,0.00966921,,,,,,,
,,,,,,179,76.40392621,0.077228091,12.97553042,0.514301753,0.005520255,0.059546066,0.97232756,2.950504769,5.436380325,0.009225891,,,,,,,
,,,,,,180,76.57292874,0.068596954,12.83997324,0.586654931,0.006890491,0.084461226,0.931090295,2.916975513,5.556025319,0.011714128,,,,,,,
,,,,,,181,75.53818265,0.069124427,12.67012801,0.584917771,0.007387711,0.059848619,0.956717336,2.977441677,5.530302025,0.012970912,,,,,,,
,,,,,,182,76.58628159,0.073062813,13.05303453,0.558658979,0.00438124,0.043240496,0.947139918,3.022832986,5.364938245,0.017168199,,,,,,,
,,,,,,183,76.25643082,0.056892973,12.95447037,0.573226038,0.006497128,0.059117856,1.00077487,2.78857113,5.694750886,0.012274042,,,,,,,
,,,,,,184,76.12129942,0.070477932,13.21929706,0.62111773,0.005557305,0.073164408,1.027804016,3.138804996,5.567499476,0.007136003,,,,,,,
,,,,,,185,76.70068556,0.088775815,12.77124077,0.61872735,0.004215166,0.060898849,0.921580943,3.041207186,5.54109264,0.019002928,,,,,,,
,,,,,,186,76.60616336,0.08441115,12.90317139,0.615519213,0.004631138,0.078804875,0.973740602,2.899590823,5.611891679,0.014231242,,,,,,,
,,,,,,187,76.01842225,0.067227516,12.87599252,0.590505504,0.007507222,0.097782508,0.983990641,3.014694184,5.49574629,0.022995198,,,,,,,
,,,,,,188,76.61033177,0.059209206,13.16763875,0.633577396,0.008706394,0.058497672,0.983547854,2.958934004,5.585295617,0.02150047,,,,,,,
,,,,,,189,76.25200072,0.050486333,12.85778665,0.573777738,0.004879466,0.033481955,1.043940414,3.002127694,5.483196746,0.015702958,,,,,,,
,,,,,,190,76.28467812,0.072516746,12.76438074,0.594273323,0.005000504,0.079348036,0.975961752,3.063600164,5.432185573,0.010504592,,,,,,,
,,,,,,191,76.39906991,0.086539113,13.21290555,0.60317818,0.008292244,0.076444976,1.039990182,3.021787302,5.410755783,0.016808357,,,,,,,
,,,,,,192,76.06301394,0.073041856,12.99903783,0.542434913,0.005432181,0.06782282,1.026569529,2.880330124,5.60600488,0.004393449,,,,,,,
,,,,,,193,76.52226005,0.080595507,12.94294165,0.597546374,0.004282104,0.079681532,0.952482659,2.865220392,5.595821456,0.013950975,,,,,,,
,,,,,,194,76.20996585,0.088799993,12.85064354,0.520795031,0.008115386,0.061391871,0.941217046,2.969114647,5.577657123,0.008081565,,,,,,,
,,,,,,195,76.46330276,0.079541219,13.10829784,0.663535851,0.001990439,0.073297723,0.964557087,2.93280708,5.562158203,0.013324587,,,,,,,
,,,,,,196,76.06360016,0.092669016,13.03719081,0.569926556,0.005876778,0.043252629,0.948091661,3.099165139,5.537997638,0.012736445,,,,,,,
,,,,,,197,76.19365049,0.087771789,12.96740774,0.520039728,0.007542933,0.090595814,1.046849786,2.966649798,5.628092702,0.025529939,,,,,,,
,,,,,,198,76.16248794,0.067806453,12.84421136,0.587318205,0.00532427,0.077406145,1.01483533,2.958916398,5.543725172,0.009945553,,,,,,,
,,,,,,199,76.03250385,0.075353079,12.72642442,0.576734262,0.007736969,0.063390756,0.979348848,3.037700595,5.492990058,0.008301532,,,,,,,
,,,,,,200,76.05091611,0.077891846,13.03008747,0.529707834,0.00455477,0.069304162,0.987682573,2.900839327,5.456329423,0.006042726,,,,,,,
,,,,,MEAN,,76.21001344,0.076091468,12.97912331,0.584938463,0.006535448,0.074239428,0.993430238,2.959418992,5.535719357,0.013662556,#DIV/0!,#DIV/0!,#DIV/0!,#DIV/0!,#DIV/0!,#DIV/0!,#DIV/0!
,,,,,STDEV.S(),,0.380118674,0.012303119,0.147827273,0.044211372,0.001694314,0.018864314,0.041025484,0.092124029,0.062108362,0.005950633,#DIV/0!,#DIV/0!,#DIV/0!,#DIV/0!,#DIV/0!,#DIV/0!,#DIV/0!
,,,,,ST. ERROR,,0.001900593,6.15156E-05,0.000739136,0.000221057,8.47157E-06,9.43216E-05,0.000205127,0.00046062,0.000310542,2.97532E-05,#DIV/0!,#DIV/0!,#DIV/0!,#DIV/0!,#DIV/0!,#DIV/0!,#DIV/0!
,,,,,,,,,,,,,,,,,,,,,,,
,,,,,,,,,,,,,,,,,,,,,,,
,,"Snapshot 1 | Sheet: KCP-114-A | Wednesday, February 11, 2026  11:08:24 PM",,,,,,,,,,,,,,,,,,,,,
,,Oxide,Concentration,HAL 2-sigma uncertainty,,Iteration,Synthetic SiO2 Value,Synthetic TiO2 Value,Synthetic Al2O3 Value,Synthetic FeO Value,Synthetic MnO Value,Synthetic MgO Value,Synthetic CaO Value,Synthetic Na2O Value,Synthetic K2O Value,Synthetic P2O5 Value,,,,,,,
,,SiO2,76.10086691,0.358179655,,1,75.65994268,0.129475719,12.8261332,0.781774979,0.023503928,0.220140406,1.084801442,3.532383205,4.641139669,0.042499998,,,,,,,
,,TiO2,0.133411461,0.012733951,,2,75.80372692,0.151978834,13.00116664,0.820742242,0.023908432,0.20888558,1.090641099,3.368615342,4.604924585,0.036648744,,,,,,,
,,Al2O3,12.92745683,0.147405574,,3,75.6337864,0.146342272,12.99594381,0.827975274,0.020157284,0.205479342,1.166426913,3.403286649,4.547260591,0.035798643,,,,,,,
,,FeO*,0.826072372,0.056838411,,4,75.8631705,0.13623562,12.88016909,0.91763549,0.020380403,0.201608863,1.121119223,3.422970905,4.540423626,0.034159329,,,,,,,
,,MnO,0.021722599,0.002512298,,5,75.86035435,0.1182215,12.90463538,0.847307985,0.020725857,0.222649223,1.177313275,3.469207626,4.652554311,0.036244409,,,,,,,
,,MgO,0.185433479,0.029354552,,6,75.53170905,0.139115867,12.79461836,0.93605864,0.026198147,0.162517641,1.224277118,3.620523597,4.671610177,0.037320274,,,,,,,
,,CaO,1.140779359,0.04683935,,7,76.11554443,0.132521239,12.86611365,0.854753872,0.018588493,0.18892098,1.095519659,3.592396859,4.656767293,0.055328786,,,,,,,
,,Na2O,3.470186139,0.093269536,,8,75.29548169,0.151244245,12.87687639,0.806729221,0.024143551,0.173077625,1.121129802,3.406876389,4.662809988,0.041338449,,,,,,,
,,K2O,4.625061989,0.055870758,,9,75.75978356,0.132804375,12.75915304,0.806335536,0.020195853,0.150112497,1.127087399,3.601787194,4.630441022,0.044166738,,,,,,,
,,P2O5,0.043689074,0.007214449,,10,76.04415045,0.129068741,12.89432656,0.839206713,0.017166216,0.141975138,1.170562184,3.534282663,4.537245206,0.04196124,,,,,,,
,,,,,,11,75.91798126,0.140341895,13.04410863,0.871870904,0.024258841,0.137108817,1.160895028,3.48913973,4.673446572,0.034246454,,,,,,,
,,,,,,12,75.91429972,0.138813766,12.8189504,0.81459515,0.021501266,0.171935607,1.220750874,3.477694795,4.672912676,0.042995867,,,,,,,
,,,,,,13,75.92055966,0.138369949,12.70616691,0.896051134,0.023139616,0.196644974,1.197476274,3.325024158,4.529352735,0.042998696,,,,,,,
,,,,,,14,75.97193668,0.142489135,12.91276485,0.762304519,0.021791361,0.172882027,1.134237074,3.525119308,4.540965275,0.037851974,,,,,,,
,,,,,,15,75.85863953,0.135390337,12.98254104,0.855714812,0.019178977,0.262780506,1.163693603,3.492931275,4.593031351,0.050199673,,,,,,,
,,,,,,16,75.74303266,0.117585063,12.74582766,0.847985017,0.026797556,0.216450022,1.204280597,3.720697341,4.670054571,0.03844178,,,,,,,
,,,,,,17,76.38906574,0.151206499,12.98584381,0.845777368,0.020145746,0.179151631,1.109256545,3.408130548,4.585768322,0.037918386,,,,,,,
,,,,,,18,75.8425203,0.124624113,12.86451665,0.827758228,0.021762438,0.217354095,1.168787541,3.433178175,4.616175895,0.049653686,,,,,,,
,,,,,,19,76.6548822,0.137676139,12.99413895,0.85233243,0.022071099,0.234951686,1.091198987,3.547381422,4.6124803,0.055921169,,,,,,,
,,,,,,20,76.71665285,0.143484759,12.5914428,0.889694435,0.018008947,0.157591244,1.099656876,3.491224927,4.507943842,0.045668002,,,,,,,
,,,,,,21,75.93600646,0.11097955,12.97296235,0.789886936,0.021712622,0.213053263,1.133912816,3.477063763,4.557495602,0.041656244,,,,,,,
,,,,,,22,75.53332446,0.130140995,13.06882224,0.816299438,0.02155823,0.187047647,1.23244349,3.553485,4.615460683,0.0387076,,,,,,,
,,,,,,23,75.98229572,0.116741256,12.85206506,0.825414132,0.018912846,0.172044993,1.0731101,3.537126521,4.681891386,0.044659448,,,,,,,
,,,,,,24,75.91604524,0.128281194,12.74941555,0.785820868,0.021798783,0.144941286,1.162245162,3.397389308,4.672607775,0.047005608,,,,,,,
,,,,,,25,76.02012356,0.117192117,13.26840576,0.851315034,0.021168627,0.196942444,1.146531904,3.464927267,4.610208689,0.0416755,,,,,,,
,,,,,,26,76.10363546,0.128020068,12.79929294,0.80920573,0.023581666,0.180520572,1.19978153,3.238558444,4.522787716,0.035190836,,,,,,,
,,,,,,27,76.30273104,0.127347922,12.71118342,0.902672355,0.019901133,0.200458889,1.111565269,3.353642563,4.591756671,0.031571629,,,,,,,
,,,,,,28,76.10242532,0.147855586,13.00094274,0.713579139,0.02406302,0.201973598,1.145585057,3.33670518,4.742957824,0.05090687,,,,,,,
,,,,,,29,75.8871458,0.149591516,12.73210694,0.874605057,0.023031997,0.210699477,1.157178216,3.402126704,4.741127431,0.036241148,,,,,,,
,,,,,,30,75.70116002,0.12809083,12.91379803,0.825622254,0.021295167,0.179601358,1.207041696,3.55627317,4.635906211,0.032885013,,,,,,,
,,,,,,31,75.75132291,0.13759885,13.06568541,0.842318133,0.022914412,0.20924244,1.117817269,3.365464141,4.649645253,0.036037572,,,,,,,
,,,,,,32,76.33611895,0.141617244,12.94757882,0.772735833,0.023981741,0.133985306,1.21897316,3.44553882,4.583053704,0.038706412,,,,,,,
,,,,,,33,75.87562724,0.122190683,12.92256256,0.733629578,0.019216921,0.153741795,1.064423112,3.311409992,4.602710115,0.028084973,,,,,,,
,,,,,,34,76.14647229,0.128476701,12.91663866,0.708109763,0.021260412,0.201040982,1.177337934,3.474883114,4.581828926,0.038794124,,,,,,,
,,,,,,35,76.23432015,0.127198503,12.8388921,0.751475877,0.022551082,0.172432773,1.218014933,3.542584771,4.610682203,0.041200254,,,,,,,
,,,,,,36,76.43830201,0.134439697,13.0391092,0.88605302,0.0225329,0.208036463,1.164527178,3.475537757,4.579938602,0.03760709,,,,,,,
,,,,,,37,76.04413861,0.15297598,12.71031788,0.830285496,0.017622047,0.141074804,1.180188768,3.550705239,4.664241326,0.042171062,,,,,,,
,,,,,,38,75.93289634,0.113607781,13.01299374,0.84343825,0.017577601,0.228217997,1.119497704,3.404819323,4.594059598,0.051633615,,,,,,,
,,,,,,39,76.08799309,0.128341772,12.83000142,0.77743887,0.019672431,0.152369788,1.211868422,3.500293199,4.556895494,0.033087609,,,,,,,
,,,,,,40,75.69056465,0.149251138,12.75381898,0.853285413,0.018775074,0.210243217,1.215604586,3.557941671,4.682056321,0.036430334,,,,,,,
,,,,,,41,75.91439426,0.12795019,13.07870691,0.846376748,0.02394805,0.218970421,1.085272271,3.407195498,4.592074755,0.04890393,,,,,,,
,,,,,,42,75.73146791,0.146793134,13.08533654,0.721847066,0.028160068,0.211416937,1.144140246,3.331720588,4.649020651,0.040498467,,,,,,,
,,,,,,43,75.8231876,0.132157039,12.97731743,0.811908468,0.019109726,0.233845141,1.139274024,3.417690262,4.52723755,0.053827228,,,,,,,
,,,,,,44,75.86267266,0.109390528,12.54265933,0.7805485,0.02492636,0.184921247,1.133840772,3.360742619,4.718033696,0.057678142,,,,,,,
,,,,,,45,76.03224444,0.13164198,12.99199159,0.799655407,0.024901705,0.170929107,1.115632481,3.62709909,4.675615822,0.044241196,,,,,,,
,,,,,,46,76.08113191,0.149651344,13.10200425,0.796151909,0.023856164,0.211419351,1.110322143,3.461677639,4.695776957,0.050632371,,,,,,,
,,,,,,47,75.93581294,0.138922096,13.00221188,0.762103711,0.020874756,0.166747557,1.122557065,3.37830398,4.611014085,0.047877007,,,,,,,
,,,,,,48,75.98684522,0.134333177,12.64431133,0.747298638,0.022169755,0.216858001,1.213384341,3.620072549,4.669667281,0.055846411,,,,,,,
,,,,,,49,76.3033888,0.143109876,12.80548411,0.863200367,0.025609244,0.190870145,1.095529897,3.499479031,4.642534225,0.040504037,,,,,,,
,,,,,,50,75.69234567,0.116370675,12.96159887,0.878715631,0.019292935,0.223645044,1.035403543,3.418380519,4.710824825,0.04567344,,,,,,,
,,,,,,51,75.48342853,0.141903844,13.18381563,0.864448852,0.020309259,0.174885272,1.173572596,3.375593468,4.641281589,0.040016686,,,,,,,
,,,,,,52,76.62474192,0.113947984,12.91237211,0.822241834,0.021069346,0.167593691,1.187247283,3.437538946,4.517512176,0.049989291,,,,,,,
,,,,,,53,76.01224329,0.113592685,12.71019642,0.832187215,0.025551805,0.172130528,1.185317058,3.461848582,4.527765149,0.052154001,,,,,,,
,,,,,,54,76.16880502,0.138486392,12.91065116,0.848824166,0.020509837,0.146920516,1.159183371,3.451829922,4.654707539,0.046029381,,,,,,,
,,,,,,55,76.03454412,0.12888568,12.87406858,0.761475865,0.024006303,0.177886121,1.122337047,3.510161283,4.641717256,0.040003252,,,,,,,
,,,,,,56,75.99271433,0.143060336,12.8322839,0.816080555,0.024492315,0.160654819,1.138872579,3.595607318,4.575435381,0.03328698,,,,,,,
,,,,,,57,76.33772291,0.137488616,12.92540204,0.763106036,0.022474602,0.189912343,1.165253189,3.585045546,4.632728727,0.036937133,,,,,,,
,,,,,,58,76.05719195,0.124781963,12.77355419,0.742554803,0.017480408,0.163172578,1.186867473,3.589737422,4.738994288,0.034286202,,,,,,,
,,,,,,59,75.99463303,0.13861608,13.0579076,0.927679948,0.020189308,0.178142296,1.107102363,3.442265625,4.674499712,0.042357323,,,,,,,
,,,,,,60,75.82027688,0.139557822,12.86494683,0.768876441,0.021679665,0.185121775,1.18997945,3.433620173,4.555254471,0.044464967,,,,,,,
,,,,,,61,76.03192423,0.137639616,12.85603523,0.800793417,0.022222211,0.17847328,1.16067013,3.625709392,4.728147699,0.049732585,,,,,,,
,,,,,,62,76.28253434,0.130858456,13.03817348,0.813780848,0.020448771,0.22513462,1.122791164,3.386593314,4.692271668,0.044756281,,,,,,,
,,,,,,63,76.32118405,0.11935888,12.96700713,0.800443026,0.023519651,0.163466879,1.105779283,3.570657613,4.643732387,0.031769825,,,,,,,
,,,,,,64,75.48517531,0.11242358,12.91128062,0.794199085,0.017999742,0.177720138,1.135368989,3.437140642,4.584478246,0.035064432,,,,,,,
,,,,,,65,76.0388862,0.131142579,13.11135822,0.970216564,0.019978909,0.125631791,1.153158951,3.401057466,4.574801539,0.045043607,,,,,,,
,,,,,,66,76.18512776,0.129716117,12.86090693,0.840171519,0.023619093,0.175735587,1.106806627,3.414543782,4.578044636,0.033994388,,,,,,,
,,,,,,67,76.22542523,0.125795188,12.6690799,0.891262446,0.023754697,0.193062599,1.108292857,3.559953203,4.603741238,0.047163325,,,,,,,
,,,,,,68,76.27122793,0.120323326,12.99778477,0.762267718,0.0227885,0.201495633,1.183943474,3.451746279,4.577124741,0.057112889,,,,,,,
,,,,,,69,76.50185524,0.145075223,12.76952884,0.828159296,0.022619604,0.123125227,1.174708617,3.356408529,4.698430592,0.042404529,,,,,,,
,,,,,,70,76.15894278,0.14490346,13.28529955,0.747115917,0.021816575,0.144492771,1.204855915,3.601979165,4.633619769,0.060386287,,,,,,,
,,,,,,71,75.98478923,0.152233929,12.83480918,0.878423746,0.024826991,0.18647892,1.158341003,3.210406644,4.681751687,0.02784696,,,,,,,
,,,,,,72,76.16502251,0.152154697,12.86553087,0.833547953,0.021130062,0.155993925,1.171387503,3.562612225,4.683266609,0.038242739,,,,,,,
,,,,,,73,75.89056547,0.12961737,12.90828884,0.849680854,0.020077233,0.204247541,1.07849093,3.458788177,4.703236534,0.048135815,,,,,,,
,,,,,,74,75.77172191,0.131462987,12.82261704,0.738023613,0.023961857,0.205120566,1.068443148,3.575526486,4.514521515,0.049232399,,,,,,,
,,,,,,75,75.56508307,0.154090563,12.85495465,0.774355606,0.018400459,0.175084462,1.052874081,3.411797423,4.578876355,0.026933188,,,,,,,
,,,,,,76,75.72296081,0.1387137,12.77785446,0.926833583,0.018899506,0.180739881,1.092902341,3.4362822,4.694635222,0.047335091,,,,,,,
,,,,,,77,75.83653789,0.125269808,12.80545379,0.751738414,0.022240229,0.227827863,1.185771233,3.304361652,4.691561497,0.047492385,,,,,,,
,,,,,,78,76.33789362,0.119551464,12.91354666,0.845040889,0.021584316,0.171904367,1.08305486,3.595938552,4.587742798,0.047288111,,,,,,,
,,,,,,79,75.95229503,0.095001888,12.70944781,0.908080414,0.0216984,0.15900058,1.109251736,3.577561776,4.614028694,0.039531557,,,,,,,
,,,,,,80,75.736234,0.125532739,12.82504289,0.896031882,0.022376008,0.211513012,1.11382149,3.380466832,4.702418027,0.038457824,,,,,,,
,,,,,,81,76.37276389,0.107203728,13.00828283,0.773616134,0.021993835,0.179242497,1.172491936,3.335425841,4.64862199,0.037846782,,,,,,,
,,,,,,82,76.34103245,0.133585037,12.90928045,0.883951468,0.021115139,0.145714591,1.159552646,3.459622634,4.682261475,0.049369732,,,,,,,
,,,,,,83,76.44082869,0.145558665,13.09229953,0.838159822,0.019655878,0.1595545,1.127027841,3.409936838,4.569103686,0.034720388,,,,,,,
,,,,,,84,75.76765503,0.146508415,13.07782977,0.84034744,0.02068691,0.203924817,1.208269664,3.36180223,4.601965527,0.034183322,,,,,,,
,,,,,,85,76.80345415,0.126204906,13.03658444,0.79338575,0.021891959,0.225722849,1.130274344,3.458523883,4.617782414,0.038527242,,,,,,,
,,,,,,86,76.28443973,0.145709827,13.06026028,0.820776027,0.019348286,0.201410836,1.190738716,3.470585812,4.660510814,0.044253524,,,,,,,
,,,,,,87,75.82888448,0.115449858,12.72421214,0.849541291,0.021992996,0.227753717,1.169620867,3.617104865,4.57810604,0.052175246,,,,,,,
,,,,,,88,76.12941707,0.132091261,12.9389274,0.930212228,0.023808029,0.175124777,1.099429038,3.493462567,4.577601703,0.049748184,,,,,,,
,,,,,,89,75.85734508,0.139307117,12.84959848,0.812026928,0.017391787,0.272694577,1.101559593,3.650576115,4.639472925,0.047443903,,,,,,,
,,,,,,90,75.96262994,0.119926312,12.76643109,0.802245373,0.02123344,0.167398013,1.116304846,3.253637751,4.599396444,0.062197962,,,,,,,
,,,,,,91,76.40603153,0.119113261,12.93663045,0.751164582,0.025373448,0.167378053,1.149185342,3.378570462,4.574194103,0.050226313,,,,,,,
,,,,,,92,76.01834178,0.122958936,12.80371351,0.874318235,0.014951174,0.178485587,1.146057447,3.36258747,4.609318075,0.037140801,,,,,,,
,,,,,,93,75.88650393,0.117156898,12.80355567,0.838617399,0.020205227,0.165149043,1.11968112,3.478002491,4.648597699,0.046448483,,,,,,,
,,,,,,94,76.41673654,0.145763509,12.91109574,0.761259365,0.021176415,0.188629816,1.187828909,3.49204719,4.593120317,0.020344032,,,,,,,
,,,,,,95,76.50769585,0.140168879,12.75685741,0.852202333,0.024730003,0.209818012,1.106180915,3.32807809,4.697793632,0.047940897,,,,,,,
,,,,,,96,76.41303825,0.143021653,12.71861012,0.799998689,0.02029378,0.227339445,1.132557277,3.480294265,4.65125206,0.046980069,,,,,,,
,,,,,,97,75.55199794,0.13647367,12.86573061,0.802365417,0.02034175,0.185211374,1.162381337,3.517602762,4.61744642,0.045951918,,,,,,,
,,,,,,98,76.60031956,0.150732564,13.14100726,0.886051372,0.019265159,0.229393773,1.143883903,3.57231168,4.709365821,0.050454964,,,,,,,
,,,,,,99,76.07976225,0.133761895,12.8558907,0.734906405,0.017845803,0.226470414,1.175571742,3.577431164,4.635798437,0.052277866,,,,,,,
,,,,,,100,75.63702671,0.144957241,13.02503289,0.887927392,0.019665182,0.203126721,1.097490073,3.488511871,4.69637467,0.043429913,,,,,,,
,,,,,,101,75.90028332,0.139188849,12.82435045,0.84513061,0.021226588,0.181265567,1.138050731,3.394150558,4.619997305,0.04914055,,,,,,,
,,,,,,102,75.81762026,0.144855683,12.66559436,0.699999529,0.023959502,0.205532977,1.220833488,3.503986667,4.59668212,0.039922679,,,,,,,
,,,,,,103,76.02546837,0.114992834,12.94784207,0.781556458,0.018003863,0.211642812,1.195460167,3.521679534,4.74422492,0.039561144,,,,,,,
,,,,,,104,76.07908733,0.142856055,12.90517776,0.735669959,0.020382326,0.236207918,1.132210031,3.492366282,4.739738924,0.04644246,,,,,,,
,,,,,,105,77.125169,0.145765263,12.87904679,0.813927605,0.018464664,0.185453763,1.198911396,3.408861007,4.548318919,0.040024305,,,,,,,
,,,,,,106,76.07212172,0.139167378,13.07652141,0.705912664,0.020480208,0.197330309,1.166372474,3.325507295,4.696532488,0.0546777,,,,,,,
,,,,,,107,76.06614647,0.146104038,12.99691438,0.873945002,0.020250855,0.188920889,1.046083816,3.613840932,4.567152933,0.049829543,,,,,,,
,,,,,,108,76.61747411,0.127429819,12.86945279,0.851446484,0.023333303,0.185555635,1.135732586,3.372253991,4.6207522,0.0368662,,,,,,,
,,,,,,109,76.20132692,0.134732913,13.2844219,0.801490161,0.024665351,0.186538298,1.146443138,3.541697263,4.645601285,0.050766072,,,,,,,
,,,,,,110,75.67962245,0.139761345,12.89482253,0.841530242,0.024088148,0.152462234,1.127803358,3.512353171,4.683382243,0.045806292,,,,,,,
,,,,,,111,75.45714582,0.139457456,13.01597148,0.732782955,0.019776986,0.148275929,1.106471546,3.467515116,4.666991849,0.042536833,,,,,,,
,,,,,,112,75.72330307,0.13108064,12.94293627,0.858024195,0.024827882,0.168298619,1.050686244,3.510178283,4.624531072,0.03999323,,,,,,,
,,,,,,113,76.60413534,0.122551017,12.63577125,0.768099964,0.021271032,0.193300753,1.212456879,3.357280788,4.626508121,0.036324396,,,,,,,
,,,,,,114,76.21997767,0.141937549,12.88101846,0.886214377,0.026405411,0.182608624,1.130680155,3.490635589,4.669550651,0.03505299,,,,,,,
,,,,,,115,76.20447307,0.131367065,12.94281907,0.877643619,0.02165442,0.187973712,1.176574086,3.591014497,4.689523105,0.052064966,,,,,,,
,,,,,,116,75.96545185,0.137792245,12.74452563,0.851181827,0.019695237,0.134251511,1.150778884,3.368669861,4.662504268,0.050350212,,,,,,,
,,,,,,117,76.29658279,0.14532811,12.97583882,0.871099988,0.018042991,0.217846619,1.060035011,3.324385675,4.602380528,0.05156181,,,,,,,
,,,,,,118,76.02678094,0.139841148,12.87329741,0.905512687,0.018428189,0.198741419,1.113890155,3.512409426,4.669017792,0.062119999,,,,,,,
,,,,,,119,76.33008968,0.137854669,12.86380974,0.746440135,0.021091975,0.235753275,1.04819397,3.515357312,4.689681242,0.046883479,,,,,,,
,,,,,,120,76.3579709,0.12551938,12.69052099,0.859928998,0.023060974,0.22691076,1.099835945,3.519904936,4.685430951,0.040897217,,,,,,,
,,,,,,121,76.08629993,0.13988206,12.80828036,0.937167413,0.020888507,0.182549539,1.197360089,3.436063918,4.521338775,0.05721809,,,,,,,
,,,,,,122,76.56354121,0.122308761,13.05122631,0.721987337,0.021964209,0.13127297,1.203552824,3.362530657,4.712009253,0.047414387,,,,,,,
,,,,,,123,76.2875783,0.14118834,12.84631214,0.81442411,0.021147443,0.217262147,1.153512704,3.447139679,4.610969859,0.048996833,,,,,,,
,,,,,,124,76.342116,0.131781305,13.01424795,0.775046213,0.025680656,0.187036471,1.194041431,3.535203392,4.710182154,0.052111704,,,,,,,
,,,,,,125,76.25871657,0.146031052,12.77040899,0.817099726,0.023330078,0.23127588,1.195278334,3.36181062,4.606377626,0.04422747,,,,,,,
,,,,,,126,76.25477052,0.133909902,12.96859924,0.894533273,0.019392372,0.192491116,1.097322244,3.513170895,4.60823637,0.038392616,,,,,,,
,,,,,,127,76.46547517,0.125958294,12.69370538,0.863696805,0.021639158,0.150523412,1.136483211,3.309318771,4.680671944,0.045784074,,,,,,,
,,,,,,128,75.7195272,0.126690856,13.14630641,0.845880658,0.024915916,0.156065492,1.182576481,3.351387395,4.598670095,0.042645312,,,,,,,
,,,,,,129,75.96622911,0.128750945,13.12004861,0.860189964,0.020820453,0.171528669,1.206020467,3.475112497,4.543822448,0.036997122,,,,,,,
,,,,,,130,75.89554847,0.145991898,12.82522348,0.830530287,0.023618189,0.159951632,1.1767178,3.40784356,4.647566084,0.049186551,,,,,,,
,,,,,,131,75.98767951,0.144380453,12.72848391,0.826317741,0.021080871,0.196369919,1.160828702,3.553665139,4.617430285,0.035493256,,,,,,,
,,,,,,132,76.26519836,0.160790777,13.05218342,0.863673269,0.021634799,0.163559495,1.049531502,3.587118571,4.675371777,0.057455609,,,,,,,
,,,,,,133,76.7907443,0.129705661,12.88668859,0.824077936,0.023254716,0.155137881,1.130734844,3.508618466,4.568858917,0.044761968,,,,,,,
,,,,,,134,75.8632032,0.137586217,12.93345511,0.830592693,0.027363594,0.203327965,1.217934658,3.490106554,4.572425211,0.044929333,,,,,,,
,,,,,,135,76.33770552,0.132254781,13.00257224,0.850486447,0.022565185,0.171308755,1.110822364,3.437111636,4.73494648,0.046570041,,,,,,,
,,,,,,136,75.89108449,0.132796187,12.97817349,0.795597656,0.02190745,0.193722271,1.138121607,3.568713693,4.565479882,0.03423852,,,,,,,
,,,,,,137,75.16433862,0.121849091,13.0253643,0.875925018,0.022626666,0.153819854,1.180892239,3.472992745,4.578304077,0.044948786,,,,,,,
,,,,,,138,76.16943734,0.138778904,12.92058099,0.811604867,0.019747218,0.165298775,1.156717977,3.579771795,4.530144107,0.045377763,,,,,,,
,,,,,,139,76.04429204,0.10931323,13.04623297,0.894837685,0.019463843,0.193395189,1.167781235,3.537307038,4.63445535,0.035621526,,,,,,,
,,,,,,140,75.55759259,0.114532505,12.91452363,0.788765106,0.015868477,0.193934495,1.166027005,3.471070634,4.669244012,0.046758102,,,,,,,
,,,,,,141,75.99337277,0.179280503,13.02504957,0.759626007,0.021838162,0.176217267,1.0847321,3.543607723,4.577287391,0.04182753,,,,,,,
,,,,,,142,76.02876422,0.160064643,13.09413914,0.752954121,0.020225566,0.185086276,1.237188148,3.486146072,4.683624786,0.043762649,,,,,,,
,,,,,,143,76.23877054,0.139841238,12.87991833,0.871310749,0.018986982,0.187989055,1.083544397,3.381255823,4.659388031,0.049616539,,,,,,,
,,,,,,144,76.16388103,0.141286056,12.93865974,0.877523573,0.020990922,0.196452472,1.179167034,3.509924213,4.616240636,0.035694094,,,,,,,
,,,,,,145,76.37505546,0.113035588,12.90649057,0.919996454,0.019328632,0.184505265,1.08955637,3.573213637,4.582569063,0.037110286,,,,,,,
,,,,,,146,75.71200779,0.132727691,12.99541917,0.781728651,0.023576665,0.200089862,1.166501698,3.456883841,4.673456675,0.047122274,,,,,,,
,,,,,,147,75.8423531,0.121182682,13.03096116,0.840562277,0.02270911,0.203993259,1.235866635,3.551870338,4.673787843,0.046866224,,,,,,,
,,,,,,148,76.11132047,0.105975972,12.72994401,0.824112938,0.023934944,0.203722174,1.126649375,3.448126794,4.50194203,0.045153634,,,,,,,
,,,,,,149,76.52725566,0.152795121,12.83294255,0.839593819,0.018129751,0.12992251,1.151782958,3.273282668,4.636966396,0.041589296,,,,,,,
,,,,,,150,76.05585953,0.115081385,13.12747143,0.731422184,0.020022981,0.177197345,1.175774859,3.463935924,4.595502837,0.028855434,,,,,,,
,,,,,,151,76.00466102,0.11926804,12.69482478,0.79883204,0.023680236,0.18125066,1.096612413,3.522934857,4.503224467,0.046157074,,,,,,,
,,,,,,152,76.69533963,0.133887706,12.96823824,0.726382001,0.019380044,0.185325546,1.181814486,3.564174983,4.611551408,0.042395058,,,,,,,
,,,,,,153,76.49131375,0.124222864,13.12105817,0.87550986,0.019830164,0.193888554,1.106100854,3.58397907,4.636773027,0.044420589,,,,,,,
,,,,,,154,76.12639052,0.154332772,12.85712258,0.825763745,0.021215623,0.199234385,1.164473794,3.540196094,4.615530815,0.041123147,,,,,,,
,,,,,,155,76.35576034,0.142647497,12.94395992,0.791060636,0.024731435,0.200289962,1.125501505,3.334976045,4.637432802,0.042072103,,,,,,,
,,,,,,156,76.34103648,0.15476638,12.46733059,0.852565376,0.022204669,0.278791452,1.145506567,3.309190749,4.592677692,0.048625977,,,,,,,
,,,,,,157,76.246223,0.11989036,13.03787154,0.859656589,0.022637296,0.210692104,1.099389029,3.359822239,4.582709783,0.033385781,,,,,,,
,,,,,,158,75.9721388,0.115715244,12.75634953,0.762087398,0.022275624,0.172517848,1.081368755,3.364513937,4.616219341,0.046376309,,,,,,,
,,,,,,159,75.63661803,0.119206376,12.6372814,0.791196417,0.021569275,0.1885998,1.129816889,3.553430611,4.655401428,0.050478055,,,,,,,
,,,,,,160,76.52920333,0.136928543,12.82542441,0.833507005,0.021782992,0.174775669,1.045027216,3.515716732,4.576291936,0.038612341,,,,,,,
,,,,,,161,75.92701392,0.145607118,12.80448037,0.769121662,0.025189397,0.158281801,1.18231327,3.644005795,4.623299492,0.047471844,,,,,,,
,,,,,,162,75.79036508,0.142865582,13.15200939,0.76289063,0.018399535,0.192503985,1.146592002,3.419383608,4.632395042,0.036654819,,,,,,,
,,,,,,163,76.42712901,0.100304674,13.0471532,0.805932718,0.024770094,0.156510548,1.155082115,3.356882921,4.600885092,0.045574852,,,,,,,
,,,,,,164,75.94655025,0.123233089,12.62508828,0.974572527,0.020129327,0.181183089,1.088826115,3.458132175,4.531262348,0.049404708,,,,,,,
,,,,,,165,76.21996756,0.123059509,12.92228513,0.717528927,0.02227003,0.193902601,1.108235968,3.401147766,4.591687676,0.046864968,,,,,,,
,,,,,,166,75.75574404,0.131790144,12.57203512,0.866790328,0.024687023,0.158152301,1.229683156,3.469981096,4.597579589,0.037024535,,,,,,,
,,,,,,167,75.95852712,0.13968402,13.23578115,0.815386023,0.022659337,0.133255999,1.109303094,3.446426568,4.614935147,0.046274878,,,,,,,
,,,,,,168,76.28630509,0.131692463,12.85862796,0.891880792,0.021110035,0.159169644,1.1970394,3.333373405,4.683321681,0.056515659,,,,,,,
,,,,,,169,76.40043279,0.144166388,12.80536189,0.851349319,0.024789382,0.15331309,1.184721843,3.499734393,4.503424425,0.040119695,,,,,,,
,,,,,,170,76.81015796,0.127511471,12.77523449,0.827343709,0.021251293,0.151520486,1.240405809,3.396774727,4.729030775,0.038464386,,,,,,,
,,,,,,171,75.77939921,0.13195572,12.90582952,0.846590896,0.020304404,0.124470912,1.131302257,3.363839882,4.534780888,0.049225253,,,,,,,
,,,,,,172,75.54561459,0.148775831,13.14093404,0.850507603,0.023645778,0.187751901,1.075476395,3.545517294,4.556758924,0.032403979,,,,,,,
,,,,,,173,76.27829852,0.146729596,12.81824262,0.887481898,0.019113599,0.148473628,1.140020035,3.472264474,4.685483687,0.046385005,,,,,,,
,,,,,,174,76.14010939,0.126451761,13.12799486,0.823886731,0.024601737,0.198826441,1.210257133,3.531753559,4.656123577,0.038936426,,,,,,,
,,,,,,175,76.35481268,0.142724917,12.90668109,0.675515345,0.024243613,0.198889901,1.210929007,3.528363664,4.657222016,0.051018492,,,,,,,
,,,,,,176,75.89845729,0.109012599,12.96876888,0.821041841,0.024347076,0.205208115,1.178089164,3.457851366,4.747808214,0.036733194,,,,,,,
,,,,,,177,76.30863505,0.130768653,12.85278418,0.805514724,0.02534105,0.177205064,1.146848881,3.573055657,4.670346914,0.032930798,,,,,,,
,,,,,,178,75.36780508,0.120411072,13.05941023,0.824725063,0.022925593,0.1836514,1.061714933,3.532305953,4.61653336,0.046011667,,,,,,,
,,,,,,179,76.40880011,0.13353184,12.68277428,0.78911633,0.023920873,0.218807633,1.17244551,3.537490962,4.622040164,0.05127648,,,,,,,
,,,,,,180,75.8930817,0.108070129,12.92631449,0.922028938,0.022874836,0.201871545,1.117272196,3.493167349,4.592418023,0.052636503,,,,,,,
,,,,,,181,76.77952448,0.139945859,12.80293036,0.903652518,0.020893202,0.213690917,1.174673312,3.368755595,4.646071051,0.05098928,,,,,,,
,,,,,,182,76.30259674,0.120702093,12.92165743,0.880708943,0.023565153,0.166671907,1.139269057,3.608570524,4.582927649,0.042762251,,,,,,,
,,,,,,183,76.65210528,0.141565531,13.017406,0.833062212,0.020841548,0.20684394,1.028615043,3.551918006,4.61337413,0.050310163,,,,,,,
,,,,,,184,76.18210474,0.107216039,12.9188496,0.802222559,0.024413439,0.196372072,1.146143154,3.467072198,4.620642364,0.042350602,,,,,,,
,,,,,,185,76.47177344,0.134313535,12.89556898,0.788288569,0.019057506,0.16035656,1.170201616,3.376471004,4.646186638,0.051263141,,,,,,,
,,,,,,186,76.10213018,0.141714073,13.17900094,0.805267711,0.02330982,0.147768584,1.179884135,3.329796554,4.561654016,0.038083467,,,,,,,
,,,,,,187,75.55517453,0.142749767,13.09703489,0.856339668,0.019358813,0.171471152,1.119281682,3.483320656,4.556168093,0.042336126,,,,,,,
,,,,,,188,76.1205042,0.138279287,12.83942273,0.861708789,0.020819076,0.183976519,1.073396536,3.458167398,4.633624707,0.041846136,,,,,,,
,,,,,,189,75.65475437,0.123916479,13.12760712,0.753814377,0.018730049,0.201627546,1.110568373,3.295456048,4.654191429,0.052554002,,,,,,,
,,,,,,190,76.56952528,0.115994745,13.0811987,0.824617066,0.022932624,0.193324904,1.131669983,3.467131839,4.618583116,0.045362945,,,,,,,
,,,,,,191,76.05711785,0.143947635,12.96186476,0.86802563,0.02556104,0.163179575,1.105234601,3.383066834,4.656128948,0.038158672,,,,,,,
,,,,,,192,76.05799201,0.134348556,12.74950979,0.833342232,0.021851664,0.167789403,1.150651801,3.539409765,4.571236227,0.052061068,,,,,,,
,,,,,,193,75.93794923,0.151266679,12.91301503,0.959430562,0.020572653,0.206245498,1.190501296,3.322941441,4.68554713,0.049308653,,,,,,,
,,,,,,194,76.03027673,0.116290267,13.062315,0.872083414,0.02001669,0.213575612,1.18001664,3.426339772,4.6385913,0.036034258,,,,,,,
,,,,,,195,76.43870832,0.134050852,12.97034087,0.799295079,0.023647912,0.194604564,1.173718006,3.582954544,4.585561468,0.056967925,,,,,,,
,,,,,,196,76.50747623,0.137943384,13.1034628,0.757245975,0.02133531,0.181055809,1.171758121,3.56839218,4.606847599,0.048868816,,,,,,,
,,,,,,197,76.19626765,0.105338063,12.74303105,0.90192055,0.028726879,0.133632064,1.074995208,3.626407433,4.630955242,0.039512989,,,,,,,
,,,,,,198,76.00464819,0.14799058,12.98985772,0.832316899,0.020589806,0.174303441,1.171918385,3.542102642,4.671142808,0.045071561,,,,,,,
,,,,,,199,76.10510581,0.142456326,13.22794227,0.823594433,0.02125524,0.157604499,1.195292754,3.424042715,4.518871175,0.040542581,,,,,,,
,,,,,,200,76.44102337,0.132080844,13.04937445,0.748673588,0.019345115,0.22007208,1.199334449,3.420343263,4.681410008,0.035352795,,,,,,,
,,,,,MEAN,,76.07986777,0.133143743,12.91103797,0.82507249,0.021723808,0.185770423,1.145122351,3.467559933,4.625707348,0.043616348,#DIV/0!,#DIV/0!,#DIV/0!,#DIV/0!,#DIV/0!,#DIV/0!,#DIV/0!
,,,,,STDEV.S(),,0.319984935,0.012920319,0.146935154,0.055937668,0.002351747,0.027783706,0.04635743,0.092699817,0.056586181,0.007152393,#DIV/0!,#DIV/0!,#DIV/0!,#DIV/0!,#DIV/0!,#DIV/0!,#DIV/0!
,,,,,ST. ERROR,,0.001599925,6.46016E-05,0.000734676,0.000279688,1.17587E-05,0.000138919,0.000231787,0.000463499,0.000282931,3.5762E-05,#DIV/0!,#DIV/0!,#DIV/0!,#DIV/0!,#DIV/0!,#DIV/0!,#DIV/0!
,,,,,,,,,,,,,,,,,,,,,,,
,,,,,,,,,,,,,,,,,,,,,,,
,,"Snapshot 1 | Sheet: KHD-105-F | Wednesday, February 11, 2026  11:08:24 PM",,,,,,,,,,,,,,,,,,,,,
,,Oxide,Concentration,HAL 2-sigma uncertainty,,Iteration,Synthetic SiO2 Value,Synthetic TiO2 Value,Synthetic Al2O3 Value,Synthetic FeO Value,Synthetic MnO Value,Synthetic MgO Value,Synthetic CaO Value,Synthetic Na2O Value,Synthetic K2O Value,Synthetic P2O5 Value,,,,,,,
,,SiO2,71.78325735,0.349206452,,1,71.83636745,0.238540397,14.30795385,2.04261611,0.045260991,0.388541425,2.143925414,3.640077961,4.189330496,0.08512283,,,,,,,
,,TiO2,0.248589119,0.01524474,,2,71.87542985,0.238639369,14.57487348,2.006713846,0.039753748,0.365254802,2.167237169,3.900758686,3.956760879,0.08630523,,,,,,,
,,Al2O3,14.61661593,0.150549662,,3,71.50475117,0.235894298,14.55730045,1.974284042,0.045296042,0.348244262,2.278774059,3.845185866,4.057123347,0.092330914,,,,,,,
,,FeO*,2.034139102,0.096724373,,4,72.01568234,0.232447022,14.59318239,2.042915273,0.044167332,0.326772862,2.162698583,3.74868694,4.106814786,0.087609882,,,,,,,
,,MnO,0.042295937,0.003075479,,5,71.28256302,0.283718737,14.50642554,1.89129842,0.037546624,0.32154823,2.17510042,3.733641514,4.157639389,0.078764199,,,,,,,
,,MgO,0.36995122,0.038212931,,6,71.8179466,0.254503688,14.69685525,1.907823,0.042724687,0.345463037,2.281453096,3.741757732,4.161894769,0.09839321,,,,,,,
,,CaO,2.16602885,0.06140193,,7,71.47233187,0.248750667,14.40975218,1.995289797,0.042873371,0.346829568,2.158778402,3.885737459,4.109733073,0.074749911,,,,,,,
,,Na2O,3.790689564,0.095348071,,8,71.63429612,0.247580407,14.60786218,2.128533788,0.047958692,0.40873907,2.112820839,3.884710302,4.132111311,0.098789226,,,,,,,
,,K2O,4.133985566,0.053217487,,9,71.79227707,0.262047643,14.86480361,1.99020811,0.038695004,0.397394485,2.138427469,3.878694231,4.160229439,0.109363934,,,,,,,
,,P2O5,0.083390458,0.008285837,,10,71.51926715,0.224429496,14.639877,2.057888293,0.045137816,0.422336948,2.211546291,4.021946183,4.081046775,0.089524537,,,,,,,
,,,,,,11,71.70272497,0.264941992,14.52847059,1.885716325,0.041061208,0.379909508,2.151086708,3.883653077,4.106603427,0.08617954,,,,,,,
,,,,,,12,71.12914103,0.253279722,14.57810019,2.103492351,0.039251574,0.385813207,2.200965495,3.78710882,4.263307093,0.067813493,,,,,,,
,,,,,,13,71.71313883,0.247756672,14.4919855,2.138598487,0.03946624,0.319250112,2.090050503,3.855839414,4.107095628,0.069588591,,,,,,,
,,,,,,14,71.69565273,0.253218077,14.8166859,2.051790133,0.038873875,0.395755439,2.216673145,3.805665374,4.119105971,0.062860773,,,,,,,
,,,,,,15,71.73257126,0.250595691,14.74321966,2.080328744,0.038188278,0.373432265,2.224366549,3.848338083,4.158252522,0.081865201,,,,,,,
,,,,,,16,71.40525407,0.248556895,14.88029755,2.071182939,0.039726101,0.412937223,2.17838382,3.938177906,4.110166267,0.089497157,,,,,,,
,,,,,,17,70.93332026,0.252429147,14.58138725,2.028814475,0.042005641,0.380055093,2.268786091,3.735097758,4.0914877,0.089201502,,,,,,,
,,,,,,18,71.44580587,0.252431454,14.59984944,1.939981968,0.048860461,0.315947121,2.240096855,3.634687566,4.200936439,0.068077084,,,,,,,
,,,,,,19,71.83411677,0.208919424,14.63355237,2.059816949,0.045939966,0.385591794,2.245558029,3.889902401,4.174262564,0.082030336,,,,,,,
,,,,,,20,71.7072207,0.233589664,14.3557351,1.97151913,0.039133899,0.403139979,2.203691971,3.759161519,4.178139588,0.080358738,,,,,,,
,,,,,,21,71.3543168,0.250319192,14.82653931,1.847510972,0.038514245,0.264413007,2.092111001,3.781513737,4.071453519,0.077082802,,,,,,,
,,,,,,22,71.7635472,0.261281327,14.4282454,1.931391606,0.037202082,0.378883097,2.210379254,3.818005926,4.216272635,0.091665926,,,,,,,
,,,,,,23,71.71570992,0.273002683,14.44782631,2.108680398,0.041652664,0.335836859,2.182509747,3.744108133,4.060592132,0.097208798,,,,,,,
,,,,,,24,71.72476068,0.25329987,14.62277599,1.936978102,0.043730533,0.409700714,2.192966255,3.765086023,4.174633956,0.09432744,,,,,,,
,,,,,,25,72.10823717,0.237632281,14.72804153,1.94900041,0.044012795,0.355776122,2.122300573,3.843405581,4.083753789,0.085906845,,,,,,,
,,,,,,26,71.68048756,0.238967092,14.49511081,2.149915942,0.044715044,0.373942243,2.123489299,3.720107721,4.194159154,0.067220901,,,,,,,
,,,,,,27,72.10227855,0.284137916,14.65673813,2.203369863,0.043803795,0.357480506,2.177545575,3.921461308,4.129788686,0.07539402,,,,,,,
,,,,,,28,71.42449236,0.263563578,14.46216069,2.00802524,0.04458595,0.380577975,2.245994185,3.913776967,4.049183899,0.090327711,,,,,,,
,,,,,,29,71.80383547,0.248527271,14.57550115,1.891918694,0.045295362,0.366521908,2.232318708,3.834559744,4.093232367,0.084160794,,,,,,,
,,,,,,30,71.83219671,0.244569102,14.40019855,2.028549552,0.046701246,0.293373504,2.271862638,3.941593134,4.176238131,0.077670359,,,,,,,
,,,,,,31,72.25499905,0.23412613,14.52902029,2.035430617,0.045414096,0.394002415,2.23413505,3.794795302,4.148959238,0.087651868,,,,,,,
,,,,,,32,71.28982122,0.257653224,14.66485069,1.998186742,0.042713217,0.359806554,2.084646574,3.954559058,4.21163358,0.090027152,,,,,,,
,,,,,,33,72.05059531,0.236661394,14.53092256,1.993373373,0.043561898,0.368516418,2.174640912,3.742934652,4.112014814,0.07615252,,,,,,,
,,,,,,34,72.21813251,0.272942336,14.46226146,2.141396404,0.038091179,0.375084124,2.216292143,3.874030261,4.280364559,0.086916945,,,,,,,
,,,,,,35,71.95466569,0.256440274,14.36873668,1.881774491,0.046640011,0.374443561,2.111346392,3.780266293,4.175684869,0.087570004,,,,,,,
,,,,,,36,70.98571763,0.22943657,14.9672018,2.060048944,0.04022398,0.294226091,2.14942354,3.730953085,4.082781115,0.066550219,,,,,,,
,,,,,,37,71.5430056,0.26052297,14.53183156,2.055411206,0.044354819,0.411617814,2.222699681,3.912124863,4.130502549,0.082089921,,,,,,,
,,,,,,38,71.51847695,0.255902038,14.77597186,2.061950417,0.043646021,0.371282737,2.27805546,3.851935532,4.133828917,0.081775165,,,,,,,
,,,,,,39,72.14050311,0.259389689,14.60433712,2.004301935,0.040766884,0.393628187,2.117220266,3.660781154,4.191096819,0.076588538,,,,,,,
,,,,,,40,72.10239464,0.267732461,14.46399512,1.842254713,0.05033867,0.373462562,2.097692316,3.781540747,4.104344544,0.085354716,,,,,,,
,,,,,,41,71.87988495,0.253243498,14.35669619,1.991330507,0.039847084,0.356079689,2.062651045,3.783501638,4.135764717,0.088807016,,,,,,,
,,,,,,42,72.47610844,0.264234195,14.64798563,1.761838048,0.045205463,0.303565716,2.274787938,3.650303444,4.111352617,0.084042375,,,,,,,
,,,,,,43,71.23754928,0.256628861,14.57597853,2.056648717,0.03876682,0.384982196,2.120913385,3.838615613,4.224678852,0.082360372,,,,,,,
,,,,,,44,71.63623828,0.244281315,14.65307764,1.936849858,0.046224532,0.372653219,2.220891163,3.788898084,4.109758172,0.084357499,,,,,,,
,,,,,,45,71.38132909,0.25797051,14.65040376,1.965635685,0.045933802,0.410686339,2.21644165,3.955895553,4.146072975,0.096031486,,,,,,,
,,,,,,46,71.65544686,0.248440925,14.65448861,2.085832931,0.038910929,0.295626055,2.184244699,3.859519599,4.164260517,0.09304365,,,,,,,
,,,,,,47,71.45708251,0.279507331,14.27603486,2.101695075,0.039172195,0.344696721,2.143053641,3.780744383,4.143442888,0.078394043,,,,,,,
,,,,,,48,71.98707296,0.239488625,14.77306918,2.109244971,0.041248348,0.381732452,2.175252127,3.869447735,4.085469495,0.084253131,,,,,,,
,,,,,,49,72.17549629,0.258799546,14.55602252,1.846970533,0.045241186,0.403625077,2.102477291,3.977899083,4.07519623,0.067872673,,,,,,,
,,,,,,50,71.81768323,0.249168157,14.54777699,2.205214262,0.042432646,0.417667072,2.154958005,3.940200991,4.031824359,0.083740124,,,,,,,
,,,,,,51,72.08337213,0.229554874,14.70731627,2.061827298,0.043847059,0.400028814,2.297724918,3.794595827,4.165419091,0.086200838,,,,,,,
,,,,,,52,71.47980753,0.258600585,14.77904748,1.925559127,0.036185317,0.277634152,2.186479108,3.820044963,4.132927119,0.085004257,,,,,,,
,,,,,,53,71.38177703,0.229826962,14.88970206,2.093852451,0.040185617,0.409007008,2.265570781,3.633104536,4.197427265,0.075569932,,,,,,,
,,,,,,54,71.45836062,0.246734891,14.50928295,2.009014417,0.044043626,0.319870213,2.229099085,3.911418691,4.193404539,0.084229147,,,,,,,
,,,,,,55,71.20332895,0.233157099,14.61615861,2.236632431,0.042046104,0.4174501,2.128329708,3.645016486,4.157733348,0.086131122,,,,,,,
,,,,,,56,72.1615168,0.230669131,14.55973597,1.903443431,0.051913155,0.38339902,2.159282081,3.794049528,4.142569515,0.076100464,,,,,,,
,,,,,,57,71.63594064,0.261900867,14.64796139,2.120733886,0.04036801,0.403129636,2.271099787,3.554691533,4.214055558,0.084735501,,,,,,,
,,,,,,58,71.30299091,0.255962834,14.60149948,2.161725316,0.038628987,0.289822267,2.150467905,3.723063142,4.161705583,0.092046234,,,,,,,
,,,,,,59,71.58022929,0.237164778,14.67432731,2.092371083,0.041748204,0.368925816,2.110596912,3.553356831,4.128622692,0.077042408,,,,,,,
,,,,,,60,72.1523633,0.266922991,14.75442363,1.988754427,0.044804926,0.31415456,2.148230124,3.7493182,4.183999099,0.091477881,,,,,,,
,,,,,,61,71.48648134,0.253194929,14.57068392,1.923824303,0.04090896,0.342089455,2.250249266,3.753322867,4.181451016,0.084591737,,,,,,,
,,,,,,62,72.30977875,0.242932135,14.77439739,2.078409389,0.041001187,0.334991744,2.237139764,3.609884147,4.2025702,0.088022145,,,,,,,
,,,,,,63,71.62539046,0.25825219,14.71162017,1.948600926,0.045169507,0.391245569,2.263057255,3.763562698,4.166925149,0.087197577,,,,,,,
,,,,,,64,72.10791278,0.270309545,14.34808373,1.997018476,0.044286265,0.427762461,2.120925204,3.65633151,4.076114207,0.071582578,,,,,,,
,,,,,,65,72.02283393,0.256301659,14.5771039,2.136148063,0.045167372,0.346400485,2.247589544,3.747735546,4.116434051,0.071071526,,,,,,,
,,,,,,66,71.90803125,0.248912387,14.70938696,2.049509714,0.034552339,0.374839723,2.132659235,3.620995506,4.118919985,0.090874704,,,,,,,
,,,,,,67,72.63640863,0.258457062,14.71859417,1.972112972,0.046579394,0.313926141,2.106322729,3.576589597,4.125077919,0.079316741,,,,,,,
,,,,,,68,72.11900376,0.237565749,14.48800946,2.005660808,0.041675003,0.417147949,2.222076295,3.750429696,4.128099968,0.078786166,,,,,,,
,,,,,,69,72.00029216,0.250668782,14.47411787,1.995919378,0.053019522,0.356787628,2.069066146,3.708483123,4.196902842,0.070512588,,,,,,,
,,,,,,70,71.31895442,0.225844895,14.13422186,2.071835447,0.043921503,0.421097383,2.291422967,3.724265945,4.041171177,0.078725689,,,,,,,
,,,,,,71,71.77309442,0.244126628,14.4066278,2.043781004,0.033411254,0.323183625,2.098081615,3.737112908,4.1720065,0.074218889,,,,,,,
,,,,,,72,71.64220865,0.274877978,14.83307012,2.042888413,0.040001664,0.412529333,2.124153073,3.774442166,4.119324746,0.091830048,,,,,,,
,,,,,,73,71.34845376,0.257617826,14.514888,1.909538585,0.037120061,0.372590526,2.233156298,4.016951202,4.12229,0.082478223,,,,,,,
,,,,,,74,71.67918326,0.258026608,14.73529145,2.061331063,0.045813044,0.435487197,2.039336974,3.689180875,4.149474522,0.090794115,,,,,,,
,,,,,,75,71.4493513,0.267590856,14.67686972,2.097158779,0.042932049,0.385762646,2.102922683,3.88602518,4.133798666,0.084866593,,,,,,,
,,,,,,76,72.35568588,0.2531615,14.6181545,2.026340339,0.041898681,0.400883566,2.113188975,3.638250837,4.109250476,0.075820583,,,,,,,
,,,,,,77,72.33836664,0.252781937,14.69743596,2.001219548,0.039297799,0.330867243,2.061968535,4.084467704,4.108455899,0.082224083,,,,,,,
,,,,,,78,71.71610072,0.265007306,14.69884313,2.127330419,0.046309271,0.410314159,2.177077691,3.768292946,4.154858217,0.081487124,,,,,,,
,,,,,,79,71.36402236,0.235178147,14.69498896,1.971650793,0.037703361,0.300270495,2.117453344,3.649777765,4.106954625,0.09666995,,,,,,,
,,,,,,80,71.54229128,0.249673666,14.57123401,1.994274621,0.04215806,0.313559101,2.164807433,3.679619847,4.254875615,0.081921403,,,,,,,
,,,,,,81,71.70125296,0.269600183,14.68473108,2.005603152,0.042790289,0.330917391,2.207354732,3.956391268,4.110778887,0.063284079,,,,,,,
,,,,,,82,71.89449206,0.245534181,14.77103002,2.275079368,0.039692608,0.437636373,2.111843835,3.7872677,4.027425341,0.07475599,,,,,,,
,,,,,,83,71.46149484,0.241775833,14.94137064,1.975589385,0.040506486,0.373836696,2.102877456,4.021023208,4.04225778,0.081807226,,,,,,,
,,,,,,84,71.45100459,0.228718238,14.52765286,2.006076284,0.041106228,0.381276146,2.148514266,3.857199464,4.112271197,0.102709933,,,,,,,
,,,,,,85,72.2954393,0.259457418,14.42922148,1.957054941,0.040743254,0.290153815,2.184405937,3.647165833,4.104471359,0.071325697,,,,,,,
,,,,,,86,71.33931339,0.252978875,14.50337422,1.98462686,0.045765161,0.426790712,2.139646097,3.76106763,4.082217631,0.087516469,,,,,,,
,,,,,,87,71.53171525,0.241476579,14.59494438,2.040542069,0.041043112,0.39184775,2.206518303,3.809730032,4.111638076,0.077650806,,,,,,,
,,,,,,88,72.10716502,0.26314352,14.47637674,2.114711203,0.039124919,0.3743608,2.156517421,4.094362539,4.168765769,0.082127521,,,,,,,
,,,,,,89,71.48392736,0.24389471,14.53883517,1.983850572,0.043362496,0.351540899,2.283693661,3.874927145,4.155707789,0.08581882,,,,,,,
,,,,,,90,71.31838473,0.25118557,14.37516665,1.942830198,0.04665671,0.382499743,2.11202463,3.868606988,4.116110119,0.075233043,,,,,,,
,,,,,,91,72.23784831,0.254474638,14.53820669,1.981006609,0.040338337,0.35677405,2.078419839,3.953099071,4.16638223,0.08203109,,,,,,,
,,,,,,92,72.05476135,0.229724192,14.43331787,2.104710629,0.051701686,0.355754029,2.232547567,3.760641823,4.060593949,0.090291778,,,,,,,
,,,,,,93,71.65961018,0.214640282,14.63178013,1.992935169,0.044161797,0.421614281,2.237434288,4.018369785,4.164939318,0.078713982,,,,,,,
,,,,,,94,71.43843148,0.246222147,14.66743445,1.96799021,0.03971788,0.413317497,2.16523641,3.755031702,4.103042672,0.094544674,,,,,,,
,,,,,,95,71.91643554,0.240133502,14.82969552,2.09928272,0.044656588,0.375577999,2.202009101,3.800768912,4.147820284,0.085665624,,,,,,,
,,,,,,96,71.68426719,0.244408374,14.69670294,1.879695697,0.039741458,0.34638664,2.109269357,3.694268253,4.038259088,0.068174442,,,,,,,
,,,,,,97,71.77422948,0.248646007,14.7722606,1.854035775,0.043358498,0.34370835,2.151318416,3.941529272,4.158649853,0.086444253,,,,,,,
,,,,,,98,71.32406541,0.258479315,14.68560572,1.982555152,0.045736614,0.342601315,2.122413857,3.760281263,4.207913797,0.083330398,,,,,,,
,,,,,,99,71.74203765,0.213742951,14.85934238,2.106971623,0.042819685,0.427664849,2.191791691,3.712654059,4.20354289,0.084415535,,,,,,,
,,,,,,100,71.4446101,0.242909209,14.75990565,2.084938128,0.045400399,0.368091433,2.149339902,3.703472296,4.192906682,0.095296522,,,,,,,
,,,,,,101,70.75720803,0.246316123,14.40739265,2.094072528,0.039600973,0.365306179,2.195005251,3.795952899,4.09278385,0.084166827,,,,,,,
,,,,,,102,71.80192387,0.247429329,14.61649143,2.030006576,0.039167004,0.364635281,2.160351958,3.833759475,4.117646523,0.086804306,,,,,,,
,,,,,,103,71.81519648,0.240051106,14.36126758,2.195435081,0.041975839,0.353879381,2.058550345,3.649894644,4.105593578,0.074135247,,,,,,,
,,,,,,104,72.12912438,0.23939002,14.70541073,2.011015507,0.044245726,0.430403775,2.358201053,3.788365836,4.160764906,0.092062859,,,,,,,
,,,,,,105,71.1094507,0.235490571,14.39586769,2.029225665,0.044719958,0.385061796,2.160356988,3.894568671,4.04571889,0.077596158,,,,,,,
,,,,,,106,71.87620285,0.261233048,14.54287168,2.064294383,0.042127974,0.322837472,2.064185508,3.806079876,4.128401667,0.07914399,,,,,,,
,,,,,,107,71.50858272,0.261876595,14.65122751,1.959466825,0.040606182,0.390554164,2.188248542,3.775872421,4.195828343,0.080275921,,,,,,,
,,,,,,108,71.71446084,0.266301038,14.55432337,2.022531899,0.041761414,0.379139746,2.143972713,3.783517473,4.169208418,0.078986147,,,,,,,
,,,,,,109,72.60604056,0.248054316,14.68644086,2.113346029,0.039124189,0.385271819,2.220838237,3.824647951,4.045103021,0.085805605,,,,,,,
,,,,,,110,71.16802733,0.274040377,14.46827142,2.06079519,0.040309958,0.25173698,2.099527539,3.802876764,4.240133354,0.084523968,,,,,,,
,,,,,,111,71.72919158,0.241387825,14.62913856,2.122446224,0.041307821,0.399715441,2.24741475,3.697355632,4.134134992,0.087455769,,,,,,,
,,,,,,112,71.64785612,0.217412167,14.48074746,2.094287591,0.045891701,0.262265281,2.233779649,3.80225347,4.002468905,0.075664899,,,,,,,
,,,,,,113,72.06620262,0.241502519,14.49333792,1.915140738,0.04482777,0.390769956,2.213380439,3.782720183,4.19206137,0.079022637,,,,,,,
,,,,,,114,70.87288417,0.249489539,14.60301415,2.124760612,0.040268129,0.367946217,2.208888075,3.658625524,4.09874887,0.084049997,,,,,,,
,,,,,,115,71.51706068,0.249318098,14.61407614,1.875842865,0.040383905,0.496838812,2.193023103,3.815014176,4.18730073,0.081734645,,,,,,,
,,,,,,116,71.59123599,0.27208072,14.76280951,2.175538215,0.047501075,0.397381184,2.179834631,3.78777052,4.099175951,0.074507381,,,,,,,
,,,,,,117,71.54429205,0.243112832,14.73578344,2.07164306,0.042768645,0.362854902,2.118446923,3.812808941,4.162318471,0.071864552,,,,,,,
,,,,,,118,71.7993645,0.237444863,14.3546753,2.129393196,0.038701085,0.349459205,2.124722074,3.712623088,4.064384662,0.089142869,,,,,,,
,,,,,,119,71.40233417,0.227690438,14.55295247,1.97594135,0.038109941,0.318249668,2.097361853,3.624976838,4.060372283,0.082844308,,,,,,,
,,,,,,120,71.32815652,0.222826129,14.61873589,1.949480392,0.037765533,0.322384449,2.145330236,3.840718739,4.19276734,0.088994115,,,,,,,
,,,,,,121,71.85204368,0.215864085,14.72817785,2.016022924,0.048692486,0.326876342,2.231631842,3.769476719,4.159212902,0.091074624,,,,,,,
,,,,,,122,70.85237044,0.250621847,14.75332544,2.08420188,0.042392991,0.391812731,2.141779638,3.74637805,4.061505947,0.085452684,,,,,,,
,,,,,,123,72.12635967,0.230359233,14.76567773,2.157900755,0.042611356,0.406064255,2.251814818,3.932124135,4.10401408,0.069725812,,,,,,,
,,,,,,124,72.11567107,0.236166273,14.55929476,2.106250843,0.049232595,0.32011368,2.21867567,3.802901387,4.198616936,0.076573664,,,,,,,
,,,,,,125,72.31255491,0.25692126,14.73609669,1.969861803,0.04101458,0.404074258,2.127637099,3.784732888,4.178757508,0.090182979,,,,,,,
,,,,,,126,71.53462198,0.240195125,14.34126026,2.238890851,0.039614623,0.381370925,2.164131875,3.612800483,4.113230364,0.08945973,,,,,,,
,,,,,,127,72.35902404,0.248583163,14.72871775,2.166658803,0.042012567,0.333487188,2.079257742,3.714386492,4.214886629,0.087477648,,,,,,,
,,,,,,128,71.73583345,0.23952477,14.4849017,2.14144436,0.042491073,0.308813134,2.241660963,3.75800663,4.161639003,0.080747806,,,,,,,
,,,,,,129,71.67669982,0.226840006,14.70587881,1.863329204,0.041371907,0.3438187,2.264873658,3.896116845,4.255433498,0.0825433,,,,,,,
,,,,,,130,72.00309327,0.249895457,14.61313082,1.950202185,0.045125831,0.292292361,2.057440145,3.846806281,4.17506225,0.080954612,,,,,,,
,,,,,,131,71.62599118,0.251921667,14.38644018,2.219121005,0.043533824,0.382624053,2.167559461,3.791243666,4.126951831,0.089959579,,,,,,,
,,,,,,132,71.57217279,0.251064231,14.53605728,1.996927657,0.042700076,0.374039231,2.210707694,3.887773439,4.200880062,0.067997207,,,,,,,
,,,,,,133,72.0679242,0.268427465,14.60394627,2.126676593,0.038666117,0.348031655,2.117474771,3.913419729,4.029918634,0.082565814,,,,,,,
,,,,,,134,71.55583996,0.245185057,14.61455933,2.035101748,0.046432417,0.365410538,2.234223998,3.820547238,4.168043689,0.094009004,,,,,,,
,,,,,,135,71.36910652,0.24407471,14.43091099,1.903000953,0.040067182,0.395491232,2.196011778,3.775434445,4.142987091,0.082767532,,,,,,,
,,,,,,136,72.02433963,0.26483659,14.71106255,2.059137093,0.038071083,0.361202957,2.139081392,3.850405089,4.115513468,0.100297837,,,,,,,
,,,,,,137,71.61443412,0.260509877,14.61180306,2.041422465,0.039481147,0.270580328,2.258086468,3.907559703,4.187037556,0.099363562,,,,,,,
,,,,,,138,71.40101461,0.249431511,14.73208707,2.107326953,0.043750707,0.40045481,2.166212493,3.906973851,4.17337244,0.07687421,,,,,,,
,,,,,,139,71.58504357,0.236421205,14.65979035,2.003321333,0.043631496,0.389695604,2.143054456,3.968708153,4.135527728,0.079875501,,,,,,,
,,,,,,140,71.40738822,0.278433907,14.74918494,2.102908277,0.044001018,0.38127653,2.194269727,3.895026357,4.111990659,0.08720688,,,,,,,
,,,,,,141,71.82365948,0.239686181,14.78016083,2.01456763,0.047115278,0.361016507,2.210428388,3.707800788,4.174423013,0.082778546,,,,,,,
,,,,,,142,72.36145723,0.245738623,14.60710898,1.974788346,0.03535449,0.394006259,2.252421395,3.879799911,4.19987161,0.076920165,,,,,,,
,,,,,,143,71.81379455,0.210625132,14.61527213,1.97811182,0.04150844,0.372975893,2.172376336,3.991001557,4.201198733,0.092322959,,,,,,,
,,,,,,144,72.26077017,0.2344812,14.87758014,1.984020928,0.042608113,0.335668136,2.126235271,3.808279353,4.131023704,0.062756067,,,,,,,
,,,,,,145,71.75650947,0.245244295,14.6419055,1.996662437,0.039548746,0.372367569,2.20394269,3.782801188,4.12860707,0.092629402,,,,,,,
,,,,,,146,72.12051402,0.229913654,14.62457621,1.951706653,0.038608475,0.321550128,2.218838786,3.777810787,4.144136302,0.089885973,,,,,,,
,,,,,,147,71.49425364,0.275139272,14.69027861,1.807393341,0.038089578,0.449477457,2.131819911,3.833856451,4.144879176,0.071338668,,,,,,,
,,,,,,148,72.02199167,0.238029489,14.58786861,2.242925236,0.042309965,0.347355368,2.038257527,3.924791937,4.254853423,0.086868492,,,,,,,
,,,,,,149,71.1573087,0.248042668,14.84474205,2.007822312,0.044907056,0.345414327,2.249751983,3.790168702,4.135770399,0.086522391,,,,,,,
,,,,,,150,71.20621454,0.278107844,14.56663315,1.987376727,0.044285931,0.398990008,2.08177528,3.730012556,4.087600254,0.092907469,,,,,,,
,,,,,,151,71.74882802,0.21660084,14.77655127,2.069516254,0.042089329,0.32529897,2.199940496,3.750026298,4.155991235,0.082039641,,,,,,,
,,,,,,152,71.62241614,0.251215771,14.74649472,2.066875067,0.038726455,0.391807626,2.064144389,3.82390974,4.097471207,0.071541434,,,,,,,
,,,,,,153,71.65400722,0.260468261,14.36862061,2.097603521,0.037877442,0.379397469,2.21413349,3.891024542,4.162955892,0.07401913,,,,,,,
,,,,,,154,71.93511488,0.259085295,14.66536175,1.981016632,0.046691879,0.396737495,2.088008975,3.679815244,4.196460972,0.094894712,,,,,,,
,,,,,,155,72.37651479,0.243710001,14.78096854,1.978822719,0.04390443,0.407392494,2.194044028,3.862261796,4.02940599,0.058671127,,,,,,,
,,,,,,156,71.49295371,0.263077182,14.64795029,1.955785505,0.047061507,0.366778009,2.036932016,3.795105628,4.146873181,0.092776372,,,,,,,
,,,,,,157,71.0155652,0.260572245,14.5845603,1.922256675,0.040008046,0.358009861,2.211293972,3.661452729,4.161247954,0.089509971,,,,,,,
,,,,,,158,72.10631007,0.239226541,14.61151928,2.07214383,0.03756721,0.430597418,2.127834545,3.730644149,4.181619192,0.084557283,,,,,,,
,,,,,,159,72.25292958,0.249800658,14.69559027,1.971896323,0.045420143,0.372734532,2.246134764,3.723568646,4.107408469,0.083062877,,,,,,,
,,,,,,160,72.22449729,0.247120242,14.69668245,2.086561291,0.040429283,0.411161544,2.156913226,3.959147872,4.077521491,0.089124356,,,,,,,
,,,,,,161,71.40167603,0.244827723,14.55862248,1.907454046,0.043172351,0.363357612,2.227690391,3.712317197,4.048035085,0.098541756,,,,,,,
,,,,,,162,71.80458704,0.235443951,14.56250072,2.120793231,0.042769276,0.374269768,2.036789011,3.668023993,4.084160295,0.070929076,,,,,,,
,,,,,,163,71.98593406,0.233342638,14.75058174,2.174764446,0.043394247,0.427639938,2.239202085,3.879720273,4.136209057,0.080537192,,,,,,,
,,,,,,164,71.66386964,0.26403681,14.48401251,1.832956058,0.043242823,0.377741339,2.218197831,3.869403257,4.070249981,0.089904268,,,,,,,
,,,,,,165,72.22790122,0.260019105,14.52963182,1.961756653,0.04560894,0.284740192,2.214680466,3.898079986,4.276416759,0.081445666,,,,,,,
,,,,,,166,71.56740027,0.26576505,14.61287737,2.005140958,0.039033878,0.383343067,2.117961951,3.72537552,4.166095012,0.092877085,,,,,,,
,,,,,,167,71.81819405,0.277215588,14.73555457,1.979758511,0.041204855,0.350486847,2.136155981,3.852608018,4.098402352,0.073195514,,,,,,,
,,,,,,168,71.73246121,0.236699898,14.61990858,1.896282307,0.041433464,0.42317496,2.09413008,3.762027894,4.089441671,0.069194161,,,,,,,
,,,,,,169,71.54480588,0.24202702,14.36073618,2.198565853,0.045057809,0.35289063,2.114895417,3.701651525,4.09656878,0.085600723,,,,,,,
,,,,,,170,71.81687652,0.236811377,14.94949298,2.067010653,0.040391719,0.358276145,2.240655359,3.808534018,4.1316525,0.086850024,,,,,,,
,,,,,,171,71.78059979,0.239565644,14.82067339,2.015289325,0.041637332,0.403634728,2.267775089,3.772835425,4.096904504,0.0842632,,,,,,,
,,,,,,172,71.54965235,0.247686655,14.52649987,2.06625002,0.038165408,0.340365076,2.201335108,3.762391213,4.199780332,0.072645388,,,,,,,
,,,,,,173,72.07401812,0.257942286,14.39056327,2.024616059,0.038400712,0.343493959,2.254708175,3.84068444,4.166805009,0.094720165,,,,,,,
,,,,,,174,71.66004816,0.241137266,14.64045163,2.011751893,0.03855861,0.373157419,2.167352694,3.839338736,4.136883151,0.087636616,,,,,,,
,,,,,,175,71.03605422,0.257323048,14.46596474,1.972564956,0.04595332,0.419110861,2.19063681,3.821426055,4.164182315,0.095218501,,,,,,,
,,,,,,176,71.98900328,0.235384507,14.60524366,2.055699306,0.043973761,0.353730217,2.095491432,3.728727296,4.172935304,0.072661781,,,,,,,
,,,,,,177,71.85453234,0.264335723,14.78076965,2.087193819,0.0420621,0.416864116,2.215605063,3.930857523,4.161834326,0.076923799,,,,,,,
,,,,,,178,71.62226135,0.26141443,14.89408351,2.079820673,0.041191185,0.351244041,2.091924915,3.710460994,4.091220395,0.08790014,,,,,,,
,,,,,,179,71.74178269,0.243101577,14.82695876,2.00429611,0.046511819,0.389963391,2.14765393,4.042233806,4.102308964,0.086372089,,,,,,,
,,,,,,180,71.40505312,0.238990434,14.40970738,2.006221876,0.04287033,0.391644918,2.122429077,3.832595604,4.19570004,0.079578231,,,,,,,
,,,,,,181,71.69651398,0.22444694,14.29105513,1.86893456,0.044057818,0.415056635,2.099427687,3.735694978,4.086758527,0.075790188,,,,,,,
,,,,,,182,71.81257167,0.263054378,14.7695227,1.891105287,0.042474831,0.363264279,2.218057579,3.720123386,4.132891586,0.081998804,,,,,,,
,,,,,,183,71.59427928,0.244336838,14.65564901,2.009766177,0.042085699,0.356789071,2.227676,3.735546632,4.142080805,0.096686222,,,,,,,
,,,,,,184,71.7107983,0.249128052,14.86225187,2.034351297,0.039483556,0.373923857,2.230997929,3.690742748,4.091045356,0.089571022,,,,,,,
,,,,,,185,72.03806797,0.238510894,14.5435803,1.948012683,0.041302434,0.406919293,2.196386553,3.907979931,4.216061923,0.081504862,,,,,,,
,,,,,,186,72.85306724,0.22632301,14.58359475,2.032683137,0.037363336,0.370950866,2.071264139,3.767097556,4.201413558,0.092554308,,,,,,,
,,,,,,187,71.76576815,0.236173211,14.75244063,2.11173488,0.044533597,0.316284644,2.094366792,3.864501352,4.149967509,0.085460309,,,,,,,
,,,,,,188,72.32958562,0.257710949,14.64634866,2.007443222,0.040593592,0.394261707,2.211845599,3.764240844,4.115987075,0.085924724,,,,,,,
,,,,,,189,71.56766406,0.231253052,14.49853672,1.939965561,0.043235814,0.367012237,2.041170166,3.635488689,4.130724341,0.091615649,,,,,,,
,,,,,,190,71.44069939,0.260953123,14.80813731,1.996565058,0.039618447,0.399809656,2.140450608,3.892590871,4.153981422,0.080678142,,,,,,,
,,,,,,191,71.3138676,0.248761658,14.62810504,2.071687708,0.042470556,0.345061543,2.152163871,3.652881919,4.076943645,0.08254964,,,,,,,
,,,,,,192,71.43225831,0.252282727,14.57649289,2.063193821,0.040290194,0.344481081,2.100869541,3.862356376,4.173392544,0.064247371,,,,,,,
,,,,,,193,71.95883025,0.277530913,14.82335693,2.157148828,0.038335104,0.443946588,2.276118876,3.917522033,4.125767223,0.082727982,,,,,,,
,,,,,,194,72.09209781,0.277736852,14.76304619,2.132338957,0.041664199,0.415965132,2.208933109,3.78543986,4.185686673,0.068685425,,,,,,,
,,,,,,195,71.4871382,0.241816402,14.61979728,1.998398672,0.045863182,0.389255637,2.108945085,3.887781522,4.078120381,0.092928957,,,,,,,
,,,,,,196,72.10631372,0.224656277,14.35010689,1.877184866,0.045020511,0.336779517,2.054880798,3.59799947,4.13904289,0.079872613,,,,,,,
,,,,,,197,71.53142473,0.245960644,14.46871521,2.016074869,0.044194426,0.319760624,2.132255143,3.660979016,4.140723145,0.0640992,,,,,,,
,,,,,,198,71.80318835,0.243600495,14.58272745,2.051358504,0.042366583,0.353066248,2.175404045,3.745951062,4.096190805,0.085901165,,,,,,,
,,,,,,199,72.10219489,0.242276816,14.6050221,2.12955867,0.047111186,0.384991446,2.233705454,3.854913593,4.164376354,0.096027679,,,,,,,
,,,,,,200,72.1845648,0.261418775,14.65333348,1.916918642,0.045562842,0.285657022,2.177304457,3.668541326,4.089718715,0.084936181,,,,,,,
,,,,,MEAN,,71.73342742,0.248534383,14.61358112,2.02561466,0.04234212,0.368448409,2.171230805,3.798529023,4.137071869,0.083177072,#DIV/0!,#DIV/0!,#DIV/0!,#DIV/0!,#DIV/0!,#DIV/0!,#DIV/0!
,,,,,STDEV.S(),,0.35824509,0.014654517,0.145307727,0.090796931,0.003241788,0.040017553,0.064145519,0.10305923,0.053457022,0.008630763,#DIV/0!,#DIV/0!,#DIV/0!,#DIV/0!,#DIV/0!,#DIV/0!,#DIV/0!
,,,,,ST. ERROR,,0.001791225,7.32726E-05,0.000726539,0.000453985,1.62089E-05,0.000200088,0.000320728,0.000515296,0.000267285,4.31538E-05,#DIV/0!,#DIV/0!,#DIV/0!,#DIV/0!,#DIV/0!,#DIV/0!,#DIV/0!
,,,,,,,,,,,,,,,,,,,,,,,
,,,,,,,,,,,,,,,,,,,,,,,
,,"Snapshot 1 | Sheet: KHD-107-C | Wednesday, February 11, 2026  11:08:24 PM",,,,,,,,,,,,,,,,,,,,,
,,Oxide,Concentration,HAL 2-sigma uncertainty,,Iteration,Synthetic SiO2 Value,Synthetic TiO2 Value,Synthetic Al2O3 Value,Synthetic FeO Value,Synthetic MnO Value,Synthetic MgO Value,Synthetic CaO Value,Synthetic Na2O Value,Synthetic K2O Value,Synthetic P2O5 Value,,,,,,,
,,SiO2,74.32791381,0.3544081,,1,74.17196557,0.165667732,13.19095442,1.302905806,0.012375385,0.247371829,1.47000021,3.048612255,5.294242118,0.051083315,,,,,,,
,,TiO2,0.17257061,0.013706523,,2,74.41317465,0.167208964,13.53773357,1.340789581,0.022300408,0.303816392,1.384873675,3.171101641,5.272528143,0.045562358,,,,,,,
,,Al2O3,13.44714872,0.14837194,,3,73.88578019,0.178289165,13.45459203,1.319588924,0.02027846,0.284079761,1.486196522,3.119987079,5.276217257,0.046202915,,,,,,,
,,FeO*,1.386604743,0.077131214,,4,74.31648936,0.166932977,13.44448406,1.403683941,0.017428579,0.254225266,1.507530284,3.216602121,5.191337901,0.049938365,,,,,,,
,,MnO,0.020393169,0.002465618,,5,74.40184007,0.17715389,13.5226525,1.290733478,0.022332472,0.257151196,1.455287059,3.051632795,5.122756451,0.055680931,,,,,,,
,,MgO,0.25202625,0.032988381,,6,74.71180345,0.215082341,13.4801216,1.398332159,0.020937084,0.214409579,1.365433878,3.281950023,5.312535958,0.052456396,,,,,,,
,,CaO,1.461519074,0.051857187,,7,74.20069548,0.182924083,13.28809599,1.451640571,0.021029583,0.323831619,1.454910206,3.047816739,5.303518425,0.076500041,,,,,,,
,,Na2O,3.111732083,0.090775137,,8,74.46542286,0.157218966,13.30018099,1.462102654,0.024706555,0.23899322,1.496394097,3.079162261,5.159760838,0.063860856,,,,,,,
,,K2O,5.222973743,0.058970575,,9,74.96564259,0.167807555,13.30101788,1.430865283,0.020729509,0.25306058,1.526654056,3.142678544,5.263350887,0.051241475,,,,,,,
,,P2O5,0.058873504,0.007683092,,10,73.95401281,0.170927395,13.55954777,1.343037794,0.022336169,0.238078892,1.509311781,3.007340023,5.285970115,0.049208636,,,,,,,
,,,,,,11,74.7304841,0.179948502,13.43288792,1.244461437,0.017472016,0.232201154,1.494237566,3.152378107,5.275543223,0.068326179,,,,,,,
,,,,,,12,73.78057232,0.179898617,13.32009416,1.341551318,0.0174282,0.200772958,1.525616558,3.061855869,5.277537728,0.058430427,,,,,,,
,,,,,,13,74.02952032,0.173440103,13.14578916,1.442400098,0.018237128,0.308578583,1.47123876,3.153641344,5.193929175,0.056000642,,,,,,,
,,,,,,14,74.20135112,0.171455457,13.50444692,1.488755739,0.019319569,0.270942485,1.435920861,3.099701441,5.25724506,0.060126291,,,,,,,
,,,,,,15,74.44579797,0.18464481,13.16945536,1.475353974,0.019266534,0.233300128,1.468251963,3.05848177,5.166402605,0.048856559,,,,,,,
,,,,,,16,74.39088966,0.185643623,13.63789643,1.430247398,0.018115165,0.292630764,1.495989728,3.025182089,5.209605145,0.057120404,,,,,,,
,,,,,,17,73.65928543,0.160912194,13.43101079,1.359951876,0.020832728,0.235424854,1.461624594,3.205769492,5.383727933,0.059304266,,,,,,,
,,,,,,18,74.24638293,0.169542251,13.22731393,1.433242092,0.015816412,0.260321355,1.387176389,3.012463161,5.256250959,0.061253118,,,,,,,
,,,,,,19,74.79289594,0.147466133,13.36292465,1.248516975,0.017293347,0.253419731,1.405866389,2.88572855,5.203711102,0.068548975,,,,,,,
,,,,,,20,73.53072746,0.155063675,13.41401589,1.34177335,0.022164302,0.210628811,1.457330262,3.141389867,5.266956013,0.061527986,,,,,,,
,,,,,,21,74.28845974,0.181858291,13.76780135,1.323737691,0.01572698,0.283244247,1.424027163,3.059742177,5.342350636,0.069935087,,,,,,,
,,,,,,22,75.11369351,0.193892454,13.3035919,1.425010637,0.020836058,0.214697218,1.442913998,2.966529277,5.379845602,0.051160361,,,,,,,
,,,,,,23,74.59297525,0.182325789,13.39761492,1.433726269,0.0224621,0.295576492,1.482256659,3.263014021,5.152292553,0.063195164,,,,,,,
,,,,,,24,74.15702644,0.188215857,13.29788594,1.299162903,0.02103358,0.299818466,1.516859758,3.120223869,5.208501544,0.059968881,,,,,,,
,,,,,,25,73.91391902,0.171531291,13.67029025,1.513888029,0.021624291,0.16990727,1.474088763,2.966624553,5.24877553,0.055899772,,,,,,,
,,,,,,26,73.81989109,0.170189298,13.51363663,1.455391159,0.018381564,0.219422568,1.444862996,3.107542077,5.253235747,0.066213523,,,,,,,
,,,,,,27,74.3192805,0.172983517,12.98950239,1.490676614,0.02339475,0.250080193,1.440870528,3.135619077,5.212175299,0.047984456,,,,,,,
,,,,,,28,74.89146169,0.182905442,13.3954928,1.310800189,0.022755223,0.293104274,1.492297207,3.061211502,5.248446955,0.053450045,,,,,,,
,,,,,,29,74.96415999,0.167719781,13.4254176,1.327101116,0.016873396,0.25781117,1.399464308,3.10065089,5.274265948,0.060890175,,,,,,,
,,,,,,30,74.28401287,0.161772288,13.50928209,1.379266742,0.018813539,0.27250738,1.397524326,3.099619814,5.188445722,0.065320504,,,,,,,
,,,,,,31,74.04783983,0.165666237,13.29456073,1.312754583,0.020098252,0.271284544,1.569867299,3.021187369,5.215980724,0.050882546,,,,,,,
,,,,,,32,74.42338281,0.163409864,13.3653133,1.443969844,0.025479689,0.305173752,1.563673703,3.145716995,5.173518221,0.063081018,,,,,,,
,,,,,,33,74.88629911,0.167378868,13.19498498,1.344260664,0.023789726,0.255566725,1.519237035,3.121442509,5.227808718,0.063155189,,,,,,,
,,,,,,34,74.59848605,0.166313885,13.4103444,1.363563039,0.019333702,0.295911697,1.404488817,3.188995287,5.172077023,0.063457999,,,,,,,
,,,,,,35,74.70740047,0.170545932,13.34923974,1.453020297,0.018725465,0.32797527,1.468527935,3.075198602,5.139416551,0.064903534,,,,,,,
,,,,,,36,74.38057775,0.147707307,13.44894262,1.355032509,0.018476223,0.201569092,1.429868592,3.108529894,5.226950806,0.048536627,,,,,,,
,,,,,,37,74.58171808,0.148150893,13.55112962,1.440922928,0.018557796,0.276073648,1.467176394,3.055451391,5.310522598,0.065515829,,,,,,,
,,,,,,38,73.74496249,0.177361632,13.4316927,1.430220713,0.024570523,0.240448197,1.446411767,3.06906119,5.260295459,0.068565724,,,,,,,
,,,,,,39,74.45466341,0.190274597,13.45262547,1.332725886,0.020970644,0.229374823,1.471827501,3.195378352,5.297977457,0.057460663,,,,,,,
,,,,,,40,74.42890726,0.166637268,13.58327122,1.328657306,0.016884303,0.242801773,1.520226664,3.09567987,5.152209569,0.059254727,,,,,,,
,,,,,,41,74.90184267,0.184278761,13.54203898,1.462901622,0.016749106,0.227118431,1.392589525,3.121475694,5.199909753,0.065574494,,,,,,,
,,,,,,42,74.21927682,0.192934681,13.64280951,1.584136632,0.020588035,0.172827099,1.354041272,3.053606674,5.194681783,0.061663835,,,,,,,
,,,,,,43,74.17925983,0.167606412,13.5115264,1.469081817,0.019225423,0.199658652,1.46362131,3.170038656,5.334558679,0.044235688,,,,,,,
,,,,,,44,74.33087415,0.200503672,13.46210815,1.393974318,0.021522372,0.285429741,1.466505297,3.106828502,5.28485177,0.061467069,,,,,,,
,,,,,,45,74.41203748,0.164053222,13.00139523,1.423999686,0.017690197,0.201033832,1.443519084,3.275130379,5.236163961,0.068767563,,,,,,,
,,,,,,46,74.5333015,0.166582762,13.51493975,1.428405434,0.019899288,0.247494882,1.594758141,3.113350877,5.228006207,0.056443115,,,,,,,
,,,,,,47,74.77258091,0.175889298,13.35333708,1.45440643,0.022056463,0.297491031,1.463205864,3.081816936,5.217785047,0.058307409,,,,,,,
,,,,,,48,74.26439735,0.157133081,13.59151957,1.620273441,0.019364782,0.247623728,1.465653296,3.169506613,5.28768735,0.05751082,,,,,,,
,,,,,,49,74.47208696,0.161809252,13.26655329,1.321514337,0.019231126,0.296559322,1.45761213,3.138148092,5.287219656,0.062703398,,,,,,,
,,,,,,50,74.63095207,0.186696461,13.55924624,1.395957344,0.022638584,0.282046712,1.560585032,3.176483591,5.197608968,0.054637672,,,,,,,
,,,,,,51,74.23691548,0.176573882,13.36216724,1.519534627,0.022989983,0.251902574,1.524761613,2.904741452,5.193134928,0.053515051,,,,,,,
,,,,,,52,73.9783997,0.159154107,13.60727898,1.397846499,0.025736283,0.240832716,1.416435463,3.055571378,5.218733348,0.058397246,,,,,,,
,,,,,,53,73.80282758,0.160916734,13.59056737,1.414511048,0.023832827,0.234767681,1.579557172,3.200545157,5.239193953,0.058934463,,,,,,,
,,,,,,54,74.90813874,0.190385622,13.37582195,1.418169746,0.017916053,0.22876679,1.52867533,2.908465173,5.20580047,0.06225957,,,,,,,
,,,,,,55,74.12516323,0.180819141,13.6077563,1.562858917,0.022935266,0.305039272,1.529689355,3.268740774,5.215905226,0.062808399,,,,,,,
,,,,,,56,74.24626007,0.191115897,13.57825383,1.386638563,0.019258348,0.227532447,1.505748103,3.117179775,5.180381871,0.064813098,,,,,,,
,,,,,,57,74.15582943,0.168959785,13.38677782,1.428780809,0.021062281,0.223714359,1.484265516,3.092284685,5.158077813,0.060463847,,,,,,,
,,,,,,58,74.69937503,0.155052911,13.51912531,1.4946761,0.023310523,0.239284025,1.437343233,3.110069479,5.248810171,0.065286026,,,,,,,
,,,,,,59,74.56214743,0.178482897,13.35544162,1.50828457,0.021814696,0.304113395,1.504331903,3.089933119,5.339743998,0.068423774,,,,,,,
,,,,,,60,74.45573382,0.161164527,13.27343443,1.429814554,0.02685861,0.24789368,1.514248487,3.101186394,5.192734911,0.054110575,,,,,,,
,,,,,,61,74.5003708,0.164558583,13.50131787,1.467894972,0.019899455,0.219993459,1.431244148,3.072232268,5.260300142,0.066748842,,,,,,,
,,,,,,62,73.88337531,0.153239522,13.42122309,1.398560423,0.018354718,0.333326839,1.462693407,3.182704236,5.202835891,0.067225397,,,,,,,
,,,,,,63,74.15822947,0.178256071,13.29323454,1.392036257,0.020190101,0.240215008,1.516611771,3.232905692,5.270919714,0.05159313,,,,,,,
,,,,,,64,74.73946268,0.189306134,13.4830568,1.399969288,0.017305375,0.291493553,1.418670612,3.1194796,5.295946557,0.052758688,,,,,,,
,,,,,,65,73.94057668,0.15891732,13.37838812,1.31907205,0.022388691,0.255624796,1.440085502,3.2034934,5.206115381,0.062144171,,,,,,,
,,,,,,66,74.55453193,0.155908419,13.26896677,1.352949372,0.020688221,0.224790851,1.471691537,3.095112601,5.173082028,0.055906239,,,,,,,
,,,,,,67,74.55536665,0.190451961,13.34406283,1.468467679,0.023081089,0.2174478,1.47532873,3.045037739,5.192506245,0.056604918,,,,,,,
,,,,,,68,73.85088067,0.166020348,13.36467121,1.333100128,0.022648267,0.264218716,1.408954057,2.974116696,5.248998888,0.058147993,,,,,,,
,,,,,,69,74.04347181,0.186418485,13.36231336,1.382090658,0.018769183,0.298190919,1.426139487,3.206742795,5.220096831,0.068460813,,,,,,,
,,,,,,70,74.82079057,0.187576122,13.26823532,1.380986697,0.019722951,0.223822734,1.496124526,3.127314166,5.133059665,0.063688956,,,,,,,
,,,,,,71,74.95588751,0.151392924,13.49830821,1.397694473,0.018777267,0.231586177,1.428042063,3.15736748,5.253900552,0.062592722,,,,,,,
,,,,,,72,74.31889303,0.191106515,13.45326414,1.389565664,0.020223308,0.231928114,1.39688581,3.171339352,5.153600451,0.056124762,,,,,,,
,,,,,,73,74.87378905,0.154567742,13.54818064,1.308718872,0.022935951,0.208572377,1.526688352,3.113248636,5.281685946,0.052664163,,,,,,,
,,,,,,74,74.18781189,0.182502234,13.50319232,1.40548345,0.018612711,0.230985157,1.504553273,3.170910676,5.244059494,0.051258721,,,,,,,
,,,,,,75,74.40826076,0.186715487,13.7669407,1.415444323,0.017566829,0.21879614,1.500062065,3.038170718,5.220885851,0.061188077,,,,,,,
,,,,,,76,74.31336091,0.177308618,13.30171148,1.321469427,0.02094111,0.264358223,1.445329472,3.081799624,5.198621054,0.076439037,,,,,,,
,,,,,,77,74.16611036,0.184866681,13.08446559,1.493646299,0.022473798,0.264816302,1.525615967,2.985499476,5.280016799,0.061845931,,,,,,,
,,,,,,78,73.83165899,0.177106451,13.43555279,1.284429783,0.015980631,0.253141133,1.462727001,3.079982969,5.181594965,0.064087015,,,,,,,
,,,,,,79,74.1554455,0.163571007,13.62864399,1.454686815,0.018961766,0.235810848,1.434142032,3.069341192,5.210314156,0.066630869,,,,,,,
,,,,,,80,74.74730505,0.181461001,13.56126488,1.428675773,0.019725779,0.231605371,1.522034689,3.044410697,5.391460772,0.06702384,,,,,,,
,,,,,,81,74.28222189,0.191026512,13.59336357,1.413756835,0.017387585,0.303230454,1.399742546,3.115858117,5.218405465,0.063353744,,,,,,,
,,,,,,82,74.38673966,0.165673277,13.2118606,1.443428885,0.018156081,0.239312926,1.508749894,3.260853571,5.15918931,0.0612863,,,,,,,
,,,,,,83,73.69310475,0.167287233,13.4343973,1.294254709,0.019444373,0.250341456,1.409451942,3.01690564,5.281862717,0.051060837,,,,,,,
,,,,,,84,73.84075805,0.181878845,13.30052536,1.46112803,0.019233024,0.291595889,1.492631608,3.085365353,5.310249985,0.048261779,,,,,,,
,,,,,,85,73.90203266,0.175174093,13.50855982,1.309018726,0.016010758,0.399621715,1.482401816,3.061736254,5.176495753,0.048637452,,,,,,,
,,,,,,86,73.97807952,0.181319726,13.25841262,1.376907604,0.016409123,0.274259124,1.46666952,3.225025906,5.256282837,0.057007033,,,,,,,
,,,,,,87,74.26841434,0.158877423,13.41988897,1.305851309,0.01506483,0.214645493,1.420533075,3.227930881,5.300718218,0.058231109,,,,,,,
,,,,,,88,74.38489711,0.173372061,13.53908297,1.226667065,0.022445747,0.258986174,1.458825241,3.020446723,5.226813752,0.063593869,,,,,,,
,,,,,,89,74.4126482,0.168824334,13.2701095,1.485267983,0.019527154,0.28097644,1.487315097,3.143036631,5.254872893,0.052735093,,,,,,,
,,,,,,90,74.5319614,0.178908109,13.57312842,1.527517405,0.021649923,0.241881542,1.495681057,3.045082052,5.246446576,0.062689902,,,,,,,
,,,,,,91,74.33093136,0.15769079,13.2765187,1.365835182,0.021199001,0.239904427,1.459212609,3.233030433,5.210062126,0.061364463,,,,,,,
,,,,,,92,73.83360237,0.192795425,13.63007138,1.434114175,0.018126343,0.236274409,1.555457957,3.051041462,5.201059586,0.067939055,,,,,,,
,,,,,,93,74.53554084,0.164403313,13.66222511,1.386940375,0.02071203,0.242885586,1.460853142,2.967441624,5.256821203,0.063231637,,,,,,,
,,,,,,94,74.28794315,0.197650331,13.51513183,1.384783658,0.023466175,0.239566944,1.526396536,3.256308893,5.23361176,0.058557353,,,,,,,
,,,,,,95,74.15199004,0.144250328,13.77217405,1.422097286,0.019479424,0.204792539,1.482394558,3.137598665,5.24878299,0.064964084,,,,,,,
,,,,,,96,74.37096026,0.156095031,13.5493737,1.364540087,0.016381837,0.227757621,1.364578574,3.112317082,5.236107004,0.057796971,,,,,,,
,,,,,,97,73.89755787,0.17779367,13.40252744,1.308421914,0.021531254,0.22172261,1.423023354,3.173239131,5.167086747,0.069961521,,,,,,,
,,,,,,98,74.10902549,0.157008599,13.48543749,1.318277399,0.019598219,0.272619215,1.495055861,3.064898731,5.215287866,0.058580315,,,,,,,
,,,,,,99,74.39612135,0.165749326,13.24424855,1.347369153,0.016140427,0.247492741,1.423398436,3.023159136,5.16485149,0.049053392,,,,,,,
,,,,,,100,74.60055902,0.171299909,13.39279965,1.406050424,0.022469734,0.205196379,1.434737977,3.167935983,5.225759036,0.056274154,,,,,,,
,,,,,,101,74.12824288,0.154922517,13.4744705,1.28479058,0.02109067,0.216524405,1.399837103,3.083482982,5.236547015,0.063780579,,,,,,,
,,,,,,102,75.25802432,0.176218216,13.66221494,1.297848915,0.019357251,0.284815244,1.553287682,2.952825542,5.281235569,0.062981644,,,,,,,
,,,,,,103,74.99777076,0.177578375,13.48425267,1.33982064,0.019302549,0.245754763,1.47222906,3.116958759,5.199146634,0.059875632,,,,,,,
,,,,,,104,74.16852315,0.16157327,13.23920159,1.382546855,0.016609149,0.231471725,1.489539733,3.166873732,5.19829473,0.050359462,,,,,,,
,,,,,,105,74.195531,0.18739657,13.54353712,1.402893783,0.025103849,0.266518638,1.457956569,3.204057922,5.291082429,0.057201407,,,,,,,
,,,,,,106,75.10330796,0.155461228,13.34527652,1.341398276,0.020741328,0.214210881,1.43734976,3.062119625,5.233910463,0.07260304,,,,,,,
,,,,,,107,74.47856289,0.183796859,13.43117174,1.303105339,0.023789775,0.280584077,1.53373237,3.107648601,5.211753988,0.055164436,,,,,,,
,,,,,,108,74.94931815,0.167913567,13.31830636,1.410416889,0.019310949,0.271547925,1.454626288,3.156491158,5.099942349,0.048524602,,,,,,,
,,,,,,109,74.19326108,0.191459027,13.2906118,1.426872685,0.022490122,0.260522103,1.48044342,3.145552167,5.149713428,0.06231842,,,,,,,
,,,,,,110,73.78376404,0.168154797,13.42119198,1.291857443,0.020364335,0.332166768,1.458960724,3.071724462,5.281588914,0.060302738,,,,,,,
,,,,,,111,74.58395519,0.156377828,13.41238743,1.471592915,0.024442212,0.195793737,1.458617917,3.198843277,5.307297109,0.056220113,,,,,,,
,,,,,,112,74.07119795,0.182555354,13.41987318,1.462620376,0.025313721,0.252854078,1.522728017,3.258846306,5.241038446,0.057006203,,,,,,,
,,,,,,113,74.20837728,0.157304049,13.52097954,1.484415421,0.021753982,0.2896406,1.428829947,3.201413913,5.233323706,0.062107292,,,,,,,
,,,,,,114,74.03576463,0.159254345,13.44874301,1.337213222,0.021646382,0.267650185,1.424203692,3.143956995,5.288900108,0.063648803,,,,,,,
,,,,,,115,74.04915961,0.18254656,13.51540012,1.27832747,0.022338496,0.278657705,1.550361444,3.092381916,5.250115091,0.056192675,,,,,,,
,,,,,,116,74.47472442,0.169158504,13.23334768,1.282206329,0.020746495,0.223945364,1.423851529,3.181573836,5.179840161,0.054108408,,,,,,,
,,,,,,117,74.13510532,0.154859961,13.27624714,1.381496976,0.021958538,0.280946918,1.583904802,3.094712605,5.192184567,0.050357669,,,,,,,
,,,,,,118,74.16360474,0.206982604,13.43539408,1.405884286,0.020195435,0.245809091,1.425571278,3.041009073,5.223646297,0.064983799,,,,,,,
,,,,,,119,73.76942509,0.163484061,13.57270395,1.465560866,0.027011045,0.244982621,1.496200925,3.109060653,5.293006674,0.066957837,,,,,,,
,,,,,,120,74.41557751,0.162361467,13.32782621,1.195224847,0.01912545,0.282789254,1.468687692,3.323214888,5.11565332,0.073122681,,,,,,,
,,,,,,121,73.93734583,0.187034739,13.5685612,1.51683315,0.023118739,0.263651832,1.466636377,3.075655858,5.268256147,0.056114244,,,,,,,
,,,,,,122,74.38562033,0.170452498,13.20860344,1.375454649,0.019755229,0.304703995,1.464978798,3.138286832,5.246107181,0.052582771,,,,,,,
,,,,,,123,74.11545116,0.163719192,13.31484068,1.44630354,0.025755107,0.292024649,1.48379735,3.095851435,5.301194799,0.056511536,,,,,,,
,,,,,,124,73.6003285,0.151922058,13.41874502,1.445710523,0.018203618,0.217791922,1.39958998,3.215606099,5.193668797,0.05259856,,,,,,,
,,,,,,125,74.9165044,0.166063738,13.71795048,1.339370302,0.016533552,0.253956702,1.440332402,3.092925303,5.233804313,0.053323317,,,,,,,
,,,,,,126,73.98651712,0.202223797,13.33115666,1.323224737,0.022733819,0.211029001,1.46620025,3.130623391,5.28820384,0.068624222,,,,,,,
,,,,,,127,73.97848395,0.155596256,13.48219389,1.31454606,0.019264382,0.193043937,1.537068651,3.059108949,5.201487751,0.055865779,,,,,,,
,,,,,,128,74.30172589,0.161287611,13.13174602,1.272761103,0.021012963,0.246600835,1.434013656,3.125324955,5.198329566,0.062555412,,,,,,,
,,,,,,129,74.52592916,0.183266215,13.63363131,1.457337769,0.021035095,0.266225998,1.440147179,3.024552782,5.184962046,0.070726456,,,,,,,
,,,,,,130,73.86047916,0.167105333,13.55041302,1.336669921,0.022294889,0.22987346,1.408418163,3.132388895,5.222371192,0.073150531,,,,,,,
,,,,,,131,74.03563404,0.175836604,13.31945158,1.403319647,0.021590252,0.246660374,1.458888018,3.279836803,5.318530749,0.074676673,,,,,,,
,,,,,,132,74.28788248,0.192859874,13.21852656,1.463971169,0.022674949,0.309105514,1.516363626,3.046221155,5.148648181,0.052458605,,,,,,,
,,,,,,133,74.48457525,0.172879336,13.5264144,1.408615043,0.020777129,0.255943664,1.422575756,3.090689679,5.25186492,0.059592231,,,,,,,
,,,,,,134,74.98718063,0.170405571,13.36961045,1.308992001,0.018900718,0.275468423,1.420750193,2.950210078,5.279015969,0.059846328,,,,,,,
,,,,,,135,75.10378357,0.176344313,13.50336053,1.330843476,0.021796281,0.243082515,1.347644354,3.184471976,5.220970169,0.054475055,,,,,,,
,,,,,,136,74.36648508,0.14191108,13.33443216,1.451912219,0.018383727,0.270176191,1.341566554,3.049252733,5.18879767,0.037369455,,,,,,,
,,,,,,137,74.31358653,0.143096748,13.4451,1.398024037,0.017757703,0.239949097,1.454314127,3.092558794,5.32234716,0.057227776,,,,,,,
,,,,,,138,73.98522301,0.171680436,13.38211115,1.403399523,0.024569307,0.252348842,1.486600317,3.012967169,5.245212862,0.063006289,,,,,,,
,,,,,,139,74.19062676,0.18331592,13.35764692,1.28965893,0.013708048,0.253567261,1.440461032,3.099095418,5.233604802,0.054150948,,,,,,,
,,,,,,140,74.73992657,0.162411056,13.39324984,1.472414491,0.01609932,0.265698287,1.400909252,3.153140866,5.363907549,0.06235172,,,,,,,
,,,,,,141,74.60837893,0.17325574,13.48330747,1.511246898,0.022326431,0.234775005,1.434783165,3.267665716,5.218436729,0.06389534,,,,,,,
,,,,,,142,74.52765749,0.175910718,13.44095728,1.372446988,0.024792712,0.241431185,1.408677311,3.079288483,5.224042095,0.050210977,,,,,,,
,,,,,,143,74.05003045,0.197016956,13.48440461,1.400495271,0.019349936,0.247475866,1.454239725,3.180821731,5.269027683,0.061854871,,,,,,,
,,,,,,144,74.53492555,0.172595958,13.56785689,1.281162764,0.019699124,0.315163492,1.448514871,3.018702,5.217823298,0.054538674,,,,,,,
,,,,,,145,74.76764793,0.163930385,13.26522599,1.417927653,0.02148484,0.278884273,1.441310309,3.120765496,5.22228412,0.061093131,,,,,,,
,,,,,,146,74.47668161,0.163543586,13.33876462,1.434180044,0.018638144,0.244464601,1.45750827,2.984064272,5.222939414,0.05488991,,,,,,,
,,,,,,147,74.14654778,0.156952861,13.52866347,1.426296078,0.01855017,0.239173224,1.463713299,2.989607915,5.215780977,0.061868245,,,,,,,
,,,,,,148,74.01570204,0.181157411,13.76943971,1.325273129,0.01871034,0.235393445,1.481718351,3.147761134,5.322966094,0.057437059,,,,,,,
,,,,,,149,74.50112169,0.192887595,13.18191187,1.282312878,0.021788685,0.240754841,1.524761904,3.073114654,5.162280739,0.0482874,,,,,,,
,,,,,,150,73.73556863,0.174798079,13.32153972,1.261223869,0.019631828,0.268148382,1.512262115,2.97195403,5.246180571,0.063449346,,,,,,,
,,,,,,151,74.20279447,0.184461196,13.41388032,1.439566898,0.021212394,0.211554469,1.444961253,3.182061511,5.178284431,0.060191788,,,,,,,
,,,,,,152,74.59054409,0.185134216,13.25390529,1.381351423,0.02026453,0.173884046,1.502944283,2.88452153,5.258285985,0.068543501,,,,,,,
,,,,,,153,74.7312405,0.179481092,13.2643602,1.435656805,0.021014541,0.283175493,1.487556205,3.193079262,5.160530917,0.051418217,,,,,,,
,,,,,,154,73.91358762,0.206197908,13.58568647,1.318704855,0.02307369,0.223357338,1.530185122,3.081308246,5.157489747,0.064220636,,,,,,,
,,,,,,155,75.05131134,0.154278253,13.66231215,1.377326657,0.022045273,0.270839082,1.525208558,3.177797311,5.205030912,0.062172015,,,,,,,
,,,,,,156,74.83153607,0.19722132,13.42817493,1.489380668,0.016430364,0.239517667,1.510182588,3.178641171,5.149909096,0.065583603,,,,,,,
,,,,,,157,74.45874411,0.16574186,13.3515102,1.44634721,0.021560335,0.27859667,1.391615422,3.103422849,5.227175003,0.056514986,,,,,,,
,,,,,,158,74.81621779,0.167995677,13.54562318,1.471428131,0.024153858,0.254270798,1.388311321,3.149829137,5.271671149,0.055952037,,,,,,,
,,,,,,159,73.93768581,0.175730274,13.6949217,1.440187021,0.021508974,0.216763736,1.415101655,2.980977998,5.199666518,0.066564599,,,,,,,
,,,,,,160,74.47257596,0.172704914,13.45443079,1.254690219,0.024081368,0.275866813,1.488704969,3.203309772,5.2451767,0.074137157,,,,,,,
,,,,,,161,74.16150632,0.180130102,13.49599348,1.321176131,0.018522541,0.312281677,1.424850922,3.137013879,5.193444048,0.050158235,,,,,,,
,,,,,,162,74.40267319,0.184144294,13.50052717,1.486111736,0.024942945,0.25931161,1.47805402,3.107463727,5.204789605,0.069982531,,,,,,,
,,,,,,163,74.23987467,0.187552214,13.47140669,1.535363633,0.023872258,0.234058252,1.550048756,3.304886049,5.302214318,0.063581875,,,,,,,
,,,,,,164,74.03247231,0.143481453,13.21935116,1.424312295,0.016207339,0.205136305,1.397149481,3.088404024,5.214095499,0.053695633,,,,,,,
,,,,,,165,73.94682457,0.166521689,13.23296836,1.467474604,0.023454598,0.266350179,1.503772962,3.060636437,5.25890032,0.060592969,,,,,,,
,,,,,,166,74.05924311,0.171079708,13.23039295,1.473265357,0.017242771,0.273763829,1.470717736,3.172828942,5.239946244,0.06625664,,,,,,,
,,,,,,167,74.34096958,0.179579134,13.34097978,1.434508733,0.027081538,0.256257433,1.457412922,3.115117506,5.229287397,0.061856005,,,,,,,
,,,,,,168,74.68512609,0.170909309,13.67088129,1.444528363,0.017922422,0.248215491,1.317308681,3.090751655,5.210329166,0.057129777,,,,,,,
,,,,,,169,73.72962809,0.169078694,13.39761223,1.374898661,0.020861429,0.259346078,1.461398919,3.078935257,5.255899896,0.063281554,,,,,,,
,,,,,,170,73.96588039,0.172618824,13.41720179,1.384150405,0.020946998,0.251807477,1.441685409,3.21607065,5.18476525,0.069505784,,,,,,,
,,,,,,171,74.41154399,0.1906306,13.3695687,1.415163726,0.0212581,0.241473992,1.497279081,3.176053637,5.220995095,0.065324299,,,,,,,
,,,,,,172,73.77540753,0.149263677,13.68465089,1.530470931,0.016907536,0.238055134,1.501953207,3.137084787,5.252284522,0.064509042,,,,,,,
,,,,,,173,73.81709929,0.1770109,13.37076066,1.303857613,0.02332845,0.249647147,1.443238915,3.087551198,5.153729506,0.05410896,,,,,,,
,,,,,,174,73.93127389,0.14757374,13.55825612,1.353026363,0.022750778,0.2516764,1.482664521,3.107713158,5.19889195,0.063641925,,,,,,,
,,,,,,175,74.29890305,0.186991637,13.35935068,1.268270316,0.019815149,0.232840501,1.457989939,3.158478961,5.243682979,0.067567731,,,,,,,
,,,,,,176,73.96937825,0.192591794,13.49717563,1.324795549,0.018244112,0.241347235,1.377729886,3.120420127,5.285931671,0.07247442,,,,,,,
,,,,,,177,74.59757234,0.175810605,13.38503759,1.374169226,0.02409798,0.27236097,1.485019459,3.15320037,5.282931431,0.067536782,,,,,,,
,,,,,,178,74.57403633,0.192839849,13.4305086,1.412081912,0.020384315,0.306900234,1.509774127,3.19971935,5.188854342,0.052542615,,,,,,,
,,,,,,179,74.29115148,0.16434678,13.59959734,1.257052798,0.020525177,0.31748673,1.545677668,3.106139313,5.124862515,0.065859506,,,,,,,
,,,,,,180,74.00693014,0.160645122,13.43246756,1.356844205,0.018451768,0.170973928,1.450376677,2.983179704,5.298089597,0.067044715,,,,,,,
,,,,,,181,74.08255754,0.158733738,13.478291,1.315630716,0.020931725,0.269251421,1.506931766,3.03858972,5.266764916,0.072909211,,,,,,,
,,,,,,182,74.74647629,0.166006537,13.35929517,1.426083666,0.017953466,0.290794834,1.452157923,2.937427769,5.278114724,0.04999382,,,,,,,
,,,,,,183,74.1644295,0.16867659,13.47169141,1.408108376,0.019340345,0.288366434,1.405183788,3.133649849,5.219373293,0.057323972,,,,,,,
,,,,,,184,73.51980734,0.188740636,13.54042211,1.521120569,0.021529461,0.250254743,1.414899201,2.996472346,5.191771709,0.06145423,,,,,,,
,,,,,,185,74.14121075,0.161935745,13.60613436,1.351375539,0.019773769,0.291878126,1.405019895,3.07440184,5.164331793,0.066929661,,,,,,,
,,,,,,186,74.01656116,0.208275033,13.71330218,1.405249015,0.020828163,0.193205263,1.417643252,3.125300011,5.149408238,0.062527549,,,,,,,
,,,,,,187,74.49031332,0.160691961,13.48033767,1.47521382,0.019817982,0.258491274,1.455665157,2.980291624,5.250035998,0.052095933,,,,,,,
,,,,,,188,74.55362614,0.154306311,13.51343761,1.433379958,0.021227512,0.253752712,1.458591503,3.16696048,5.160731389,0.061597538,,,,,,,
,,,,,,189,74.34018918,0.162879647,13.5508776,1.311192593,0.020061364,0.232092912,1.371574354,3.14331251,5.264790515,0.050712649,,,,,,,
,,,,,,190,74.66459504,0.195162963,13.22395114,1.496011466,0.022126787,0.271921077,1.561377264,3.053580781,5.269801373,0.052758482,,,,,,,
,,,,,,191,74.43916987,0.144703012,13.47331757,1.460598962,0.015822457,0.266851561,1.505292448,3.236622577,5.254052005,0.048385716,,,,,,,
,,,,,,192,74.41771598,0.173604814,13.36247193,1.330313257,0.024028652,0.226089278,1.449371644,3.126196044,5.318760933,0.060399408,,,,,,,
,,,,,,193,74.95939253,0.173472239,13.50293167,1.276107179,0.017002285,0.278193351,1.433526649,3.183862342,5.181071284,0.063838323,,,,,,,
,,,,,,194,74.36707335,0.16797638,13.41864586,1.487954204,0.024602867,0.23673128,1.481450055,3.183435272,5.204170113,0.054858029,,,,,,,
,,,,,,195,74.9828284,0.171785738,13.44423789,1.445029784,0.022674832,0.216444529,1.400620039,3.115335417,5.205019566,0.062435985,,,,,,,
,,,,,,196,74.84515488,0.165443984,13.58739651,1.492175616,0.021038082,0.288536855,1.492461824,3.153425858,5.265843371,0.047194666,,,,,,,
,,,,,,197,74.22953884,0.157482019,13.42426905,1.441483949,0.020287764,0.218094957,1.427042834,2.992754782,5.280094493,0.061620506,,,,,,,
,,,,,,198,74.13757668,0.162848182,13.54077021,1.408281067,0.021846426,0.165490241,1.416929945,3.244476649,5.325898685,0.070891166,,,,,,,
,,,,,,199,73.84528304,0.155381396,13.17903563,1.384047481,0.017962404,0.211919145,1.403947798,3.20992713,5.277344426,0.070484697,,,,,,,
,,,,,,200,74.06243993,0.172609474,13.42167119,1.384595998,0.023520393,0.281418168,1.542161625,3.069992179,5.21610313,0.055153446,,,,,,,
,,,,,MEAN,,74.32431171,0.17237898,13.43130852,1.393874492,0.020478585,0.253105771,1.463922938,3.111171476,5.233059372,0.059780821,#DIV/0!,#DIV/0!,#DIV/0!,#DIV/0!,#DIV/0!,#DIV/0!,#DIV/0!
,,,,,STDEV.S(),,0.35809188,0.014018202,0.143634052,0.07459781,0.002564124,0.034526287,0.050117507,0.082336819,0.053209713,0.006979088,#DIV/0!,#DIV/0!,#DIV/0!,#DIV/0!,#DIV/0!,#DIV/0!,#DIV/0!
,,,,,ST. ERROR,,0.001790459,7.0091E-05,0.00071817,0.000372989,1.28206E-05,0.000172631,0.000250588,0.000411684,0.000266049,3.48954E-05,#DIV/0!,#DIV/0!,#DIV/0!,#DIV/0!,#DIV/0!,#DIV/0!,#DIV/0!
,,,,,,,,,,,,,,,,,,,,,,,
,,,,,,,,,,,,,,,,,,,,,,,
,,"Snapshot 1 | Sheet: KHD-107-D | Wednesday, February 11, 2026  11:08:24 PM",,,,,,,,,,,,,,,,,,,,,
,,Oxide,Concentration,HAL 2-sigma uncertainty,,Iteration,Synthetic SiO2 Value,Synthetic TiO2 Value,Synthetic Al2O3 Value,Synthetic FeO Value,Synthetic MnO Value,Synthetic MgO Value,Synthetic CaO Value,Synthetic Na2O Value,Synthetic K2O Value,Synthetic P2O5 Value,,,,,,,
,,SiO2,75.43450325,0.324385458,,1,75.44022474,0.169076793,13.38010016,0.968623196,0.017612802,0.29202622,1.216203204,2.886930185,5.822792029,0.047799856,,,,,,,
,,TiO2,0.1414569,0.040100819,,2,75.62913853,0.204560996,13.01821071,0.848780048,0.012728739,0.300302742,1.1386617,2.556799397,5.754331103,0.008950936,,,,,,,
,,Al2O3,13.05646492,0.176864733,,3,74.96783191,0.100512486,13.29787636,0.952407881,0.021063433,0.245106907,1.169296245,2.665660415,5.870542534,-0.0334572,,,,,,,
,,FeO*,0.788868382,0.170240713,,4,75.40299348,0.103447697,13.1107689,0.60259564,0.010599032,0.298153507,1.08446321,2.923483031,5.867063899,0.04387679,,,,,,,
,,MnO,0.014010168,0.010086495,,5,75.57701225,0.142649186,12.95469302,0.447997066,0.0111121,0.39492014,1.27140061,2.721345908,5.808748898,0.016439869,,,,,,,
,,MgO,0.223269682,0.109656159,,6,76.11301884,0.158453745,13.15409632,0.679063884,0.018204146,0.127167788,1.127112992,2.894270709,5.853520088,-0.007070328,,,,,,,
,,CaO,1.165598081,0.109317316,,7,75.02147078,0.106170462,13.00683169,1.045629052,-0.002938334,0.237284097,1.391296195,2.967774914,5.814836598,0.042739257,,,,,,,
,,Na2O,2.744782308,0.145881207,,8,75.64838653,0.107399411,12.98528575,1.047098036,0.001030299,0.399166024,1.230331592,2.533274211,5.818365143,0.008980886,,,,,,,
,,K2O,5.815769434,0.035310823,,9,75.89894668,0.112168356,13.24122607,0.582686777,0.026742023,0.083985698,1.275195508,2.593700203,5.822519461,0.055036198,,,,,,,
,,P2O5,0.034872497,0.032044812,,10,75.82188371,0.15765854,12.47900921,0.814219946,0.011461104,0.239956743,1.208876033,2.929531146,5.861441906,0.123108558,,,,,,,
,,,,,,11,75.53125873,0.142900175,13.10056674,0.74133404,-0.003060701,0.056150759,1.184392716,2.523603006,5.824627183,0.019422266,,,,,,,
,,,,,,12,75.36449986,0.119783553,13.24431618,0.912694348,0.009824822,0.331783077,1.346046978,2.830375956,5.774337652,0.05885143,,,,,,,
,,,,,,13,75.28262805,0.143799881,12.82503207,0.905754621,0.010464424,0.239483844,1.13137357,2.640385544,5.88928006,0.021614665,,,,,,,
,,,,,,14,75.69883395,0.164452442,13.24397301,1.004264539,0.031794819,0.114006591,1.26228133,2.579961406,5.837591726,0.016945957,,,,,,,
,,,,,,15,75.44345208,0.172682401,13.18804543,1.003613775,-0.005162195,0.307330412,1.174381781,3.18608999,5.821864581,0.035955825,,,,,,,
,,,,,,16,75.38595103,0.093108003,13.19594982,0.827792381,0.004143033,0.229020322,1.22502261,2.841167198,5.78519112,0.048804196,,,,,,,
,,,,,,17,76.28160661,0.141745457,12.86463382,0.697723479,0.042296858,0.415537217,1.243688138,2.744880614,5.829809919,0.02428493,,,,,,,
,,,,,,18,75.00918605,0.150312796,13.03855384,1.038259133,0.014016892,0.280453414,1.136521338,2.667736633,5.825365896,-0.020963593,,,,,,,
,,,,,,19,75.30325736,0.131648854,13.01425572,0.796462607,0.02805359,0.23028075,1.352177489,2.936256796,5.826728679,0.047344356,,,,,,,
,,,,,,20,75.27685082,0.213886402,13.24206932,1.037433849,0.013656928,0.124400871,1.247771537,2.709751624,5.800942993,0.042694077,,,,,,,
,,,,,,21,74.591469,0.141920668,12.92248199,0.824896585,0.02915015,0.247177017,1.104175395,2.69103733,5.772233291,0.032164392,,,,,,,
,,,,,,22,75.17410501,0.144933388,12.98383585,0.669108465,0.001427425,0.139021262,1.285561156,2.716330585,5.758098199,0.01683746,,,,,,,
,,,,,,23,75.98510116,0.189292214,13.03961886,0.75133235,0.013764202,0.100023011,1.193224451,2.687039237,5.802009035,-0.014074892,,,,,,,
,,,,,,24,75.27683165,0.149330564,12.83467912,0.363000527,-0.010749174,0.372506547,1.165694757,2.369711163,5.826842484,0.045293445,,,,,,,
,,,,,,25,75.1900892,0.094841721,13.03593168,0.907987926,0.015083463,0.13239018,1.05654177,2.732372264,5.780791232,0.064488817,,,,,,,
,,,,,,26,75.79685709,0.137545288,13.24749656,0.553022114,0.001344538,0.385762123,1.157606737,2.729623866,5.828219758,0.046342985,,,,,,,
,,,,,,27,74.88877843,0.132441063,13.3409985,0.916785704,0.019467878,0.433276932,1.232072671,2.691282791,5.796873921,0.040387828,,,,,,,
,,,,,,28,75.39626372,0.151072478,13.11229578,0.758865435,0.024089696,0.274647104,1.193926371,2.666992168,5.825075661,0.02427609,,,,,,,
,,,,,,29,75.39054482,0.088231577,13.27419679,0.541049534,0.012871091,0.215928451,1.214195557,2.45897789,5.801621179,-0.000416282,,,,,,,
,,,,,,30,75.31630062,0.102565827,12.97374758,0.75274952,0.002453914,0.217940871,1.171818164,2.945416598,5.756599224,0.075113958,,,,,,,
,,,,,,31,75.63705236,0.139103162,13.06429388,0.867191704,0.02550423,0.213553958,1.29352039,2.697473181,5.79778474,0.042855746,,,,,,,
,,,,,,32,74.70397975,0.175591035,13.22809196,0.755452581,0.007970539,0.219378131,1.152513597,2.88743286,5.827596293,0.056842615,,,,,,,
,,,,,,33,74.44333369,0.186571398,12.60066893,1.14679278,-0.004146503,0.215519704,1.206051346,2.584570834,5.833592316,0.050314265,,,,,,,
,,,,,,34,75.53573739,0.140848455,12.85385338,1.114268375,0.003400436,0.261699145,1.189859948,2.79391544,5.784244559,0.053351991,,,,,,,
,,,,,,35,75.79536903,0.13407871,12.99515599,0.733935013,0.00893751,0.31409035,1.202641091,2.692726565,5.832130776,0.083309819,,,,,,,
,,,,,,36,75.30429861,0.176985286,13.31667506,0.999733792,0.018851207,0.174946447,1.22698365,2.662653977,5.838706944,0.033830194,,,,,,,
,,,,,,37,75.09073078,0.0623173,13.17710965,0.784998488,0.007227825,0.104750961,1.224854135,2.716290024,5.798876429,0.01450877,,,,,,,
,,,,,,38,75.27739335,0.240153282,13.01197852,0.818416564,0.018453812,0.326503281,1.130467215,2.748109248,5.815957764,0.095360737,,,,,,,
,,,,,,39,75.38885483,0.088275752,13.15712529,0.918346517,0.007632759,0.201238845,1.314242579,2.738792308,5.82659888,0.082046503,,,,,,,
,,,,,,40,75.65019784,0.066598901,13.16124433,0.62653049,0.017760956,0.169067084,1.116998316,2.802677023,5.776717524,-0.003082449,,,,,,,
,,,,,,41,75.38705077,0.094345067,13.08073835,0.639729966,0.038858378,0.46933605,1.0583368,2.831322586,5.856282993,-0.004107877,,,,,,,
,,,,,,42,75.50746124,0.185635964,13.17169856,0.704742383,0.005548979,0.173466563,1.040291467,2.532598297,5.842337338,0.052227293,,,,,,,
,,,,,,43,75.05624139,0.138287685,13.08687602,0.980533767,-0.003259892,0.124968789,1.230708213,2.80206247,5.796154989,0.031951773,,,,,,,
,,,,,,44,75.22105201,0.165696826,12.99920456,0.708188244,0.016916215,0.241615682,1.582678948,2.6973987,5.83310835,0.041217045,,,,,,,
,,,,,,45,74.95708117,0.133736846,12.93790364,0.959233536,-0.007408845,0.152616065,1.308154735,2.72302964,5.810777613,0.059572866,,,,,,,
,,,,,,46,75.43295229,0.184455752,12.96741981,0.632257437,0.014231602,0.220383017,1.213130786,2.317839947,5.83864299,-0.014490011,,,,,,,
,,,,,,47,75.26347161,0.141996771,13.02039676,0.837731064,0.020593783,0.32211975,1.277452405,2.836218461,5.812946316,0.015932653,,,,,,,
,,,,,,48,75.64478419,0.186063791,12.72181683,0.719291906,0.007881248,0.067721006,1.245924877,2.852911027,5.75869109,0.042421168,,,,,,,
,,,,,,49,75.94967455,0.223567548,12.89394478,0.942454595,0.026740421,0.104099044,1.190767289,2.748713392,5.767113622,0.099466082,,,,,,,
,,,,,,50,75.14507225,0.175074478,13.04559459,0.713345139,0.013682569,0.167493194,1.05317209,2.480942416,5.864864184,0.042920788,,,,,,,
,,,,,,51,75.83716676,0.039244355,13.18639898,0.648681995,0.018607638,0.065931382,1.089221223,2.578581159,5.844555686,0.042198466,,,,,,,
,,,,,,52,75.76149017,0.121163567,13.09559916,0.581044882,0.024008503,0.280080322,1.108716638,2.529755603,5.825269474,0.042048301,,,,,,,
,,,,,,53,75.34858126,0.17542627,12.83121189,0.766387752,0.013956917,-0.066639198,1.155233757,2.610377613,5.774803003,0.03100428,,,,,,,
,,,,,,54,75.28561351,0.110037794,12.84889814,1.116583134,0.023540497,0.173892356,1.117124027,2.934276964,5.840392205,0.00120307,,,,,,,
,,,,,,55,75.10239011,0.162971639,12.95506727,0.995717248,0.009516912,0.106377613,1.253662901,2.865402369,5.867804873,0.024186795,,,,,,,
,,,,,,56,75.31613315,0.143393707,13.24328868,0.920835775,0.016987383,0.179361149,1.405014853,2.94409057,5.772368142,0.021531101,,,,,,,
,,,,,,57,75.07903053,0.098907972,13.29276517,1.46318571,0.015270191,0.092574849,1.181429804,2.602166199,5.820369355,0.055557807,,,,,,,
,,,,,,58,75.57029729,0.12600823,13.06272757,0.838371854,0.027538972,0.27439855,0.962492764,2.7387916,5.849979272,0.038028516,,,,,,,
,,,,,,59,75.4190611,0.17406576,12.81297506,0.839381199,0.032765281,0.237631555,1.095485311,2.746552825,5.797216945,0.036779222,,,,,,,
,,,,,,60,75.28678825,0.069932988,13.27461446,0.81537082,-0.000630004,0.192521467,1.088634482,2.680217078,5.819448105,-0.024383846,,,,,,,
,,,,,,61,75.4522047,0.179526144,13.166715,0.463776534,0.012480738,0.120381345,1.180701326,2.685512277,5.820213405,0.116469757,,,,,,,
,,,,,,62,75.69568862,0.077457854,12.767936,0.617846635,0.004242054,0.104944577,1.216156177,2.699426911,5.878104835,0.046390818,,,,,,,
,,,,,,63,75.71807606,0.143169001,12.90717158,0.752676664,-0.009160442,0.038166813,1.069525252,2.690171603,5.810337996,0.03750681,,,,,,,
,,,,,,64,75.8892537,0.099221286,13.31269151,0.537922723,0.009845062,0.19245279,1.148918724,2.681086373,5.810297256,0.006896972,,,,,,,
,,,,,,65,75.05493845,0.227712507,13.03833413,0.526112779,0.007016215,0.24271074,1.159409695,2.77514366,5.821256314,0.010929993,,,,,,,
,,,,,,66,75.41109935,0.123503062,13.20526033,0.951227315,0.01167524,0.089256956,1.130470877,2.710107401,5.781175539,0.043346297,,,,,,,
,,,,,,67,75.65871893,0.137986729,12.80477361,0.864250945,0.021495899,0.150060805,1.420611005,2.881488588,5.833974023,-0.016541361,,,,,,,
,,,,,,68,75.11689683,0.070355978,13.05030386,0.499535636,0.023734974,0.075431458,1.226420315,2.744393382,5.837548107,0.001768473,,,,,,,
,,,,,,69,75.32305089,0.153687991,13.1651415,0.633368053,0.00546875,0.155912403,1.287973339,2.757300597,5.877897035,0.026286747,,,,,,,
,,,,,,70,75.54735104,0.111095376,12.90901271,0.85031549,0.034141116,0.398377103,1.165808551,2.887062145,5.817814266,0.043281688,,,,,,,
,,,,,,71,75.26977177,0.160161968,12.94498767,0.911198576,-0.001749643,0.376290604,1.229008325,2.935557936,5.756258491,-0.007524319,,,,,,,
,,,,,,72,75.02351035,0.172924758,12.99186737,0.706566385,0.008903342,0.422371471,1.279369133,2.827897672,5.818823462,-0.035057134,,,,,,,
,,,,,,73,75.41503171,0.077368518,13.24515666,0.56122426,0.023988181,0.246779401,1.080636296,2.784532564,5.813734946,-0.008675683,,,,,,,
,,,,,,74,75.52105599,0.122841462,13.09863956,0.652502142,0.029080559,0.191483574,1.133927981,2.648558647,5.798546629,0.039813229,,,,,,,
,,,,,,75,75.13656937,0.093885717,13.22077858,0.827720632,0.012075431,0.25125563,1.226378435,2.717302486,5.784134621,0.021856709,,,,,,,
,,,,,,76,75.114921,0.106333219,13.07768064,0.625515528,0.025689884,0.189356821,1.129504444,3.041092733,5.841376486,-0.012042075,,,,,,,
,,,,,,77,74.99832106,0.115444295,12.9075598,0.521556963,0.01995803,0.265706697,1.307884408,2.50472689,5.77113116,0.012211399,,,,,,,
,,,,,,78,75.08385834,0.151909317,13.31179977,0.892579071,0.028742862,0.076031704,1.211417215,2.480001113,5.728868972,0.035384376,,,,,,,
,,,,,,79,75.5627376,0.127394432,13.11587889,0.754792797,0.038015375,0.297717806,0.961993792,2.610255966,5.766282237,0.051455953,,,,,,,
,,,,,,80,75.52483123,0.125935231,12.90538668,0.582394085,-0.003882178,0.284927472,1.048198326,2.951070105,5.837773731,0.041088168,,,,,,,
,,,,,,81,75.20817221,0.174645537,13.17575388,0.811072096,-0.005070876,0.219625737,1.321967132,2.662220147,5.768149877,-0.006049586,,,,,,,
,,,,,,82,75.37517476,0.117330945,12.7429467,0.660697378,0.032063482,0.304496229,1.079883832,2.684690425,5.779587292,0.037673229,,,,,,,
,,,,,,83,75.67333085,0.133968754,13.02308615,0.501213157,0.000788944,0.205245155,1.195516908,2.870680393,5.810389295,0.012322362,,,,,,,
,,,,,,84,75.1551034,0.147636775,13.06172202,0.706997982,0.016924066,0.155162804,1.328809746,2.755433819,5.818933426,0.023641868,,,,,,,
,,,,,,85,75.51494035,0.136252497,13.01383237,0.794399555,0.00619662,0.191143492,1.263941438,2.524203745,5.752997716,0.044297852,,,,,,,
,,,,,,86,75.49196146,0.149941282,13.32702428,0.903964334,0.023616259,0.166705113,1.284707506,2.731263765,5.779294032,0.043261846,,,,,,,
,,,,,,87,75.69149682,0.129513293,13.10713874,0.398289629,0.033217534,0.245542348,1.235045712,2.716142665,5.857650528,0.027867498,,,,,,,
,,,,,,88,75.55263647,0.112613167,12.89890976,0.648359343,0.038292708,0.383670085,1.146610306,2.461920454,5.827036605,0.013132542,,,,,,,
,,,,,,89,75.22314133,0.109925852,12.88105048,0.779368031,-0.004102501,0.338818477,1.014690706,2.876034401,5.869146178,0.060181133,,,,,,,
,,,,,,90,75.57962652,0.176491277,13.03732541,0.945343987,0.001742056,0.332802344,1.211978702,2.947440875,5.886500111,0.038339586,,,,,,,
,,,,,,91,75.25363924,0.145188734,12.76942282,0.650804149,0.01052838,0.140800393,1.023519272,2.43618444,5.806389109,0.055491877,,,,,,,
,,,,,,92,75.15216339,0.103217185,13.20217665,0.878507044,0.030313818,0.082809808,1.093085808,2.838849661,5.834897015,0.032460446,,,,,,,
,,,,,,93,74.81320015,0.141279383,12.83343637,0.661477521,0.016507566,0.159293741,1.203662367,2.757162754,5.827967093,0.025165898,,,,,,,
,,,,,,94,75.48574519,0.196520039,13.25847454,0.79742653,0.012693932,0.303780155,1.187329174,2.623905173,5.800482773,0.003767615,,,,,,,
,,,,,,95,75.76138265,0.149112542,13.04976156,0.812334325,0.029833882,0.107436803,1.180496707,2.721696352,5.790541612,0.078153571,,,,,,,
,,,,,,96,75.54956053,0.092397157,13.01223902,0.744686223,0.010028047,0.2305191,1.217741396,2.961307898,5.819097964,0.021132191,,,,,,,
,,,,,,97,75.79567345,0.145379547,13.1232163,0.836103711,0.016592918,0.229739993,1.17605645,2.812291183,5.832281142,-0.003623261,,,,,,,
,,,,,,98,75.54912499,0.180888894,12.89948849,0.758795558,0.022015344,0.033793731,1.095313841,2.769813465,5.768500016,0.087874819,,,,,,,
,,,,,,99,75.21529956,0.210688826,13.2921929,0.746632713,0.006145684,-0.024001338,1.170131006,2.760954417,5.906117332,0.049442817,,,,,,,
,,,,,,100,75.07582989,0.128722955,13.2112981,0.845249054,0.026906841,0.103513555,1.126924849,2.782418178,5.81709581,0.045788127,,,,,,,
,,,,,,101,75.52757266,0.119748584,12.96333137,0.773171917,0.017052875,0.282957477,1.004475986,2.734138606,5.857737441,0.043019995,,,,,,,
,,,,,,102,75.44813671,0.114185088,12.89709593,0.765079462,0.021968514,0.36193443,0.932828746,2.810818625,5.885704238,0.012123011,,,,,,,
,,,,,,103,75.86904049,0.185251852,13.19908135,1.024161011,0.013387205,0.245173523,0.964492964,3.015032493,5.789709101,0.002034703,,,,,,,
,,,,,,104,75.21146249,0.115477978,13.02325525,0.891397512,0.012834917,0.252087949,1.350994309,2.551302004,5.830777391,0.045029725,,,,,,,
,,,,,,105,74.90736646,0.16098619,13.03503504,0.789125957,0.032668159,0.300930661,1.04918417,2.646234636,5.845168406,0.030033055,,,,,,,
,,,,,,106,75.46959965,0.127297406,12.72930948,0.715796977,0.011609414,0.198451388,1.118218498,2.949589218,5.818291044,0.126267271,,,,,,,
,,,,,,107,75.41605848,0.121893221,13.01133718,1.224756722,0.014014559,0.210117574,1.033697161,2.669898566,5.843835835,0.030765409,,,,,,,
,,,,,,108,75.31994264,0.126159581,13.03165619,0.680465499,0.014857535,0.294088543,1.030024807,2.660853658,5.824293831,0.044118904,,,,,,,
,,,,,,109,75.70564163,0.16429257,13.09764978,0.923768847,0.008762327,0.098314219,0.94859556,2.622829719,5.878365381,0.077139411,,,,,,,
,,,,,,110,75.00674409,0.175019651,12.8145356,0.827068175,0.020690884,0.260817692,1.192840001,2.690714872,5.856271871,0.074738476,,,,,,,
,,,,,,111,75.35758322,0.138160159,13.20767867,0.709721334,0.016416494,0.160982003,1.243404665,2.588838225,5.76428484,0.079508936,,,,,,,
,,,,,,112,75.86766032,0.141820851,12.98424159,0.666121773,0.011278116,-0.061653706,0.992217368,3.028485331,5.845876598,0.042601501,,,,,,,
,,,,,,113,75.05219572,0.106777444,12.91242995,0.839345775,0.024726002,0.338401556,1.207198177,2.784009676,5.836628223,0.017669849,,,,,,,
,,,,,,114,75.5067292,0.145875099,12.98747947,1.001511847,0.040932022,0.316838086,1.201182946,2.852692795,5.823067221,0.059075924,,,,,,,
,,,,,,115,74.90202527,0.207711508,13.06823227,1.165926779,0.025628083,0.203069287,1.274067661,2.722279282,5.854588509,0.019741258,,,,,,,
,,,,,,116,74.88837933,0.160457871,13.09227653,0.818327172,0.00738369,0.074967967,1.203066377,2.519228327,5.780112549,0.02679379,,,,,,,
,,,,,,117,75.00229588,0.189631226,13.08272543,0.608254572,-0.000495929,0.269589168,1.266478931,2.645356433,5.796515693,0.030709169,,,,,,,
,,,,,,118,75.68706874,0.164962607,12.89001506,0.899064221,-0.000662031,0.34060777,1.006063442,2.978425666,5.879455219,0.013894147,,,,,,,
,,,,,,119,75.62572053,0.202078867,12.84645055,0.780949218,0.025956791,0.34091487,1.165717541,2.467389294,5.858782198,-0.004303055,,,,,,,
,,,,,,120,75.46886746,0.131504317,12.80290544,0.787008193,0.006245012,0.208334267,1.274581292,2.737271246,5.768192715,0.084093371,,,,,,,
,,,,,,121,75.23607329,0.072129054,12.97999866,0.83479517,0.010289568,0.289208469,1.274747361,2.886883696,5.797491942,0.04295089,,,,,,,
,,,,,,122,75.31082269,0.129596119,12.9985996,0.589092438,0.00101658,0.409862421,1.166786362,2.981713062,5.811146674,-0.010415285,,,,,,,
,,,,,,123,75.4491303,0.100414299,13.07669727,0.765594161,0.008247008,0.241005037,1.182641539,2.662874431,5.81101327,-0.021720741,,,,,,,
,,,,,,124,76.19822274,0.115546455,12.84432021,1.010669708,0.024004272,0.400431897,1.239229529,3.14801979,5.785988555,-0.007065188,,,,,,,
,,,,,,125,76.08361692,0.147440896,12.94887014,0.555966848,0.015221082,0.297016231,1.279002375,2.493239016,5.826370879,0.012445915,,,,,,,
,,,,,,126,74.85468017,0.11555252,13.24840542,0.639828535,-0.002508191,0.454472198,1.031258637,2.797536878,5.823679068,0.030460762,,,,,,,
,,,,,,127,74.90435004,0.106071732,12.9849362,1.006582931,0.022835031,0.256451544,1.236054664,2.596211828,5.733768388,0.036007932,,,,,,,
,,,,,,128,75.11174062,0.150529874,13.31750435,0.681926467,-0.003422127,0.260865664,1.465664558,2.799098573,5.818306422,0.003690635,,,,,,,
,,,,,,129,76.03224997,0.148247166,12.77282532,0.797968172,0.014981506,0.271573475,0.995354082,2.790908369,5.81823613,0.005063529,,,,,,,
,,,,,,130,74.91138845,0.119182814,13.11405601,0.745324423,0.008803746,0.188566391,1.033731584,2.876092241,5.866650837,-0.004841287,,,,,,,
,,,,,,131,75.3994026,0.12069184,13.08688564,0.942885078,0.006453136,0.182593186,1.164814674,2.925156615,5.872908018,0.017157847,,,,,,,
,,,,,,132,74.70347483,0.176063534,12.80186873,0.956733678,0.024952395,0.093173062,1.188781015,2.767949262,5.812167782,0.064365777,,,,,,,
,,,,,,133,76.15401744,0.117060911,13.28392134,1.010658234,0.007670879,0.285847604,0.993404941,2.750275546,5.756576916,0.040606397,,,,,,,
,,,,,,134,75.2761887,0.160731761,13.14404069,0.740517028,0.022164802,0.186567357,1.251592376,2.828343106,5.743658705,0.092531774,,,,,,,
,,,,,,135,75.10002759,0.150243163,13.12464419,0.530030849,0.001193771,0.25394208,1.218979906,2.548242479,5.824257513,-0.012473014,,,,,,,
,,,,,,136,75.26319521,0.238001153,13.44377098,0.746955698,-0.003959465,0.271680405,1.264597615,2.826999882,5.812338008,0.013052572,,,,,,,
,,,,,,137,74.97835482,0.140993773,12.98933084,0.831019062,0.001784201,0.079851909,1.107157713,2.995277145,5.818317794,0.00768085,,,,,,,
,,,,,,138,75.97806831,0.143933392,13.16173916,0.931238045,0.003286601,0.112749892,1.216228517,2.748572825,5.777822669,0.000486549,,,,,,,
,,,,,,139,75.67990151,0.144103231,13.08456391,0.927175689,0.029455508,0.222431717,1.139922792,2.680401662,5.828836694,0.021583538,,,,,,,
,,,,,,140,75.52005407,0.15402102,13.446755,0.893765967,0.002695784,0.243771156,1.303884858,2.827523907,5.797895382,0.027139539,,,,,,,
,,,,,,141,75.37110829,0.112798389,13.14736896,0.839120743,0.000935168,0.04449324,1.338084122,2.586109488,5.832417954,0.023011761,,,,,,,
,,,,,,142,75.89358423,0.072120083,13.03738591,0.831606007,0.002228342,0.257517107,1.036763152,2.776880725,5.8656265,0.058227893,,,,,,,
,,,,,,143,75.11676349,0.158388037,12.87962396,0.435126027,0.016077418,0.129653102,1.264478833,2.671900463,5.821923766,0.06726376,,,,,,,
,,,,,,144,75.1076563,0.102328439,13.15827671,0.92766358,0.019419626,0.258868877,1.206647777,2.73590511,5.851568838,0.043202222,,,,,,,
,,,,,,145,75.1652541,0.121426825,12.76595795,1.090904434,0.021157183,0.146406453,1.162612416,2.596995769,5.752977787,0.041435844,,,,,,,
,,,,,,146,75.84741989,0.145426394,12.90795713,0.460425238,0.007746064,0.160190892,1.176848371,2.899376699,5.885082859,0.053632869,,,,,,,
,,,,,,147,75.87793738,0.1174613,12.9984446,0.572624986,0.011323958,0.355892243,1.147013814,2.841720698,5.783327534,0.061762838,,,,,,,
,,,,,,148,75.79266947,0.174868144,12.90073454,1.086085693,0.022969861,0.085339507,1.335505397,2.489608683,5.772978893,0.054363945,,,,,,,
,,,,,,149,75.45170796,0.293062759,13.15279097,1.144192079,0.004533489,0.409795939,1.260781066,2.497260943,5.84213053,0.011963049,,,,,,,
,,,,,,150,75.46725714,0.178228751,13.28078949,0.880509076,0.016551299,0.183645918,1.224313015,2.649452731,5.783910031,0.004517469,,,,,,,
,,,,,,151,75.31480905,0.169640979,13.23469064,0.931830169,0.015837981,0.233726755,1.225303181,2.690856071,5.757305099,0.028754097,,,,,,,
,,,,,,152,75.65509974,0.126481108,13.29300486,0.476634137,0.022794171,0.235092779,1.076805412,2.796298445,5.771674334,0.044458604,,,,,,,
,,,,,,153,74.68001894,0.166320346,13.28086064,0.988347329,0.013797916,0.163707419,1.103606425,2.780367504,5.800723024,-0.017826332,,,,,,,
,,,,,,154,75.22911611,0.162476613,13.04930727,0.704521665,0.022991944,-0.042472542,1.065762503,2.828277968,5.803030325,-0.010063065,,,,,,,
,,,,,,155,75.50517665,0.133893851,12.94886487,0.889512201,0.026454844,0.181975849,1.185544645,2.558219677,5.837898469,0.007984937,,,,,,,
,,,,,,156,75.11102881,0.194717045,12.78333216,0.559128649,-0.010541092,0.225929092,1.119239729,2.793694028,5.878190343,0.06705627,,,,,,,
,,,,,,157,74.84045394,0.173713816,12.90635086,0.651471399,0.003367837,0.290214904,1.230617833,2.584559196,5.827128968,0.002052229,,,,,,,
,,,,,,158,75.39923325,0.098154076,13.25628922,0.678141905,0.027463401,0.180695983,1.257979617,2.814786003,5.812180433,0.042449107,,,,,,,
,,,,,,159,74.99195635,0.142903602,12.88844011,0.840266859,0.005405451,0.173270686,1.116752946,2.437490174,5.823528386,0.068999334,,,,,,,
,,,,,,160,75.51409364,0.120214447,13.04215691,0.855947279,0.027574282,0.067275708,1.256484821,2.743390556,5.834755019,0.065802681,,,,,,,
,,,,,,161,76.07244606,0.145589491,13.1600324,0.771947547,0.022340234,0.255928009,1.156293034,2.872441745,5.886119785,0.063344616,,,,,,,
,,,,,,162,75.89608665,0.125467904,12.75160713,0.732519219,0.008747476,0.134451742,1.049338215,2.716492448,5.824563827,-0.049287351,,,,,,,
,,,,,,163,75.31221362,0.118673154,12.86717105,0.522025947,0.016692563,0.334355147,1.070517361,2.739888036,5.805910957,0.029758806,,,,,,,
,,,,,,164,75.10561082,0.111031955,12.89916359,0.695222928,0.013467296,0.205447494,1.241172727,2.680042921,5.77400769,0.04394897,,,,,,,
,,,,,,165,75.56320377,0.185550534,12.99375136,0.743676585,0.0008809,0.262488091,1.117775968,2.479471306,5.832874984,0.08741659,,,,,,,
,,,,,,166,75.62492625,0.113751478,13.00045601,1.01497157,0.006243816,0.110592846,1.287406699,2.617179743,5.76431543,0.06315812,,,,,,,
,,,,,,167,75.16158194,0.177478623,12.91174731,0.919822182,-0.008132181,0.322398758,1.225627913,2.914675082,5.815747195,0.085517649,,,,,,,
,,,,,,168,75.50001514,0.134855987,13.1707227,0.683230822,0.015614231,0.269859981,1.300880217,2.95875959,5.85294418,0.016562738,,,,,,,
,,,,,,169,75.66942028,0.11863132,12.75283588,0.614778845,0.027024516,0.294198715,1.049454371,2.910637577,5.840890431,0.040194704,,,,,,,
,,,,,,170,74.68660027,0.130415304,12.80356234,0.946674588,0.012680742,0.153518641,1.334878779,2.657047134,5.89224819,0.028562905,,,,,,,
,,,,,,171,75.70093554,0.125105948,12.82337611,0.755996938,0.008116855,0.357369271,1.06609605,2.565302636,5.882239203,0.001432668,,,,,,,
,,,,,,172,75.63838857,0.208481622,12.82306305,0.750344904,-0.003900118,0.268021122,1.201751765,2.466711646,5.828598197,-0.011846691,,,,,,,
,,,,,,173,75.43455341,0.14559247,13.09641312,1.027934131,0.002470581,0.169201701,1.140625035,2.338882918,5.868138358,0.03138021,,,,,,,
,,,,,,174,75.32847606,0.111276173,13.23170223,0.866530529,0.012800942,0.260476777,1.132202896,2.811801712,5.824194515,0.123698271,,,,,,,
,,,,,,175,75.39351179,0.10037918,13.16880755,0.729446223,0.027953513,-0.011507198,1.080832059,2.838836697,5.79651822,0.07432849,,,,,,,
,,,,,,176,75.62409693,0.11501126,12.77524336,0.629135566,-0.006828876,0.140692298,1.28073466,2.920858445,5.801542145,0.065894058,,,,,,,
,,,,,,177,75.93644898,0.072084554,13.03412263,0.874318339,0.015910658,0.410665754,1.033119684,2.719368375,5.838350228,0.000220874,,,,,,,
,,,,,,178,75.6284283,0.127152952,12.96671765,0.741018115,0.02596463,0.208404996,1.193672987,2.897716023,5.776702605,0.022697115,,,,,,,
,,,,,,179,75.09142211,0.080957277,13.14881967,0.578811094,0.015326761,0.286386614,1.194947744,2.767408906,5.858979798,0.010588858,,,,,,,
,,,,,,180,75.59590534,0.120854208,12.89554434,0.772142738,0.01586723,0.184079251,1.285467317,2.594457871,5.793320451,0.009765713,,,,,,,
,,,,,,181,75.41795585,0.106748818,13.25545529,0.78276866,0.007559415,0.213714972,1.139524141,2.499487241,5.763383933,0.046222952,,,,,,,
,,,,,,182,75.51774965,0.237575376,13.19359475,0.505919126,0.009741794,0.066516778,1.279114754,2.945308473,5.764743626,0.058078479,,,,,,,
,,,,,,183,75.50516491,0.137944674,13.24863682,0.635303443,0.019248752,0.260634216,1.232122607,2.813532393,5.786954424,0.047126241,,,,,,,
,,,,,,184,75.66345019,0.075586688,12.88908252,0.774361966,0.020255954,0.207736679,1.213790873,2.752540265,5.84200737,0.019979971,,,,,,,
,,,,,,185,75.25551952,0.18502906,13.01030833,0.672425692,0.01839447,0.223623891,0.876319951,2.779169004,5.820958676,-0.018901559,,,,,,,
,,,,,,186,75.75607279,0.201022661,13.20579201,0.880980823,0.021212475,0.478734142,0.975945706,2.819838683,5.838228156,0.066054067,,,,,,,
,,,,,,187,75.46693978,0.138981816,13.22741627,0.945707271,0.009798828,0.117789562,1.215828428,2.523641808,5.883625471,0.078825216,,,,,,,
,,,,,,188,75.01609732,0.133003695,12.61608391,0.645710243,0.017987338,0.205482766,1.290846995,2.670283181,5.794677866,0.005829081,,,,,,,
,,,,,,189,75.37250025,0.213711462,13.08643759,0.718964699,0.027166319,0.314089879,1.349319706,2.667219351,5.804943644,0.03599578,,,,,,,
,,,,,,190,75.33328988,0.208795534,13.20037045,0.833689591,0.012328818,0.035171407,1.137512261,2.532359909,5.760163721,0.117954121,,,,,,,
,,,,,,191,75.17944748,0.1414831,13.02285208,0.967715026,0.010546116,0.303634573,1.207610115,2.779173641,5.782124204,0.082826689,,,,,,,
,,,,,,192,75.40394162,0.12445921,12.98662149,0.782869881,-0.003688542,0.190766413,1.146974123,2.989902214,5.786287411,0.006888037,,,,,,,
,,,,,,193,75.1484924,0.155208648,13.00710137,1.096615059,0.008383162,0.228289774,1.275357376,2.686908981,5.777344392,0.076413285,,,,,,,
,,,,,,194,75.89128197,0.1377143,13.08578286,1.001084407,-0.00172513,0.183934207,1.286774272,2.758879332,5.806576623,-0.006822766,,,,,,,
,,,,,,195,75.15290274,0.066919449,13.19132296,0.611248979,0.003200492,0.300588995,0.979748471,2.715011024,5.747433518,-0.013167821,,,,,,,
,,,,,,196,75.21360873,0.167372364,13.20117034,0.193734259,0.003919019,0.180112806,1.100811262,2.713307631,5.789893616,0.004725771,,,,,,,
,,,,,,197,75.26864662,0.091724763,12.93106687,0.60441962,-0.002802009,0.185930429,1.085312887,2.74008096,5.823767715,0.053045195,,,,,,,
,,,,,,198,75.16471353,0.132252337,12.80994302,0.676919422,0.031041992,0.374600896,1.338237854,2.792990154,5.777039592,0.024112175,,,,,,,
,,,,,,199,75.65016571,0.123697891,12.85281035,0.764423429,0.024495752,0.204574353,1.141683876,2.741013716,5.818679325,-0.003563987,,,,,,,
,,,,,,200,75.35406165,0.137211098,12.82280628,0.751477981,0.014619477,0.238464069,1.10845703,2.514011496,5.790618884,0.068391363,,,,,,,
,,,,,MEAN,,75.39775937,0.140440072,13.04038143,0.786437358,0.013579594,0.219490144,1.179536014,2.731947283,5.815866551,0.033208543,#DIV/0!,#DIV/0!,#DIV/0!,#DIV/0!,#DIV/0!,#DIV/0!,#DIV/0!
,,,,,STDEV.S(),,0.328815496,0.038521917,0.170447039,0.177361556,0.011247463,0.10398105,0.106142386,0.151605036,0.036051881,0.032121848,#DIV/0!,#DIV/0!,#DIV/0!,#DIV/0!,#DIV/0!,#DIV/0!,#DIV/0!
,,,,,ST. ERROR,,0.001644077,0.00019261,0.000852235,0.000886808,5.62373E-05,0.000519905,0.000530712,0.000758025,0.000180259,0.000160609,#DIV/0!,#DIV/0!,#DIV/0!,#DIV/0!,#DIV/0!,#DIV/0!,#DIV/0!
,,,,,,,,,,,,,,,,,,,,,,,
,,,,,,,,,,,,,,,,,,,,,,,
,,"Snapshot 1 | Sheet: KHD-107-A | Wednesday, February 11, 2026  11:08:24 PM",,,,,,,,,,,,,,,,,,,,,
,,Oxide,Concentration,HAL 2-sigma uncertainty,,Iteration,Synthetic SiO2 Value,Synthetic TiO2 Value,Synthetic Al2O3 Value,Synthetic FeO Value,Synthetic MnO Value,Synthetic MgO Value,Synthetic CaO Value,Synthetic Na2O Value,Synthetic K2O Value,Synthetic P2O5 Value,,,,,,,
,,SiO2,75.45385367,0.301739901,,1,75.88397842,-0.031760326,12.92754179,0.941444136,0.027485408,-0.070996567,1.032797631,2.966608489,5.882109232,0.037594489,,,,,,,
,,TiO2,0.091058404,0.081009834,,2,75.55083042,0.08111123,13.13492466,0.53210708,0.016126157,0.735116561,0.929871677,3.012011944,5.978072512,-0.051593603,,,,,,,
,,Al2O3,13.13363444,0.186992386,,3,75.29412545,0.065657984,13.34458116,0.742842024,0.011035463,0.094410301,0.535229062,3.009136362,5.87463645,0.068524159,,,,,,,
,,FeO*,0.803915527,0.2885948,,4,75.5200396,0.161251449,13.228167,0.796564171,0.016486263,-0.342414537,0.914685025,2.770607039,5.925961879,-0.046687107,,,,,,,
,,MnO,0.01580088,0.012342348,,5,74.85971586,0.108441319,13.29741566,1.058667365,0.030480739,0.618567949,0.756934315,3.160181824,5.930468817,0.069242407,,,,,,,
,,MgO,0.094379221,0.423543713,,6,75.26890756,0.00551991,13.02782546,0.891148653,0.030057212,-0.552274163,1.459894521,3.057722619,5.870676526,-0.056826643,,,,,,,
,,CaO,0.956554333,0.206410548,,7,75.6825606,0.083733464,13.26049993,0.933341194,0.019217983,0.190243226,0.825414041,2.778608634,5.908977819,0.16695099,,,,,,,
,,Na2O,2.940475435,0.122268971,,8,75.80384592,-0.036986964,12.88796901,1.025543538,0.014352153,-0.204346567,1.185351206,3.082168537,5.928406033,-0.054508664,,,,,,,
,,K2O,5.908425073,0.030370317,,9,75.30484449,0.166632942,13.39306495,0.754501646,0.018204462,0.349695255,0.978087052,3.033145229,5.920140083,-0.004012517,,,,,,,
,,P2O5,0.028244386,0.051204774,,10,75.29235002,0.017518159,13.18325004,1.130349899,0.0132434,-0.010655693,0.815879175,3.069172271,5.902802638,0.033861842,,,,,,,
,,,,,,11,75.96789286,-0.020141997,12.93734308,0.777679242,0.017023796,0.296293552,1.030471401,2.823244962,5.990748543,0.046452724,,,,,,,
,,,,,,12,75.5594506,0.167271806,13.07292229,1.124287232,0.023802301,0.09818487,1.11023893,2.941233341,5.923929395,-0.049243968,,,,,,,
,,,,,,13,75.30188385,0.111332002,13.23919471,0.393556647,0.042365956,0.426965991,0.809196369,2.895527569,5.905849766,-0.038016785,,,,,,,
,,,,,,14,75.30197597,0.085058579,12.93115034,0.434750812,0.012905624,0.424235207,0.943795808,2.947202617,5.871337717,0.070001322,,,,,,,
,,,,,,15,75.5920895,0.06005064,13.16751033,0.990468589,0.029734483,-0.002699649,1.268143507,2.800160028,5.893159525,0.049441548,,,,,,,
,,,,,,16,75.7006027,0.046095663,13.0901538,0.662178416,0.021603948,0.388515147,1.425081428,2.960630312,5.919080702,-0.029218651,,,,,,,
,,,,,,17,75.14386436,0.116020585,13.11509926,0.043764929,-0.004574114,-0.288986053,1.310360243,2.834952962,5.89349552,0.048955137,,,,,,,
,,,,,,18,75.27259585,-0.025819704,13.22868207,1.348806811,0.019523269,0.434421491,1.308937505,2.935666185,5.906114375,0.076120581,,,,,,,
,,,,,,19,74.71002858,0.108380565,13.40433067,1.260494884,-0.020884128,0.300154784,1.198233305,2.923458337,5.856516408,0.008618886,,,,,,,
,,,,,,20,74.90933206,0.031854144,13.21986388,0.482453466,0.02102129,0.046414712,1.077107291,2.801352111,5.948803161,0.022850914,,,,,,,
,,,,,,21,75.04973718,0.081138106,13.01914509,0.63810481,0.011844258,-0.39215912,0.787929455,3.059760793,5.902124891,0.052198114,,,,,,,
,,,,,,22,75.3983917,-0.000953464,13.12297015,0.736723336,0.018275607,0.030525599,0.943465852,3.070970701,5.89716887,0.018815413,,,,,,,
,,,,,,23,75.11573522,0.143107355,12.74750433,0.863792176,0.017349129,0.381492509,0.925926557,2.86020703,5.848697405,-0.017833394,,,,,,,
,,,,,,24,75.45321407,0.121500698,13.08520117,0.714679613,0.017819396,-0.391256842,0.83038444,2.758069567,5.864576907,0.048433482,,,,,,,
,,,,,,25,75.36124168,0.087831358,13.39435516,0.58987682,0.004334948,0.382783256,0.977897745,2.849507356,5.859434048,0.064867056,,,,,,,
,,,,,,26,75.69917501,0.082670865,13.15083482,0.527723738,-0.010105965,1.067223405,0.944442853,3.072768587,5.885030283,0.039041188,,,,,,,
,,,,,,27,75.46017532,0.067838436,13.41427181,0.702292404,0.033909541,-0.014265183,0.767266093,2.836069188,5.892904967,0.117423337,,,,,,,
,,,,,,28,75.30255321,0.115898647,12.97294319,1.014751626,0.035576743,0.145992253,0.875328222,2.963306632,5.898922561,0.017219281,,,,,,,
,,,,,,29,75.11606341,0.035002748,12.79603252,1.479093833,-0.000241801,-0.504372617,0.694437571,2.614005282,5.898638377,0.008596918,,,,,,,
,,,,,,30,75.31518458,0.087638892,13.19193027,0.601331283,0.013048998,-0.013858779,1.074347724,2.729488991,5.919556918,-0.032499952,,,,,,,
,,,,,,31,75.68281567,-0.047129654,12.95825168,0.951667189,0.020745856,0.113451382,0.822910714,2.942977341,5.898673262,-0.076021822,,,,,,,
,,,,,,32,75.55924154,-0.053352321,13.1304875,1.233344233,0.009633424,0.396415979,1.084239301,2.933614737,5.961068207,0.058421203,,,,,,,
,,,,,,33,75.26218485,0.207425652,13.18753493,0.433599877,0.023400395,-0.307874001,0.889969167,2.877432923,5.874835324,0.002585846,,,,,,,
,,,,,,34,75.50648158,0.051218734,12.91319571,0.505580976,0.009859374,0.345335551,0.86068417,3.065260569,5.87094671,0.049083759,,,,,,,
,,,,,,35,75.60344519,-0.020625544,13.02187963,0.728913166,0.018666069,0.690590969,0.925730917,3.044972957,5.941090608,0.031204227,,,,,,,
,,,,,,36,75.89825049,0.207997786,12.95410181,0.434904188,0.023964041,0.285203612,0.988738831,2.86613433,5.875479872,0.030345072,,,,,,,
,,,,,,37,75.375267,0.091020079,13.08634424,1.052179529,0.028440931,0.044080954,1.204521747,2.891943116,5.918577967,0.095314549,,,,,,,
,,,,,,38,75.54472137,-0.067774593,12.84704203,0.852545272,-0.002309588,0.12614345,0.447923594,2.871503568,5.902591718,-0.066500181,,,,,,,
,,,,,,39,75.34451183,0.117671373,13.17760036,1.284688841,-0.010798945,0.440842634,1.215885829,3.044323643,5.898537397,-0.077853143,,,,,,,
,,,,,,40,75.47486781,0.061607601,13.25319409,0.815866864,0.013672908,-0.373926031,0.743388576,3.043275887,5.927854737,0.007819579,,,,,,,
,,,,,,41,75.60264474,0.101858779,13.18732464,0.791580969,0.008204306,1.215249845,0.949655536,3.041952559,5.857519402,-0.066248219,,,,,,,
,,,,,,42,75.21694145,0.150228062,13.34316671,0.76300369,0.009533282,-0.793679527,0.698813141,2.701421114,5.885509714,0.006044688,,,,,,,
,,,,,,43,74.89370743,0.177612394,13.18867864,1.121622663,0.012914526,0.159812294,1.393054999,3.050184778,5.909964386,-0.048739458,,,,,,,
,,,,,,44,75.58674083,0.23904467,13.17719267,0.826026077,0.031010815,-0.29817502,1.055791242,2.7988043,5.885801336,0.10708162,,,,,,,
,,,,,,45,75.64125181,0.231334308,12.99541539,0.552758285,-0.004950722,-0.039812979,1.134138311,2.864331454,5.949588862,-0.016645162,,,,,,,
,,,,,,46,75.33021429,0.12650634,12.98820625,0.958145939,0.012365599,0.693784822,0.65167723,2.908586941,5.865641875,0.012495926,,,,,,,
,,,,,,47,75.33088139,0.044500805,13.27327015,1.210343824,0.028117687,0.234766236,1.135272037,3.132805667,5.873732527,0.04419135,,,,,,,
,,,,,,48,75.12780969,0.09198015,13.28177074,0.339457016,0.024478141,0.959123253,0.802527121,3.061414871,5.86840297,0.098184289,,,,,,,
,,,,,,49,75.57031867,0.008199378,12.82341252,0.93335065,0.023294344,0.646499379,0.885218131,2.895086993,5.844917434,-0.117616549,,,,,,,
,,,,,,50,75.24802853,0.30101366,12.96624748,0.754996702,0.004391516,0.045507548,0.675539335,2.857534017,5.919408892,0.107304994,,,,,,,
,,,,,,51,75.88084574,0.114101351,12.89061299,0.771137427,0.02079847,0.333630427,1.24566348,2.750302163,5.917417892,0.038592884,,,,,,,
,,,,,,52,75.4673053,0.012395072,13.12736908,0.875952875,0.035562494,-0.043811701,1.20971512,2.989050709,5.909767853,0.088130146,,,,,,,
,,,,,,53,75.26849093,0.193953661,13.03682579,0.713027713,0.023454478,0.952696317,0.765142137,2.983015405,5.916682565,0.079367618,,,,,,,
,,,,,,54,75.25656644,0.109327705,13.06960832,1.086223308,0.026763058,0.644934809,0.996891117,3.206786467,5.920053795,-0.005460349,,,,,,,
,,,,,,55,75.35073789,0.030233802,13.19580671,1.017004252,0.003170627,0.479909222,1.239014234,2.956743588,5.916135814,0.103524211,,,,,,,
,,,,,,56,75.27937587,0.179524502,12.99961144,0.804895661,0.014570117,0.419603039,0.825329622,3.080973594,5.937698237,-0.05452118,,,,,,,
,,,,,,57,75.25648697,0.100548982,13.00901109,0.291534574,0.008588117,0.338484673,1.369141999,2.79343977,5.91159201,0.060683628,,,,,,,
,,,,,,58,75.43486492,-0.081025987,12.82776405,0.778629421,0.00260512,0.635405248,0.792896895,2.996939097,5.890838127,0.033926525,,,,,,,
,,,,,,59,75.08828734,0.031239094,12.908414,1.040269828,0.004291324,0.595568792,1.175185205,3.196512241,5.870943785,-0.007720121,,,,,,,
,,,,,,60,75.72400775,0.046022021,13.04262527,1.485956358,0.024904147,0.109749782,0.80688632,2.915150597,5.947271648,0.065432311,,,,,,,
,,,,,,61,75.66590516,0.121416215,13.16965017,0.497377559,0.026462432,0.535667825,0.967106598,2.89557068,5.856670995,0.043846968,,,,,,,
,,,,,,62,75.28785813,0.150905394,13.32030787,0.84909548,0.023901152,-0.508330903,0.976813905,2.874177978,5.89760569,-0.030014364,,,,,,,
,,,,,,63,75.70301819,0.291764331,12.91995581,1.249030358,0.003883518,0.351871917,0.759535595,2.769420023,5.897309923,-0.009339735,,,,,,,
,,,,,,64,75.48582292,0.195041872,12.66614506,0.591545709,0.007209359,0.568462875,1.088652039,3.154172592,5.871015394,-0.069180046,,,,,,,
,,,,,,65,75.90923467,-0.007309503,13.04620826,0.808183562,0.035164565,0.478121988,0.874515828,3.032218671,5.882843512,0.052748087,,,,,,,
,,,,,,66,74.9777394,0.061468318,12.97867718,0.687975311,0.035153204,-0.582513872,0.801808858,2.874824659,5.912168201,-0.022172535,,,,,,,
,,,,,,67,75.98202176,0.106578985,13.2678967,0.712892024,-0.013997316,0.191962675,1.038414375,2.854654604,5.873598195,0.034301016,,,,,,,
,,,,,,68,75.91028888,0.193607452,12.96747171,0.902728011,0.011226257,0.049884257,1.002950263,2.842531987,5.951644774,0.041148883,,,,,,,
,,,,,,69,75.02946719,-0.112997719,13.00044465,0.387084753,0.039458499,0.292838477,0.751069158,3.210473078,5.931010247,0.018941284,,,,,,,
,,,,,,70,75.16104983,0.185824346,13.20167751,0.40320841,0.024087049,0.682371093,0.942971568,3.019649883,5.924131187,0.072406807,,,,,,,
,,,,,,71,75.40794432,0.0497259,12.91767388,0.66100192,0.005562988,0.415449776,0.952937838,2.829147002,5.87617137,-0.064494533,,,,,,,
,,,,,,72,74.86132584,0.122124306,13.02100797,0.755703168,0.022141643,0.509873088,1.220597586,2.942643745,5.919649644,0.004957843,,,,,,,
,,,,,,73,75.88292901,0.041965285,13.07757723,0.680175386,0.013437412,-0.027547968,1.115317753,3.006335695,5.91678898,0.035024909,,,,,,,
,,,,,,74,75.29454698,0.100192767,13.32907388,1.179500549,0.015078418,-0.255408689,0.764036466,2.81696172,5.88068584,-0.012460916,,,,,,,
,,,,,,75,75.93260484,0.127383067,13.21293054,0.833638921,0.031309924,0.104249217,1.09005452,2.878921324,5.917744471,0.0136475,,,,,,,
,,,,,,76,75.63471066,0.067054027,13.24136299,0.39406214,0.02610162,0.226356573,0.826553057,2.677538085,5.916960023,0.121625597,,,,,,,
,,,,,,77,75.35556592,0.290455345,12.95801971,1.099970028,0.001599815,-0.099453071,0.759706403,3.020605432,5.892776209,0.02596929,,,,,,,
,,,,,,78,75.05088031,0.000479164,12.98350102,0.760186056,0.027987508,-0.092962098,0.569686569,2.806931018,5.914540685,-0.03735497,,,,,,,
,,,,,,79,75.96630355,-0.082003848,13.35461422,0.93799159,0.016111797,0.493404107,0.933482821,3.036069235,5.944395144,0.008839449,,,,,,,
,,,,,,80,75.29425742,0.100285893,12.81181351,1.216108781,0.014609082,-0.38769731,0.706908029,2.899434444,5.902463909,0.064203786,,,,,,,
,,,,,,81,76.22679429,-0.048607648,13.25399467,0.267387764,0.043386375,0.246385226,0.946758566,2.936732925,5.858929869,0.123944655,,,,,,,
,,,,,,82,75.49916025,0.196314548,12.87802787,0.73393456,0.009023171,0.4810397,1.255575236,3.075917139,5.920415684,0.026187315,,,,,,,
,,,,,,83,75.42331179,0.034495557,13.00967096,0.789923138,0.005427948,0.416408109,0.939204649,2.952529677,5.911592553,-0.025501784,,,,,,,
,,,,,,84,75.43536838,0.054513862,13.09922389,0.591576177,0.009206466,0.105089209,0.642815618,2.994871902,5.830141191,-0.003324796,,,,,,,
,,,,,,85,75.38789765,0.220363116,12.84095617,0.975657121,-0.002511536,0.152857876,0.883742229,2.863835664,5.877700374,0.024810967,,,,,,,
,,,,,,86,75.39882584,0.116430682,13.05962664,1.290261641,0.012118449,-0.358171075,1.21358446,2.995205467,5.909246259,0.050281577,,,,,,,
,,,,,,87,74.81251837,0.020600331,13.35638149,0.946472103,0.023728759,-0.708487734,0.661791663,2.862331624,5.900910057,0.060445783,,,,,,,
,,,,,,88,75.49293746,0.133113056,12.9359566,1.089197387,0.01978268,-0.24832474,0.940694574,2.773674006,5.931234136,0.040394523,,,,,,,
,,,,,,89,75.27925719,0.154433374,12.81096569,1.201886976,0.003843955,-0.321915811,0.712727136,2.936467856,5.892337569,-0.040226074,,,,,,,
,,,,,,90,75.37553372,0.092161478,12.81138416,1.141437721,0.021105862,0.247663532,0.921012624,3.099414685,5.899504285,0.056412647,,,,,,,
,,,,,,91,75.15105435,0.095588364,12.88530513,0.885968781,0.010120433,-0.043546674,0.915065661,2.974871463,5.936421771,0.06831024,,,,,,,
,,,,,,92,75.46344437,0.019803709,13.24840192,1.197772404,0.023713477,-0.047565845,1.017762743,2.892446601,5.899592051,0.027048282,,,,,,,
,,,,,,93,75.60091619,0.009270769,13.09366163,0.660599106,0.022026893,-0.48561272,0.648947095,2.958319866,5.938632868,0.033656648,,,,,,,
,,,,,,94,75.42557365,0.19596682,12.89105152,0.971515415,0.037282368,0.653909443,0.763560657,2.587094133,5.908882037,-0.066018819,,,,,,,
,,,,,,95,75.42221849,0.109726271,13.115192,0.986281151,0.015591752,-0.019636735,0.860616282,2.727423882,5.912977836,0.010609914,,,,,,,
,,,,,,96,75.71315156,0.081235955,13.21016544,0.988410566,0.013104968,0.011261008,1.074782347,2.974674573,5.871252847,-5.84021E-05,,,,,,,
,,,,,,97,75.18323524,0.053111779,13.086953,0.667218595,0.017398516,-0.550656664,0.82064783,2.977078858,5.878838556,0.078480485,,,,,,,
,,,,,,98,75.50889209,0.035622231,13.39409362,0.488369789,0.002208631,1.087215077,1.11309508,3.018657745,5.90057258,-0.076613679,,,,,,,
,,,,,,99,75.49735996,0.019945358,13.14671965,0.914318429,0.027542916,-0.275241081,0.924400078,2.98362156,5.907310365,0.02371286,,,,,,,
,,,,,,100,75.42601276,0.014340791,13.27222831,0.59211472,0.021943263,1.120047117,1.135191125,2.807512918,5.896884672,0.015141361,,,,,,,
,,,,,,101,75.8855006,0.174344877,12.83934342,0.75592173,0.006390015,0.189686827,0.84292111,2.881445497,5.885129683,0.036019991,,,,,,,
,,,,,,102,75.06005496,-0.074225039,13.00727657,0.583310257,0.006925432,0.042903758,1.092128059,3.06603083,5.922264339,-0.033556198,,,,,,,
,,,,,,103,75.34515304,0.216832572,13.36454819,1.017472309,0.004418915,0.1150244,1.060750278,2.92089981,5.88854521,0.077341611,,,,,,,
,,,,,,104,75.5054371,0.071512936,12.95443459,0.434192891,0.021870237,0.066045539,0.602170091,3.213694818,5.950564677,0.008088327,,,,,,,
,,,,,,105,75.23356624,0.049483734,12.98040487,1.052534627,0.015127277,0.601325228,0.764845995,2.859969775,5.892356056,-0.076030588,,,,,,,
,,,,,,106,75.90999579,0.074512953,12.88669952,0.919115374,0.011647518,-0.270690017,1.112380219,2.991021938,5.891286636,0.044554976,,,,,,,
,,,,,,107,75.59517293,0.057998972,13.37373702,1.126483282,0.001315293,0.46228479,1.062970834,2.73905282,5.927324992,-0.040387703,,,,,,,
,,,,,,108,75.73355383,0.163122596,12.89700071,1.324060858,-0.004370928,-0.714446033,0.720701235,2.959073969,5.868137003,0.02863848,,,,,,,
,,,,,,109,75.58837823,0.167684167,13.19221118,0.479678792,0.011402164,0.041884419,0.610088805,2.959375525,5.951288909,0.106667996,,,,,,,
,,,,,,110,74.97247064,0.036331772,13.27072662,0.831063404,0.000482754,-0.187445518,1.184610577,2.966475488,5.860237129,0.034775084,,,,,,,
,,,,,,111,75.46761651,0.130189963,12.82224946,0.741291235,-0.005314111,0.684917583,1.184506022,2.938756103,5.898569907,0.105220008,,,,,,,
,,,,,,112,75.57771039,-0.111005565,12.8734798,0.575894144,0.016182406,0.184790775,1.285756655,2.969179228,5.910979699,0.028913013,,,,,,,
,,,,,,113,75.98148591,0.08255006,13.47133934,1.055385016,0.034975118,0.324310377,0.911268166,3.319975621,5.870792685,0.064362248,,,,,,,
,,,,,,114,75.40819932,0.067030777,13.07054855,0.851672907,0.012333075,-0.279372477,1.24921128,2.982810223,5.958457209,0.13625079,,,,,,,
,,,,,,115,75.36593381,0.273234488,12.94844499,0.492793032,0.027959119,0.648265151,1.105942195,3.031118341,5.882022829,0.020571542,,,,,,,
,,,,,,116,75.43044029,0.222876882,13.64709653,0.780342472,0.000511635,0.530007592,1.208821545,3.021011591,5.844710135,-0.017186963,,,,,,,
,,,,,,117,75.14922179,0.011042673,13.267552,0.771915445,0.024327899,-0.521416993,0.815029675,2.871464358,5.906368227,0.078815407,,,,,,,
,,,,,,118,74.83358214,0.124132499,13.21355978,0.117887066,0.014032214,0.071028535,0.728326862,2.951392972,5.876353985,0.029722869,,,,,,,
,,,,,,119,75.72205765,0.011219173,13.31663674,0.449352495,0.012549221,-0.888537406,1.204243652,3.085208001,5.928558577,0.188139168,,,,,,,
,,,,,,120,75.35102281,0.06750147,12.81755107,0.49683599,0.027662797,0.428848952,1.062281222,2.793582458,5.913975877,-0.020499589,,,,,,,
,,,,,,121,75.09426082,0.08068657,12.96867099,0.309706035,0.006942228,0.493899248,0.798053576,2.92887546,5.853606183,0.002270448,,,,,,,
,,,,,,122,75.22955492,0.208413588,13.27419968,1.043929507,0.023035697,0.119130349,0.798229703,2.864683748,5.931115404,-0.018686204,,,,,,,
,,,,,,123,75.20568666,0.271336321,13.14960542,0.548045476,0.024663274,0.425520208,1.12088621,2.855153747,5.85498732,0.006194166,,,,,,,
,,,,,,124,75.55712115,0.120252691,13.07959892,0.559545469,-0.008544878,-0.051677101,0.783730959,2.960246034,5.888267344,0.114929204,,,,,,,
,,,,,,125,75.71753417,0.065806247,13.17645299,0.446071961,0.003864153,0.183507143,0.777974318,3.167860283,5.921886022,0.106548897,,,,,,,
,,,,,,126,75.40874005,0.159027704,13.00180879,0.873600128,0.030210035,0.693225523,1.107496934,2.996029843,5.87706248,-0.00472732,,,,,,,
,,,,,,127,75.45204596,-0.015876127,12.93216056,0.503534245,0.001905696,0.374560638,1.292569682,2.826694198,5.906583107,0.028449226,,,,,,,
,,,,,,128,75.48412129,0.213571637,12.91281931,0.692486616,0.005107927,0.216336205,1.17566158,3.132476016,5.943480993,0.053986337,,,,,,,
,,,,,,129,74.67587158,0.239322196,12.88551632,0.878939492,0.009893019,0.483784554,0.80339112,2.863440686,5.913122986,-0.016414257,,,,,,,
,,,,,,130,75.23910758,0.023255704,12.84753412,0.476160341,0.00228093,-0.004878079,0.954722328,2.953990336,5.906357628,-0.007675188,,,,,,,
,,,,,,131,75.58647756,0.223441856,13.41882073,0.974396309,0.006131965,0.308174063,0.966494286,2.947135084,5.891987968,0.083421764,,,,,,,
,,,,,,132,75.91837971,0.082528802,13.291574,0.968118991,0.017829405,-0.477055529,0.709094078,2.899481214,5.968131332,0.00459196,,,,,,,
,,,,,,133,75.20291585,0.08774749,13.05254137,1.099561327,0.01759541,-0.712010679,0.787817035,2.967386257,5.893927046,0.08165423,,,,,,,
,,,,,,134,75.76144774,0.220599699,12.80206121,0.402951229,0.00615797,-1.253954402,0.959941546,3.111246808,5.938627614,0.044597484,,,,,,,
,,,,,,135,75.6215756,0.034102146,13.20970369,1.044165922,-0.014997922,-0.365536077,0.827357629,3.116614592,5.94563382,-0.052868925,,,,,,,
,,,,,,136,75.74869558,0.149424089,12.86035624,0.876328549,-0.010170786,0.474491995,0.879074354,2.830500592,5.900083003,0.073146023,,,,,,,
,,,,,,137,74.99964179,0.107489814,13.27589467,0.271457634,0.026859877,0.335108653,1.080233348,2.78254203,5.925585732,-0.041951945,,,,,,,
,,,,,,138,75.57736851,0.073261104,13.2074157,1.141777437,0.022736933,-0.688617695,1.015598782,2.658684003,5.954743741,0.018054021,,,,,,,
,,,,,,139,75.86726289,-0.021734075,13.10267564,0.406299899,-0.000604796,-0.243600703,1.01319461,2.705232126,5.922795326,-0.03590852,,,,,,,
,,,,,,140,75.39859948,0.108214298,13.44996417,0.590987129,0.014267368,0.424120799,0.86517102,2.831773949,5.905263461,0.02372296,,,,,,,
,,,,,,141,74.82639395,0.149415473,13.13214371,0.835475562,0.018091461,0.082911923,1.218563152,2.71729421,5.926322269,-0.010900415,,,,,,,
,,,,,,142,74.99070221,0.064408273,13.33534467,0.586074328,0.00886044,0.160538918,0.900367989,2.9024768,5.872114301,-0.031393187,,,,,,,
,,,,,,143,75.53789469,0.10170806,13.19376634,0.92683289,0.011799353,0.777223224,1.22292818,2.795802858,5.863275292,0.004540898,,,,,,,
,,,,,,144,75.54851878,0.163237975,13.1793841,1.063392288,0.019484265,0.59460997,0.958428601,2.939908895,5.945567738,0.087818817,,,,,,,
,,,,,,145,75.21910344,0.271621256,13.20232945,0.481507073,0.01608029,0.783625137,0.783129939,2.993634191,5.904777996,-0.023015842,,,,,,,
,,,,,,146,75.17136502,0.146554067,13.09404384,1.174641115,0.02767218,0.276058974,1.092210873,2.918218559,5.890331048,0.001663282,,,,,,,
,,,,,,147,75.67864311,0.016641573,13.33258253,0.816361251,0.017841921,-0.238896663,0.960963252,2.909505193,5.931730889,0.17189645,,,,,,,
,,,,,,148,75.13314035,0.061124475,12.98734618,0.891483327,0.044801331,0.268418281,0.96208153,2.725640303,5.916275987,0.126689497,,,,,,,
,,,,,,149,75.06289867,0.184260902,13.20742191,1.087198138,0.018031253,-0.195491538,0.769596129,2.836304188,5.894489794,-0.017063014,,,,,,,
,,,,,,150,75.38569969,0.052350547,13.11931113,0.961152879,0.014200654,0.134624592,1.192957679,3.028327171,5.912039268,0.054335297,,,,,,,
,,,,,,151,75.77620499,0.024311543,13.11302904,0.72725898,0.012620336,-0.080553347,1.018951013,3.031356106,5.93070877,0.058446433,,,,,,,
,,,,,,152,75.74986466,0.084428172,13.28997894,0.763846146,-0.011071489,0.77530503,0.792555589,3.093552739,5.929889298,-0.022658599,,,,,,,
,,,,,,153,76.36890932,0.005990718,13.13607233,0.465540786,0.00936041,0.607328997,0.935920576,2.863989414,5.913409348,-0.031226945,,,,,,,
,,,,,,154,75.20010683,0.076103339,12.90766245,0.614880014,0.043033615,-0.185014851,0.532069138,2.770364647,5.926744138,0.05532888,,,,,,,
,,,,,,155,75.10234764,0.111881573,13.41370552,0.765538562,0.021280269,0.407713924,1.256004263,2.987350271,5.874271283,0.017833722,,,,,,,
,,,,,,156,75.83929024,0.172777552,13.27138193,0.971687726,0.0122644,-0.034901933,0.880315868,2.968362311,5.936473984,-0.036733047,,,,,,,
,,,,,,157,75.72812359,0.155284096,13.23737369,0.776278632,-0.00292672,0.286786309,0.743280701,2.823928836,5.955110694,-0.03785409,,,,,,,
,,,,,,158,75.320534,0.025213705,13.17805052,0.195833263,0.008392881,0.320387922,0.871676013,2.915069095,5.928734343,-0.029211432,,,,,,,
,,,,,,159,75.44740103,0.151174471,12.84141117,0.288026787,0.01271353,-0.175313685,0.933763862,2.87343357,5.900960819,0.052864612,,,,,,,
,,,,,,160,75.096004,0.062152473,13.06605625,0.738178776,0.019254339,0.379463375,0.855882221,2.75123588,5.865447495,0.038008039,,,,,,,
,,,,,,161,75.45745924,0.071303439,13.21535629,1.049350158,0.015066306,0.773038877,0.975277588,2.750348138,5.913393251,-0.000469394,,,,,,,
,,,,,,162,75.14862386,0.116525161,13.19639389,0.734071791,0.010382185,0.939086176,0.687762253,2.851275545,5.932450816,0.068250011,,,,,,,
,,,,,,163,75.47963952,0.056457584,13.02827728,0.794966737,0.024129652,-0.192197688,1.16216682,2.946946998,5.923330966,0.021430564,,,,,,,
,,,,,,164,75.33503938,0.070401095,12.974484,0.85682732,0.01350316,-0.034102519,0.965535031,2.844309786,5.894446602,0.036322552,,,,,,,
,,,,,,165,76.02500828,0.091832843,13.38864981,0.147054983,-0.004121839,0.444157107,1.04891537,3.17669366,5.892441627,0.046967966,,,,,,,
,,,,,,166,75.42667496,0.054636869,12.90305796,0.955221733,0.01053778,0.309636361,1.148845009,2.832636819,5.917665053,0.04917086,,,,,,,
,,,,,,167,75.26250935,0.226998332,13.00600504,1.062575824,0.004366756,0.309249655,1.167918673,2.93923341,5.934370476,0.074189683,,,,,,,
,,,,,,168,75.46360802,0.093452255,13.21208255,0.543712887,0.018529605,0.139633446,1.235647259,2.961175132,5.883515203,0.00115095,,,,,,,
,,,,,,169,75.41464553,0.148249467,13.0915319,0.987570072,-0.009111534,0.01847743,0.789956703,2.953375021,5.900257445,0.03558193,,,,,,,
,,,,,,170,75.03175229,0.154635453,13.26677497,0.907342414,0.026211284,-0.435576263,0.671658718,2.924508231,5.947154345,-0.004209258,,,,,,,
,,,,,,171,75.47137252,0.093489665,13.326292,0.374003974,0.013456192,0.053315192,1.139832168,3.028183239,5.900673039,0.019983851,,,,,,,
,,,,,,172,75.5491899,0.085137013,13.07651514,0.355903148,0.011243662,0.841117481,1.235598446,2.949359557,5.918124516,-0.0050888,,,,,,,
,,,,,,173,75.62444332,0.074470947,12.72006428,0.328313986,-0.008880427,-0.247581038,0.763929522,2.988556748,5.887159025,0.05386829,,,,,,,
,,,,,,174,75.11467514,0.093515965,13.12271546,0.850349886,0.002828079,-0.252858674,1.120803748,3.110239771,5.9368365,-0.01576045,,,,,,,
,,,,,,175,75.4711899,0.103583934,12.9030285,0.900546892,-0.012507287,-0.066744883,1.062453695,3.052145749,5.872505596,0.086770927,,,,,,,
,,,,,,176,75.43140251,0.231606696,13.32479714,0.929142639,0.023154691,-0.743287996,1.182840766,2.839662453,5.92424683,-0.007184786,,,,,,,
,,,,,,177,75.77115412,-0.018619779,13.22155897,0.272098356,0.013240913,-0.74220098,1.201089841,2.976560617,5.911360695,-0.036942276,,,,,,,
,,,,,,178,75.54149763,0.084016382,13.23340732,0.667071278,0.035796963,-0.338852443,0.637155106,2.776319906,5.916982738,0.028685715,,,,,,,
,,,,,,179,75.02774018,0.036186235,13.13913362,0.833980895,0.010988158,0.067425599,0.922693561,3.18564871,5.860247843,0.057847356,,,,,,,
,,,,,,180,75.60558026,0.288376574,13.17200854,0.677832159,0.024511962,-0.133440651,0.862144688,2.733314745,5.930154978,0.044180009,,,,,,,
,,,,,,181,74.92628348,-0.022239762,13.28238613,0.721544121,0.011923151,0.519906827,1.149263018,2.784630491,5.900969232,0.082512669,,,,,,,
,,,,,,182,75.56312445,0.085160959,13.09229311,-0.123024217,0.044665251,0.312412633,1.142559243,2.927544233,5.969581272,-0.015130532,,,,,,,
,,,,,,183,75.36697981,0.048223561,12.83560346,0.862636406,0.010601602,0.246045259,1.045109637,3.042381282,5.927934505,0.040256185,,,,,,,
,,,,,,184,75.76716995,0.187373123,13.19648252,0.749676364,0.016290692,-0.240102168,0.872485835,2.872174121,5.884450044,0.035328266,,,,,,,
,,,,,,185,75.18525253,-0.022508983,12.87737445,0.786148865,0.020367828,-0.237585933,1.355447201,2.998770104,5.940120728,0.025984221,,,,,,,
,,,,,,186,75.04397376,0.100271587,13.08420058,0.98114933,0.019973786,-0.273592713,1.185148826,2.835873502,5.854401585,0.041921014,,,,,,,
,,,,,,187,75.31280692,0.155678164,12.83109141,1.267024994,0.037695856,-0.442578115,0.880035891,2.827686997,5.908283659,0.056973229,,,,,,,
,,,,,,188,75.53838691,-0.029914021,12.71663211,1.042094743,0.034903325,-0.071095439,1.019025372,2.958943085,5.892942245,-0.07012399,,,,,,,
,,,,,,189,75.63858084,0.228671906,12.91997363,0.697960943,0.009539201,0.138647655,1.180413048,3.173865204,5.897251837,0.167314511,,,,,,,
,,,,,,190,75.12762958,0.018893619,13.16350141,1.034550738,0.024549698,0.827704025,1.256958631,2.85740435,5.896411569,0.003222549,,,,,,,
,,,,,,191,75.42141982,0.12041836,13.1805927,0.81215535,0.011265049,0.022556713,0.932347407,3.201804194,5.883102682,0.040605688,,,,,,,
,,,,,,192,76.1187254,0.085370574,13.02882278,0.156050614,0.01723447,0.394650266,1.320493496,2.906406713,5.888161286,0.025359501,,,,,,,
,,,,,,193,75.78472015,0.3738963,13.01922587,0.864658004,0.017983221,0.591928359,1.131732919,2.56172519,5.910186612,-0.01481909,,,,,,,
,,,,,,194,74.62532291,0.19975081,13.04249297,0.840181383,0.01243781,0.47922316,1.143391909,3.106872835,5.914626045,-0.034152467,,,,,,,
,,,,,,195,75.59716783,0.217707472,12.93805399,0.572354993,0.014186181,0.253945661,1.331758531,2.935429369,5.928092083,0.049807245,,,,,,,
,,,,,,196,75.38258068,0.158646151,13.21619354,0.759110473,0.020387743,0.218428882,0.920661113,2.804398619,5.847259417,0.002722528,,,,,,,
,,,,,,197,75.31933869,0.055832179,12.89146156,0.474215478,0.000480042,-0.051169952,1.281154304,2.98210137,5.944756199,-0.011705852,,,,,,,
,,,,,,198,75.51064482,0.066979345,13.35088359,0.40520991,0.01820017,-0.091927742,0.776434288,2.890592004,5.973707984,0.014604904,,,,,,,
,,,,,,199,75.37101466,0.239575321,13.12326924,0.475590875,0.01888771,-0.260322165,0.683658427,2.945932422,5.899516942,0.035036826,,,,,,,
,,,,,,200,75.57291363,0.065082843,13.25240956,0.870388666,0.034942214,0.341551229,0.809023972,2.779682631,5.946825191,0.039239871,,,,,,,
,,,,,MEAN,,75.42694986,0.096544773,13.09806153,0.775821809,0.015100581,0.138387341,0.970351996,2.930982199,5.905630924,0.02375171,#DIV/0!,#DIV/0!,#DIV/0!,#DIV/0!,#DIV/0!,#DIV/0!,#DIV/0!
,,,,,STDEV.S(),,0.296531672,0.085134113,0.178737019,0.285912744,0.012435117,0.425103769,0.201817861,0.128645938,0.029098339,0.052696262,#DIV/0!,#DIV/0!,#DIV/0!,#DIV/0!,#DIV/0!,#DIV/0!,#DIV/0!
,,,,,ST. ERROR,,0.001482658,0.000425671,0.000893685,0.001429564,6.21756E-05,0.002125519,0.001009089,0.00064323,0.000145492,0.000263481,#DIV/0!,#DIV/0!,#DIV/0!,#DIV/0!,#DIV/0!,#DIV/0!,#DIV/0!
,,,,,,,,,,,,,,,,,,,,,,,
,,,,,,,,,,,,,,,,,,,,,,,
,,"Snapshot 1 | Sheet: KHD-105-B-2 | Wednesday, February 11, 2026  11:08:24 PM",,,,,,,,,,,,,,,,,,,,,
,,Oxide,Concentration,HAL 2-sigma uncertainty,,Iteration,Synthetic SiO2 Value,Synthetic TiO2 Value,Synthetic Al2O3 Value,Synthetic FeO Value,Synthetic MnO Value,Synthetic MgO Value,Synthetic CaO Value,Synthetic Na2O Value,Synthetic K2O Value,Synthetic P2O5 Value,,,,,,,
,,SiO2,76.1198352,0.356811786,,1,75.81826017,0.094469475,13.01280919,0.754342726,0.010480288,0.107755815,0.919397818,2.81130534,5.644436196,0.014738099,,,,,,,
,,TiO2,0.095371331,0.009960461,,2,76.67745929,0.090026304,13.02595135,0.830653351,0.014226598,0.104769413,0.974587675,2.941506163,5.686727819,0.011530558,,,,,,,
,,Al2O3,12.81587067,0.148695064,,3,76.40097372,0.08480803,12.69186779,0.850459478,0.004084533,0.142696228,0.993341063,3.023797411,5.72133191,0.011277623,,,,,,,
,,FeO*,0.851232575,0.045115645,,4,76.12722869,0.119004986,13.01900917,0.900363053,0.008098754,0.129999655,0.94964323,2.934278696,5.671418492,0.016347738,,,,,,,
,,MnO,0.009552778,0.006461682,,5,76.74677393,0.088971422,12.881043,0.9150079,0.014194603,0.089491368,0.910612869,2.761614729,5.697036915,0.015632556,,,,,,,
,,MgO,0.11530011,0.01900441,,6,76.3021189,0.083630555,12.90768605,0.892284517,-0.000508873,0.130612374,0.961671332,2.599898003,5.705425032,0.013277739,,,,,,,
,,CaO,0.937674675,0.032458883,,7,75.80456688,0.087635735,12.68409109,0.8851154,0.001233588,0.125000161,0.937284602,2.818889295,5.715729855,0.00922219,,,,,,,
,,Na2O,2.809973895,0.137802366,,8,76.3992683,0.106513048,12.79969391,0.855493388,0.005230084,0.119225627,0.93256337,2.701833042,5.669196285,0.017019779,,,,,,,
,,K2O,5.671847107,0.043276957,,9,75.89596992,0.097726674,12.80605495,0.903109673,-0.003777296,0.1149513,0.978111364,3.053735723,5.667471603,0.017753946,,,,,,,
,,P2O5,0.013041468,0.003823902,,10,76.06915018,0.083559071,12.84720175,0.901614396,0.016032817,0.110449752,0.960606789,2.904925831,5.687551909,0.007461189,,,,,,,
,,,,,,11,76.75160134,0.098528231,12.7780368,0.828065384,0.01477838,0.093356716,0.931090401,2.794783061,5.663458074,0.009266241,,,,,,,
,,,,,,12,76.16747634,0.099897915,13.03770926,0.851224774,0.007334503,0.106168485,0.915816609,2.866459889,5.67049326,0.008404515,,,,,,,
,,,,,,13,76.10083641,0.075481519,12.98097542,0.909862014,0.001322638,0.131968273,0.897740212,2.775001316,5.698226957,0.008131021,,,,,,,
,,,,,,14,76.08494471,0.090087126,12.59635386,0.886472091,0.009571721,0.156004563,0.936637314,2.80463177,5.653387876,0.015226876,,,,,,,
,,,,,,15,75.64729197,0.092321755,12.96762762,0.823068121,0.002958712,0.127065944,0.933438658,2.855855057,5.590721813,0.012899038,,,,,,,
,,,,,,16,76.50605322,0.089310162,12.89521519,0.871660812,0.012490588,0.109793604,0.908966829,2.866091146,5.671277826,0.015343845,,,,,,,
,,,,,,17,76.26394147,0.077186179,12.77744065,0.863161097,0.012842135,0.096373557,0.987200608,2.768151953,5.555042983,0.013980405,,,,,,,
,,,,,,18,76.21960913,0.097459467,12.75369906,0.810424425,0.010148591,0.098846116,0.936053883,2.543099385,5.684030061,0.014751712,,,,,,,
,,,,,,19,76.65821279,0.097167813,12.9255891,0.857618838,0.01312519,0.114376694,0.915975077,2.664303123,5.668585654,0.016651216,,,,,,,
,,,,,,20,76.58872379,0.087891459,12.9771487,0.816613224,0.009821745,0.152162495,0.962623818,2.982638689,5.646823116,0.013813508,,,,,,,
,,,,,,21,76.33081473,0.098290727,12.62034534,0.778684346,0.009033231,0.125441693,0.960990985,2.557559408,5.677843823,0.01320249,,,,,,,
,,,,,,22,76.47517594,0.076300179,12.92123424,0.833377359,0.013140467,0.122732671,0.903471378,2.76350616,5.703639226,0.013951331,,,,,,,
,,,,,,23,76.04148901,0.100793283,12.79504502,0.86691838,0.007301163,0.067293027,0.973178746,3.000275228,5.652967444,0.012250094,,,,,,,
,,,,,,24,75.85849301,0.085534647,12.83776769,0.933524803,0.018897094,0.100617361,0.899565119,3.053373051,5.683557027,0.011462873,,,,,,,
,,,,,,25,75.92098812,0.103089539,13.0795678,0.838536065,0.009128315,0.11770954,0.921785824,2.767273207,5.60133846,0.009614085,,,,,,,
,,,,,,26,76.30995977,0.090016802,12.66124151,0.823751852,0.010494704,0.143273471,0.921036745,2.889340063,5.687217652,0.010908277,,,,,,,
,,,,,,27,76.29855214,0.093939765,12.94346868,0.836580338,0.01331518,0.121538017,0.971316961,2.674857273,5.72824886,0.01612099,,,,,,,
,,,,,,28,76.68694857,0.077000143,12.78334447,0.825480163,0.010987359,0.069798209,0.936236388,2.851964702,5.632254017,0.012521064,,,,,,,
,,,,,,29,75.65844887,0.090359109,12.89048673,0.866192063,0.009007317,0.116951359,0.941234118,2.761021294,5.643247565,0.009548535,,,,,,,
,,,,,,30,76.76192876,0.111325038,12.77302801,0.865808022,0.006745661,0.086886113,0.93222773,2.779051914,5.67284201,0.017164576,,,,,,,
,,,,,,31,76.43384467,0.097919482,12.87487353,0.890761664,0.018199971,0.113182708,0.937966989,2.656747162,5.595620818,0.017750246,,,,,,,
,,,,,,32,76.21031907,0.09373023,12.75789228,0.800564544,0.018048008,0.145031041,0.953343207,2.785200911,5.623926697,0.008977747,,,,,,,
,,,,,,33,76.22245211,0.081392908,12.90093834,0.817598494,0.014035204,0.112651726,0.98084348,3.00495319,5.690243044,0.010887816,,,,,,,
,,,,,,34,75.67997752,0.09299105,12.5994176,0.775236686,0.00730359,0.093183881,0.933504398,2.930884941,5.644205645,0.007800102,,,,,,,
,,,,,,35,76.41231003,0.089188243,12.78033686,0.829506951,0.017924253,0.081216233,0.965224775,2.890705358,5.667714132,0.013484479,,,,,,,
,,,,,,36,76.68141431,0.107357243,12.95870973,0.850829101,0.012292968,0.095288644,0.951296823,2.779138154,5.626733346,0.010151339,,,,,,,
,,,,,,37,75.73349629,0.071813734,13.01755817,0.822615503,0.011989502,0.120311472,0.926637474,2.965613101,5.590182119,0.016303205,,,,,,,
,,,,,,38,76.10225797,0.101517228,12.60965489,0.915828419,0.006219013,0.119235147,0.933753229,2.869538944,5.685876165,0.016117565,,,,,,,
,,,,,,39,75.88808977,0.105088283,12.99384878,0.831954195,0.003973657,0.127171321,0.907922784,2.753612976,5.677203506,0.006894981,,,,,,,
,,,,,,40,75.87677762,0.105487472,12.80984435,0.874238111,0.00808717,0.089410896,0.900872949,3.015000294,5.729872927,0.006806638,,,,,,,
,,,,,,41,76.28859992,0.086979782,12.94135979,0.812899311,0.0138847,0.115154191,0.913922837,2.917807312,5.663088833,0.011078075,,,,,,,
,,,,,,42,76.09092056,0.08400251,13.04392907,0.854341981,0.01372109,0.112555966,1.024836742,2.981765632,5.611360246,0.016213872,,,,,,,
,,,,,,43,76.22676242,0.108209917,12.82233875,0.909179915,0.02684141,0.115521343,0.978671436,3.040349037,5.523642411,0.013825848,,,,,,,
,,,,,,44,75.96473165,0.08783551,12.50230002,0.855783702,0.013419256,0.103727437,0.878405474,2.936344936,5.653286591,0.013472441,,,,,,,
,,,,,,45,76.62632391,0.093428902,12.90405005,0.819504229,0.007825376,0.100856277,0.874559172,2.488772024,5.66266421,0.014429054,,,,,,,
,,,,,,46,75.87136399,0.090581972,12.84877495,0.843465392,0.014355317,0.106004476,0.881557473,2.85454323,5.614277171,0.007543518,,,,,,,
,,,,,,47,76.52646115,0.101422248,12.98628824,0.859776821,0.021960106,0.130581936,0.940371956,2.736139633,5.628904383,0.017084413,,,,,,,
,,,,,,48,76.01250561,0.091507021,12.48375785,0.821608971,0.008472056,0.113664584,0.930851366,2.74619474,5.694019788,0.018503083,,,,,,,
,,,,,,49,76.17253232,0.090796725,12.62673128,0.863952026,0.009832354,0.109244656,0.913392721,2.882344125,5.736824217,0.015573871,,,,,,,
,,,,,,50,76.41123577,0.107376231,12.93058755,0.930145691,0.005368612,0.124511234,0.858866732,2.769535218,5.708111423,0.011470274,,,,,,,
,,,,,,51,76.49313653,0.108663977,12.70220523,0.919741596,0.008561128,0.121814447,0.884177766,2.62043309,5.693096815,0.011276513,,,,,,,
,,,,,,52,75.96163857,0.096479823,12.73127391,0.88943305,0.010649358,0.106703349,0.942848185,2.851724656,5.658836245,0.00959447,,,,,,,
,,,,,,53,76.3713349,0.096555813,12.51679108,0.902353245,0.002715298,0.09447238,0.972536181,2.916060548,5.731952407,0.019633473,,,,,,,
,,,,,,54,75.81416336,0.086793065,12.68254125,0.86130843,-0.001271075,0.062157131,0.962946532,2.625033222,5.64502515,0.014886327,,,,,,,
,,,,,,55,76.8175797,0.107735533,12.63564714,0.871687382,0.003042191,0.096652957,0.982401856,2.606957994,5.643332004,0.00962181,,,,,,,
,,,,,,56,76.10624674,0.075995592,12.93523951,0.889366253,0.008442169,0.120070696,0.908651415,2.864751141,5.612449243,0.014646784,,,,,,,
,,,,,,57,75.68008001,0.093383555,12.8221975,0.826990066,0.012560468,0.136647417,1.002685931,3.030999369,5.651292256,0.007475142,,,,,,,
,,,,,,58,76.24309832,0.097023921,12.8958189,0.886152578,0.012609494,0.098467223,0.960687547,2.60482044,5.692562052,0.007470085,,,,,,,
,,,,,,59,76.12752815,0.106723015,12.73611228,0.793334303,0.015871943,0.138134704,0.98520805,2.647001101,5.673337879,0.015195345,,,,,,,
,,,,,,60,75.88267731,0.100021083,12.83296455,0.810687968,0.015769612,0.11465106,0.972471881,2.933450154,5.734722376,0.014445649,,,,,,,
,,,,,,61,75.98528936,0.081325731,12.88581375,0.841841527,0.019687967,0.117849002,0.958275149,2.930533947,5.611729399,0.020019481,,,,,,,
,,,,,,62,75.47821173,0.098447444,12.68503297,0.919987097,0.017298321,0.142266444,0.89545132,2.54381112,5.673222335,0.011961295,,,,,,,
,,,,,,63,76.44259455,0.092477999,12.83058826,0.85391303,-0.005054263,0.161128426,0.970567086,2.908956448,5.736192537,0.011552238,,,,,,,
,,,,,,64,75.56187447,0.103286895,12.89921657,0.877558503,0.012916792,0.116154332,0.938677938,2.697686764,5.60118095,0.007811131,,,,,,,
,,,,,,65,76.00993739,0.086460491,12.6862288,0.923371943,0.003248009,0.117585407,0.94554281,2.969269736,5.681311599,0.016278411,,,,,,,
,,,,,,66,76.04549398,0.083128239,12.58563606,0.882052179,0.011783711,0.109669715,0.897370459,2.813319289,5.682253916,0.009240909,,,,,,,
,,,,,,67,75.86221979,0.101531444,12.8689518,0.829035233,0.009702596,0.094636598,0.916490845,2.821320671,5.710102055,0.012839258,,,,,,,
,,,,,,68,76.3173164,0.09663563,12.81748323,0.918820898,0.008363164,0.121372135,0.941477929,2.580329045,5.651450236,0.012381815,,,,,,,
,,,,,,69,76.51088874,0.084151211,12.89577966,0.872745662,0.016635835,0.125550813,0.971934635,2.774435977,5.672440528,0.010350072,,,,,,,
,,,,,,70,75.5274885,0.095776765,12.88668528,0.859849728,0.010085627,0.0949965,0.973548361,2.924083254,5.647429505,0.014636104,,,,,,,
,,,,,,71,75.97055366,0.110218511,12.40079894,0.899926106,0.01218158,0.100794524,0.96656862,2.604958914,5.6888295,0.012407947,,,,,,,
,,,,,,72,76.47757582,0.092161489,12.93157458,0.784643525,-0.007332373,0.113619904,0.894476539,2.819693033,5.639749612,0.018813162,,,,,,,
,,,,,,73,76.59800337,0.092750989,12.88352154,0.877776749,0.00090904,0.109221758,0.978574816,2.799138365,5.725851766,0.011210461,,,,,,,
,,,,,,74,76.1080324,0.097417584,12.95742561,0.906965921,0.00558866,0.101517079,0.971713991,2.926089999,5.593666838,0.015405724,,,,,,,
,,,,,,75,76.18890631,0.086799485,12.89970432,0.839671616,0.017142966,0.104587645,0.943627739,2.78657607,5.686900769,0.020590479,,,,,,,
,,,,,,76,77.03460034,0.083416759,12.61914539,0.839222743,-0.003836344,0.09585435,0.920436762,2.720319786,5.689360156,0.016068544,,,,,,,
,,,,,,77,76.22903499,0.102085094,12.77354766,0.901175333,0.006419361,0.099916107,0.958078728,2.963632234,5.799437993,0.003852203,,,,,,,
,,,,,,78,75.95199117,0.121050501,12.91611094,0.871421161,0.008215404,0.12993017,0.959702302,3.126556447,5.720681489,0.013516074,,,,,,,
,,,,,,79,75.68302601,0.090363794,13.04344156,0.793059416,0.012449816,0.088842574,0.929046036,2.870319308,5.683292944,0.013054813,,,,,,,
,,,,,,80,76.14971794,0.108175969,12.70577996,0.844511387,0.015354002,0.111442495,0.93434867,2.739136261,5.655079519,0.015950702,,,,,,,
,,,,,,81,76.75559106,0.095156363,12.79855405,0.831433417,0.00442448,0.116825103,0.988102746,2.989874365,5.706007951,0.012044899,,,,,,,
,,,,,,82,75.80936775,0.098371212,12.72632464,0.841717144,0.010129797,0.131881846,0.956274453,2.922120915,5.699447451,0.01312555,,,,,,,
,,,,,,83,77.09069618,0.08763449,12.4738357,0.909901838,0.002664145,0.133043561,0.93630422,3.076421763,5.654896442,0.011864178,,,,,,,
,,,,,,84,76.3255073,0.085186073,12.7257924,0.872290942,0.004181581,0.10553167,0.961444884,2.785462432,5.652167234,0.011718665,,,,,,,
,,,,,,85,75.94929658,0.104621219,12.80770771,0.868158517,0.005852404,0.12280962,0.952742032,2.799820873,5.721631583,0.013284062,,,,,,,
,,,,,,86,76.20919132,0.107899641,12.93073544,0.900529334,0.022411871,0.130659143,0.931374514,2.809853587,5.752033067,0.017867262,,,,,,,
,,,,,,87,75.81497248,0.097965902,12.66589923,0.837507412,0.004228333,0.100497727,0.942657876,2.498755667,5.632237247,0.01544386,,,,,,,
,,,,,,88,76.275979,0.096233059,12.84946448,0.802377754,0.007704909,0.121014758,0.941244041,2.746475657,5.702487854,0.009902551,,,,,,,
,,,,,,89,75.87266168,0.100314988,12.63103278,0.848239264,0.00919418,0.084719645,0.945400225,2.523340858,5.720300374,0.017073369,,,,,,,
,,,,,,90,76.55214946,0.085193552,12.82503526,0.888539817,0.014139406,0.112423347,0.924320358,2.668085048,5.76532386,0.015105832,,,,,,,
,,,,,,91,76.33401833,0.091900059,12.73790199,0.826630485,0.003520375,0.12253936,0.953416181,2.884931904,5.642937117,0.01405634,,,,,,,
,,,,,,92,76.37580299,0.103828782,12.92119319,0.855023746,0.011610615,0.115461147,0.969325483,2.86210031,5.709052567,0.013800637,,,,,,,
,,,,,,93,76.02443827,0.091028178,12.83756441,0.824700804,0.004686975,0.123164202,0.910564144,2.890345152,5.612227656,0.013122686,,,,,,,
,,,,,,94,76.14270545,0.09601753,12.91402316,0.87823594,0.008539365,0.123614849,0.967943511,2.725730703,5.616465403,0.008067674,,,,,,,
,,,,,,95,76.81301066,0.089933324,12.88566824,0.784428505,0.018187923,0.085014603,0.932606552,2.81926408,5.702138351,0.011259047,,,,,,,
,,,,,,96,76.23724532,0.105454889,12.90720554,0.836245311,0.017069347,0.122178821,0.978816255,2.909121426,5.579131199,0.011988306,,,,,,,
,,,,,,97,76.30991621,0.082722477,13.0018249,0.896411764,0.012319411,0.126406235,0.921768137,2.824509881,5.658476452,0.01720624,,,,,,,
,,,,,,98,76.0862339,0.108963621,12.66595422,0.830167681,0.004137107,0.109987183,0.90325646,3.040044684,5.67535443,0.008694234,,,,,,,
,,,,,,99,76.47481579,0.10614675,12.5741878,0.903696874,0.009154687,0.083930054,0.914197436,3.091000401,5.721772179,0.008801165,,,,,,,
,,,,,,100,75.94872868,0.094704406,12.94863463,0.903768741,0.005850666,0.113897823,0.979776429,2.839531875,5.753386343,0.010225632,,,,,,,
,,,,,,101,76.40495262,0.09736502,12.77911318,0.909664811,0.005571586,0.07621435,0.94420323,2.784079662,5.633332675,0.011232823,,,,,,,
,,,,,,102,76.45890223,0.086234842,12.79711003,0.881107038,0.015090742,0.131694747,0.957991508,2.758632386,5.606872885,0.013627097,,,,,,,
,,,,,,103,76.6265205,0.08632837,12.7251627,0.893567745,0.004308002,0.094540848,0.9336932,2.809082015,5.698745969,0.018658904,,,,,,,
,,,,,,104,76.2359631,0.093499499,13.16483405,0.884052826,0.004941242,0.148108804,0.903792201,2.9761051,5.721260886,0.008387348,,,,,,,
,,,,,,105,76.15077367,0.113881158,12.91889597,0.788858186,-0.007329152,0.114278546,0.936592907,2.811401312,5.672597142,0.008295568,,,,,,,
,,,,,,106,76.93525165,0.094178744,12.95366854,0.888891951,0.012924502,0.123273323,0.932135497,2.919061604,5.651596765,0.020497001,,,,,,,
,,,,,,107,76.57581756,0.088595444,12.73577137,0.780989054,0.019434605,0.110188885,0.934673393,2.716907854,5.67622628,0.012416229,,,,,,,
,,,,,,108,76.37049379,0.089581728,12.57802515,0.837231449,0.001554486,0.120522751,0.963189149,2.770345495,5.727886878,0.013869027,,,,,,,
,,,,,,109,76.08238669,0.096344097,12.80345034,0.870559549,0.007703796,0.144547455,0.908158624,2.616257507,5.737409254,0.017455867,,,,,,,
,,,,,,110,75.83701601,0.096322376,12.74168137,0.827508254,0.026090262,0.135354788,0.971509285,2.874611912,5.638709417,0.010110762,,,,,,,
,,,,,,111,76.82798873,0.109911636,12.93995936,0.943974119,0.002476549,0.068736721,0.908935703,2.919485179,5.672303898,0.018381326,,,,,,,
,,,,,,112,75.88648871,0.11514911,12.53693491,0.863042946,0.020315938,0.137681539,0.941932085,2.744619074,5.666183407,0.011957394,,,,,,,
,,,,,,113,76.25500914,0.083968972,12.78501783,0.868346416,0.014882272,0.091132768,0.992165429,3.013631019,5.58184303,0.017937244,,,,,,,
,,,,,,114,76.13032226,0.076801098,12.98869058,0.879723125,0.016163697,0.079757769,0.948545868,2.662381674,5.660667073,0.017538127,,,,,,,
,,,,,,115,75.84899218,0.114260978,12.64276838,0.785245153,0.004019821,0.119883839,0.946115994,2.892123662,5.72154912,0.009187038,,,,,,,
,,,,,,116,76.5469508,0.099828049,12.85626711,0.809403185,0.010720767,0.113700015,0.906778802,2.842924208,5.631305791,0.014895004,,,,,,,
,,,,,,117,76.57797556,0.103042213,12.68526461,0.920621689,0.004042608,0.123703096,1.007652067,2.765598167,5.691944736,0.012913654,,,,,,,
,,,,,,118,75.847534,0.118546909,12.81065002,0.880289994,0.017500507,0.125372274,0.976519085,2.851220811,5.601210184,0.006344208,,,,,,,
,,,,,,119,76.23695232,0.099970733,12.83538215,0.83041386,0.010710434,0.108255268,0.928007126,2.785516148,5.689313028,0.012908748,,,,,,,
,,,,,,120,76.75362973,0.085483477,12.53943959,0.864177655,0.014078754,0.096195245,0.993098459,2.501279706,5.63351778,0.014634935,,,,,,,
,,,,,,121,75.50360819,0.102052461,12.75408138,0.826345499,0.005315955,0.121479522,0.919680029,2.851982686,5.721942084,0.005512458,,,,,,,
,,,,,,122,76.43236994,0.105096945,12.69698289,0.798282989,0.012654085,0.169768411,0.996122958,2.913346641,5.661006731,0.008103892,,,,,,,
,,,,,,123,75.8560972,0.090852685,12.65596013,0.805305342,0.017135408,0.116429629,0.90257396,2.877283236,5.652104374,0.008155837,,,,,,,
,,,,,,124,76.49741962,0.095839827,12.8063701,0.907628795,0.003345286,0.147497193,0.894677466,2.737286136,5.659321248,0.008397279,,,,,,,
,,,,,,125,76.50688321,0.092645127,12.68271404,0.787343371,-0.001091318,0.120784965,0.977371945,3.055521387,5.616780199,0.01165285,,,,,,,
,,,,,,126,75.63892651,0.097588406,12.86521357,0.826532476,0.008207719,0.109175422,0.951744466,2.797043091,5.604753633,0.009790864,,,,,,,
,,,,,,127,76.13369746,0.08462085,12.66718014,0.893853911,0.012672797,0.12568202,0.895919266,2.831189913,5.636271768,0.016990427,,,,,,,
,,,,,,128,75.53254478,0.080647045,12.63695856,0.911644965,0.009487406,0.117711542,0.925966074,3.025232757,5.616483216,0.012248828,,,,,,,
,,,,,,129,75.18143001,0.090463731,12.64757219,0.855606536,0.012682118,0.106265594,0.960048037,2.81848238,5.63655536,0.01701018,,,,,,,
,,,,,,130,76.8883692,0.106903564,13.06075456,0.813129108,0.008684809,0.109504682,0.929418537,2.996119248,5.700649656,0.015280403,,,,,,,
,,,,,,131,75.88314629,0.080740479,12.79333617,0.792225054,0.007798355,0.111421614,0.931012586,2.849058068,5.635023577,0.012025826,,,,,,,
,,,,,,132,75.59158378,0.097239976,12.9539502,0.882022195,0.014841493,0.085863739,0.935488808,3.116941141,5.771502641,0.011493245,,,,,,,
,,,,,,133,76.64877773,0.105125963,12.75347777,0.782908334,0.005636749,0.107281285,0.945983878,2.695736018,5.66277391,0.007500525,,,,,,,
,,,,,,134,76.52093762,0.075062662,12.85641618,0.873185502,0.009190846,0.104556286,0.971489771,2.664338964,5.609643993,0.010670549,,,,,,,
,,,,,,135,75.45782545,0.085068401,13.12330663,0.85673544,0.005486141,0.105680426,0.924340635,2.55367634,5.616093125,0.010126957,,,,,,,
,,,,,,136,76.36725481,0.097803686,12.81804933,0.86028365,0.005217161,0.102448828,0.955130082,2.785239251,5.693583368,0.012386481,,,,,,,
,,,,,,137,75.95928897,0.102941934,12.9576229,0.882173335,0.020901401,0.100406666,0.969322023,2.913619696,5.63743346,0.016948938,,,,,,,
,,,,,,138,76.41062961,0.08748184,13.01235276,0.929811074,0.002716266,0.12440662,0.898171473,2.711200574,5.719275084,0.012710793,,,,,,,
,,,,,,139,76.05358549,0.088665569,12.74738463,0.941425748,0.015499138,0.154256363,0.979409473,2.787857647,5.669401005,0.009865296,,,,,,,
,,,,,,140,75.72779902,0.109844176,12.74202497,0.858735864,0.007694974,0.108935107,0.914827338,2.933639789,5.705952286,0.012784627,,,,,,,
,,,,,,141,75.8415502,0.090327962,12.86599519,0.788998565,0.016947923,0.137575573,0.923160694,2.768430162,5.672762127,0.009438052,,,,,,,
,,,,,,142,75.79433896,0.089463894,12.89240322,0.854353639,0.026656794,0.123702148,0.972875278,2.788996862,5.684983038,0.010908342,,,,,,,
,,,,,,143,76.41324069,0.091111013,12.99873991,0.898705746,0.007780182,0.116140576,0.91745929,2.905334128,5.668561723,0.015793204,,,,,,,
,,,,,,144,76.04052937,0.095593829,12.93260945,0.833159285,0.010746725,0.110962348,0.969261719,3.044024103,5.642737393,0.011265125,,,,,,,
,,,,,,145,75.86224483,0.094610502,12.64932676,0.905450774,0.020516805,0.111797389,0.908426927,2.886090351,5.63304471,0.008604058,,,,,,,
,,,,,,146,76.32823797,0.091782524,12.78631043,0.840978094,0.011321587,0.08254787,0.932915037,2.998608714,5.72150768,0.017620347,,,,,,,
,,,,,,147,76.27399679,0.096486969,13.10152986,0.801455289,0.017712984,0.117304949,0.926730516,2.909249621,5.724486849,0.013571928,,,,,,,
,,,,,,148,76.10954208,0.098628698,12.9111094,0.85635185,0.006930284,0.137350733,0.892759732,2.885961909,5.730412219,0.010834854,,,,,,,
,,,,,,149,76.68371555,0.083443926,12.93551016,0.820012567,0.004437531,0.136529801,0.94729073,2.809458687,5.680927715,0.010152434,,,,,,,
,,,,,,150,76.59993084,0.093648978,12.92878618,0.886040379,0.010634021,0.121048329,0.927201458,2.869290615,5.587341611,0.008739788,,,,,,,
,,,,,,151,76.55073861,0.089040842,13.00533385,0.820163317,0.004217615,0.109637546,0.884536058,2.725896017,5.62798419,0.015735086,,,,,,,
,,,,,,152,75.97112254,0.065857476,12.89208646,0.832288483,-0.00175771,0.136834701,0.959196759,2.909525319,5.63053918,0.007299642,,,,,,,
,,,,,,153,76.27425042,0.090222674,12.66981401,0.882890902,0.019755797,0.114529158,0.996385433,2.860208648,5.654806617,0.013900414,,,,,,,
,,,,,,154,76.26071706,0.095142661,12.60575248,0.861680182,0.004497015,0.104453669,0.939219691,2.950392252,5.671536645,0.018276992,,,,,,,
,,,,,,155,76.45675567,0.084740883,12.74446879,0.814865893,-0.000135073,0.135970826,0.92609687,2.894650305,5.645410744,0.020227408,,,,,,,
,,,,,,156,75.7862774,0.109933763,12.77578297,0.857734078,0.003309625,0.088397703,0.908263557,2.824345365,5.680770565,0.005481263,,,,,,,
,,,,,,157,76.41777429,0.090026228,12.74886063,0.858664387,0.006559171,0.106524512,0.952525591,2.773849234,5.65760874,0.018195971,,,,,,,
,,,,,,158,75.79913662,0.092483753,12.98053418,0.91795343,0.005946142,0.129879234,0.986223334,2.807671209,5.672616686,0.015031124,,,,,,,
,,,,,,159,75.64986696,0.107951466,13.0335145,0.868908304,0.011559569,0.111477147,0.90368463,2.876048171,5.747983172,0.009491863,,,,,,,
,,,,,,160,75.98205256,0.103127864,12.78071837,0.834748013,0.006778698,0.12949729,0.967853041,2.793589959,5.670012477,0.016468983,,,,,,,
,,,,,,161,77.11023977,0.091590874,12.43415237,0.827581815,0.008103327,0.116828711,0.93341614,2.606866113,5.673539342,0.008022322,,,,,,,
,,,,,,162,76.00968107,0.07712756,12.95162175,0.820922806,0.005630115,0.106231087,0.893583925,2.743730453,5.686692042,0.014581719,,,,,,,
,,,,,,163,75.56655532,0.089025401,12.86985453,0.841729861,0.008973329,0.110365275,0.951620516,2.617212826,5.715661253,0.010850949,,,,,,,
,,,,,,164,76.25971198,0.102384832,12.68308127,0.926499028,0.005635003,0.126936004,0.952868507,2.652304905,5.679826741,0.013656499,,,,,,,
,,,,,,165,75.91265083,0.106703042,12.71925335,0.893005395,0.00528327,0.104668002,0.921216651,2.713115037,5.694112978,0.008611763,,,,,,,
,,,,,,166,75.91596698,0.097925767,12.69009763,0.86165425,0.015045514,0.114568569,0.96063894,3.077483329,5.620247854,0.014694686,,,,,,,
,,,,,,167,76.95755866,0.109037701,12.76137069,0.861165482,0.010565064,0.114015639,0.975912316,2.693464133,5.605158132,0.008404963,,,,,,,
,,,,,,168,76.3884701,0.094828047,12.75953612,0.851195654,0.022151661,0.123462654,0.961049501,2.671559797,5.674821808,0.012318863,,,,,,,
,,,,,,169,75.63054796,0.12080761,12.87332274,0.804616619,0.00845188,0.120761494,0.922427777,2.627643794,5.613887611,0.012413638,,,,,,,
,,,,,,170,75.9164517,0.100411276,12.68106107,0.870067402,0.009224602,0.114182687,0.971430678,2.895713818,5.69157181,0.00980804,,,,,,,
,,,,,,171,76.46826392,0.093291605,12.60752357,0.860967457,-0.009822956,0.094179612,0.948200493,2.810652048,5.769150092,0.013041194,,,,,,,
,,,,,,172,75.54356737,0.11126102,12.50668973,0.852694343,0.010688382,0.145477529,0.941295071,2.563462416,5.767049042,0.013444866,,,,,,,
,,,,,,173,75.18671871,0.093262121,12.72214404,0.845224052,0.014827536,0.075061156,0.956517331,2.713563519,5.709596322,0.012404461,,,,,,,
,,,,,,174,76.98750649,0.093136196,12.69311251,0.865786038,0.009749219,0.125615005,0.981148184,2.884933605,5.700867059,0.011819404,,,,,,,
,,,,,,175,76.48823978,0.082149571,12.55213178,0.843250305,0.008217977,0.116354834,0.968332337,2.580139001,5.657899227,0.008040357,,,,,,,
,,,,,,176,75.63456046,0.096389281,12.7657053,0.815089412,0.007209886,0.137675755,0.968119853,2.876872696,5.673783253,0.010957164,,,,,,,
,,,,,,177,76.67643704,0.07560226,12.76261897,0.821261841,0.012255287,0.129054909,0.954580124,2.615127989,5.680240418,0.015681562,,,,,,,
,,,,,,178,75.68346216,0.106467074,12.81781139,0.744713063,0.016067776,0.156869041,0.966316958,2.741559648,5.722144519,0.005847212,,,,,,,
,,,,,,179,75.72346305,0.082800307,12.8473087,0.896348912,0.002306584,0.163948029,0.966858442,2.727870958,5.512803459,0.005786483,,,,,,,
,,,,,,180,75.97577624,0.067732796,12.65591128,0.855904773,0.007641247,0.134893452,0.941805073,2.842216061,5.650760191,0.017896342,,,,,,,
,,,,,,181,76.58352859,0.107488837,12.70001504,0.845435336,0.001925306,0.130349039,0.990293474,2.774486115,5.723468598,0.01820194,,,,,,,
,,,,,,182,76.09712494,0.100644026,12.91416052,0.824103138,0.006867099,0.107548592,0.894136211,3.130835892,5.598390777,0.008640667,,,,,,,
,,,,,,183,76.1072883,0.09405693,12.98733402,0.862497195,0.010702789,0.121265969,0.9487677,3.066125813,5.729920286,0.007500459,,,,,,,
,,,,,,184,76.12934067,0.111083465,12.98901648,0.823154666,0.009488281,0.151338814,1.001715175,3.247579018,5.698983012,0.020585523,,,,,,,
,,,,,,185,76.84480602,0.078570773,13.12870069,0.889268911,0.011344778,0.104258795,0.954795857,2.676354147,5.663806989,0.01741995,,,,,,,
,,,,,,186,76.29730926,0.10460401,12.64868254,0.853499765,0.010414946,0.110775753,0.96019984,2.598982158,5.647695498,0.020389735,,,,,,,
,,,,,,187,75.86195441,0.09340739,13.16264794,0.887415867,0.006955456,0.110187316,0.944506617,2.580846221,5.714600538,0.023715291,,,,,,,
,,,,,,188,75.97552534,0.097840583,12.65317036,0.79276056,0.012669854,0.090845389,0.934642428,3.160474622,5.665582108,0.01635065,,,,,,,
,,,,,,189,76.019523,0.091775774,12.6222893,0.917340806,0.027583765,0.126606411,0.958589256,2.783408849,5.669234644,0.014619102,,,,,,,
,,,,,,190,75.96522293,0.086583312,12.73760348,0.882075253,-0.002904511,0.144563541,1.00017176,2.740171572,5.718699626,0.009445264,,,,,,,
,,,,,,191,77.18632405,0.081267954,12.86268668,0.86967917,0.01142018,0.0886987,0.952745697,2.805336152,5.650900839,0.006484557,,,,,,,
,,,,,,192,76.40125109,0.08805344,12.62687417,0.752264874,0.011988432,0.116087013,0.947686942,2.642038646,5.71881986,0.012129303,,,,,,,
,,,,,,193,76.10391051,0.074843615,12.65630371,0.805134938,0.015498943,0.127347554,0.947417921,2.84718562,5.614695376,0.01905245,,,,,,,
,,,,,,194,75.52644627,0.102831379,12.50499241,0.887659131,0.021828844,0.091802619,0.952803496,2.768029179,5.6974772,0.012010374,,,,,,,
,,,,,,195,75.96147291,0.102178618,12.81839603,0.86811687,0.020604616,0.107492489,0.946001806,2.77815177,5.667375743,0.011797946,,,,,,,
,,,,,,196,76.2196754,0.085393553,12.62887403,0.872877799,0.009587786,0.147674012,0.810541122,2.802505451,5.738779677,0.009268786,,,,,,,
,,,,,,197,76.39931587,0.090359885,12.9261462,0.746582448,0.006201534,0.099119317,0.924254577,2.668956385,5.688771754,0.021043809,,,,,,,
,,,,,,198,76.0830873,0.081910776,13.23067849,0.845760667,0.004911306,0.128352393,0.96889243,2.900305091,5.622212958,0.015093788,,,,,,,
,,,,,,199,75.88599447,0.107698173,12.73286944,0.821003271,0.009730616,0.124917021,0.925855199,2.800129985,5.668283432,0.019730038,,,,,,,
,,,,,,200,76.38457817,0.087326002,12.66675036,0.794187519,0.010628626,0.090185458,0.934141386,2.954696119,5.648315417,0.014580339,,,,,,,
,,,,,MEAN,,76.18292915,0.094513626,12.80698604,0.854563089,0.009727793,0.115097744,0.94267612,2.819490874,5.670182104,0.012874826,#DIV/0!,#DIV/0!,#DIV/0!,#DIV/0!,#DIV/0!,#DIV/0!,#DIV/0!
,,,,,STDEV.S(),,0.380952873,0.010328108,0.152910556,0.040481878,0.006419156,0.01895679,0.031077931,0.142728869,0.045667382,0.003789584,#DIV/0!,#DIV/0!,#DIV/0!,#DIV/0!,#DIV/0!,#DIV/0!,#DIV/0!
,,,,,ST. ERROR,,0.001904764,5.16405E-05,0.000764553,0.000202409,3.20958E-05,9.4784E-05,0.00015539,0.000713644,0.000228337,1.89479E-05,#DIV/0!,#DIV/0!,#DIV/0!,#DIV/0!,#DIV/0!,#DIV/0!,#DIV/0!
,,,,,,,,,,,,,,,,,,,,,,,
,,,,,,,,,,,,,,,,,,,,,,,
,,"Snapshot 1 | Sheet: TEMPLATE1 | Wednesday, February 11, 2026  11:08:24 PM",,,,,,,,,,,,,,,,,,,,,
,,Oxide,Concentration,HAL 2-sigma uncertainty,,Iteration,Synthetic SiO2 Value,Synthetic TiO2 Value,Synthetic Al2O3 Value,Synthetic FeO Value,Synthetic MnO Value,Synthetic MgO Value,Synthetic CaO Value,Synthetic Na2O Value,Synthetic K2O Value,Synthetic P2O5 Value,,,,,,,
,,SiO2,,,,1,,,,,,,,,,,,,,,,,
,,TiO2,,,,2,,,,,,,,,,,,,,,,,
,,Al2O3,,,,3,,,,,,,,,,,,,,,,,
,,FeO*,,,,4,,,,,,,,,,,,,,,,,
,,MnO,,,,5,,,,,,,,,,,,,,,,,
,,MgO,,,,6,,,,,,,,,,,,,,,,,
,,CaO,,,,7,,,,,,,,,,,,,,,,,
,,Na2O,,,,8,,,,,,,,,,,,,,,,,
,,K2O,,,,9,,,,,,,,,,,,,,,,,
,,P2O5,,,,10,,,,,,,,,,,,,,,,,
,,,,,,11,,,,,,,,,,,,,,,,,
,,,,,,12,,,,,,,,,,,,,,,,,
,,,,,,13,,,,,,,,,,,,,,,,,
,,,,,,14,,,,,,,,,,,,,,,,,
,,,,,,15,,,,,,,,,,,,,,,,,
,,,,,,16,,,,,,,,,,,,,,,,,
,,,,,,17,,,,,,,,,,,,,,,,,
,,,,,,18,,,,,,,,,,,,,,,,,
,,,,,,19,,,,,,,,,,,,,,,,,
,,,,,,20,,,,,,,,,,,,,,,,,
,,,,,,21,,,,,,,,,,,,,,,,,
,,,,,,22,,,,,,,,,,,,,,,,,
,,,,,,23,,,,,,,,,,,,,,,,,
,,,,,,24,,,,,,,,,,,,,,,,,
,,,,,,25,,,,,,,,,,,,,,,,,
,,,,,,26,,,,,,,,,,,,,,,,,
,,,,,,27,,,,,,,,,,,,,,,,,
,,,,,,28,,,,,,,,,,,,,,,,,
,,,,,,29,,,,,,,,,,,,,,,,,
,,,,,,30,,,,,,,,,,,,,,,,,
,,,,,,31,,,,,,,,,,,,,,,,,
,,,,,,32,,,,,,,,,,,,,,,,,
,,,,,,33,,,,,,,,,,,,,,,,,
,,,,,,34,,,,,,,,,,,,,,,,,
,,,,,,35,,,,,,,,,,,,,,,,,
,,,,,,36,,,,,,,,,,,,,,,,,
,,,,,,37,,,,,,,,,,,,,,,,,
,,,,,,38,,,,,,,,,,,,,,,,,
,,,,,,39,,,,,,,,,,,,,,,,,
,,,,,,40,,,,,,,,,,,,,,,,,
,,,,,,41,,,,,,,,,,,,,,,,,
,,,,,,42,,,,,,,,,,,,,,,,,
,,,,,,43,,,,,,,,,,,,,,,,,
,,,,,,44,,,,,,,,,,,,,,,,,
,,,,,,45,,,,,,,,,,,,,,,,,
,,,,,,46,,,,,,,,,,,,,,,,,
,,,,,,47,,,,,,,,,,,,,,,,,
,,,,,,48,,,,,,,,,,,,,,,,,
,,,,,,49,,,,,,,,,,,,,,,,,
,,,,,,50,,,,,,,,,,,,,,,,,
,,,,,,51,,,,,,,,,,,,,,,,,
,,,,,,52,,,,,,,,,,,,,,,,,
,,,,,,53,,,,,,,,,,,,,,,,,
,,,,,,54,,,,,,,,,,,,,,,,,
,,,,,,55,,,,,,,,,,,,,,,,,
,,,,,,56,,,,,,,,,,,,,,,,,
,,,,,,57,,,,,,,,,,,,,,,,,
,,,,,,58,,,,,,,,,,,,,,,,,
,,,,,,59,,,,,,,,,,,,,,,,,
,,,,,,60,,,,,,,,,,,,,,,,,
,,,,,,61,,,,,,,,,,,,,,,,,
,,,,,,62,,,,,,,,,,,,,,,,,
,,,,,,63,,,,,,,,,,,,,,,,,
,,,,,,64,,,,,,,,,,,,,,,,,
,,,,,,65,,,,,,,,,,,,,,,,,
,,,,,,66,,,,,,,,,,,,,,,,,
,,,,,,67,,,,,,,,,,,,,,,,,
,,,,,,68,,,,,,,,,,,,,,,,,
,,,,,,69,,,,,,,,,,,,,,,,,
,,,,,,70,,,,,,,,,,,,,,,,,
,,,,,,71,,,,,,,,,,,,,,,,,
,,,,,,72,,,,,,,,,,,,,,,,,
,,,,,,73,,,,,,,,,,,,,,,,,
,,,,,,74,,,,,,,,,,,,,,,,,
,,,,,,75,,,,,,,,,,,,,,,,,
,,,,,,76,,,,,,,,,,,,,,,,,
,,,,,,77,,,,,,,,,,,,,,,,,
,,,,,,78,,,,,,,,,,,,,,,,,
,,,,,,79,,,,,,,,,,,,,,,,,
,,,,,,80,,,,,,,,,,,,,,,,,
,,,,,,81,,,,,,,,,,,,,,,,,
,,,,,,82,,,,,,,,,,,,,,,,,
,,,,,,83,,,,,,,,,,,,,,,,,
,,,,,,84,,,,,,,,,,,,,,,,,
,,,,,,85,,,,,,,,,,,,,,,,,
,,,,,,86,,,,,,,,,,,,,,,,,
,,,,,,87,,,,,,,,,,,,,,,,,
,,,,,,88,,,,,,,,,,,,,,,,,
,,,,,,89,,,,,,,,,,,,,,,,,
,,,,,,90,,,,,,,,,,,,,,,,,
,,,,,,91,,,,,,,,,,,,,,,,,
,,,,,,92,,,,,,,,,,,,,,,,,
,,,,,,93,,,,,,,,,,,,,,,,,
,,,,,,94,,,,,,,,,,,,,,,,,
,,,,,,95,,,,,,,,,,,,,,,,,
,,,,,,96,,,,,,,,,,,,,,,,,
,,,,,,97,,,,,,,,,,,,,,,,,
,,,,,,98,,,,,,,,,,,,,,,,,
,,,,,,99,,,,,,,,,,,,,,,,,
,,,,,,100,,,,,,,,,,,,,,,,,
,,,,,,101,,,,,,,,,,,,,,,,,
,,,,,,102,,,,,,,,,,,,,,,,,
,,,,,,103,,,,,,,,,,,,,,,,,
,,,,,,104,,,,,,,,,,,,,,,,,
,,,,,,105,,,,,,,,,,,,,,,,,
,,,,,,106,,,,,,,,,,,,,,,,,
,,,,,,107,,,,,,,,,,,,,,,,,
,,,,,,108,,,,,,,,,,,,,,,,,
,,,,,,109,,,,,,,,,,,,,,,,,
,,,,,,110,,,,,,,,,,,,,,,,,
,,,,,,111,,,,,,,,,,,,,,,,,
,,,,,,112,,,,,,,,,,,,,,,,,
,,,,,,113,,,,,,,,,,,,,,,,,
,,,,,,114,,,,,,,,,,,,,,,,,
,,,,,,115,,,,,,,,,,,,,,,,,
,,,,,,116,,,,,,,,,,,,,,,,,
,,,,,,117,,,,,,,,,,,,,,,,,
,,,,,,118,,,,,,,,,,,,,,,,,
,,,,,,119,,,,,,,,,,,,,,,,,
,,,,,,120,,,,,,,,,,,,,,,,,
,,,,,,121,,,,,,,,,,,,,,,,,
,,,,,,122,,,,,,,,,,,,,,,,,
,,,,,,123,,,,,,,,,,,,,,,,,
,,,,,,124,,,,,,,,,,,,,,,,,
,,,,,,125,,,,,,,,,,,,,,,,,
,,,,,,126,,,,,,,,,,,,,,,,,
,,,,,,127,,,,,,,,,,,,,,,,,
,,,,,,128,,,,,,,,,,,,,,,,,
,,,,,,129,,,,,,,,,,,,,,,,,
,,,,,,130,,,,,,,,,,,,,,,,,
,,,,,,131,,,,,,,,,,,,,,,,,
,,,,,,132,,,,,,,,,,,,,,,,,
,,,,,,133,,,,,,,,,,,,,,,,,
,,,,,,134,,,,,,,,,,,,,,,,,
,,,,,,135,,,,,,,,,,,,,,,,,
,,,,,,136,,,,,,,,,,,,,,,,,
,,,,,,137,,,,,,,,,,,,,,,,,
,,,,,,138,,,,,,,,,,,,,,,,,
,,,,,,139,,,,,,,,,,,,,,,,,
,,,,,,140,,,,,,,,,,,,,,,,,
,,,,,,141,,,,,,,,,,,,,,,,,
,,,,,,142,,,,,,,,,,,,,,,,,
,,,,,,143,,,,,,,,,,,,,,,,,
,,,,,,144,,,,,,,,,,,,,,,,,
,,,,,,145,,,,,,,,,,,,,,,,,
,,,,,,146,,,,,,,,,,,,,,,,,
,,,,,,147,,,,,,,,,,,,,,,,,
,,,,,,148,,,,,,,,,,,,,,,,,
,,,,,,149,,,,,,,,,,,,,,,,,
,,,,,,150,,,,,,,,,,,,,,,,,
,,,,,,151,,,,,,,,,,,,,,,,,
,,,,,,152,,,,,,,,,,,,,,,,,
,,,,,,153,,,,,,,,,,,,,,,,,
,,,,,,154,,,,,,,,,,,,,,,,,
,,,,,,155,,,,,,,,,,,,,,,,,
,,,,,,156,,,,,,,,,,,,,,,,,
,,,,,,157,,,,,,,,,,,,,,,,,
,,,,,,158,,,,,,,,,,,,,,,,,
,,,,,,159,,,,,,,,,,,,,,,,,
,,,,,,160,,,,,,,,,,,,,,,,,
,,,,,,161,,,,,,,,,,,,,,,,,
,,,,,,162,,,,,,,,,,,,,,,,,
,,,,,,163,,,,,,,,,,,,,,,,,
,,,,,,164,,,,,,,,,,,,,,,,,
,,,,,,165,,,,,,,,,,,,,,,,,
,,,,,,166,,,,,,,,,,,,,,,,,
,,,,,,167,,,,,,,,,,,,,,,,,
,,,,,,168,,,,,,,,,,,,,,,,,
,,,,,,169,,,,,,,,,,,,,,,,,
,,,,,,170,,,,,,,,,,,,,,,,,
,,,,,,171,,,,,,,,,,,,,,,,,
,,,,,,172,,,,,,,,,,,,,,,,,
,,,,,,173,,,,,,,,,,,,,,,,,
,,,,,,174,,,,,,,,,,,,,,,,,
,,,,,,175,,,,,,,,,,,,,,,,,
,,,,,,176,,,,,,,,,,,,,,,,,
,,,,,,177,,,,,,,,,,,,,,,,,
,,,,,,178,,,,,,,,,,,,,,,,,
,,,,,,179,,,,,,,,,,,,,,,,,
,,,,,,180,,,,,,,,,,,,,,,,,
,,,,,,181,,,,,,,,,,,,,,,,,
,,,,,,182,,,,,,,,,,,,,,,,,
,,,,,,183,,,,,,,,,,,,,,,,,
,,,,,,184,,,,,,,,,,,,,,,,,
,,,,,,185,,,,,,,,,,,,,,,,,
,,,,,,186,,,,,,,,,,,,,,,,,
,,,,,,187,,,,,,,,,,,,,,,,,
,,,,,,188,,,,,,,,,,,,,,,,,
,,,,,,189,,,,,,,,,,,,,,,,,
,,,,,,190,,,,,,,,,,,,,,,,,
,,,,,,191,,,,,,,,,,,,,,,,,
,,,,,,192,,,,,,,,,,,,,,,,,
,,,,,,193,,,,,,,,,,,,,,,,,
,,,,,,194,,,,,,,,,,,,,,,,,
,,,,,,195,,,,,,,,,,,,,,,,,
,,,,,,196,,,,,,,,,,,,,,,,,
,,,,,,197,,,,,,,,,,,,,,,,,
,,,,,,198,,,,,,,,,,,,,,,,,
,,,,,,199,,,,,,,,,,,,,,,,,
,,,,,,200,,,,,,,,,,,,,,,,,
,,,,,MEAN,,#DIV/0!,#DIV/0!,#DIV/0!,#DIV/0!,#DIV/0!,#DIV/0!,#DIV/0!,#DIV/0!,#DIV/0!,#DIV/0!,#DIV/0!,#DIV/0!,#DIV/0!,#DIV/0!,#DIV/0!,#DIV/0!,#DIV/0!
,,,,,STDEV.S(),,#DIV/0!,#DIV/0!,#DIV/0!,#DIV/0!,#DIV/0!,#DIV/0!,#DIV/0!,#DIV/0!,#DIV/0!,#DIV/0!,#DIV/0!,#DIV/0!,#DIV/0!,#DIV/0!,#DIV/0!,#DIV/0!,#DIV/0!
,,,,,ST. ERROR,,#DIV/0!,#DIV/0!,#DIV/0!,#DIV/0!,#DIV/0!,#DIV/0!,#DIV/0!,#DIV/0!,#DIV/0!,#DIV/0!,#DIV/0!,#DIV/0!,#DIV/0!,#DIV/0!,#DIV/0!,#DIV/0!,#DIV/0!
