Index,T_C,P_MPa,deltaQFM,Mass_g,Density_g_cm3,G_kJ,H_kJ,S_J_per_K,Cp_J_per_K,V_cm3,alpha_1_per_K,beta_1_per_bar,d2V/dT2,d2V/dP2,d2V/dTdP,Outcome,SiO2_wt_pct,TiO2_wt_pct,Al2O3_wt_pct,Fe2O3_wt_pct,Cr2O3_wt_pct,FeO_wt_pct,MnO_wt_pct,MgO_wt_pct,NiO_wt_pct,CoO_wt_pct,CaO_wt_pct,Na2O_wt_pct,K2O_wt_pct,P2O5_wt_pct,H2O_wt_pct,CO2_wt_pct,SO3_wt_pct,Cl2O-1_wt_pct,F2O-1_wt_pct,sample_label,source_excel,phase,phase_sheet_name
34,743,400,0,0.2821529075583847,2.624390283910897,-4.57043219744325,-3.980503762498806,0.5805525118776204,0.3438792327751455,0.01075117939919809,2.946141567133249e-05,1.685652141778141e-06,-5.822198060642065e-10,8.641783265406666e-14,1.926445711670979e-12,Success,60.13618871956729,0,25.08785266959233,0,0,0,0,0,0,0,6.665894576078376,7.44600130849707,0.6640627262649121,0,0,0,0,0,0,KCP109C,/Users/lopezama/PycharmProjects/sci-cluster/review_outputs/rmelts_parity_audit_v2/2026-02-26/kcp109c_phase7_parity_20260225_222731/runs/kcp109c_phase7_parity_liam_exact/runs/20260225_222731/parallel-results/Parallel_MELTS_KCP109C_dP25.0_02-25_11cores.xlsx,feldspar,feldspar
35,742,400,0,0.6367820745074965,2.623311687471,-10.3124407816333,-8.982562435391724,1.310031370971356,0.7767878098791794,0.02427397695625659,2.961766991599721e-05,1.689629278544468e-06,-1.369730415267003e-09,1.951544253571617e-13,4.506548436035702e-12,Success,60.28851924728851,0,24.98019100155017,0,0,0,0,0,0,0,6.541528647208273,7.503208601692733,0.6865525022603249,0,0,0,0,0,0,KCP109C,/Users/lopezama/PycharmProjects/sci-cluster/review_outputs/rmelts_parity_audit_v2/2026-02-26/kcp109c_phase7_parity_20260225_222731/runs/kcp109c_phase7_parity_liam_exact/runs/20260225_222731/parallel-results/Parallel_MELTS_KCP109C_dP25.0_02-25_11cores.xlsx,feldspar,feldspar
36,741,400,0,0.9965580161604691,2.622227664237723,-16.13502242085848,-14.05614940774566,2.049867389550677,1.216788048937291,0.03800425225283278,2.977606928281446e-05,1.69360561075969e-06,-2.234016034388744e-09,3.055819300730046e-13,7.310060727429428e-12,Success,60.44083117410998,0,24.87230347403974,0,0,0,0,0,0,0,6.416980722193779,7.559782150684528,0.7101024789719655,0,0,0,0,0,0,KCP109C,/Users/lopezama/PycharmProjects/sci-cluster/review_outputs/rmelts_parity_audit_v2/2026-02-26/kcp109c_phase7_parity_20260225_222731/runs/kcp109c_phase7_parity_liam_exact/runs/20260225_222731/parallel-results/Parallel_MELTS_KCP109C_dP25.0_02-25_11cores.xlsx,feldspar,feldspar
37,740,400,0,1.362021778613684,2.621137410384614,-22.04680696231618,-19.20881128002243,2.801160422734779,1.66459288036212,0.05196300557221938,2.993666624002995e-05,1.697581550971959e-06,-3.181290726054392e-09,4.178451084255997e-13,1.035491857333633e-11,Success,60.59315225547779,0,24.76414884687016,0,0,0,0,0,0,0,6.292210301155134,7.615675674024811,0.7348129224721097,0,0,0,0,0,0,KCP109C,/Users/lopezama/PycharmProjects/sci-cluster/review_outputs/rmelts_parity_audit_v2/2026-02-26/kcp109c_phase7_parity_20260225_222731/runs/kcp109c_phase7_parity_liam_exact/runs/20260225_222731/parallel-results/Parallel_MELTS_KCP109C_dP25.0_02-25_11cores.xlsx,feldspar,feldspar
38,739,400,0,1.733767572986976,2.620040020114344,-28.05726648284494,-24.44883146621648,3.565118822929858,2.120984968521025,0.06617332405904666,3.009951950340242e-05,1.701557711711903e-06,-4.218326485191253e-09,5.321046151063665e-13,1.366065225652572e-11,Success,60.74551948249298,0,24.65567932198472,0,0,0,0,0,0,0,6.167169318910251,7.670846278861913,0.7607855977501268,0,0,0,0,0,0,KCP109C,/Users/lopezama/PycharmProjects/sci-cluster/review_outputs/rmelts_parity_audit_v2/2026-02-26/kcp109c_phase7_parity_20260225_222731/runs/kcp109c_phase7_parity_liam_exact/runs/20260225_222731/parallel-results/Parallel_MELTS_KCP109C_dP25.0_02-25_11cores.xlsx,feldspar,feldspar
39,738,400,0,2.112447517997391,2.618934555327729,-34.17678991948164,-29.78529572149966,4.343068978867608,2.586823018433222,0.08066056915015361,3.026468444702936e-05,1.705534614194748e-06,-5.352504617542293e-09,6.485384464256719e-13,1.724853065910885e-11,Success,60.89796783752164,0,24.54684760406967,0,0,0,0,0,0,0,6.041810593752056,7.725247913379289,0.7881260512773426,0,0,0,0,0,0,KCP109C,/Users/lopezama/PycharmProjects/sci-cluster/review_outputs/rmelts_parity_audit_v2/2026-02-26/kcp109c_phase7_parity_20260225_222731/runs/kcp109c_phase7_parity_liam_exact/runs/20260225_222731/parallel-results/Parallel_MELTS_KCP109C_dP25.0_02-25_11cores.xlsx,feldspar,feldspar
40,737,400,0,2.498777688669018,2.617819955200341,-40.41677691691592,-35.22817413820884,5.136467632239848,3.063049635714874,0.09545261826372574,3.043220998692772e-05,1.709512773740635e-06,-6.591869411787283e-09,7.673440281890555e-13,2.114171202589404e-11,Success,61.05053566133817,0,24.43760031783179,0,0,0,0,0,0,0,5.916081144296017,7.778826067554649,0.8169568089793556,0,0,0,0,0,0,KCP109C,/Users/lopezama/PycharmProjects/sci-cluster/review_outputs/rmelts_parity_audit_v2/2026-02-26/kcp109c_phase7_parity_20260225_222731/runs/kcp109c_phase7_parity_liam_exact/runs/20260225_222731/parallel-results/Parallel_MELTS_KCP109C_dP25.0_02-25_11cores.xlsx,feldspar,feldspar
41,736,400,0,2.893586300846862,2.616694868779466,-46.79041195369874,-40.78899584510476,5.947001048995674,3.550751122770333,0.1105817241196544,3.060214906583962e-05,1.713493149724483e-06,-7.945307444545929e-09,8.887535380887378e-13,2.536579143476811e-11,Success,61.20328387738432,0,24.32786369526501,0,0,0,0,0,0,0,5.789905895647849,7.831523089659116,0.8474234420437001,0,0,0,0,0,0,KCP109C,/Users/lopezama/PycharmProjects/sci-cluster/review_outputs/rmelts_parity_audit_v2/2026-02-26/kcp109c_phase7_parity_20260225_222731/runs/kcp109c_phase7_parity_liam_exact/runs/20260225_222731/parallel-results/Parallel_MELTS_KCP109C_dP25.0_02-25_11cores.xlsx,feldspar,feldspar
42,735,400,0,3.297744568874372,2.615557982965239,-53.31154271748117,-46.47987262830571,6.776442086173155,4.05107308109381,0.126081875850282,3.077453118089153e-05,1.717476118035688e-06,-9.422402887242055e-09,1.013012427877225e-12,2.994831267487599e-11,Success,61.35625385820283,0,24.21757409809644,0,0,0,0,0,0,0,5.66322269194388,7.883264314088084,0.87968503766879,0,0,0,0,0,0,KCP109C,/Users/lopezama/PycharmProjects/sci-cluster/review_outputs/rmelts_parity_audit_v2/2026-02-26/kcp109c_phase7_parity_20260225_222731/runs/kcp109c_phase7_parity_liam_exact/runs/20260225_222731/parallel-results/Parallel_MELTS_KCP109C_dP25.0_02-25_11cores.xlsx,feldspar,feldspar
43,734,400,0,3.712284089604243,2.614407786894018,-59.99657234228673,-52.31514853504017,7.626891532787135,4.565365405718627,0.1419933075556866,3.094938126754091e-05,1.721462189409444e-06,-1.103382121963222e-08,1.140416099007901e-12,3.491996053371275e-11,Success,61.5094971640744,0,24.10665699299345,0,0,0,0,0,0,0,5.535958011635044,7.933969212293583,0.9139186190035148,0,0,0,0,0,0,KCP109C,/Users/lopezama/PycharmProjects/sci-cluster/review_outputs/rmelts_parity_audit_v2/2026-02-26/kcp109c_phase7_parity_20260225_222731/runs/kcp109c_phase7_parity_liam_exact/runs/20260225_222731/parallel-results/Parallel_MELTS_KCP109C_dP25.0_02-25_11cores.xlsx,feldspar,feldspar
44,733,400,0,4.138345196216419,2.613242339711987,-66.86361151311048,-58.31066033215254,8.500672047863581,5.09511956358918,0.1583605597279783,3.112671441765937e-05,1.725452258318639e-06,-1.279122432687719e-08,1.271295321015402e-12,4.031425502444445e-11,Success,61.66309033441854,0,23.99501048143872,0,0,0,0,0,0,0,5.408009928122605,7.983541171288958,0.9503480847311555,0,0,0,0,0,0,KCP109C,/Users/lopezama/PycharmProjects/sci-cluster/review_outputs/rmelts_parity_audit_v2/2026-02-26/kcp109c_phase7_parity_20260225_222731/runs/kcp109c_phase7_parity_liam_exact/runs/20260225_222731/parallel-results/Parallel_MELTS_KCP109C_dP25.0_02-25_11cores.xlsx,feldspar,feldspar
45,732,400,0,4.577230367912141,2.612059416235043,-73.93333443073846,-64.48448488767612,9.400437291013619,5.642035160904749,0.1752345425017034,3.13065291665149e-05,1.729447241216454e-06,-1.470749091298673e-08,1.406033047535363e-12,4.616821329271584e-11,Success,61.81711926914915,0,23.8825187534776,0,0,0,0,0,0,0,5.279262853604416,8.031867961256227,0.9892311625126077,0,0,0,0,0,0,KCP109C,/Users/lopezama/PycharmProjects/sci-cluster/review_outputs/rmelts_parity_audit_v2/2026-02-26/kcp109c_phase7_parity_20260225_222731/runs/kcp109c_phase7_parity_liam_exact/runs/20260225_222731/parallel-results/Parallel_MELTS_KCP109C_dP25.0_02-25_11cores.xlsx,feldspar,feldspar
46,731,400,0,5.03047577178281,2.61085658893163,-81.23012351304544,-70.85793887754097,10.3293179659458,6.208108951657884,0.1926753002485401,3.148879399013043e-05,1.733447699354892e-06,-1.679701259357028e-08,1.545087008666891e-12,5.252323999664445e-11,Success,61.97166496538329,0,23.76906143195712,0,0,0,0,0,0,0,5.149598576283995,8.07881444754889,1.030860578826699,0,0,0,0,0,0,KCP109C,/Users/lopezama/PycharmProjects/sci-cluster/review_outputs/rmelts_parity_audit_v2/2026-02-26/kcp109c_phase7_parity_20260225_222731/runs/kcp109c_phase7_parity_liam_exact/runs/20260225_222731/parallel-results/Parallel_MELTS_KCP109C_dP25.0_02-25_11cores.xlsx,feldspar,feldspar
47,730,400,0,5.499827643607794,2.609630751148186,-88.78166433596516,-77.45522429164858,11.2908737918722,6.795607039925903,0.2107511816063625,3.167345917883523e-05,1.737454761010271e-06,-1.90757126564865e-08,1.688985271800951e-12,5.942513402547556e-11,Success,62.12684696326912,0,23.65447655953335,0,0,0,0,0,0,0,5.018855586867081,8.1242223672775,1.075598523052947,0,0,0,0,0,0,KCP109C,/Users/lopezama/PycharmProjects/sci-cluster/review_outputs/rmelts_parity_audit_v2/2026-02-26/kcp109c_phase7_parity_20260225_222731/runs/kcp109c_phase7_parity_liam_exact/runs/20260225_222731/parallel-results/Parallel_MELTS_KCP109C_dP25.0_02-25_11cores.xlsx,feldspar,feldspar
48,729,400,0,5.987387955900943,2.608378196371387,-96.6212759793782,-84.30546235023007,12.28939143755739,7.407245433867003,0.2295444718956103,3.186043422497935e-05,1.741469561744956e-06,-2.15616054780485e-08,1.838372736225078e-12,6.69257880798442e-11,Success,62.28280347738038,0,23.53857237428575,0,0,0,0,0,0,0,4.886843429592818,8.167896923374544,1.123883795366511,0,0,0,0,0,0,KCP109C,/Users/lopezama/PycharmProjects/sci-cluster/review_outputs/rmelts_parity_audit_v2/2026-02-26/kcp109c_phase7_parity_20260225_222731/runs/kcp109c_phase7_parity_liam_exact/runs/20260225_222731/parallel-results/Parallel_MELTS_KCP109C_dP25.0_02-25_11cores.xlsx,feldspar,feldspar
49,728,400,0,6.495649033447339,2.607094381622871,-104.788437240625,-91.44315280554852,13.32995498684157,8.046234433676773,0.2491528146903493,3.204958489505809e-05,1.74549351366291e-06,-2.427504367260519e-08,1.994025091061648e-12,7.508388828360661e-11,Success,62.43970718460969,0,23.42111232663733,0,0,0,0,0,0,0,4.753326657181179,8.209602683777014,1.176251147794784,0,0,0,0,0,0,KCP109C,/Users/lopezama/PycharmProjects/sci-cluster/review_outputs/rmelts_parity_audit_v2/2026-02-26/kcp109c_phase7_parity_20260225_222731/runs/kcp109c_phase7_parity_liam_exact/runs/20260225_222731/parallel-results/Parallel_MELTS_KCP109C_dP25.0_02-25_11cores.xlsx,feldspar,feldspar
50,727,400,0,7.375364602333647,2.605332269966469,-118.9378990622968,-103.8010736242912,15.13455525471732,9.15022963044158,0.2830872932160998,3.229283329916944e-05,1.751106656279323e-06,-2.870518130557103e-08,2.26514465856908e-12,8.845926808637641e-11,Success,62.66092487611704,0,23.26018407909464,0,0,0,0,0,0,0,4.568941510655282,8.280670901372929,1.2292786327601,0,0,0,0,0,0,KCP109C,/Users/lopezama/PycharmProjects/sci-cluster/review_outputs/rmelts_parity_audit_v2/2026-02-26/kcp109c_phase7_parity_20260225_222731/runs/kcp109c_phase7_parity_liam_exact/runs/20260225_222731/parallel-results/Parallel_MELTS_KCP109C_dP25.0_02-25_11cores.xlsx,feldspar,feldspar
51,726,400,0,8.79016042107284,2.602964773943879,-141.7015201405491,-123.6763390918089,18.04051548690407,10.92709520994794,0.3376980168561574,3.261062498492398e-05,1.75882809670275e-06,-3.580934735336582e-08,2.703029921173895e-12,1.099172748572437e-10,Success,62.96679630839866,0,23.04336267119129,0,0,0,0,0,0,0,4.318691305787056,8.393854858503605,1.277294856119386,0,0,0,0,0,0,KCP109C,/Users/lopezama/PycharmProjects/sci-cluster/review_outputs/rmelts_parity_audit_v2/2026-02-26/kcp109c_phase7_parity_20260225_222731/runs/kcp109c_phase7_parity_liam_exact/runs/20260225_222731/parallel-results/Parallel_MELTS_KCP109C_dP25.0_02-25_11cores.xlsx,feldspar,feldspar
52,725,400,0,10.61564516382523,2.600028626932111,-171.0541246073296,-149.3010219256714,21.793420509601,13.22568685855243,0.4082895493481971,3.297538534028816e-05,1.768059396007469e-06,-4.53558551494916e-08,3.271355915808414e-12,1.386686784608009e-10,Success,63.33741524891898,0,22.77919353791886,0,0,0,0,0,0,0,4.014270922516903,8.527194069975303,1.341926220669945,0,0,0,0,0,0,KCP109C,/Users/lopezama/PycharmProjects/sci-cluster/review_outputs/rmelts_parity_audit_v2/2026-02-26/kcp109c_phase7_parity_20260225_222731/runs/kcp109c_phase7_parity_liam_exact/runs/20260225_222731/parallel-results/Parallel_MELTS_KCP109C_dP25.0_02-25_11cores.xlsx,feldspar,feldspar
53,724,400,0,12.70123806096053,2.596890261397481,-204.5621412007663,-178.553383276591,26.0830947441963,15.86057069931206,0.4890941388538126,3.33532474325136e-05,1.777640006893603e-06,-5.688861898084198e-08,3.923283104172497e-12,1.732639037025823e-10,Success,63.7251505192535,0,22.5011340855124,0,0,0,0,0,0,0,3.694397055403968,8.662259068317132,1.417059271513002,0,0,0,0,0,0,KCP109C,/Users/lopezama/PycharmProjects/sci-cluster/review_outputs/rmelts_parity_audit_v2/2026-02-26/kcp109c_phase7_parity_20260225_222731/runs/kcp109c_phase7_parity_liam_exact/runs/20260225_222731/parallel-results/Parallel_MELTS_KCP109C_dP25.0_02-25_11cores.xlsx,feldspar,feldspar
54,723,400,0,15.12915557668139,2.593567082221848,-243.5381372099291,-212.5791454247715,31.07864456673957,18.93715280681897,0.5833338832986962,3.373961593331833e-05,1.787440502261199e-06,-7.097686430698794e-08,4.685170496977771e-12,2.153800066810881e-10,Success,64.12540783938661,0,22.21194335445891,0,0,0,0,0,0,0,3.362417944613321,8.796044698107272,1.50418616343387,0,0,0,0,0,0,KCP109C,/Users/lopezama/PycharmProjects/sci-cluster/review_outputs/rmelts_parity_audit_v2/2026-02-26/kcp109c_phase7_parity_20260225_222731/runs/kcp109c_phase7_parity_liam_exact/runs/20260225_222731/parallel-results/Parallel_MELTS_KCP109C_dP25.0_02-25_11cores.xlsx,feldspar,feldspar
55,722,400,0,17.7739460625813,2.590355156190871,-285.9594331572968,-249.616685183606,36.51986933998979,22.29912597142848,0.6861586535769854,3.410986709077289e-05,1.796611586835163e-06,-8.713248980839863e-08,5.516527088814053e-12,2.634976158405201e-10,Success,64.50228998973607,0,21.93735517686282,0,0,0,0,0,0,0,3.047940320865036,8.916021737286087,1.596392775249994,0,0,0,0,0,0,KCP109C,/Users/lopezama/PycharmProjects/sci-cluster/review_outputs/rmelts_parity_audit_v2/2026-02-26/kcp109c_phase7_parity_20260225_222731/runs/kcp109c_phase7_parity_liam_exact/runs/20260225_222731/parallel-results/Parallel_MELTS_KCP109C_dP25.0_02-25_11cores.xlsx,feldspar,feldspar
56,721,400,0,20.62136544298396,2.587337249914699,-331.5938635960765,-289.4660543289506,42.37570715397661,25.92924287407491,0.7970111141739956,3.445811313107484e-05,1.804950593627897e-06,-1.05356963711823e-07,6.411843041363568e-12,3.175900641719684e-10,Success,64.84676192988522,0,21.68405553680414,0,0,0,0,0,0,0,2.758588375104869,9.019584718256285,1.691009439949497,0,0,0,0,0,0,KCP109C,/Users/lopezama/PycharmProjects/sci-cluster/review_outputs/rmelts_parity_audit_v2/2026-02-26/kcp109c_phase7_parity_20260225_222731/runs/kcp109c_phase7_parity_liam_exact/runs/20260225_222731/parallel-results/Parallel_MELTS_KCP109C_dP25.0_02-25_11cores.xlsx,feldspar,feldspar
57,720,400,0,23.51291103643171,2.584690189652749,-377.8997245884686,-329.9133805408874,48.31731767364574,29.62738853294682,0.9096993957171574,3.477451645348823e-05,1.812080233114565e-06,-1.248177330197426e-07,7.31887533867529e-12,3.751347626849192e-10,Success,65.14137526775762,0,21.46540930357195,0,0,0,0,0,0,0,2.50945957121788,9.102889792746767,1.780866064705792,0,0,0,0,0,0,KCP109C,/Users/lopezama/PycharmProjects/sci-cluster/review_outputs/rmelts_parity_audit_v2/2026-02-26/kcp109c_phase7_parity_20260225_222731/runs/kcp109c_phase7_parity_liam_exact/runs/20260225_222731/parallel-results/Parallel_MELTS_KCP109C_dP25.0_02-25_11cores.xlsx,feldspar,feldspar
58,719,400,0,26.07205793908656,2.582667529309117,-418.8507842993258,-365.7044531912429,53.56683072930789,32.91591145460315,1.009501131803095,3.504838369118673e-05,1.817535677801585e-06,-1.433147779282839e-07,8.115030492166956e-12,4.295459707520316e-10,Success,65.36355728181391,0,21.29937402438777,0,0,0,0,0,0,0,2.320636061684725,9.162714963314958,1.853717668798642,0,0,0,0,0,0,KCP109C,/Users/lopezama/PycharmProjects/sci-cluster/review_outputs/rmelts_parity_audit_v2/2026-02-26/kcp109c_phase7_parity_20260225_222731/runs/kcp109c_phase7_parity_liam_exact/runs/20260225_222731/parallel-results/Parallel_MELTS_KCP109C_dP25.0_02-25_11cores.xlsx,feldspar,feldspar
59,718,400,0,27.94850502675953,2.581381548768882,-448.850702029505,-391.9561542522514,57.40256043712218,35.3481279986472,1.082695622430895,3.527993068612244e-05,1.821233333761503e-06,-1.585802551190769e-07,8.687110683320525e-12,4.740912796810952e-10,Success,65.50715594466239,0,21.19199775907797,0,0,0,0,0,0,0,2.19854303733204,9.201207940931772,1.901095317995827,0,0,0,0,0,0,KCP109C,/Users/lopezama/PycharmProjects/sci-cluster/review_outputs/rmelts_parity_audit_v2/2026-02-26/kcp109c_phase7_parity_20260225_222731/runs/kcp109c_phase7_parity_liam_exact/runs/20260225_222731/parallel-results/Parallel_MELTS_KCP109C_dP25.0_02-25_11cores.xlsx,feldspar,feldspar
60,717,400,0,28.89262832347558,2.531962332883651,-451.3769751816881,-393.6507649790276,58.30046983049089,34.7874624948161,1.141116040639111,2.985296818634968e-05,1.787982484036346e-06,-7.264126967969462e-08,1.055249614091323e-11,2.290715227537357e-10,Success,65.97484758583875,0,18.88631160975536,0,0,0,0,0,0,0,0.1871998132175186,4.197330327601319,10.75431066358704,0,0,0,0,0,0,KCP109C,/Users/lopezama/PycharmProjects/sci-cluster/review_outputs/rmelts_parity_audit_v2/2026-02-26/kcp109c_phase7_parity_20260225_222731/runs/kcp109c_phase7_parity_liam_exact/runs/20260225_222731/parallel-results/Parallel_MELTS_KCP109C_dP25.0_02-25_11cores.xlsx,feldspar,feldspar
66,749,375,0,0.1254259312958881,2.622263261167467,-2.034544995304921,-1.769737240149333,0.2590693686402075,0.1524651338039227,0.004783117437264738,2.918530127713423e-05,1.688011373043838e-06,-2.095991174576567e-10,3.887957737243979e-14,7.158438119816968e-13,Success,60.22645216051591,0,25.03234862275819,0,0,0,0,0,0,0,6.59904160442595,7.501641089226173,0.640516523073771,0,0,0,0,0,0,KCP109C,/Users/lopezama/PycharmProjects/sci-cluster/review_outputs/rmelts_parity_audit_v2/2026-02-26/kcp109c_phase7_parity_20260225_222731/runs/kcp109c_phase7_parity_liam_exact/runs/20260225_222731/parallel-results/Parallel_MELTS_KCP109C_dP25.0_02-25_11cores.xlsx,feldspar,feldspar
67,748,375,0,0.4926256188574916,2.621179751393575,-7.98906719032773,-6.950169863878492,1.01737974484575,0.5992829868717713,0.01879404182775266,2.93288866708011e-05,1.691967860151169e-06,-8.582878312065547e-10,1.528617689205414e-13,2.911944332601935e-12,Success,60.37944823372707,0,24.92443995760092,0,0,0,0,0,0,0,6.47431660575764,7.55968412435642,0.6621110785579594,0,0,0,0,0,0,KCP109C,/Users/lopezama/PycharmProjects/sci-cluster/review_outputs/rmelts_parity_audit_v2/2026-02-26/kcp109c_phase7_parity_20260225_222731/runs/kcp109c_phase7_parity_liam_exact/runs/20260225_222731/parallel-results/Parallel_MELTS_KCP109C_dP25.0_02-25_11cores.xlsx,feldspar,feldspar
68,747,375,0,0.8649794513162711,2.620091946217689,-14.02434269303259,-12.20224524164089,1.786107387532905,1.053078936794206,0.03301332430584879,2.94740753651544e-05,1.695919174243273e-06,-1.570834434048341e-09,2.686637202874257e-13,5.295484146434093e-12,Success,60.53229719825005,0,24.81640280122036,0,0,0,0,0,0,0,6.349519926030114,7.617062314258709,0.684717760240776,0,0,0,0,0,0,KCP109C,/Users/lopezama/PycharmProjects/sci-cluster/review_outputs/rmelts_parity_audit_v2/2026-02-26/kcp109c_phase7_parity_20260225_222731/runs/kcp109c_phase7_parity_liam_exact/runs/20260225_222731/parallel-results/Parallel_MELTS_KCP109C_dP25.0_02-25_11cores.xlsx,feldspar,feldspar
69,746,375,0,1.243020379628554,2.618999181989167,-20.14888610898253,-17.53340165284249,2.566339063082021,1.514545069164219,0.04746165589423598,2.962091198162375e-05,1.699865603544192e-06,-2.352386246212759e-09,3.864347774549799e-13,7.88148761497466e-12,Success,60.68501969566997,0,24.70820580491802,0,0,0,0,0,0,0,6.224620885854515,7.673739460184008,0.7084141533735013,0,0,0,0,0,0,KCP109C,/Users/lopezama/PycharmProjects/sci-cluster/review_outputs/rmelts_parity_audit_v2/2026-02-26/kcp109c_phase7_parity_20260225_222731/runs/kcp109c_phase7_parity_liam_exact/runs/20260225_222731/parallel-results/Parallel_MELTS_KCP109C_dP25.0_02-25_11cores.xlsx,feldspar,feldspar
70,745,375,0,1.627333638956538,2.617900745438639,-26.37204297164724,-22.95180368638323,3.35926856088396,1.984441102294536,0.06216177759191065,2.976944165449063e-05,1.703807451395687e-06,-3.208570452477122e-09,5.063401866051766e-13,1.068636915787036e-11,Success,60.83763815770183,0,24.59981564480296,0,0,0,0,0,0,0,6.099586758589117,7.729678173804547,0.7332812651015523,0,0,0,0,0,0,KCP109C,/Users/lopezama/PycharmProjects/sci-cluster/review_outputs/rmelts_parity_audit_v2/2026-02-26/kcp109c_phase7_parity_20260225_222731/runs/kcp109c_phase7_parity_liam_exact/runs/20260225_222731/parallel-results/Parallel_MELTS_KCP109C_dP25.0_02-25_11cores.xlsx,feldspar,feldspar
71,744,375,0,2.01855306898219,2.616795863638172,-32.70392692739602,-28.46628787695839,4.16618891062048,2.463590178023467,0.07713834682449262,2.99196996594835e-05,1.707744848290466e-06,-4.145520872254096e-09,6.285600166960828e-13,1.372800171353023e-11,Success,60.99017107287343,0,24.49119793369179,0,0,0,0,0,0,0,5.974384860446237,7.784829489359897,0.7594166436286376,0,0,0,0,0,0,KCP109C,/Users/lopezama/PycharmProjects/sci-cluster/review_outputs/rmelts_parity_audit_v2/2026-02-26/kcp109c_phase7_parity_20260225_222731/runs/kcp109c_phase7_parity_liam_exact/runs/20260225_222731/parallel-results/Parallel_MELTS_KCP109C_dP25.0_02-25_11cores.xlsx,feldspar,feldspar
72,743,375,0,2.417367399061551,2.615683533731364,-39.15551752939324,-34.08644773070215,4.988505435901284,2.952886951039827,0.09241819080510448,3.007172325873514e-05,1.711678239222459e-06,-5.169930229378613e-09,7.532914526031977e-13,1.702586681683314e-11,Success,61.14265346578981,0,24.38230235129948,0,0,0,0,0,0,0,5.848965504230699,7.839139516628221,0.786939162051793,0,0,0,0,0,0,KCP109C,/Users/lopezama/PycharmProjects/sci-cluster/review_outputs/rmelts_parity_audit_v2/2026-02-26/kcp109c_phase7_parity_20260225_222731/runs/kcp109c_phase7_parity_liam_exact/runs/20260225_222731/parallel-results/Parallel_MELTS_KCP109C_dP25.0_02-25_11cores.xlsx,feldspar,feldspar
73,742,375,0,2.824549178573737,2.61456283546686,-45.73912838916478,-39.82304239125553,5.827794905097032,3.453333415419285,0.1080314131394506,3.022554092214598e-05,1.715607686397533e-06,-6.289156660698338e-09,8.807574181304623e-13,2.060138054072051e-11,Success,61.29510571214939,0,24.27308936724744,0,0,0,0,0,0,0,5.723291322624328,7.892550008935124,0.815963589043712,0,0,0,0,0,0,KCP109C,/Users/lopezama/PycharmProjects/sci-cluster/review_outputs/rmelts_parity_audit_v2/2026-02-26/kcp109c_phase7_parity_20260225_222731/runs/kcp109c_phase7_parity_liam_exact/runs/20260225_222731/parallel-results/Parallel_MELTS_KCP109C_dP25.0_02-25_11cores.xlsx,feldspar,feldspar
74,741,375,0,3.240953459535205,2.61343272738826,-52.46837982492027,-45.68797299879296,6.685802717672242,3.966037754785816,0.1240113596791932,3.038117299578319e-05,1.719533197037879e-06,-7.511271037731465e-09,1.011206560001618e-12,2.447802038982647e-11,Success,61.44754984069249,0,24.1635142244496,0,0,0,0,0,0,0,5.597320250510187,7.944992697835639,0.8466229865120951,0,0,0,0,0,0,KCP109C,/Users/lopezama/PycharmProjects/sci-cluster/review_outputs/rmelts_parity_audit_v2/2026-02-26/kcp109c_phase7_parity_20260225_222731/runs/kcp109c_phase7_parity_liam_exact/runs/20260225_222731/parallel-results/Parallel_MELTS_KCP109C_dP25.0_02-25_11cores.xlsx,feldspar,feldspar
75,740,375,0,3.667518454138158,2.612291840335513,-59.3582012840269,-51.6942844397433,7.5644444004181,4.492215621061724,0.1403946679122619,3.053863594061885e-05,1.723455108856396e-06,-8.845109529665315e-09,1.144914224920467e-12,2.868146780487021e-11,Success,61.60002782847037,0,24.05351079524973,0,0,0,0,0,0,0,5.470987937205268,7.99638773708377,0.8790857019908659,0,0,0,0,0,0,KCP109C,/Users/lopezama/PycharmProjects/sci-cluster/review_outputs/rmelts_parity_audit_v2/2026-02-26/kcp109c_phase7_parity_20260225_222731/runs/kcp109c_phase7_parity_liam_exact/runs/20260225_222731/parallel-results/Parallel_MELTS_KCP109C_dP25.0_02-25_11cores.xlsx,feldspar,feldspar
76,739,375,0,4.105305897813952,2.611138758134715,-66.42548237222951,-57.85673374578712,8.465888086195113,5.033240163819187,0.1572228164828209,3.069793255545118e-05,1.727373467774351e-06,-1.030042787549158e-08,1.28219471274453e-12,3.324007792667834e-11,Success,61.7525737184014,0,23.94301560737302,0,0,0,0,0,0,0,5.344234074049436,8.046644559138102,0.9135320410380184,0,0,0,0,0,0,KCP109C,/Users/lopezama/PycharmProjects/sci-cluster/review_outputs/rmelts_parity_audit_v2/2026-02-26/kcp109c_phase7_parity_20260225_222731/runs/kcp109c_phase7_parity_liam_exact/runs/20260225_222731/parallel-results/Parallel_MELTS_KCP109C_dP25.0_02-25_11cores.xlsx,feldspar,feldspar
77,738,375,0,4.555512438077648,2.609971831249452,-73.68924676500487,-64.19194164811798,9.392577873596286,5.590656595949199,0.1745425902124324,3.08590525288833e-05,1.731288314202982e-06,-1.188799668025943e-08,1.42340566487112e-12,3.818515126823051e-11,Success,61.90522816695995,0,23.83195389948895,0,0,0,0,0,0,0,5.216987495625991,8.095657733703002,0.9501727042221032,0,0,0,0,0,0,KCP109C,/Users/lopezama/PycharmProjects/sci-cluster/review_outputs/rmelts_parity_audit_v2/2026-02-26/kcp109c_phase7_parity_20260225_222731/runs/kcp109c_phase7_parity_liam_exact/runs/20260225_222731/parallel-results/Parallel_MELTS_KCP109C_dP25.0_02-25_11cores.xlsx,feldspar,feldspar
78,737,375,0,5.019492305220784,2.608789043323092,-81.17100679797024,-70.71870147765776,10.34728042400879,6.166210676438911,0.1924069835415639,3.102197252412593e-05,1.735199869855798e-06,-1.361973249669919e-08,1.568956183067664e-12,4.35513162690494e-11,Success,62.05804834764676,0,23.7202303301159,0,0,0,0,0,0,0,5.08915620369259,8.143304677338351,0.9892604412064069,0,0,0,0,0,0,KCP109C,/Users/lopezama/PycharmProjects/sci-cluster/review_outputs/rmelts_parity_audit_v2/2026-02-26/kcp109c_phase7_parity_20260225_222731/runs/kcp109c_phase7_parity_liam_exact/runs/20260225_222731/parallel-results/Parallel_MELTS_KCP109C_dP25.0_02-25_11cores.xlsx,feldspar,feldspar
79,736,375,0,5.498812983160009,2.607588262221467,-88.89565614443148,-77.45875897651393,11.33319840253437,6.761917713603363,0.2108773483462239,3.118664016043834e-05,1.73910785117217e-06,-1.550892476901077e-08,1.719324101629973e-12,4.93772146124609e-11,Success,62.21107884447327,0,23.6077516857242,0,0,0,0,0,0,0,4.960652893149834,8.189440325722218,1.031076250930483,0,0,0,0,0,0,KCP109C,/Users/lopezama/PycharmProjects/sci-cluster/review_outputs/rmelts_parity_audit_v2/2026-02-26/kcp109c_phase7_parity_20260225_222731/runs/kcp109c_phase7_parity_liam_exact/runs/20260225_222731/parallel-results/Parallel_MELTS_KCP109C_dP25.0_02-25_11cores.xlsx,feldspar,feldspar
80,735,375,0,5.995273016241812,2.606366603259535,-96.89172926221782,-84.43703601161047,12.35400808471691,7.38008530142042,0.2300241650097916,3.135298855075484e-05,1.743012661223573e-06,-1.757038359809767e-08,1.875064959757598e-12,5.570592017228101e-11,Success,62.3644082762817,0,23.49437766486115,0,0,0,0,0,0,0,4.83134113603942,8.23389428390741,1.075978638910321,0,0,0,0,0,0,KCP109C,/Users/lopezama/PycharmProjects/sci-cluster/review_outputs/rmelts_parity_audit_v2/2026-02-26/kcp109c_phase7_parity_20260225_222731/runs/kcp109c_phase7_parity_liam_exact/runs/20260225_222731/parallel-results/Parallel_MELTS_KCP109C_dP25.0_02-25_11cores.xlsx,feldspar,feldspar
81,734,375,0,6.510994391539278,2.605120797275237,-105.1928803381612,-91.68292221322493,13.41404768399567,8.023427562884718,0.2499306135189314,3.1520910740799e-05,1.746914339492225e-06,-1.982079912020297e-08,2.036841097384931e-12,6.258602956623389e-11,Success,62.5181252466092,0,23.37995479365062,0,0,0,0,0,0,0,4.701073640590028,8.27646158004274,1.124384739107416,0,0,0,0,0,0,KCP109C,/Users/lopezama/PycharmProjects/sci-cluster/review_outputs/rmelts_parity_audit_v2/2026-02-26/kcp109c_phase7_parity_20260225_222731/runs/kcp109c_phase7_parity_liam_exact/runs/20260225_222731/parallel-results/Parallel_MELTS_KCP109C_dP25.0_02-25_11cores.xlsx,feldspar,feldspar
82,733,375,0,7.048496961481863,2.603846748126762,-113.839047790742,-99.23128865553925,14.51847054137328,8.695157592979688,0.2706955379210637,3.16902600706025e-05,1.750813179024273e-06,-2.227908692024386e-08,2.20544883832621e-12,7.007268883730997e-11,Success,62.67235108195879,0,23.26428550829188,0,0,0,0,0,0,0,4.569659104997903,8.316894560081552,1.176809744669872,0,0,0,0,0,0,KCP109C,/Users/lopezama/PycharmProjects/sci-cluster/review_outputs/rmelts_parity_audit_v2/2026-02-26/kcp109c_phase7_parity_20260225_222731/runs/kcp109c_phase7_parity_liam_exact/runs/20260225_222731/parallel-results/Parallel_MELTS_KCP109C_dP25.0_02-25_11cores.xlsx,feldspar,feldspar
83,732,375,0,7.610844501456102,2.602539349477864,-122.8787681969112,-107.124504863106,15.67354457922225,9.399167866512737,0.2924391711112084,3.186083118754231e-05,1.754709579506961e-06,-2.496696504523155e-08,2.3818682144624e-12,7.822934024796877e-11,Success,62.82724071679182,0,23.14712115197325,0,0,0,0,0,0,0,4.436856233309744,8.354886495781672,1.233895402143505,0,0,0,0,0,0,KCP109C,/Users/lopezama/PycharmProjects/sci-cluster/review_outputs/rmelts_parity_audit_v2/2026-02-26/kcp109c_phase7_parity_20260225_222731/runs/kcp109c_phase7_parity_liam_exact/runs/20260225_222731/parallel-results/Parallel_MELTS_KCP109C_dP25.0_02-25_11cores.xlsx,feldspar,feldspar
84,731,375,0,8.201803603788743,2.601192099893054,-132.3716769661738,-115.4146178883162,16.88697811866512,10.14022677187218,0.315309415407111,3.203234545734428e-05,1.758604252147106e-06,-2.790962685223776e-08,2.567319019054729e-12,8.712974398580591e-11,Success,62.98300078887442,0,23.02814051998287,0,0,0,0,0,0,0,4.30235181265281,8.39005565565562,1.296451222834283,0,0,0,0,0,0,KCP109C,/Users/lopezama/PycharmProjects/sci-cluster/review_outputs/rmelts_parity_audit_v2/2026-02-26/kcp109c_phase7_parity_20260225_222731/runs/kcp109c_phase7_parity_liam_exact/runs/20260225_222731/parallel-results/Parallel_MELTS_KCP109C_dP25.0_02-25_11cores.xlsx,feldspar,feldspar
85,730,375,0,9.540046029723044,2.599010647783312,-153.9101666458674,-134.204793557866,19.643496075364,11.81356346059211,0.3670645227198172,3.229660688480119e-05,1.765321600034323e-06,-3.390877343982374e-08,2.990498745128834e-12,1.054230333177834e-10,Success,63.25325268895713,0,22.83288024718806,0,0,0,0,0,0,0,4.078201026742573,8.480387038317753,1.355278998794494,0,0,0,0,0,0,KCP109C,/Users/lopezama/PycharmProjects/sci-cluster/review_outputs/rmelts_parity_audit_v2/2026-02-26/kcp109c_phase7_parity_20260225_222731/runs/kcp109c_phase7_parity_liam_exact/runs/20260225_222731/parallel-results/Parallel_MELTS_KCP109C_dP25.0_02-25_11cores.xlsx,feldspar,feldspar
86,729,375,0,11.55657854621269,2.596019306091987,-186.3570447613816,-162.5035782275912,23.80229160683571,14.33867635015942,0.4451653544753414,3.263328306190093e-05,1.774381486768932e-06,-4.309619472633157e-08,3.632404760991218e-12,1.334068394435801e-10,Success,63.62213780120043,0,22.56822397875241,0,0,0,0,0,0,0,3.773783313733769,8.608584220370297,1.427270685943069,0,0,0,0,0,0,KCP109C,/Users/lopezama/PycharmProjects/sci-cluster/review_outputs/rmelts_parity_audit_v2/2026-02-26/kcp109c_phase7_parity_20260225_222731/runs/kcp109c_phase7_parity_liam_exact/runs/20260225_222731/parallel-results/Parallel_MELTS_KCP109C_dP25.0_02-25_11cores.xlsx,feldspar,feldspar
87,728,375,0,14.01040031703719,2.592658097605707,-225.8076968512625,-196.9086276459832,28.86587345081095,17.41921257395987,0.5403875015365756,3.299181050335704e-05,1.784178704029246e-06,-5.483101623682217e-08,4.417865754280589e-12,1.690173305725329e-10,Success,64.02558048457013,0,22.27653869939425,0,0,0,0,0,0,0,3.439002920270186,8.742928217023923,1.515949678741509,0,0,0,0,0,0,KCP109C,/Users/lopezama/PycharmProjects/sci-cluster/review_outputs/rmelts_parity_audit_v2/2026-02-26/kcp109c_phase7_parity_20260225_222731/runs/kcp109c_phase7_parity_liam_exact/runs/20260225_222731/parallel-results/Parallel_MELTS_KCP109C_dP25.0_02-25_11cores.xlsx,feldspar,feldspar
88,727,375,0,17.03657901658409,2.588959739925318,-274.4171775622002,-239.2985961746837,35.11331439035795,21.22701279326553,0.6580472748902435,3.336397960981214e-05,1.794475058609572e-06,-6.994022714604428e-08,5.391862352428213e-12,2.147173880821084e-10,Success,64.45509605423844,0,21.96291502785518,0,0,0,0,0,0,0,3.080039427673968,8.877856649868685,1.624092840363731,0,0,0,0,0,0,KCP109C,/Users/lopezama/PycharmProjects/sci-cluster/review_outputs/rmelts_parity_audit_v2/2026-02-26/kcp109c_phase7_parity_20260225_222731/runs/kcp109c_phase7_parity_liam_exact/runs/20260225_222731/parallel-results/Parallel_MELTS_KCP109C_dP25.0_02-25_11cores.xlsx,feldspar,feldspar
89,726,375,0,20.33896455350256,2.585466782045049,-327.4126911048296,-285.5186836166008,41.92964768876428,25.39323039309963,0.7866650886697866,3.370924535519138e-05,1.803794511001753e-06,-8.732949532920733e-08,6.457364770005767e-12,2.67100945117936e-10,Success,64.84733140843501,0,21.6732769392313,0,0,0,0,0,0,0,2.749563042814712,8.992588722636516,1.737239886882486,0,0,0,0,0,0,KCP109C,/Users/lopezama/PycharmProjects/sci-cluster/review_outputs/rmelts_parity_audit_v2/2026-02-26/kcp109c_phase7_parity_20260225_222731/runs/kcp109c_phase7_parity_liam_exact/runs/20260225_222731/parallel-results/Parallel_MELTS_KCP109C_dP25.0_02-25_11cores.xlsx,feldspar,feldspar
90,725,375,0,23.64875296948014,2.5824797465894,-380.4788767157373,-331.8131532803939,48.75592189084151,29.5805754208054,0.9157381776454321,3.401151792112683e-05,1.811491231972387e-06,-1.058143921123224e-07,7.5241542239422e-12,3.225378348859073e-10,Success,65.17248048110866,0,21.43042240065102,0,0,0,0,0,0,0,2.473337102168701,9.080473102880141,1.843286913191471,0,0,0,0,0,0,KCP109C,/Users/lopezama/PycharmProjects/sci-cluster/review_outputs/rmelts_parity_audit_v2/2026-02-26/kcp109c_phase7_parity_20260225_222731/runs/kcp109c_phase7_parity_liam_exact/runs/20260225_222731/parallel-results/Parallel_MELTS_KCP109C_dP25.0_02-25_11cores.xlsx,feldspar,feldspar
91,724,375,0,26.38885949796733,2.580366120182945,-424.3721790748472,-370.130814540923,54.39639425755819,33.06269451587737,1.022678886207682,3.425773586644707e-05,1.816935069790702e-06,-1.225586091638332e-07,8.399825130413333e-12,3.724312159043582e-10,Success,65.39919414232061,0,21.25972381831703,0,0,0,0,0,0,0,2.279608930675577,9.138170168866749,1.923302939820029,0,0,0,0,0,0,KCP109C,/Users/lopezama/PycharmProjects/sci-cluster/review_outputs/rmelts_parity_audit_v2/2026-02-26/kcp109c_phase7_parity_20260225_222731/runs/kcp109c_phase7_parity_liam_exact/runs/20260225_222731/parallel-results/Parallel_MELTS_KCP109C_dP25.0_02-25_11cores.xlsx,feldspar,feldspar
92,723,375,0,28.19421106529838,2.579168697303734,-453.261961757484,-395.3885068412342,58.09712886236992,35.37744431733753,1.093151103096615,3.44552786955766e-05,1.820279322940184e-06,-1.354850811857232e-07,8.963141653160612e-12,4.105565673144885e-10,Success,65.53095842458885,0,21.16061760743752,0,0,0,0,0,0,0,2.167100153849399,9.171972133887122,1.969351680237113,0,0,0,0,0,0,KCP109C,/Users/lopezama/PycharmProjects/sci-cluster/review_outputs/rmelts_parity_audit_v2/2026-02-26/kcp109c_phase7_parity_20260225_222731/runs/kcp109c_phase7_parity_liam_exact/runs/20260225_222731/parallel-results/Parallel_MELTS_KCP109C_dP25.0_02-25_11cores.xlsx,feldspar,feldspar
93,721,375,0,29.67154184075831,2.530798704141505,-464.3540774622432,-404.6353914406678,60.07009608366481,35.66494578422463,1.172418090470908,2.969259383923047e-05,1.789957242019589e-06,-6.724848958361612e-08,1.088142015526192e-11,2.152181882862702e-10,Success,66.00917365291569,0,18.90686028529196,0,0,0,0,0,0,0,0.1961432291035944,4.327726789804398,10.56009604288436,0,0,0,0,0,0,KCP109C,/Users/lopezama/PycharmProjects/sci-cluster/review_outputs/rmelts_parity_audit_v2/2026-02-26/kcp109c_phase7_parity_20260225_222731/runs/kcp109c_phase7_parity_liam_exact/runs/20260225_222731/parallel-results/Parallel_MELTS_KCP109C_dP25.0_02-25_11cores.xlsx,feldspar,feldspar
114,755,350,0,0.05981341859809605,2.620083133757957,-0.9715695799159935,-0.8440601081206822,0.1240183550992669,0.07256081988866228,0.002282882471454496,2.896745795830084e-05,1.690597629520014e-06,-8.101160683945544e-11,1.872941878530943e-14,2.869847147339647e-13,Success,60.32002477267498,0,24.9725087497253,0,0,0,0,0,0,0,6.527839388327045,7.553286709491618,0.6263403797810537,0,0,0,0,0,0,KCP109C,/Users/lopezama/PycharmProjects/sci-cluster/review_outputs/rmelts_parity_audit_v2/2026-02-26/kcp109c_phase7_parity_20260225_222731/runs/kcp109c_phase7_parity_liam_exact/runs/20260225_222731/parallel-results/Parallel_MELTS_KCP109C_dP25.0_02-25_11cores.xlsx,feldspar,feldspar
115,754,350,0,0.2534417710797919,2.619450005980204,-4.115993574336535,-3.576398945865463,0.5253318682481354,0.3076185727880185,0.009675381110583685,2.906528949741417e-05,1.693111563644533e-06,-3.567612216072656e-10,7.938774320928638e-14,1.25481483656318e-12,Success,60.41500913213279,0,24.906340135146,0,0,0,0,0,0,0,6.451086486460114,7.591482803704289,0.636081442556805,0,0,0,0,0,0,KCP109C,/Users/lopezama/PycharmProjects/sci-cluster/review_outputs/rmelts_parity_audit_v2/2026-02-26/kcp109c_phase7_parity_20260225_222731/runs/kcp109c_phase7_parity_liam_exact/runs/20260225_222731/parallel-results/Parallel_MELTS_KCP109C_dP25.0_02-25_11cores.xlsx,feldspar,feldspar
116,753,350,0,0.5936220327191224,2.618463729131876,-9.638524196018816,-8.376117863779696,1.230235669482163,0.7209792224601157,0.02267062270577762,2.919171391687324e-05,1.696722015038863e-06,-8.705370490845736e-10,1.861467053445028e-13,3.039385661611733e-12,Success,60.55503247746313,0,24.80776267790224,0,0,0,0,0,0,0,6.337086813377345,7.645080248895394,0.6550377823619021,0,0,0,0,0,0,KCP109C,/Users/lopezama/PycharmProjects/sci-cluster/review_outputs/rmelts_parity_audit_v2/2026-02-26/kcp109c_phase7_parity_20260225_222731/runs/kcp109c_phase7_parity_liam_exact/runs/20260225_222731/parallel-results/Parallel_MELTS_KCP109C_dP25.0_02-25_11cores.xlsx,feldspar,feldspar
117,752,350,0,0.9798578859601889,2.617373781090236,-15.90602072177794,-13.8245722042272,2.030384351120079,1.190892723274615,0.03743668149499231,2.932710187790335e-05,1.700636734575335e-06,-1.497667799320665e-09,3.076475348798634e-13,5.191263634507948e-12,Success,60.70766624268694,0,24.69990955237719,0,0,0,0,0,0,0,6.212492174386584,7.702461368448286,0.6774706621009945,0,0,0,0,0,0,KCP109C,/Users/lopezama/PycharmProjects/sci-cluster/review_outputs/rmelts_parity_audit_v2/2026-02-26/kcp109c_phase7_parity_20260225_222731/runs/kcp109c_phase7_parity_liam_exact/runs/20260225_222731/parallel-results/Parallel_MELTS_KCP109C_dP25.0_02-25_11cores.xlsx,feldspar,feldspar
118,751,350,0,1.372049277657564,2.616279649669038,-22.26714559043397,-19.35586855686912,2.842627577566619,1.66871844512411,0.052442760766462,2.946372804409963e-05,1.704542871709267e-06,-2.185168469795836e-09,4.313028695621799e-13,7.521693963921552e-12,Success,60.86006301299622,0,24.59197607378648,0,0,0,0,0,0,0,6.087886542357111,7.759103527791212,0.7009708430689763,0,0,0,0,0,0,KCP109C,/Users/lopezama/PycharmProjects/sci-cluster/review_outputs/rmelts_parity_audit_v2/2026-02-26/kcp109c_phase7_parity_20260225_222731/runs/kcp109c_phase7_parity_liam_exact/runs/20260225_222731/parallel-results/Parallel_MELTS_KCP109C_dP25.0_02-25_11cores.xlsx,feldspar,feldspar
119,750,350,0,1.77081828034903,2.615180642867606,-28.73184837160228,-24.97869011904107,3.66823853057833,2.155253137278929,0.06771303868352613,2.960161560597818e-05,1.708440456593056e-06,-2.937938625713028e-09,5.572961662359339e-13,1.004512975496891e-11,Success,61.01223652910061,0,24.48393236559039,0,0,0,0,0,0,0,5.963242062657661,7.814959007110072,0.7256300355412677,0,0,0,0,0,0,KCP109C,/Users/lopezama/PycharmProjects/sci-cluster/review_outputs/rmelts_parity_audit_v2/2026-02-26/kcp109c_phase7_parity_20260225_222731/runs/kcp109c_phase7_parity_liam_exact/runs/20260225_222731/parallel-results/Parallel_MELTS_KCP109C_dP25.0_02-25_11cores.xlsx,feldspar,feldspar
120,749,350,0,2.176804621661238,2.61407606358932,-35.31034581996658,-30.70195622081657,4.508525753705426,2.651318669070684,0.08327242852575314,2.974078697477334e-05,1.712329440559008e-06,-3.761274060800005e-09,6.858164114073689e-13,1.277715009714632e-11,Success,61.16419805857451,0,24.37575053028118,0,0,0,0,0,0,0,5.838533090446146,7.869979763864847,0.7515385568333258,0,0,0,0,0,0,KCP109C,/Users/lopezama/PycharmProjects/sci-cluster/review_outputs/rmelts_parity_audit_v2/2026-02-26/kcp109c_phase7_parity_20260225_222731/runs/kcp109c_phase7_parity_liam_exact/runs/20260225_222731/parallel-results/Parallel_MELTS_KCP109C_dP25.0_02-25_11cores.xlsx,feldspar,feldspar
121,748,350,0,2.59070909693239,2.612965147935615,-42.01382342455458,-36.53543235910642,5.364922945158075,3.157815073952124,0.09914824539390399,2.988125969734326e-05,1.716209706399471e-06,-4.660967562798676e-09,8.170718492548282e-13,1.573478485981162e-11,Success,61.31595844227112,0,24.26740053360351,0,0,0,0,0,0,0,5.713732317610527,7.924111201068624,0.7787975054462307,0,0,0,0,0,0,KCP109C,/Users/lopezama/PycharmProjects/sci-cluster/review_outputs/rmelts_parity_audit_v2/2026-02-26/kcp109c_phase7_parity_20260225_222731/runs/kcp109c_phase7_parity_liam_exact/runs/20260225_222731/parallel-results/Parallel_MELTS_KCP109C_dP25.0_02-25_11cores.xlsx,feldspar,feldspar
122,747,350,0,3.013311224752042,2.611846963625877,-48.85471639119995,-42.48997459469631,6.239025434008378,3.675742312373359,0.1153708952598369,3.002304409183857e-05,1.7200811670909e-06,-5.643377430980939e-09,9.512958922846892e-13,1.893672257814904e-11,Success,61.46753412876648,0,24.1588430398511,0,0,0,0,0,0,0,5.58880345377196,7.977286829253704,0.8075325483567694,0,0,0,0,0,0,KCP109C,/Users/lopezama/PycharmProjects/sci-cluster/review_outputs/rmelts_parity_audit_v2/2026-02-26/kcp109c_phase7_parity_20260225_222731/runs/kcp109c_phase7_parity_liam_exact/runs/20260225_222731/parallel-results/Parallel_MELTS_KCP109C_dP25.0_02-25_11cores.xlsx,feldspar,feldspar
123,746,350,0,3.445460566962238,2.610720605944717,-55.84656831231239,-48.57740786245052,7.132571701772916,4.206190283847805,0.1319735462736527,3.016614477421032e-05,1.723943499814989e-06,-6.715463305697204e-09,1.088744071078913e-12,2.240340084054876e-11,Success,61.61893315866225,0,24.05004474222424,0,0,0,0,0,0,0,5.463717144330787,8.029437228081656,0.8378677267010721,0,0,0,0,0,0,KCP109C,/Users/lopezama/PycharmProjects/sci-cluster/review_outputs/rmelts_parity_audit_v2/2026-02-26/kcp109c_phase7_parity_20260225_222731/runs/kcp109c_phase7_parity_liam_exact/runs/20260225_222731/parallel-results/Parallel_MELTS_KCP109C_dP25.0_02-25_11cores.xlsx,feldspar,feldspar
124,745,350,0,3.888100530945755,2.609584952687402,-63.00440820740975,-54.81085351701125,8.047492697931059,4.750368044531579,0.1489930621703545,3.031055763775926e-05,1.727796444722452e-06,-7.88487164686268e-09,1.229702277662905e-12,2.615726656132245e-11,Success,61.77017166413426,0,23.94096024097337,0,0,0,0,0,0,0,5.338432169837395,8.08047930076663,0.8699566242883461,0,0,0,0,0,0,KCP109C,/Users/lopezama/PycharmProjects/sci-cluster/review_outputs/rmelts_parity_audit_v2/2026-02-26/kcp109c_phase7_parity_20260225_222731/runs/kcp109c_phase7_parity_liam_exact/runs/20260225_222731/parallel-results/Parallel_MELTS_KCP109C_dP25.0_02-25_11cores.xlsx,feldspar,feldspar
125,744,350,0,4.342281077641065,2.608438774598309,-70.34495241822347,-61.20490595263419,8.985937635146518,5.309619850506077,0.1664705002826743,3.045626792067093e-05,1.731639595518711e-06,-9.1600178855093e-09,1.374490779921479e-12,3.022301664153559e-11,Success,61.92126407140765,0,23.83154143819834,0,0,0,0,0,0,0,5.212905482897278,8.13031907256001,0.903969934936714,0,0,0,0,0,0,KCP109C,/Users/lopezama/PycharmProjects/sci-cluster/review_outputs/rmelts_parity_audit_v2/2026-02-26/kcp109c_phase7_parity_20260225_222731/runs/kcp109c_phase7_parity_liam_exact/runs/20260225_222731/parallel-results/Parallel_MELTS_KCP109C_dP25.0_02-25_11cores.xlsx,feldspar,feldspar
126,743,350,0,4.809176260604572,2.607280625214761,-77.88687964316775,-67.77587206295846,9.950310072537812,5.885446994666815,0.184451808297714,3.06032492528787e-05,1.73547253416016e-06,-1.055018029864925e-08,1.523470422139889e-12,3.462787487129991e-11,Success,62.07223058254943,0,23.7217298592222,0,0,0,0,0,0,0,5.087084127466277,8.178848231070765,0.9401071996913273,0,0,0,0,0,0,KCP109C,/Users/lopezama/PycharmProjects/sci-cluster/review_outputs/rmelts_parity_audit_v2/2026-02-26/kcp109c_phase7_parity_20260225_222731/runs/kcp109c_phase7_parity_liam_exact/runs/20260225_222731/parallel-results/Parallel_MELTS_KCP109C_dP25.0_02-25_11cores.xlsx,feldspar,feldspar
127,742,350,0,5.290110293161303,2.606108835422439,-85.6512439950187,-74.54213131645271,10.94332135996255,6.47954015500009,0.202988847635897,3.07514600891549e-05,1.739294757313852e-06,-1.206562138876248e-08,1.677051384232157e-12,3.940195431507389e-11,Success,62.22309502171414,0,23.611457612973,0,0,0,0,0,0,0,4.960906533720381,8.225941844154491,0.9785989874379739,0,0,0,0,0,0,KCP109C,/Users/lopezama/PycharmProjects/sci-cluster/review_outputs/rmelts_parity_audit_v2/2026-02-26/kcp109c_phase7_parity_20260225_222731/runs/kcp109c_phase7_parity_liam_exact/runs/20260225_222731/parallel-results/Parallel_MELTS_KCP109C_dP25.0_02-25_11cores.xlsx,feldspar,feldspar
128,741,350,0,5.786589689969088,2.604921470864187,-93.66198326314915,-81.52457869690207,11.96805656584045,7.093819188821063,0.2221406577776557,3.090083940655578e-05,1.743105641074945e-06,-1.371773208177704e-08,1.835704140431226e-12,4.45786887646644e-11,Success,62.37388497051168,0,23.50064580274833,0,0,0,0,0,0,0,4.834301175334226,8.271454494097162,1.019713557308602,0,0,0,0,0,0,KCP109C,/Users/lopezama/PycharmProjects/sci-cluster/review_outputs/rmelts_parity_audit_v2/2026-02-26/kcp109c_phase7_parity_20260225_222731/runs/kcp109c_phase7_parity_liam_exact/runs/20260225_222731/parallel-results/Parallel_MELTS_KCP109C_dP25.0_02-25_11cores.xlsx,feldspar,feldspar
129,740,350,0,6.300342149823039,2.603716195745382,-101.9465309083016,-88.74715753419335,13.02805445798572,7.730481225243296,0.2419749955896941,3.105130438857248e-05,1.746904574113854e-06,-1.551920377609803e-08,1.999973200849373e-12,5.019534771001083e-11,Success,62.52464000995861,0,23.38919587367733,0,0,0,0,0,0,0,4.707177507917976,8.315215958334907,1.063770650111188,0,0,0,0,0,0,KCP109C,/Users/lopezama/PycharmProjects/sci-cluster/review_outputs/rmelts_parity_audit_v2/2026-02-26/kcp109c_phase7_parity_20260225_222731/runs/kcp109c_phase7_parity_liam_exact/runs/20260225_222731/parallel-results/Parallel_MELTS_KCP109C_dP25.0_02-25_11cores.xlsx,feldspar,feldspar
130,739,350,0,6.83337381505646,2.60249024399796,-110.5367229107534,-96.23764976835588,14.12742492950403,8.392071255172757,0.2625705833409386,3.120274179957079e-05,1.750690807628902e-06,-1.748425633995119e-08,2.170496635431663e-12,5.629372579711579e-11,Success,62.6754078225093,0,23.27699045880896,0,0,0,0,0,0,0,4.579427576579001,8.357024739886866,1.111149402215863,0,0,0,0,0,0,KCP109C,/Users/lopezama/PycharmProjects/sci-cluster/review_outputs/rmelts_parity_audit_v2/2026-02-26/kcp109c_phase7_parity_20260225_222731/runs/kcp109c_phase7_parity_liam_exact/runs/20260225_222731/parallel-results/Parallel_MELTS_KCP109C_dP25.0_02-25_11cores.xlsx,feldspar,feldspar
131,738,350,0,7.388043848869747,2.601240177105171,-119.4699731439875,-104.0286989007991,15.27100256459319,9.081573976852498,0.284020057582366,3.135500375146437e-05,1.754463684586971e-06,-1.962892849450814e-08,2.348032569494543e-12,6.2921022461561e-11,Success,62.82625861786782,0,23.16387815203487,0,0,0,0,0,0,0,4.45091008738933,8.396640290701287,1.162312852006689,0,0,0,0,0,0,KCP109C,/Users/lopezama/PycharmProjects/sci-cluster/review_outputs/rmelts_parity_audit_v2/2026-02-26/kcp109c_phase7_parity_20260225_222731/runs/kcp109c_phase7_parity_liam_exact/runs/20260225_222731/parallel-results/Parallel_MELTS_KCP109C_dP25.0_02-25_11cores.xlsx,feldspar,feldspar
132,737,350,0,7.967169498508593,2.599961768031551,-128.7909349029145,-112.1592572751916,16.46456232017319,9.802542925947211,0.3064341020883777,3.150789400646204e-05,1.758222492931754e-06,-2.197146521788414e-08,2.533495610964063e-12,7.013102252157857e-11,Success,62.97728391293919,0,23.04967004423409,0,0,0,0,0,0,0,4.321447834348949,8.433771208785204,1.217826999692567,0,0,0,0,0,0,KCP109C,/Users/lopezama/PycharmProjects/sci-cluster/review_outputs/rmelts_parity_audit_v2/2026-02-26/kcp109c_phase7_parity_20260225_222731/runs/kcp109c_phase7_parity_liam_exact/runs/20260225_222731/parallel-results/Parallel_MELTS_KCP109C_dP25.0_02-25_11cores.xlsx,feldspar,feldspar
133,736,350,0,8.574183575794748,2.598649668049738,-138.5539893801432,-120.6767523269472,17.71514349026002,10.55929373600484,0.3299476524755872,3.166115337541074e-05,1.761966585462021e-06,-2.453286948008261e-08,2.728012194698532e-12,7.798578721320717e-11,Success,63.12861015826001,0,22.93412159090618,0,0,0,0,0,0,0,4.190809560482553,8.468058061077805,1.278400629273438,0,0,0,0,0,0,KCP109C,/Users/lopezama/PycharmProjects/sci-cluster/review_outputs/rmelts_parity_audit_v2/2026-02-26/kcp109c_phase7_parity_20260225_222731/runs/kcp109c_phase7_parity_liam_exact/runs/20260225_222731/parallel-results/Parallel_MELTS_KCP109C_dP25.0_02-25_11cores.xlsx,feldspar,feldspar
134,735,350,0,9.213357549342817,2.597296880600598,-148.8267664978252,-129.64015079425,19.03150890599132,11.35717778140652,0.3547287034515793,3.181444248448103e-05,1.765695680037558e-06,-2.733767524415145e-08,2.932999815878532e-12,8.655802758657957e-11,Success,63.28042381883375,0,22.81690273586188,0,0,0,0,0,0,0,4.058679457357129,8.499050940622448,1.344943047324802,0,0,0,0,0,0,KCP109C,/Users/lopezama/PycharmProjects/sci-cluster/review_outputs/rmelts_parity_audit_v2/2026-02-26/kcp109c_phase7_parity_20260225_222731/runs/kcp109c_phase7_parity_liam_exact/runs/20260225_222731/parallel-results/Parallel_MELTS_KCP109C_dP25.0_02-25_11cores.xlsx,feldspar,feldspar
135,734,350,0,9.913595202122163,2.595870282404512,-160.0741980760599,-139.4543648872751,20.47344803533219,12.23210016277701,0.3818987130951459,3.196998713856714e-05,1.769494518527162e-06,-3.049410646749101e-08,3.157879769314025e-12,9.618194297028621e-11,Success,63.43640722690853,0,22.69533399954494,0,0,0,0,0,0,0,3.921987712163807,8.527930969332076,1.418340092050654,0,0,0,0,0,0,KCP109C,/Users/lopezama/PycharmProjects/sci-cluster/review_outputs/rmelts_parity_audit_v2/2026-02-26/kcp109c_phase7_parity_20260225_222731/runs/kcp109c_phase7_parity_liam_exact/runs/20260225_222731/parallel-results/Parallel_MELTS_KCP109C_dP25.0_02-25_11cores.xlsx,feldspar,feldspar
136,733,350,0,11.95387499211626,2.593054513105178,-192.9310953455991,-168.0870037581241,24.69223434624559,14.77405469145061,0.4609959000746773,3.22667387608737e-05,1.777818143387638e-06,-3.853829675830814e-08,3.818601745853822e-12,1.209858454451601e-10,Success,63.77825890103021,0,22.44887733382315,0,0,0,0,0,0,0,3.638892688466372,8.643598270562565,1.490372806117689,0,0,0,0,0,0,KCP109C,/Users/lopezama/PycharmProjects/sci-cluster/review_outputs/rmelts_parity_audit_v2/2026-02-26/kcp109c_phase7_parity_20260225_222731/runs/kcp109c_phase7_parity_liam_exact/runs/20260225_222731/parallel-results/Parallel_MELTS_KCP109C_dP25.0_02-25_11cores.xlsx,feldspar,feldspar
137,732,350,0,14.78121054565065,2.589421219176891,-238.42595910162,-207.724645640185,30.5440118006616,18.30267936935978,0.5708306719734538,3.261327867545424e-05,1.788015838333099e-06,-5.005781055736277e-08,4.741640446107871e-12,1.564080202491507e-10,Success,64.20434776127583,0,22.13876754198375,0,0,0,0,0,0,0,3.283627751745571,8.780103442317815,1.59315350267704,0,0,0,0,0,0,KCP109C,/Users/lopezama/PycharmProjects/sci-cluster/review_outputs/rmelts_parity_audit_v2/2026-02-26/kcp109c_phase7_parity_20260225_222731/runs/kcp109c_phase7_parity_liam_exact/runs/20260225_222731/parallel-results/Parallel_MELTS_KCP109C_dP25.0_02-25_11cores.xlsx,feldspar,feldspar
138,731,350,0,18.1599418699529,2.585595653490554,-292.7398383656809,-255.0449426434784,37.53910842225013,22.52849542232139,0.7023504176082976,3.295882677554666e-05,1.798233509489824e-06,-6.451584451794437e-08,5.851064591367754e-12,2.006843591071755e-10,Success,64.63694497841152,0,21.8202654204674,0,0,0,0,0,0,0,2.919920433642782,8.909107626495262,1.713761540983028,0,0,0,0,0,0,KCP109C,/Users/lopezama/PycharmProjects/sci-cluster/review_outputs/rmelts_parity_audit_v2/2026-02-26/kcp109c_phase7_parity_20260225_222731/runs/kcp109c_phase7_parity_liam_exact/runs/20260225_222731/parallel-results/Parallel_MELTS_KCP109C_dP25.0_02-25_11cores.xlsx,feldspar,feldspar
139,730,350,0,21.9947824807345,2.581884027647852,-354.3235620700328,-308.7028898289915,45.47741837316578,27.33428503593591,0.8518888627531495,3.328050644365374e-05,1.807629584996698e-06,-8.174478595983634e-08,7.115113509529136e-12,2.532333227723201e-10,Success,65.0399148375019,0,21.51945207463614,0,0,0,0,0,0,0,2.577719618038533,9.018460685110218,1.844452784713215,0,0,0,0,0,0,KCP109C,/Users/lopezama/PycharmProjects/sci-cluster/review_outputs/rmelts_parity_audit_v2/2026-02-26/kcp109c_phase7_parity_20260225_222731/runs/kcp109c_phase7_parity_liam_exact/runs/20260225_222731/parallel-results/Parallel_MELTS_KCP109C_dP25.0_02-25_11cores.xlsx,feldspar,feldspar
140,729,350,0,25.37029450066138,2.579124842767022,-408.4758454649227,-355.9073077577639,52.45575782782888,31.57743938361138,0.9836784199031943,3.353617525596787e-05,1.814416218767524e-06,-9.81689082885482e-08,8.22470120170626e-12,3.030117387825624e-10,Success,65.3307687466926,0,21.29966491955006,0,0,0,0,0,0,0,2.328526745928391,9.090394340473852,1.950645247355106,0,0,0,0,0,0,KCP109C,/Users/lopezama/PycharmProjects/sci-cluster/review_outputs/rmelts_parity_audit_v2/2026-02-26/kcp109c_phase7_parity_20260225_222731/runs/kcp109c_phase7_parity_liam_exact/runs/20260225_222731/parallel-results/Parallel_MELTS_KCP109C_dP25.0_02-25_11cores.xlsx,feldspar,feldspar
141,728,350,0,27.59863688046289,2.577571487691563,-444.186585459169,-387.0740696003722,57.0469119101001,34.39605903661832,1.070722461520547,3.372662371614629e-05,1.818404451511116e-06,-1.10732679275882e-07,8.945828018752996e-12,3.406902768574491e-10,Success,65.49567680176854,0,21.17460008022829,0,0,0,0,0,0,0,2.186868252918074,9.129998782560902,2.012856082524173,0,0,0,0,0,0,KCP109C,/Users/lopezama/PycharmProjects/sci-cluster/review_outputs/rmelts_parity_audit_v2/2026-02-26/kcp109c_phase7_parity_20260225_222731/runs/kcp109c_phase7_parity_liam_exact/runs/20260225_222731/parallel-results/Parallel_MELTS_KCP109C_dP25.0_02-25_11cores.xlsx,feldspar,feldspar
142,727,350,0,28.85833370198226,2.576828177849933,-464.3464599391696,-404.7130940220059,59.62442225382571,36.00958811476234,1.11991687882198,3.388020771154275e-05,1.820664969060078e-06,-1.197916282350045e-07,9.33826006993224e-12,3.67460929128412e-10,Success,65.58069835784822,0,21.11085703762654,0,0,0,0,0,0,0,2.114441137391514,9.152349168225383,2.041654298908332,0,0,0,0,0,0,KCP109C,/Users/lopezama/PycharmProjects/sci-cluster/review_outputs/rmelts_parity_audit_v2/2026-02-26/kcp109c_phase7_parity_20260225_222731/runs/kcp109c_phase7_parity_liam_exact/runs/20260225_222731/parallel-results/Parallel_MELTS_KCP109C_dP25.0_02-25_11cores.xlsx,feldspar,feldspar
143,725,350,0,30.13075826449268,2.529659514172143,-472.3214827620538,-411.2425170378683,61.19217124098141,36.15719153500921,1.191099359249274,2.953027764863616e-05,1.79170054343886e-06,-6.044320526306024e-08,1.110070252595832e-11,1.968357782626202e-10,Success,66.03432880329899,0,18.92705010840331,0,0,0,0,0,0,0,0.2069304782930913,4.436740852568934,10.39494975743568,0,0,0,0,0,0,KCP109C,/Users/lopezama/PycharmProjects/sci-cluster/review_outputs/rmelts_parity_audit_v2/2026-02-26/kcp109c_phase7_parity_20260225_222731/runs/kcp109c_phase7_parity_liam_exact/runs/20260225_222731/parallel-results/Parallel_MELTS_KCP109C_dP25.0_02-25_11cores.xlsx,feldspar,feldspar
156,763,325,0,0.01272810081337358,2.618254463789582,-0.2070832535493099,-0.1796096327156781,0.02651509996972616,0.01540722600796969,0.0004861292509724711,2.868916475295469e-05,1.691167880187261e-06,-1.302853959965456e-11,4.022662307954903e-15,4.891397190382982e-14,Success,60.33992578948668,0,24.96068385741945,0,0,0,0,0,0,0,6.513440139531122,7.566635663028036,0.6193145505346991,0,0,0,0,0,0,KCP109C,/Users/lopezama/PycharmProjects/sci-cluster/review_outputs/rmelts_parity_audit_v2/2026-02-26/kcp109c_phase7_parity_20260225_222731/runs/kcp109c_phase7_parity_liam_exact/runs/20260225_222731/parallel-results/Parallel_MELTS_KCP109C_dP25.0_02-25_11cores.xlsx,feldspar,feldspar
157,762,325,0,0.2046856285619453,2.617633096298199,-3.329588732431337,-2.88833362657403,0.4262716571098945,0.2478732029682051,0.00781949268793275,2.877525000734316e-05,1.693604222080894e-06,-2.177932438684081e-10,6.473105853378541e-14,8.105172086304318e-13,Success,60.43300616024538,0,24.89586771018962,0,0,0,0,0,0,0,6.438247303112391,7.604134545191943,0.6287442812606662,0,0,0,0,0,0,KCP109C,/Users/lopezama/PycharmProjects/sci-cluster/review_outputs/rmelts_parity_audit_v2/2026-02-26/kcp109c_phase7_parity_20260225_222731/runs/kcp109c_phase7_parity_liam_exact/runs/20260225_222731/parallel-results/Parallel_MELTS_KCP109C_dP25.0_02-25_11cores.xlsx,feldspar,feldspar
158,761,325,0,0.3990119733011495,2.617012124139979,-6.489492672722023,-5.63040594710888,0.8307177156245649,0.4834089483886863,0.01524685230230929,2.886234203640593e-05,1.696037542698896e-06,-4.412578357202823e-10,1.26261252737218e-13,1.628218297005129e-12,Success,60.52590218292805,0,24.83113168579689,0,0,0,0,0,0,0,6.363163583600039,7.641432638455163,0.6383699092198588,0,0,0,0,0,0,KCP109C,/Users/lopezama/PycharmProjects/sci-cluster/review_outputs/rmelts_parity_audit_v2/2026-02-26/kcp109c_phase7_parity_20260225_222731/runs/kcp109c_phase7_parity_liam_exact/runs/20260225_222731/parallel-results/Parallel_MELTS_KCP109C_dP25.0_02-25_11cores.xlsx,feldspar,feldspar
159,760,325,0,0.5957671557576207,2.616391611418015,-9.68774403247957,-8.406668046068173,1.239970949437542,0.7220996747455147,0.02277056512326649,2.895046839402558e-05,1.698467560879157e-06,-6.846394832984058e-10,1.886263298470072e-13,2.505540104967268e-12,Success,60.61859903609221,0,24.76648485023637,0,0,0,0,0,0,0,6.288199918885076,7.678520681083928,0.648195513702429,0,0,0,0,0,0,KCP109C,/Users/lopezama/PycharmProjects/sci-cluster/review_outputs/rmelts_parity_audit_v2/2026-02-26/kcp109c_phase7_parity_20260225_222731/runs/kcp109c_phase7_parity_liam_exact/runs/20260225_222731/parallel-results/Parallel_MELTS_KCP109C_dP25.0_02-25_11cores.xlsx,feldspar,feldspar
160,759,325,0,0.7950091127051948,2.615771598210316,-12.92525663758316,-11.21793149848321,1.654144396744611,0.9640287561156914,0.03039291019327268,2.903965459305156e-05,1.700893964613253e-06,-9.49227000156243e-10,2.518382071926817e-13,3.446204257271177e-12,Success,60.71108139790115,0,24.70193491411938,0,0,0,0,0,0,0,6.213366245412163,7.715384741699753,0.6582327008675536,0,0,0,0,0,0,KCP109C,/Users/lopezama/PycharmProjects/sci-cluster/review_outputs/rmelts_parity_audit_v2/2026-02-26/kcp109c_phase7_parity_20260225_222731/runs/kcp109c_phase7_parity_liam_exact/runs/20260225_222731/parallel-results/Parallel_MELTS_KCP109C_dP25.0_02-25_11cores.xlsx,feldspar,feldspar
161,758,325,0,0.9968020781542376,2.615152211729082,-16.20304651994648,-14.06509736995874,2.073363865575073,1.209288019124848,0.03811640766772706,2.912993572254055e-05,1.703316483213662e-06,-1.236397370011212e-09,3.159101638777059e-13,4.454185833291256e-12,Success,60.80333279372466,0,24.63749536844698,0,0,0,0,0,0,0,6.138677537493071,7.752023477666916,0.6684708226683671,0,0,0,0,0,0,KCP109C,/Users/lopezama/PycharmProjects/sci-cluster/review_outputs/rmelts_parity_audit_v2/2026-02-26/kcp109c_phase7_parity_20260225_222731/runs/kcp109c_phase7_parity_liam_exact/runs/20260225_222731/parallel-results/Parallel_MELTS_KCP109C_dP25.0_02-25_11cores.xlsx,feldspar,feldspar
162,757,325,0,1.201204555811521,2.614533478662519,-19.52203447702173,-16.94898459122158,2.497742936271565,1.4579630385459,0.04594336104757033,2.922133657999248e-05,1.705734758362574e-06,-1.547601886540234e-09,3.808531442304571e-13,5.533661634098199e-12,Success,60.89533645426121,0,24.57317349689986,0,0,0,0,0,0,0,6.064143717093633,7.788418611740246,0.6789277200050389,0,0,0,0,0,0,KCP109C,/Users/lopezama/PycharmProjects/sci-cluster/review_outputs/rmelts_parity_audit_v2/2026-02-26/kcp109c_phase7_parity_20260225_222731/runs/kcp109c_phase7_parity_liam_exact/runs/20260225_222731/parallel-results/Parallel_MELTS_KCP109C_dP25.0_02-25_11cores.xlsx,feldspar,feldspar
163,756,325,0,1.419067019874293,2.61388968269157,-23.05843214530705,-20.02258895340062,2.949854920960432,1.723256336129822,0.0542894763031106,2.931579146139905e-05,1.708226866652829e-06,-1.899148479115277e-09,4.501262087139917e-13,6.741256931844475e-12,Success,60.99032513539905,0,24.50663420590583,0,0,0,0,0,0,0,5.987083994992561,7.825652292988647,0.6903043707139086,0,0,0,0,0,0,KCP109C,/Users/lopezama/PycharmProjects/sci-cluster/review_outputs/rmelts_parity_audit_v2/2026-02-26/kcp109c_phase7_parity_20260225_222731/runs/kcp109c_phase7_parity_liam_exact/runs/20260225_222731/parallel-results/Parallel_MELTS_KCP109C_dP25.0_02-25_11cores.xlsx,feldspar,feldspar
164,755,325,0,1.828958596089324,2.612795119904641,-29.71161173827686,-25.8032751044579,3.801329216377923,2.222397534168854,0.07000007701162866,2.944439152085688e-05,1.712074739798863e-06,-2.549690606654802e-09,5.809505855596846e-13,8.98174923362481e-12,Success,61.14156697731695,0,24.39931480957883,0,0,0,0,0,0,0,5.863254471627033,7.88133053673345,0.7145332047437436,0,0,0,0,0,0,KCP109C,/Users/lopezama/PycharmProjects/sci-cluster/review_outputs/rmelts_parity_audit_v2/2026-02-26/kcp109c_phase7_parity_20260225_222731/runs/kcp109c_phase7_parity_liam_exact/runs/20260225_222731/parallel-results/Parallel_MELTS_KCP109C_dP25.0_02-25_11cores.xlsx,feldspar,feldspar
165,754,325,0,2.24614889124106,2.611696078005607,-36.4799845856812,-31.68556558250127,4.667691187440908,2.731071714251807,0.08600345615085148,2.957390308040817e-05,1.715910073941265e-06,-3.260837285438644e-09,7.144271317579463e-13,1.140287311781805e-11,Success,61.29246512578999,0,24.29195607815104,0,0,0,0,0,0,0,5.739472691900004,7.93613956010066,0.7399665440583291,0,0,0,0,0,0,KCP109C,/Users/lopezama/PycharmProjects/sci-cluster/review_outputs/rmelts_parity_audit_v2/2026-02-26/kcp109c_phase7_parity_20260225_222731/runs/kcp109c_phase7_parity_liam_exact/runs/20260225_222731/parallel-results/Parallel_MELTS_KCP109C_dP25.0_02-25_11cores.xlsx,feldspar,feldspar
166,753,325,0,2.671345989080425,2.610591784137032,-43.37486869431691,-37.67933233720061,5.550393565381567,3.250178868750571,0.1023272196485318,2.97043341694763e-05,1.71973275983047e-06,-4.037481219593705e-09,8.507731246904649e-13,1.401916748543656e-11,Success,61.44303144423608,0,24.18452670867014,0,0,0,0,0,0,0,5.615710062411934,7.990023718356056,0.766708066325795,0,0,0,0,0,0,KCP109C,/Users/lopezama/PycharmProjects/sci-cluster/review_outputs/rmelts_parity_audit_v2/2026-02-26/kcp109c_phase7_parity_20260225_222731/runs/kcp109c_phase7_parity_liam_exact/runs/20260225_222731/parallel-results/Parallel_MELTS_KCP109C_dP25.0_02-25_11cores.xlsx,feldspar,feldspar
167,752,325,0,3.105297246842835,2.609481522356757,-50.40819614889001,-43.79498533771073,6.450968942280917,3.780670079754775,0.1190005455197967,2.983568249275663e-05,1.723542320171314e-06,-4.884934323640342e-09,9.902185983896122e-13,1.684638618147621e-11,Success,61.59326424164259,0,24.07700402888952,0,0,0,0,0,0,0,5.491948272898648,8.042919787632433,0.7948636689368177,0,0,0,0,0,0,KCP109C,/Users/lopezama/PycharmProjects/sci-cluster/review_outputs/rmelts_parity_audit_v2/2026-02-26/kcp109c_phase7_parity_20260225_222731/runs/kcp109c_phase7_parity_liam_exact/runs/20260225_222731/parallel-results/Parallel_MELTS_KCP109C_dP25.0_02-25_11cores.xlsx,feldspar,feldspar
168,751,325,0,3.548833361881449,2.608364465590578,-57.59322349921,-50.04408965328634,7.371121267317932,4.323601319359889,0.1360558851608927,2.996793849072329e-05,1.727338218960905e-06,-5.809026402992979e-09,1.133020732559639e-12,1.990181753801102e-11,Success,61.7431629204432,0,23.96936066776635,0,0,0,0,0,0,0,5.368164881402289,8.094754659362819,0.824556871025328,0,0,0,0,0,0,KCP109C,/Users/lopezama/PycharmProjects/sci-cluster/review_outputs/rmelts_parity_audit_v2/2026-02-26/kcp109c_phase7_parity_20260225_222731/runs/kcp109c_phase7_parity_liam_exact/runs/20260225_222731/parallel-results/Parallel_MELTS_KCP109C_dP25.0_02-25_11cores.xlsx,feldspar,feldspar
169,750,325,0,4.002869763058258,2.607239698059633,-64.94454987906687,-56.43938182769851,8.312728389159322,4.880135445662218,0.1535290278848272,3.010108333137803e-05,1.731119781530224e-06,-6.816149062048102e-09,1.279464443832777e-12,2.320440759433616e-11,Success,61.89272478814519,0,23.86156703176603,0,0,0,0,0,0,0,5.244336101204961,8.145444727363335,0.8559273515204914,0,0,0,0,0,0,KCP109C,/Users/lopezama/PycharmProjects/sci-cluster/review_outputs/rmelts_parity_audit_v2/2026-02-26/kcp109c_phase7_parity_20260225_222731/runs/kcp109c_phase7_parity_liam_exact/runs/20260225_222731/parallel-results/Parallel_MELTS_KCP109C_dP25.0_02-25_11cores.xlsx,feldspar,feldspar
170,749,325,0,4.468397023854277,2.606106164620603,-72.47795652806542,-62.9946308169034,9.277821954861837,5.451530932112407,0.1714587488612455,3.023509315828767e-05,1.734886351677007e-06,-7.913286319499499e-09,1.429859633574283e-12,2.677483468031677e-11,Success,62.04195159277972,0,23.753587031112,0,0,0,0,0,0,0,5.120431749995686,8.1948992476192,0.8891303784933591,0,0,0,0,0,0,KCP109C,/Users/lopezama/PycharmProjects/sci-cluster/review_outputs/rmelts_parity_audit_v2/2026-02-26/kcp109c_phase7_parity_20260225_222731/runs/kcp109c_phase7_parity_liam_exact/runs/20260225_222731/parallel-results/Parallel_MELTS_KCP109C_dP25.0_02-25_11cores.xlsx,feldspar,feldspar
171,748,325,0,4.946544343703707,2.604962695156065,-80.21142855524823,-69.72552651063586,10.26871864526502,6.039219243755014,0.1898892584105646,3.036992599653588e-05,1.738636976023144e-06,-9.108160877968661e-09,1.584561760807787e-12,3.06359809551828e-11,Success,62.19083861271849,0,23.64538287710109,0,0,0,0,0,0,0,4.996421753425672,8.24300860048534,0.9243481562694085,0,0,0,0,0,0,KCP109C,/Users/lopezama/PycharmProjects/sci-cluster/review_outputs/rmelts_parity_audit_v2/2026-02-26/kcp109c_phase7_parity_20260225_222731/runs/kcp109c_phase7_parity_liam_exact/runs/20260225_222731/parallel-results/Parallel_MELTS_KCP109C_dP25.0_02-25_11cores.xlsx,feldspar,feldspar
172,747,325,0,5.438551615334712,2.603807899657659,-88.16469392552477,-76.64927948472197,11.28796200637435,6.644771378016815,0.2088691572081702,3.050553128788754e-05,1.74237074617369e-06,-1.040925017733725e-08,1.743963583633728e-12,3.481294687929369e-11,Success,62.33938873291134,0,23.53690593847449,0,0,0,0,0,0,0,4.87226531705046,8.28965168782546,0.9617883237382473,0,0,0,0,0,0,KCP109C,/Users/lopezama/PycharmProjects/sci-cluster/review_outputs/rmelts_parity_audit_v2/2026-02-26/kcp109c_phase7_parity_20260225_222731/runs/kcp109c_phase7_parity_liam_exact/runs/20260225_222731/parallel-results/Parallel_MELTS_KCP109C_dP25.0_02-25_11cores.xlsx,feldspar,feldspar
173,746,325,0,5.945823434116124,2.602640161983687,-96.36008785403286,-83.78537292631331,12.33843391818628,7.269963844404208,0.2284535342597773,3.064184022424631e-05,1.746086594814387e-06,-1.182593547383281e-08,1.90851307329212e-12,3.933352016755168e-11,Success,62.48760604646615,0,23.42809887275556,0,0,0,0,0,0,0,4.747914177676834,8.33468726048788,1.001693642613569,0,0,0,0,0,0,KCP109C,/Users/lopezama/PycharmProjects/sci-cluster/review_outputs/rmelts_parity_audit_v2/2026-02-26/kcp109c_phase7_parity_20260225_222731/runs/kcp109c_phase7_parity_liam_exact/runs/20260225_222731/parallel-results/Parallel_MELTS_KCP109C_dP25.0_02-25_11cores.xlsx,feldspar,feldspar
174,745,325,0,6.469947148714252,2.601457620971843,-104.8228334397403,-91.15580753913305,13.42339134764749,7.916801092663936,0.2487046914220818,3.077876420745638e-05,1.749783281443856e-06,-1.336860668140626e-08,2.078719934950177e-12,4.422848419453545e-11,Success,62.6354959906957,0,23.31889530098616,0,0,0,0,0,0,0,4.623312303272645,8.37795336858804,1.044343036457456,0,0,0,0,0,0,KCP109C,/Users/lopezama/PycharmProjects/sci-cluster/review_outputs/rmelts_parity_audit_v2/2026-02-26/kcp109c_phase7_parity_20260225_222731/runs/kcp109c_phase7_parity_liam_exact/runs/20260225_222731/parallel-results/Parallel_MELTS_KCP109C_dP25.0_02-25_11cores.xlsx,feldspar,feldspar
175,744,325,0,7.01274629623736,2.600258030822016,-113.5818876047031,-98.78583721481294,14.54657660117992,8.587580869101734,0.2696942462291109,3.091618941101981e-05,1.753459458080545e-06,-1.504883604970491e-08,2.255174332774075e-12,4.953215343438215e-11,Success,62.78307144647964,0,23.2092116623129,0,0,0,0,0,0,0,4.498387749726088,8.41925959640011,1.090069545081258,0,0,0,0,0,0,KCP109C,/Users/lopezama/PycharmProjects/sci-cluster/review_outputs/rmelts_parity_audit_v2/2026-02-26/kcp109c_phase7_parity_20260225_222731/runs/kcp109c_phase7_parity_liam_exact/runs/20260225_222731/parallel-results/Parallel_MELTS_KCP109C_dP25.0_02-25_11cores.xlsx,feldspar,feldspar
176,743,325,0,7.576337291183728,2.599038537301927,-122.6708328075356,-106.7047441225835,15.71233448305077,9.284963754603504,0.2915053848739294,3.105397681008648e-05,1.757113953250483e-06,-1.687958152365191e-08,2.43856759104877e-12,5.528299461223425e-11,Success,62.93036834247793,0,23.09893237378508,0,0,0,0,0,0,0,4.373036776527481,8.45838292680575,1.139279580403748,0,0,0,0,0,0,KCP109C,/Users/lopezama/PycharmProjects/sci-cluster/review_outputs/rmelts_parity_audit_v2/2026-02-26/kcp109c_phase7_parity_20260225_222731/runs/kcp109c_phase7_parity_liam_exact/runs/20260225_222731/parallel-results/Parallel_MELTS_KCP109C_dP25.0_02-25_11cores.xlsx,feldspar,feldspar
177,742,325,0,8.163201800897086,2.597795954721948,-132.1290283050812,-114.9468434031347,16.92575964334977,10.01206148014579,0.3142356806761147,3.119193831011678e-05,1.760744882574881e-06,-1.887542513853247e-08,2.629715905083807e-12,6.152436091389308e-11,Success,63.07740917519202,0,22.98793630814446,0,0,0,0,0,0,0,4.247154203241162,8.495055864152054,1.192444449270307,0,0,0,0,0,0,KCP109C,/Users/lopezama/PycharmProjects/sci-cluster/review_outputs/rmelts_parity_audit_v2/2026-02-26/kcp109c_phase7_parity_20260225_222731/runs/kcp109c_phase7_parity_liam_exact/runs/20260225_222731/parallel-results/Parallel_MELTS_KCP109C_dP25.0_02-25_11cores.xlsx,feldspar,feldspar
178,741,325,0,8.77631779512824,2.596525920485626,-142.0036703230971,-123.5532706187426,18.19296919031163,10.77259722078953,0.3380023178619689,3.132984888381424e-05,1.764350999818244e-06,-2.105297444715867e-08,2.829609662351761e-12,6.830573909239457e-11,Success,63.2242707463658,0,22.8760358586348,0,0,0,0,0,0,0,4.120567331884437,8.528957622599908,1.250168440515059,0,0,0,0,0,0,KCP109C,/Users/lopezama/PycharmProjects/sci-cluster/review_outputs/rmelts_parity_audit_v2/2026-02-26/kcp109c_phase7_parity_20260225_222731/runs/kcp109c_phase7_parity_liam_exact/runs/20260225_222731/parallel-results/Parallel_MELTS_KCP109C_dP25.0_02-25_11cores.xlsx,feldspar,feldspar
179,740,325,0,9.419312625671378,2.595223081698582,-152.3522193932909,-132.5740966152735,19.52141615557165,11.57109211953457,0.362948090747806,3.146741313684949e-05,1.767930703199048e-06,-2.343132266700029e-08,3.039465847512312e-12,7.568418199654877e-11,Success,63.37104696716386,0,22.76300057146767,0,0,0,0,0,0,0,3.993064123018108,8.55969319187273,1.313195146477616,0,0,0,0,0,0,KCP109C,/Users/lopezama/PycharmProjects/sci-cluster/review_outputs/rmelts_parity_audit_v2/2026-02-26/kcp109c_phase7_parity_20260225_222731/runs/kcp109c_phase7_parity_liam_exact/runs/20260225_222731/parallel-results/Parallel_MELTS_KCP109C_dP25.0_02-25_11cores.xlsx,feldspar,feldspar
180,739,325,0,10.09672377743567,2.593880416263219,-163.2465194188863,-142.0719082425827,20.92042797639044,12.41318322433266,0.3892517062132399,3.160424987496905e-05,1.771482543671548e-06,-2.603279546337736e-08,3.260821944145822e-12,8.372664842877256e-11,Success,63.51788479214996,0,22.64851663461363,0,0,0,0,0,0,0,3.864351388951623,8.586767196861993,1.382479987422788,0,0,0,0,0,0,KCP109C,/Users/lopezama/PycharmProjects/sci-cluster/review_outputs/rmelts_parity_audit_v2/2026-02-26/kcp109c_phase7_parity_20260225_222731/runs/kcp109c_phase7_parity_liam_exact/runs/20260225_222731/parallel-results/Parallel_MELTS_KCP109C_dP25.0_02-25_11cores.xlsx,feldspar,feldspar
181,738,325,0,10.8143916247116,2.592488491242153,-174.7790058108575,-152.1272068155862,22.40201651117175,13.30610199672095,0.4171432838079849,3.173985890852127e-05,1.775005395970485e-06,-2.888405360048951e-08,3.495676558057679e-12,9.251346804439049e-11,Success,63.66501118729897,0,22.53214842393741,0,0,0,0,0,0,0,3.734016776346234,8.609543167782071,1.459280444635313,0,0,0,0,0,0,KCP109C,/Users/lopezama/PycharmProjects/sci-cluster/review_outputs/rmelts_parity_audit_v2/2026-02-26/kcp109c_phase7_parity_20260225_222731/runs/kcp109c_phase7_parity_liam_exact/runs/20260225_222731/parallel-results/Parallel_MELTS_KCP109C_dP25.0_02-25_11cores.xlsx,feldspar,feldspar
182,737,325,0,11.95018352436727,2.590717154788414,-193.0525911913774,-168.0499798691459,24.75138476684799,14.71790113656102,0.4612693246840856,3.191075056808059e-05,1.779665036861339e-06,-3.315014952081566e-08,3.86842442668151e-12,1.05722641516708e-10,Success,63.859686803424,0,22.38321617915489,0,0,0,0,0,0,0,3.565721633826354,8.652908668693089,1.538466714901683,0,0,0,0,0,0,KCP109C,/Users/lopezama/PycharmProjects/sci-cluster/review_outputs/rmelts_parity_audit_v2/2026-02-26/kcp109c_phase7_parity_20260225_222731/runs/kcp109c_phase7_parity_liam_exact/runs/20260225_222731/parallel-results/Parallel_MELTS_KCP109C_dP25.0_02-25_11cores.xlsx,feldspar,feldspar
183,736,325,0,14.99487273704182,2.586988920278241,-242.093661354798,-210.7397973363831,31.06957738533906,18.49851072918928,0.5796264769247278,3.223761915339588e-05,1.789858877127311e-06,-4.369675478395812e-08,4.877492347033989e-12,1.386255493017625e-10,Success,64.28987228321103,0,22.06858973896644,0,0,0,0,0,0,0,3.205774533759715,8.786700669553763,1.649062774509062,0,0,0,0,0,0,KCP109C,/Users/lopezama/PycharmProjects/sci-cluster/review_outputs/rmelts_parity_audit_v2/2026-02-26/kcp109c_phase7_parity_20260225_222731/runs/kcp109c_phase7_parity_liam_exact/runs/20260225_222731/parallel-results/Parallel_MELTS_KCP109C_dP25.0_02-25_11cores.xlsx,feldspar,feldspar
184,735,325,0,18.48477311437689,2.583208452746305,-298.2462237240466,-259.6209180246111,38.31305430683481,22.8407403928196,0.7155741959083883,3.255286526952381e-05,1.799684962154835e-06,-5.64733902287961e-08,6.041260078828706e-12,1.782823838065866e-10,Success,64.70997961235666,0,21.7575020898187,0,0,0,0,0,0,0,2.851098551641993,8.907309117754792,1.774110628427874,0,0,0,0,0,0,KCP109C,/Users/lopezama/PycharmProjects/sci-cluster/review_outputs/rmelts_parity_audit_v2/2026-02-26/kcp109c_phase7_parity_20260225_222731/runs/kcp109c_phase7_parity_liam_exact/runs/20260225_222731/parallel-results/Parallel_MELTS_KCP109C_dP25.0_02-25_11cores.xlsx,feldspar,feldspar
185,734,325,0,22.72969891887698,2.579281964080797,-366.4763062104711,-319.0153457726656,47.1240236685752,28.12986344798767,0.8812413390785437,3.285734163028426e-05,1.809256802010652e-06,-7.265602647698965e-08,7.464663076897934e-12,2.283235388327608e-10,Success,65.12633834769814,0,21.44424882259348,0,0,0,0,0,0,0,2.495510588275097,9.013883178259322,1.920019063173965,0,0,0,0,0,0,KCP109C,/Users/lopezama/PycharmProjects/sci-cluster/review_outputs/rmelts_parity_audit_v2/2026-02-26/kcp109c_phase7_parity_20260225_222731/runs/kcp109c_phase7_parity_liam_exact/runs/20260225_222731/parallel-results/Parallel_MELTS_KCP109C_dP25.0_02-25_11cores.xlsx,feldspar,feldspar
186,733,325,0,26.07547320396494,2.576679766966955,-420.1935792669228,-365.8041852270222,54.0569438353135,32.31163739439803,1.011979584667548,3.307954032750152e-05,1.815446857639615e-06,-8.671689580018478e-08,8.583029967779382e-12,2.714419461549013e-10,Success,65.39468632244001,0,21.23976713242243,0,0,0,0,0,0,0,2.264196289862753,9.07578899490519,2.025561260369632,0,0,0,0,0,0,KCP109C,/Users/lopezama/PycharmProjects/sci-cluster/review_outputs/rmelts_parity_audit_v2/2026-02-26/kcp109c_phase7_parity_20260225_222731/runs/kcp109c_phase7_parity_liam_exact/runs/20260225_222731/parallel-results/Parallel_MELTS_KCP109C_dP25.0_02-25_11cores.xlsx,feldspar,feldspar
187,732,325,0,27.96500108059092,2.57543254849963,-450.4929875715051,-392.2403202409169,57.95420318418958,34.6903678857633,1.085837060531152,3.32355134254597e-05,1.81865703039254e-06,-9.638013351950227e-08,9.202398131734801e-12,3.006429905099556e-10,Success,65.52682357620252,0,21.13914871673791,0,0,0,0,0,0,0,2.150352901513574,9.106456748384122,2.077218057161863,0,0,0,0,0,0,KCP109C,/Users/lopezama/PycharmProjects/sci-cluster/review_outputs/rmelts_parity_audit_v2/2026-02-26/kcp109c_phase7_parity_20260225_222731/runs/kcp109c_phase7_parity_liam_exact/runs/20260225_222731/parallel-results/Parallel_MELTS_KCP109C_dP25.0_02-25_11cores.xlsx,feldspar,feldspar
188,731,325,0,28.97004855662332,2.574883479380274,-466.5827417477491,-406.3250120372662,60.00869363191053,35.97349310640375,1.125101341036056,3.336279332029742e-05,1.820439062908068e-06,-1.033017895259949e-07,9.517527225860873e-12,3.211878839973797e-10,Success,65.59206445857195,0,21.09044832026172,0,0,0,0,0,0,0,2.094951634447499,9.1241645148416,2.098371071877215,0,0,0,0,0,0,KCP109C,/Users/lopezama/PycharmProjects/sci-cluster/review_outputs/rmelts_parity_audit_v2/2026-02-26/kcp109c_phase7_parity_20260225_222731/runs/kcp109c_phase7_parity_liam_exact/runs/20260225_222731/parallel-results/Parallel_MELTS_KCP109C_dP25.0_02-25_11cores.xlsx,feldspar,feldspar
195,770,300,0,0.1326218433049875,2.615878703633505,-2.160860910242598,-1.871415752369859,0.2774722311007419,0.160347980839683,0.005069877403748623,2.85482851680108e-05,1.694096473398909e-06,-1.065089279223068e-10,4.224523248704454e-14,4.247070920227785e-13,Success,60.4429692424457,0,24.89076516497623,0,0,0,0,0,0,0,6.431712921383635,7.61296089708924,0.6215917741052036,0,0,0,0,0,0,KCP109C,/Users/lopezama/PycharmProjects/sci-cluster/review_outputs/rmelts_parity_audit_v2/2026-02-26/kcp109c_phase7_parity_20260225_222731/runs/kcp109c_phase7_parity_liam_exact/runs/20260225_222731/parallel-results/Parallel_MELTS_KCP109C_dP25.0_02-25_11cores.xlsx,feldspar,feldspar
196,769,300,0,0.3247580723354681,2.615270270532885,-5.290466385885336,-4.582579196323937,0.6792565269504394,0.3927855774102403,0.01241776331856117,2.862583239757624e-05,1.696457304456995e-06,-2.712265171504285e-10,1.035315694867734e-13,1.070208801040861e-12,Success,60.53389832103017,0,24.82742522823629,0,0,0,0,0,0,0,6.358239944175839,7.649535842911576,0.6309006636461186,0,0,0,0,0,0,KCP109C,/Users/lopezama/PycharmProjects/sci-cluster/review_outputs/rmelts_parity_audit_v2/2026-02-26/kcp109c_phase7_parity_20260225_222731/runs/kcp109c_phase7_parity_liam_exact/runs/20260225_222731/parallel-results/Parallel_MELTS_KCP109C_dP25.0_02-25_11cores.xlsx,feldspar,feldspar
197,768,300,0,0.5191768627738381,2.614662442962257,-8.456123499286505,-7.325882892033464,1.085569425397917,0.6281481198484457,0.01985636288046581,2.870412988968453e-05,1.698813909856986e-06,-4.507977258567672e-10,1.656399965098988e-13,1.760764577157195e-12,Success,60.62461925762073,0,24.76418485004381,0,0,0,0,0,0,0,6.284897670473729,7.68590793214132,0.6403902897204335,0,0,0,0,0,0,KCP109C,/Users/lopezama/PycharmProjects/sci-cluster/review_outputs/rmelts_parity_audit_v2/2026-02-26/kcp109c_phase7_parity_20260225_222731/runs/kcp109c_phase7_parity_liam_exact/runs/20260225_222731/parallel-results/Parallel_MELTS_KCP109C_dP25.0_02-25_11cores.xlsx,feldspar,feldspar
198,767,300,0,0.7159294316993723,2.614055285389607,-11.65864043620904,-10.1020446263822,1.496510897300228,0.8665073025733725,0.02738769281968985,2.878319248897286e-05,1.701165913164619e-06,-6.461452529077199e-10,2.285827754667598e-13,2.499061501540476e-12,Success,60.7151149262268,0,24.70105349306055,0,0,0,0,0,0,0,6.211697903152672,7.722063806562625,0.6500698709973385,0,0,0,0,0,0,KCP109C,/Users/lopezama/PycharmProjects/sci-cluster/review_outputs/rmelts_parity_audit_v2/2026-02-26/kcp109c_phase7_parity_20260225_222731/runs/kcp109c_phase7_parity_liam_exact/runs/20260225_222731/parallel-results/Parallel_MELTS_KCP109C_dP25.0_02-25_11cores.xlsx,feldspar,feldspar
199,766,300,0,0.9150687887945917,2.613448830358296,-14.89885336939868,-12.91180695494022,1.912184395379358,1.107937483013856,0.03501383987951042,2.886303611503975e-05,1.703512989497539e-06,-8.582475433960869e-10,2.92372372895706e-13,3.287945445586939e-12,Success,60.80537062145566,0,24.63803816378002,0,0,0,0,0,0,0,6.138649853915361,7.757989062361252,0.6599522984877096,0,0,0,0,0,0,KCP109C,/Users/lopezama/PycharmProjects/sci-cluster/review_outputs/rmelts_parity_audit_v2/2026-02-26/kcp109c_phase7_parity_20260225_222731/runs/kcp109c_phase7_parity_liam_exact/runs/20260225_222731/parallel-results/Parallel_MELTS_KCP109C_dP25.0_02-25_11cores.xlsx,feldspar,feldspar
200,765,300,0,1.116650916189008,2.612843183446835,-18.17764659634874,-15.7559548418829,2.332699277046513,1.352517214896189,0.04273700477944237,2.894368325836405e-05,1.705854827130548e-06,-1.088145004494928e-09,3.570217299876253e-13,4.130439847642008e-12,Success,60.89537002592118,0,24.57515086071727,0,0,0,0,0,0,0,6.065767229066868,7.793678793557873,0.6700330907368149,0,0,0,0,0,0,KCP109C,/Users/lopezama/PycharmProjects/sci-cluster/review_outputs/rmelts_parity_audit_v2/2026-02-26/kcp109c_phase7_parity_20260225_222731/runs/kcp109c_phase7_parity_liam_exact/runs/20260225_222731/parallel-results/Parallel_MELTS_KCP109C_dP25.0_02-25_11cores.xlsx,feldspar,feldspar
201,764,300,0,1.320729798728849,2.612238398353711,-21.49587044730753,-18.63524434742382,2.758160439554262,1.600323169066329,0.05055931340574432,2.90251523137789e-05,1.708191083256236e-06,-1.336936762088129e-09,4.225427395356596e-13,5.029731320280354e-12,Success,60.98509705457404,0,24.51240031590084,0,0,0,0,0,0,0,5.993060985815264,7.829120046144108,0.6803215975657334,0,0,0,0,0,0,KCP109C,/Users/lopezama/PycharmProjects/sci-cluster/review_outputs/rmelts_parity_audit_v2/2026-02-26/kcp109c_phase7_parity_20260225_222731/runs/kcp109c_phase7_parity_liam_exact/runs/20260225_222731/parallel-results/Parallel_MELTS_KCP109C_dP25.0_02-25_11cores.xlsx,feldspar,feldspar
202,763,300,0,1.527362510842323,2.611634582683792,-24.85442518235918,-21.55047554292957,3.188678897292488,1.851436403443297,0.05848300987317916,2.910746492651517e-05,1.710521384932805e-06,-1.605790875123618e-09,4.889477410456467e-13,5.989203372775483e-12,Success,61.07453308436389,0,24.44979920602077,0,0,0,0,0,0,0,5.920545927957685,7.864304553385504,0.6908172282721426,0,0,0,0,0,0,KCP109C,/Users/lopezama/PycharmProjects/sci-cluster/review_outputs/rmelts_parity_audit_v2/2026-02-26/kcp109c_phase7_parity_20260225_222731/runs/kcp109c_phase7_parity_liam_exact/runs/20260225_222731/parallel-results/Parallel_MELTS_KCP109C_dP25.0_02-25_11cores.xlsx,feldspar,feldspar
203,762,300,0,1.73660241238159,2.611031813928661,-28.25414922381935,-24.50239545719397,3.624357597087748,2.105934072472803,0.06651019735254121,2.919064085361997e-05,1.71284534194351e-06,-1.895939353944458e-09,5.562474005629839e-13,7.01241531749219e-12,Success,61.16365959632729,0,24.38735836727131,0,0,0,0,0,0,0,5.848235316576331,7.899219454114399,0.7015272657106723,0,0,0,0,0,0,KCP109C,/Users/lopezama/PycharmProjects/sci-cluster/review_outputs/rmelts_parity_audit_v2/2026-02-26/kcp109c_phase7_parity_20260225_222731/runs/kcp109c_phase7_parity_liam_exact/runs/20260225_222731/parallel-results/Parallel_MELTS_KCP109C_dP25.0_02-25_11cores.xlsx,feldspar,feldspar
204,761,300,0,1.948507754892561,2.610430164591059,-31.69595975823342,-27.49182005376983,4.065309388834877,2.363899950812042,0.07464316729567853,2.927470311251323e-05,1.715162619914667e-06,-2.208692387093156e-09,6.244534065346982e-13,8.103150522501779e-12,Success,61.25245990438277,0,24.32508793770141,0,0,0,0,0,0,0,5.776141409101988,7.933854141748732,0.7124566070650993,0,0,0,0,0,0,KCP109C,/Users/lopezama/PycharmProjects/sci-cluster/review_outputs/rmelts_parity_audit_v2/2026-02-26/kcp109c_phase7_parity_20260225_222731/runs/kcp109c_phase7_parity_liam_exact/runs/20260225_222731/parallel-results/Parallel_MELTS_KCP109C_dP25.0_02-25_11cores.xlsx,feldspar,feldspar
205,760,300,0,2.163127097805766,2.609829769803258,-35.18061559750016,-30.51942870009391,4.511626479607275,2.625406725140552,0.08288383874051806,2.935967135308587e-05,1.717472698215022e-06,-2.545424747262511e-09,6.935736678474601e-13,9.265363635674193e-12,Success,61.34090941966629,0,24.26300375784422,0,0,0,0,0,0,0,5.704283011564215,7.968195348878567,0.7236084620466909,0,0,0,0,0,0,KCP109C,/Users/lopezama/PycharmProjects/sci-cluster/review_outputs/rmelts_parity_audit_v2/2026-02-26/kcp109c_phase7_parity_20260225_222731/runs/kcp109c_phase7_parity_liam_exact/runs/20260225_222731/parallel-results/Parallel_MELTS_KCP109C_dP25.0_02-25_11cores.xlsx,feldspar,feldspar
206,759,300,0,2.380526045748489,2.609230667984526,-38.70915144017173,-33.58614052990828,4.963436429068877,2.890548547861731,0.09123478713314766,2.94455728588808e-05,1.719775339003049e-06,-2.907612659941046e-09,7.636210717983929e-13,1.050331000675002e-11,Success,61.42899525528554,0,24.20111305647308,0,0,0,0,0,0,0,5.632669094730173,8.002233307902685,0.7349892856085245,0,0,0,0,0,0,KCP109C,/Users/lopezama/PycharmProjects/sci-cluster/review_outputs/rmelts_parity_audit_v2/2026-02-26/kcp109c_phase7_parity_20260225_222731/runs/kcp109c_phase7_parity_liam_exact/runs/20260225_222731/parallel-results/Parallel_MELTS_KCP109C_dP25.0_02-25_11cores.xlsx,feldspar,feldspar
207,758,300,0,2.703797012090616,2.608394517962797,-43.95630422171622,-38.14468160964196,5.63605936291931,3.284749731658716,0.1036575178130005,2.95490548941774e-05,1.722771297895277e-06,-3.432434013828745e-09,8.681251248062248e-13,1.230415860488386e-11,Success,61.54604163361446,0,24.11807140586666,0,0,0,0,0,0,0,5.536847937716724,8.045357052403014,0.7536819703991394,0,0,0,0,0,0,KCP109C,/Users/lopezama/PycharmProjects/sci-cluster/review_outputs/rmelts_parity_audit_v2/2026-02-26/kcp109c_phase7_parity_20260225_222731/runs/kcp109c_phase7_parity_liam_exact/runs/20260225_222731/parallel-results/Parallel_MELTS_KCP109C_dP25.0_02-25_11cores.xlsx,feldspar,feldspar
208,757,300,0,3.146434137017154,2.607295669579815,-51.13954662281638,-44.38418609265084,6.557647459268596,3.824699823620877,0.1206780716789295,2.967131789366796e-05,1.72651572717098e-06,-4.157111185781e-09,1.011719753916472e-12,1.478705200898766e-11,Success,61.69457570877814,0,24.01184725653633,0,0,0,0,0,0,0,5.414553819434683,8.097871993067187,0.7811512221836504,0,0,0,0,0,0,KCP109C,/Users/lopezama/PycharmProjects/sci-cluster/review_outputs/rmelts_parity_audit_v2/2026-02-26/kcp109c_phase7_parity_20260225_222731/runs/kcp109c_phase7_parity_liam_exact/runs/20260225_222731/parallel-results/Parallel_MELTS_KCP109C_dP25.0_02-25_11cores.xlsx,feldspar,feldspar
209,756,300,0,3.59853049709781,2.606191380424302,-58.47261698808719,-50.75542741221624,7.498605233319682,4.376823809696691,0.1380762181982181,2.979415717802636e-05,1.730242653860226e-06,-4.946692538550546e-09,1.15873143264513e-12,1.746491456939169e-11,Success,61.84263581517334,0,23.90561322148215,0,0,0,0,0,0,0,5.292362138541507,8.1493045651278,0.8100842596752077,0,0,0,0,0,0,KCP109C,/Users/lopezama/PycharmProjects/sci-cluster/review_outputs/rmelts_parity_audit_v2/2026-02-26/kcp109c_phase7_parity_20260225_222731/runs/kcp109c_phase7_parity_liam_exact/runs/20260225_222731/parallel-results/Parallel_MELTS_KCP109C_dP25.0_02-25_11cores.xlsx,feldspar,feldspar
210,755,300,0,4.060961813756204,2.60508089197993,-65.96949653811049,-57.27059402520988,8.46073288226485,4.942225678116813,0.1558862078432339,2.991754248622845e-05,1.733951110341875e-06,-5.806431647754668e-09,1.309438889656451e-12,2.035347586270224e-11,Success,61.9902056945499,0,23.79935103324019,0,0,0,0,0,0,0,5.170261617801221,8.199570626229264,0.8406110281794271,0,0,0,0,0,0,KCP109C,/Users/lopezama/PycharmProjects/sci-cluster/review_outputs/rmelts_parity_audit_v2/2026-02-26/kcp109c_phase7_parity_20260225_222731/runs/kcp109c_phase7_parity_liam_exact/runs/20260225_222731/parallel-results/Parallel_MELTS_KCP109C_dP25.0_02-25_11cores.xlsx,feldspar,feldspar
211,754,300,0,4.534644315321365,2.603963343541047,-73.6447919670364,-63.94242271563919,9.445912721021474,5.522061960454647,0.1741439381844311,3.004144481915122e-05,1.737640236698357e-06,-6.742021003016677e-09,1.464134939585295e-12,2.346973816664118e-11,Success,62.13727537829905,0,23.69303715665868,0,0,0,0,0,0,0,5.048235166491857,8.248586239450892,0.8728660590995225,0,0,0,0,0,0,KCP109C,/Users/lopezama/PycharmProjects/sci-cluster/review_outputs/rmelts_parity_audit_v2/2026-02-26/kcp109c_phase7_parity_20260225_222731/runs/kcp109c_phase7_parity_liam_exact/runs/20260225_222731/parallel-results/Parallel_MELTS_KCP109C_dP25.0_02-25_11cores.xlsx,feldspar,feldspar
212,753,300,0,5.020653828552764,2.602837783632592,-81.5156587169088,-70.78586844132793,10.45635655175254,6.117686027794673,0.1928915378485786,3.016580852244314e-05,1.741308653566259e-06,-7.759776122708511e-09,1.623165247260903e-12,2.6832607859828e-11,Success,62.28382036028609,0,23.58664960223581,0,0,0,0,0,0,0,4.926270361173191,8.296239117943394,0.9070205583615135,0,0,0,0,0,0,KCP109C,/Users/lopezama/PycharmProjects/sci-cluster/review_outputs/rmelts_parity_audit_v2/2026-02-26/kcp109c_phase7_parity_20260225_222731/runs/kcp109c_phase7_parity_liam_exact/runs/20260225_222731/parallel-results/Parallel_MELTS_KCP109C_dP25.0_02-25_11cores.xlsx,feldspar,feldspar
213,752,300,0,5.520108222275419,2.601703060905747,-89.59989043545431,-77.81644628329892,11.49436097366765,6.730506190536383,0.2121728764985836,3.029058385238499e-05,1.744955315968609e-06,-8.86653478411122e-09,1.786890892508183e-12,3.046249681542935e-11,Success,62.429832560892,0,23.48015365690101,0,0,0,0,0,0,0,4.804340448459543,8.342420222730158,0.9432531110172803,0,0,0,0,0,0,KCP109C,/Users/lopezama/PycharmProjects/sci-cluster/review_outputs/rmelts_parity_audit_v2/2026-02-26/kcp109c_phase7_parity_20260225_222731/runs/kcp109c_phase7_parity_liam_exact/runs/20260225_222731/parallel-results/Parallel_MELTS_KCP109C_dP25.0_02-25_11cores.xlsx,feldspar,feldspar
214,751,300,0,6.034313473724096,2.600557899916283,-97.9182761664797,-85.05227869889902,12.56261042579767,7.36216266075104,0.232039189510772,3.04156916343223e-05,1.748578633506804e-06,-1.006988996424264e-08,1.955735932137554e-12,3.438211677031711e-11,Success,62.57528949861989,0,23.37351529664261,0,0,0,0,0,0,0,4.682422603899203,8.38699022096927,0.9817823798690303,0,0,0,0,0,0,KCP109C,/Users/lopezama/PycharmProjects/sci-cluster/review_outputs/rmelts_parity_audit_v2/2026-02-26/kcp109c_phase7_parity_20260225_222731/runs/kcp109c_phase7_parity_liam_exact/runs/20260225_222731/parallel-results/Parallel_MELTS_KCP109C_dP25.0_02-25_11cores.xlsx,feldspar,feldspar
215,750,300,0,6.564700179982487,2.59940084210286,-106.4935635947189,-92.51319630826191,13.66404465274589,8.01445107345803,0.2525466666646066,3.054104147241953e-05,1.752176943459656e-06,-1.137816534242301e-08,2.130167470312728e-12,3.861634664004954e-11,Success,62.72017144482506,0,23.26669358673836,0,0,0,0,0,0,0,4.560487659298391,8.429797793395746,1.022849515742443,0,0,0,0,0,0,KCP109C,/Users/lopezama/PycharmProjects/sci-cluster/review_outputs/rmelts_parity_audit_v2/2026-02-26/kcp109c_phase7_parity_20260225_222731/runs/kcp109c_phase7_parity_liam_exact/runs/20260225_222731/parallel-results/Parallel_MELTS_KCP109C_dP25.0_02-25_11cores.xlsx,feldspar,feldspar
216,749,300,0,7.112891927470939,2.598229974864068,-115.3515468520708,-100.2216815465684,14.80200098371313,8.689405563544739,0.2737591358841537,3.06665277111433e-05,1.755748773722874e-06,-1.280056991511356e-08,2.310719871992984e-12,4.319272981524743e-11,Success,62.86447749680116,0,23.15962267067504,0,0,0,0,0,0,0,4.438481492991841,8.470668228682909,1.066750110849039,0,0,0,0,0,0,KCP109C,/Users/lopezama/PycharmProjects/sci-cluster/review_outputs/rmelts_parity_audit_v2/2026-02-26/kcp109c_phase7_parity_20260225_222731/runs/kcp109c_phase7_parity_liam_exact/runs/20260225_222731/parallel-results/Parallel_MELTS_KCP109C_dP25.0_02-25_11cores.xlsx,feldspar,feldspar
217,748,300,0,7.680750940467483,2.597043231456586,-124.5217966421274,-108.2035059843155,15.98030716134936,9.389354272946614,0.2957498299387042,3.079201090022289e-05,1.759292030011275e-06,-1.434733149236847e-08,2.498009253858136e-12,4.81418908976015e-11,Success,63.00819088503528,0,23.05223839172086,0,0,0,0,0,0,0,4.316355087922904,8.509395906885294,1.113819728435675,0,0,0,0,0,0,KCP109C,/Users/lopezama/PycharmProjects/sci-cluster/review_outputs/rmelts_parity_audit_v2/2026-02-26/kcp109c_phase7_parity_20260225_222731/runs/kcp109c_phase7_parity_liam_exact/runs/20260225_222731/parallel-results/Parallel_MELTS_KCP109C_dP25.0_02-25_11cores.xlsx,feldspar,feldspar
218,747,300,0,8.27043199387226,2.59583790973158,-134.0385008552083,-116.4884586670609,17.20339380301663,10.11698511459701,0.3186035600630955,3.091732770865037e-05,1.762804833258407e-06,-1.602986576449305e-08,2.692754751317883e-12,5.349805796493028e-11,Success,63.15131966988058,0,22.94444274152333,0,0,0,0,0,0,0,4.194025705439711,8.545741781152842,1.164470102003523,0,0,0,0,0,0,KCP109C,/Users/lopezama/PycharmProjects/sci-cluster/review_outputs/rmelts_parity_audit_v2/2026-02-26/kcp109c_phase7_parity_20260225_222731/runs/kcp109c_phase7_parity_liam_exact/runs/20260225_222731/parallel-results/Parallel_MELTS_KCP109C_dP25.0_02-25_11cores.xlsx,feldspar,feldspar
219,746,300,0,8.88446589505005,2.594610751311485,-143.9417893589022,-125.1114991497803,18.47646588737858,10.87544715094748,0.3424199907658312,3.104227414154192e-05,1.766285028471584e-06,-1.786099873937289e-08,2.895807367199935e-12,5.929976365108475e-11,Success,63.29387868070453,0,22.83611488381812,0,0,0,0,0,0,0,4.071390194185541,8.579422029393005,1.219194211898805,0,0,0,0,0,0,KCP109C,/Users/lopezama/PycharmProjects/sci-cluster/review_outputs/rmelts_parity_audit_v2/2026-02-26/kcp109c_phase7_parity_20260225_222731/runs/kcp109c_phase7_parity_liam_exact/runs/20260225_222731/parallel-results/Parallel_MELTS_KCP109C_dP25.0_02-25_11cores.xlsx,feldspar,feldspar
220,745,300,0,9.525874906546875,2.593357702387071,-154.2795570208199,-134.1143417226224,19.80574109728189,11.66849072299826,0.3673182028757054,3.116659571126181e-05,1.769730257310297e-06,-1.98552657989403e-08,3.10819165860337e-12,6.55907904826618e-11,Success,63.43589867218734,0,22.72709839892035,0,0,0,0,0,0,0,3.948312330194284,8.610095013557784,1.278595585140226,0,0,0,0,0,0,KCP109C,/Users/lopezama/PycharmProjects/sci-cluster/review_outputs/rmelts_parity_audit_v2/2026-02-26/kcp109c_phase7_parity_20260225_222731/runs/kcp109c_phase7_parity_liam_exact/runs/20260225_222731/parallel-results/Parallel_MELTS_KCP109C_dP25.0_02-25_11cores.xlsx,feldspar,feldspar
221,744,300,0,10.19836539242682,2.592073373460325,-165.1105094266305,-143.5481001005215,21.19884906465028,12.5007015903267,0.39344431746592,3.128998061554108e-05,1.773138458340399e-06,-2.202938657831504e-08,3.331176061125455e-12,7.242168416822767e-11,Success,63.57745789279813,0,22.6171679210553,0,0,0,0,0,0,0,3.824587926335633,8.637344154854667,1.343442104956278,0,0,0,0,0,0,KCP109C,/Users/lopezama/PycharmProjects/sci-cluster/review_outputs/rmelts_parity_audit_v2/2026-02-26/kcp109c_phase7_parity_20260225_222731/runs/kcp109c_phase7_parity_liam_exact/runs/20260225_222731/parallel-results/Parallel_MELTS_KCP109C_dP25.0_02-25_11cores.xlsx,feldspar,feldspar
222,743,300,0,10.90655399688318,2.590751001521538,-176.5077405334729,-153.4763996592776,22.66529633833118,13.37777472591613,0.4209804026121306,3.141202229090114e-05,1.77650705001087e-06,-2.440281191005974e-08,3.566353036870993e-12,7.985149810041515e-11,Success,63.71865680067577,0,22.50603894660317,0,0,0,0,0,0,0,3.69995882387189,8.660647297849582,1.414698130999589,0,0,0,0,0,0,KCP109C,/Users/lopezama/PycharmProjects/sci-cluster/review_outputs/rmelts_parity_audit_v2/2026-02-26/kcp109c_phase7_parity_20260225_222731/runs/kcp109c_phase7_parity_liam_exact/runs/20260225_222731/parallel-results/Parallel_MELTS_KCP109C_dP25.0_02-25_11cores.xlsx,feldspar,feldspar
223,742,300,0,11.65644023764692,2.589381140423387,-188.5662094115344,-163.9818686075661,24.2174464896501,14.30708840582398,0.4501631704840868,3.153220487570705e-05,1.779834170175442e-06,-2.69988272741796e-08,3.81581192347541e-12,8.795133938855365e-11,Success,63.85969543002017,0,22.39328662107227,0,0,0,0,0,0,0,3.574027838639743,8.679336185474783,1.493653924793029,0,0,0,0,0,0,KCP109C,/Users/lopezama/PycharmProjects/sci-cluster/review_outputs/rmelts_parity_audit_v2/2026-02-26/kcp109c_phase7_parity_20260225_222731/runs/kcp109c_phase7_parity_liam_exact/runs/20260225_222731/parallel-results/Parallel_MELTS_KCP109C_dP25.0_02-25_11cores.xlsx,feldspar,feldspar
224,741,300,0,12.45606163643742,2.587950849642942,-201.413106182931,-175.1751470089399,25.87187218260731,15.29849783422782,0.4813098223312851,3.164983291842996e-05,1.78311802090901e-06,-2.984604831327e-08,4.082374594608781e-12,9.680918492275626e-11,Success,64.00087532222577,0,22.27831559113073,0,0,0,0,0,0,0,3.446233438067914,8.692521704676597,1.58205394389899,0,0,0,0,0,0,KCP109C,/Users/lopezama/PycharmProjects/sci-cluster/review_outputs/rmelts_parity_audit_v2/2026-02-26/kcp109c_phase7_parity_20260225_222731/runs/kcp109c_phase7_parity_liam_exact/runs/20260225_222731/parallel-results/Parallel_MELTS_KCP109C_dP25.0_02-25_11cores.xlsx,feldspar,feldspar
225,740,300,0,14.75242281049881,2.585113042302632,-238.4141108850316,-207.3660732546763,30.64505515506629,18.13965181082308,0.5706683835132572,3.188057683511476e-05,1.790439166553325e-06,-3.689235282113088e-08,4.852477676480765e-12,1.190483613923261e-10,Success,64.31346082015381,0,22.04384968236279,0,0,0,0,0,0,0,3.179859716926592,8.77440069418046,1.688429086376354,0,0,0,0,0,0,KCP109C,/Users/lopezama/PycharmProjects/sci-cluster/review_outputs/rmelts_parity_audit_v2/2026-02-26/kcp109c_phase7_parity_20260225_222731/runs/kcp109c_phase7_parity_liam_exact/runs/20260225_222731/parallel-results/Parallel_MELTS_KCP109C_dP25.0_02-25_11cores.xlsx,feldspar,feldspar
226,739,300,0,18.38551024481217,2.581287430941305,-296.9324000624048,-258.2638703303198,38.20434691704295,22.63912640177852,0.7122612547688121,3.21765089313769e-05,1.800173632148256e-06,-4.819153050368163e-08,6.079168519855104e-12,1.546635172815073e-10,Success,64.73304702521219,0,21.73180749764927,0,0,0,0,0,0,0,2.824517829363116,8.891344459084005,1.819283188691436,0,0,0,0,0,0,KCP109C,/Users/lopezama/PycharmProjects/sci-cluster/review_outputs/rmelts_parity_audit_v2/2026-02-26/kcp109c_phase7_parity_20260225_222731/runs/kcp109c_phase7_parity_liam_exact/runs/20260225_222731/parallel-results/Parallel_MELTS_KCP109C_dP25.0_02-25_11cores.xlsx,feldspar,feldspar
227,738,300,0,22.79288860079943,2.577296511768402,-367.8434518081245,-319.9398927904259,47.37532415338826,28.10440673255966,0.8843719958771905,3.246108328513634e-05,1.80965927483542e-06,-6.248866614139942e-08,7.576921152161666e-12,1.995337425676016e-10,Success,65.14960105358449,0,21.41666457896496,0,0,0,0,0,0,0,2.467325315614268,8.993398474944241,1.973010576892034,0,0,0,0,0,0,KCP109C,/Users/lopezama/PycharmProjects/sci-cluster/review_outputs/rmelts_parity_audit_v2/2026-02-26/kcp109c_phase7_parity_20260225_222731/runs/kcp109c_phase7_parity_liam_exact/runs/20260225_222731/parallel-results/Parallel_MELTS_KCP109C_dP25.0_02-25_11cores.xlsx,feldspar,feldspar
228,737,300,0,26.23336145515269,2.574672149435556,-423.1328827367239,-368.0570511587105,54.52242892443054,32.38189913927933,1.018901045746886,3.266410785833829e-05,1.815714396536454e-06,-7.480050801274322e-08,8.744255177175472e-12,2.37815452401729e-10,Success,65.41532233748367,0,21.21281801013093,0,0,0,0,0,0,0,2.237147896106756,9.051115087790475,2.083596668488174,0,0,0,0,0,0,KCP109C,/Users/lopezama/PycharmProjects/sci-cluster/review_outputs/rmelts_parity_audit_v2/2026-02-26/kcp109c_phase7_parity_20260225_222731/runs/kcp109c_phase7_parity_liam_exact/runs/20260225_222731/parallel-results/Parallel_MELTS_KCP109C_dP25.0_02-25_11cores.xlsx,feldspar,feldspar
229,736,300,0,27.97014672272499,2.5735548121709,-451.0048442774359,-392.3623572011597,58.11077349876256,34.55691041920797,1.086829260074357,3.279808770928032e-05,1.818559812059942e-06,-8.262024582059097e-08,9.321939815794904e-12,2.616812368069159e-10,Success,65.53299885528625,0,21.12284413683686,0,0,0,0,0,0,0,2.135460551187639,9.077464611943043,2.131231844746194,0,0,0,0,0,0,KCP109C,/Users/lopezama/PycharmProjects/sci-cluster/review_outputs/rmelts_parity_audit_v2/2026-02-26/kcp109c_phase7_parity_20260225_222731/runs/kcp109c_phase7_parity_liam_exact/runs/20260225_222731/parallel-results/Parallel_MELTS_KCP109C_dP25.0_02-25_11cores.xlsx,feldspar,feldspar
230,735,300,0,28.8553617107798,2.573093337970302,-465.1843303784146,-404.7750597519449,59.92091516785172,35.68105229260917,1.121426933293503,3.290686905986679e-05,1.820102134576666e-06,-8.817970221677956e-08,9.603477744067676e-12,2.782955885302596e-10,Success,65.58911551548495,0,21.08104214321141,0,0,0,0,0,0,0,2.087879531898122,9.092925168374009,2.149037641031498,0,0,0,0,0,0,KCP109C,/Users/lopezama/PycharmProjects/sci-cluster/review_outputs/rmelts_parity_audit_v2/2026-02-26/kcp109c_phase7_parity_20260225_222731/runs/kcp109c_phase7_parity_liam_exact/runs/20260225_222731/parallel-results/Parallel_MELTS_KCP109C_dP25.0_02-25_11cores.xlsx,feldspar,feldspar
232,778,275,0,0.06637475420381123,2.614064849379687,-1.083231472251605,-0.936588663466896,0.1395070244824332,0.08016734835412771,0.002539139540457914,2.83781390794047e-05,1.69493854334681e-06,-4.005360278938409e-11,2.126502331690999e-14,1.738576752478596e-13,Success,60.46107344702028,0,24.87980997218266,0,0,0,0,0,0,0,6.418450441672987,7.624585538379588,0.6160806007444941,0,0,0,0,0,0,KCP109C,/Users/lopezama/PycharmProjects/sci-cluster/review_outputs/rmelts_parity_audit_v2/2026-02-26/kcp109c_phase7_parity_20260225_222731/runs/kcp109c_phase7_parity_liam_exact/runs/20260225_222731/parallel-results/Parallel_MELTS_KCP109C_dP25.0_02-25_11cores.xlsx,feldspar,feldspar
233,777,275,0,0.2563625066862826,2.613469820183061,-4.183075961428868,-3.617398377259635,0.538663604408164,0.3097173723613473,0.009809277486446187,2.844800673941102e-05,1.697229718383062e-06,-1.610800153782999e-10,8.221096082864759e-14,6.900815716039598e-13,Success,60.54993101031719,0,24.81793190392618,0,0,0,0,0,0,0,6.346666876682975,7.66037675535585,0.6250934537178228,0,0,0,0,0,0,KCP109C,/Users/lopezama/PycharmProjects/sci-cluster/review_outputs/rmelts_parity_audit_v2/2026-02-26/kcp109c_phase7_parity_20260225_222731/runs/kcp109c_phase7_parity_liam_exact/runs/20260225_222731/parallel-results/Parallel_MELTS_KCP109C_dP25.0_02-25_11cores.xlsx,feldspar,feldspar
234,776,275,0,0.4484839424676442,2.612875475328528,-7.31662458995143,-6.328261259280578,0.9420610309973326,0.5419727527813689,0.01716438256251972,2.851840919155508e-05,1.699515902364303e-06,-2.933066682595248e-10,1.439541469981573e-13,1.240754113183496e-12,Success,60.6385713684785,0,24.75615938842592,0,0,0,0,0,0,0,6.275021075224887,7.695960633554757,0.634287534315927,0,0,0,0,0,0,KCP109C,/Users/lopezama/PycharmProjects/sci-cluster/review_outputs/rmelts_parity_audit_v2/2026-02-26/kcp109c_phase7_parity_20260225_222731/runs/kcp109c_phase7_parity_liam_exact/runs/20260225_222731/parallel-results/Parallel_MELTS_KCP109C_dP25.0_02-25_11cores.xlsx,feldspar,feldspar
235,775,275,0,0.6428054844070931,2.612281917454201,-10.48493705416144,-9.070110527587426,1.349832110455578,0.777021009698984,0.02460704873054203,2.858936269200823e-05,1.701796842278345e-06,-4.374135772562418e-10,2.065134271114239e-13,1.82789021764715e-12,Success,60.72698116594985,0,24.69450341150883,0,0,0,0,0,0,0,6.203525217028529,7.731336213092521,0.6436539924202827,0,0,0,0,0,0,KCP109C,/Users/lopezama/PycharmProjects/sci-cluster/review_outputs/rmelts_parity_audit_v2/2026-02-26/kcp109c_phase7_parity_20260225_222731/runs/kcp109c_phase7_parity_liam_exact/runs/20260225_222731/parallel-results/Parallel_MELTS_KCP109C_dP25.0_02-25_11cores.xlsx,feldspar,feldspar
236,774,275,0,0.8393634996771704,2.611689230401339,-13.68858194149201,-11.84345521640725,1.762046244649535,1.014913713386121,0.03213872040771808,2.86608785175087e-05,1.704072189568448e-06,-5.94099666877884e-10,2.698977171069477e-13,2.453531064021998e-12,Success,60.81514429600004,0,24.63297432150376,0,0,0,0,0,0,0,6.1321915978254,7.76649473014908,0.6531950545217131,0,0,0,0,0,0,KCP109C,/Users/lopezama/PycharmProjects/sci-cluster/review_outputs/rmelts_parity_audit_v2/2026-02-26/kcp109c_phase7_parity_20260225_222731/runs/kcp109c_phase7_parity_liam_exact/runs/20260225_222731/parallel-results/Parallel_MELTS_KCP109C_dP25.0_02-25_11cores.xlsx,feldspar,feldspar
237,773,275,0,1.038200993800778,2.611097384662604,-16.92823414246308,-14.64889657243772,2.178786569827803,1.255710733611816,0.03976109814590199,2.873296011255867e-05,1.706341572546812e-06,-7.641059324701978e-10,3.341178599054432e-13,3.119842724650961e-12,Success,60.90304674264301,0,24.57157499613452,0,0,0,0,0,0,0,6.061025862178647,7.801412490445726,0.6629399085980945,0,0,0,0,0,0,KCP109C,/Users/lopezama/PycharmProjects/sci-cluster/review_outputs/rmelts_parity_audit_v2/2026-02-26/kcp109c_phase7_parity_20260225_222731/runs/kcp109c_phase7_parity_liam_exact/runs/20260225_222731/parallel-results/Parallel_MELTS_KCP109C_dP25.0_02-25_11cores.xlsx,feldspar,feldspar
238,772,275,0,1.239376645670981,2.610506544369351,-20.20482524211532,-17.48725882268829,2.600168798188797,1.499491441424448,0.04747648108158224,2.880562706980425e-05,1.708604680641329e-06,-9.482300648826724e-10,3.991892708041384e-13,3.829166685943522e-12,Success,60.99067139365309,0,24.51032114598459,0,0,0,0,0,0,0,5.990044964351194,7.836092550725495,0.6728699452856388,0,0,0,0,0,0,KCP109C,/Users/lopezama/PycharmProjects/sci-cluster/review_outputs/rmelts_parity_audit_v2/2026-02-26/kcp109c_phase7_parity_20260225_222731/runs/kcp109c_phase7_parity_liam_exact/runs/20260225_222731/parallel-results/Parallel_MELTS_KCP109C_dP25.0_02-25_11cores.xlsx,feldspar,feldspar
239,771,275,0,1.442937324804646,2.609916765071143,-23.51909230389041,-20.35919828577152,3.026283597298177,1.746321265847408,0.05528671810977516,2.887888982907298e-05,1.710861143801617e-06,-1.147304855912932e-09,4.651233109797892e-13,4.583932542147144e-12,Success,61.0780018978485,0,24.44922154847039,0,0,0,0,0,0,0,5.91925996109445,7.870521482811787,0.682995109774879,0,0,0,0,0,0,KCP109C,/Users/lopezama/PycharmProjects/sci-cluster/review_outputs/rmelts_parity_audit_v2/2026-02-26/kcp109c_phase7_parity_20260225_222731/runs/kcp109c_phase7_parity_liam_exact/runs/20260225_222731/parallel-results/Parallel_MELTS_KCP109C_dP25.0_02-25_11cores.xlsx,feldspar,feldspar
240,770,275,0,1.648930696989359,2.609328107957154,-26.87178452440573,-23.26538231951439,3.457223031099397,1.99626703686249,0.06319368928579504,2.895276046372578e-05,1.713110604125256e-06,-1.362210941660438e-09,5.319312385107041e-13,5.386705774149297e-12,Success,61.16502206498962,0,24.3882853605211,0,0,0,0,0,0,0,5.848682184708376,7.904687212475048,0.6933231773058556,0,0,0,0,0,0,KCP109C,/Users/lopezama/PycharmProjects/sci-cluster/review_outputs/rmelts_parity_audit_v2/2026-02-26/kcp109c_phase7_parity_20260225_222731/runs/kcp109c_phase7_parity_liam_exact/runs/20260225_222731/parallel-results/Parallel_MELTS_KCP109C_dP25.0_02-25_11cores.xlsx,feldspar,feldspar
241,769,275,0,1.857409794746954,2.608740719947387,-30.26373887657496,-26.20655506981214,3.893090060704142,2.249402612005751,0.0711994787578742,2.902725394840069e-05,1.715352629463734e-06,-1.593884847561114e-09,5.996255307554278e-13,6.240214904197113e-12,Success,61.2517109231763,0,24.32752806762161,0,0,0,0,0,0,0,5.778329304342065,7.938583603212998,0.7038481016470338,0,0,0,0,0,0,KCP109C,/Users/lopezama/PycharmProjects/sci-cluster/review_outputs/rmelts_parity_audit_v2/2026-02-26/kcp109c_phase7_parity_20260225_222731/runs/kcp109c_phase7_parity_liam_exact/runs/20260225_222731/parallel-results/Parallel_MELTS_KCP109C_dP25.0_02-25_11cores.xlsx,feldspar,feldspar
242,768,275,0,2.06841520386651,2.608154671111451,-33.69558735788462,-29.18328356165641,4.333961289178514,2.505787155987838,0.07930569558534144,2.910238053059766e-05,1.717586776779753e-06,-1.843303197563955e-09,6.68214333830042e-13,7.147289436078037e-12,Success,61.33804904163171,0,24.26696018317274,0,0,0,0,0,0,0,5.708214527527232,7.972194915007441,0.7145813326608864,0,0,0,0,0,0,KCP109C,/Users/lopezama/PycharmProjects/sci-cluster/review_outputs/rmelts_parity_audit_v2/2026-02-26/kcp109c_phase7_parity_20260225_222731/runs/kcp109c_phase7_parity_liam_exact/runs/20260225_222731/parallel-results/Parallel_MELTS_KCP109C_dP25.0_02-25_11cores.xlsx,feldspar,feldspar
243,767,275,0,2.282011674241278,2.607569960053112,-37.16835490304143,-32.19647555896259,4.779963797604999,2.76550970673717,0.08751487818930069,2.917816078276878e-05,1.719812917889842e-06,-2.111521764415736e-09,7.377132725783838e-13,8.111004823102143e-12,Success,61.42402913387658,0,24.20658505285918,0,0,0,0,0,0,0,5.638342314674176,8.005513680360933,0.725529818229136,0,0,0,0,0,0,KCP109C,/Users/lopezama/PycharmProjects/sci-cluster/review_outputs/rmelts_parity_audit_v2/2026-02-26/kcp109c_phase7_parity_20260225_222731/runs/kcp109c_phase7_parity_liam_exact/runs/20260225_222731/parallel-results/Parallel_MELTS_KCP109C_dP25.0_02-25_11cores.xlsx,feldspar,feldspar
244,766,275,0,2.498227880797842,2.606986827600382,-40.68247935513703,-35.24653147584312,5.231148418701735,3.028616045233226,0.09582817428722308,2.92546019205646e-05,1.722030264598998e-06,-2.399620462751788e-09,8.081254565361629e-13,9.134470212337863e-12,Success,61.50961571915081,0,24.14642732697713,0,0,0,0,0,0,0,5.568741281411091,8.038525456894368,0.7366902155666043,0,0,0,0,0,0,KCP109C,/Users/lopezama/PycharmProjects/sci-cluster/review_outputs/rmelts_parity_audit_v2/2026-02-26/kcp109c_phase7_parity_20260225_222731/runs/kcp109c_phase7_parity_liam_exact/runs/20260225_222731/parallel-results/Parallel_MELTS_KCP109C_dP25.0_02-25_11cores.xlsx,feldspar,feldspar
245,765,275,0,2.717120632889881,2.606405304762402,-44.23885467920285,-38.33424688035841,5.68762490858203,3.295186645013024,0.104247817019294,2.933172277010454e-05,1.724238569096681e-06,-2.708767711241769e-09,8.794629133542048e-13,1.02210701696187e-11,Success,61.59479650215478,0,24.08649353481505,0,0,0,0,0,0,0,5.499419683384027,8.071219961328525,0.7480703183175995,0,0,0,0,0,0,KCP109C,/Users/lopezama/PycharmProjects/sci-cluster/review_outputs/rmelts_parity_audit_v2/2026-02-26/kcp109c_phase7_parity_20260225_222731/runs/kcp109c_phase7_parity_liam_exact/runs/20260225_222731/parallel-results/Parallel_MELTS_KCP109C_dP25.0_02-25_11cores.xlsx,feldspar,feldspar
246,764,275,0,2.938731812497865,2.605825523576991,-47.83813159451953,-41.4602074542956,6.149471282094139,3.565284436373272,0.1127754635108454,2.94095376676077e-05,1.726437322074757e-06,-3.040181987797873e-09,9.517321332974308e-13,1.137431546264218e-11,Success,61.67954781077752,0,24.0267989969291,0,0,0,0,0,0,0,5.430395683726172,8.103584606069665,0.759672902497531,0,0,0,0,0,0,KCP109C,/Users/lopezama/PycharmProjects/sci-cluster/review_outputs/rmelts_parity_audit_v2/2026-02-26/kcp109c_phase7_parity_20260225_222731/runs/kcp109c_phase7_parity_liam_exact/runs/20260225_222731/parallel-results/Parallel_MELTS_KCP109C_dP25.0_02-25_11cores.xlsx,feldspar,feldspar
247,763,275,0,3.163105206802288,2.605247599757191,-51.4809909848126,-44.62502553334796,6.616769243318667,3.838975262850741,0.1214128441034583,2.948806269324054e-05,1.728626058130303e-06,-3.395151485863672e-09,1.024939672441303e-12,1.259791406912649e-11,Success,61.76384772948936,0,23.96735764296137,0,0,0,0,0,0,0,5.361685888181597,8.135607071354025,0.771501668013647,0,0,0,0,0,0,KCP109C,/Users/lopezama/PycharmProjects/sci-cluster/review_outputs/rmelts_parity_audit_v2/2026-02-26/kcp109c_phase7_parity_20260225_222731/runs/kcp109c_phase7_parity_liam_exact/runs/20260225_222731/parallel-results/Parallel_MELTS_KCP109C_dP25.0_02-25_11cores.xlsx,feldspar,feldspar
248,762,275,0,3.39029001021291,2.604671623744843,-55.16820070061105,-47.82938932868196,7.089611526763355,4.116332172673585,0.1301618975423302,2.956731613691563e-05,1.730804377472019e-06,-3.775042138400494e-09,1.099093293898073e-12,1.389579687418796e-11,Success,61.84767705141926,0,23.90818126336531,0,0,0,0,0,0,0,5.293304505618581,8.167275465121616,0.7835617144752594,0,0,0,0,0,0,KCP109C,/Users/lopezama/PycharmProjects/sci-cluster/review_outputs/rmelts_parity_audit_v2/2026-02-26/kcp109c_phase7_parity_20260225_222731/runs/kcp109c_phase7_parity_liam_exact/runs/20260225_222731/parallel-results/Parallel_MELTS_KCP109C_dP25.0_02-25_11cores.xlsx,feldspar,feldspar
249,761,275,0,3.649462253182286,2.604032775214592,-59.37391010328334,-51.48423644362632,7.629138577244139,4.432864775600494,0.1401465560617432,2.965161719890578e-05,1.73315744034738e-06,-4.216515906056962e-09,1.183814705349395e-12,1.539949370562206e-11,Success,61.93884503923599,0,23.84354486735387,0,0,0,0,0,0,0,5.218706190497763,8.200983145278347,0.7979207576340226,0,0,0,0,0,0,KCP109C,/Users/lopezama/PycharmProjects/sci-cluster/review_outputs/rmelts_parity_audit_v2/2026-02-26/kcp109c_phase7_parity_20260225_222731/runs/kcp109c_phase7_parity_liam_exact/runs/20260225_222731/parallel-results/Parallel_MELTS_KCP109C_dP25.0_02-25_11cores.xlsx,feldspar,feldspar
250,760,275,0,4.118896647915167,2.60293884309398,-66.99401218211167,-58.09967141979453,8.608953939231617,5.005662540040676,0.1582402390606782,2.976640461273296e-05,1.736788371235538e-06,-4.949646119534601e-09,1.338154184419386e-12,1.793040958680821e-11,Success,62.08408601771959,0,23.73902654389703,0,0,0,0,0,0,0,5.098587788724108,8.250631277050038,0.8276683726092123,0,0,0,0,0,0,KCP109C,/Users/lopezama/PycharmProjects/sci-cluster/review_outputs/rmelts_parity_audit_v2/2026-02-26/kcp109c_phase7_parity_20260225_222731/runs/kcp109c_phase7_parity_liam_exact/runs/20260225_222731/parallel-results/Parallel_MELTS_KCP109C_dP25.0_02-25_11cores.xlsx,feldspar,feldspar
251,759,275,0,4.599321280693171,2.601839372660336,-74.78851782751336,-64.86817543750176,9.611337877257764,5.592460935926045,0.1767719148623093,2.988141754974421e-05,1.740396156829805e-06,-5.746633440568176e-09,1.496491384491097e-12,2.065481560962681e-11,Success,62.22867874092218,0,23.63457580517216,0,0,0,0,0,0,0,4.978676405295229,8.299011722380861,0.8590573262295673,0,0,0,0,0,0,KCP109C,/Users/lopezama/PycharmProjects/sci-cluster/review_outputs/rmelts_parity_audit_v2/2026-02-26/kcp109c_phase7_parity_20260225_222731/runs/kcp109c_phase7_parity_liam_exact/runs/20260225_222731/parallel-results/Parallel_MELTS_KCP109C_dP25.0_02-25_11cores.xlsx,feldspar,feldspar
252,758,275,0,5.091704239377558,2.600733576084495,-82.7728692706853,-71.80320337399871,10.63828336971982,6.194471902969577,0.1957795402881411,2.999660327932185e-05,1.743979409874212e-06,-6.612556220339008e-09,1.65914287604557e-12,2.358804336557479e-11,Success,62.37259412189805,0,23.53017924123435,0,0,0,0,0,0,0,4.858967763853898,8.346024482756642,0.8922343902570834,0,0,0,0,0,0,KCP109C,/Users/lopezama/PycharmProjects/sci-cluster/review_outputs/rmelts_parity_audit_v2/2026-02-26/kcp109c_phase7_parity_20260225_222731/runs/kcp109c_phase7_parity_liam_exact/runs/20260225_222731/parallel-results/Parallel_MELTS_KCP109C_dP25.0_02-25_11cores.xlsx,feldspar,feldspar
253,757,275,0,5.597099258969519,2.599620553035126,-90.96385910389776,-78.91938727801355,11.6919592543651,6.813013822034009,0.2153044702018053,3.011190002199026e-05,1.747536635697164e-06,-7.552949857030623e-09,1.826454788413726e-12,2.674679213583882e-11,Success,62.5158025737159,0,23.42581985462787,0,0,0,0,0,0,0,4.739454744973615,8.391559037496519,0.9273637891860966,0,0,0,0,0,0,KCP109C,/Users/lopezama/PycharmProjects/sci-cluster/review_outputs/rmelts_parity_audit_v2/2026-02-26/kcp109c_phase7_parity_20260225_222731/runs/kcp109c_phase7_parity_liam_exact/runs/20260225_222731/parallel-results/Parallel_MELTS_KCP109C_dP25.0_02-25_11cores.xlsx,feldspar,feldspar
254,756,275,0,6.11668880696278,2.598499270783952,-99.38032095999895,-86.23313591741913,12.77479963327,7.449563665836462,0.2353931315561774,3.022722798242074e-05,1.751066053245344e-06,-8.573887562816562e-09,1.998817326885423e-12,3.014939569051023e-11,Success,62.65826868014207,0,23.32147796575702,0,0,0,0,0,0,0,4.620129376611582,8.435484839266826,0.9646391382225072,0,0,0,0,0,0,KCP109C,/Users/lopezama/PycharmProjects/sci-cluster/review_outputs/rmelts_parity_audit_v2/2026-02-26/kcp109c_phase7_parity_20260225_222731/runs/kcp109c_phase7_parity_liam_exact/runs/20260225_222731/parallel-results/Parallel_MELTS_KCP109C_dP25.0_02-25_11cores.xlsx,feldspar,feldspar
255,755,275,0,6.651754968145966,2.597368511784315,-108.042650388515,-93.76221978818174,13.88944278590991,8.105722059357745,0.2560959270110042,3.034250040120833e-05,1.754565908254318e-06,-9.681990202400345e-09,2.176655863254738e-12,3.38158209779289e-11,Success,62.79996296274845,0,23.21712541729413,0,0,0,0,0,0,0,4.500975307015149,8.477662344070438,1.004273968871842,0,0,0,0,0,0,KCP109C,/Users/lopezama/PycharmProjects/sci-cluster/review_outputs/rmelts_parity_audit_v2/2026-02-26/kcp109c_phase7_parity_20260225_222731/runs/kcp109c_phase7_parity_liam_exact/runs/20260225_222731/parallel-results/Parallel_MELTS_KCP109C_dP25.0_02-25_11cores.xlsx,feldspar,feldspar
256,754,275,0,7.203750621811207,2.596226840657885,-116.9739461136552,-101.526761594394,15.0388789556162,8.783299323416186,0.277470000271077,3.045760874486375e-05,1.758034177176205e-06,-1.08845471547156e-08,2.36045501871032e-12,3.776807364345191e-11,Success,62.94085307347493,0,23.11272705660121,0,0,0,0,0,0,0,4.381971082812814,8.517927267494898,1.046521519616146,0,0,0,0,0,0,KCP109C,/Users/lopezama/PycharmProjects/sci-cluster/review_outputs/rmelts_parity_audit_v2/2026-02-26/kcp109c_phase7_parity_20260225_222731/runs/kcp109c_phase7_parity_liam_exact/runs/20260225_222731/parallel-results/Parallel_MELTS_KCP109C_dP25.0_02-25_11cores.xlsx,feldspar,feldspar
257,753,275,0,7.77430439732579,2.595072650091253,-126.2000802064595,-109.5492986777916,16.22645960986987,9.484321580015978,0.2995794509665236,3.057242208548664e-05,1.761468489181189e-06,-1.218957219839412e-08,2.550760768440949e-12,4.203035790546328e-11,Success,63.0809000603173,0,23.00824476752223,0,0,0,0,0,0,0,4.263094346627629,8.55609283397677,1.091667991556077,0,0,0,0,0,0,KCP109C,/Users/lopezama/PycharmProjects/sci-cluster/review_outputs/rmelts_parity_audit_v2/2026-02-26/kcp109c_phase7_parity_20260225_222731/runs/kcp109c_phase7_parity_liam_exact/runs/20260225_222731/parallel-results/Parallel_MELTS_KCP109C_dP25.0_02-25_11cores.xlsx,feldspar,feldspar
258,752,275,0,8.365303577036757,2.5939035607238,-135.7510074278867,-117.8559157851829,17.45607144584088,10.21113128232815,0.3224986350187403,3.068679576722215e-05,1.764867076720127e-06,-1.360597030967498e-08,2.748212031525611e-12,4.662962076673064e-11,Success,63.22010595477781,0,22.90359395140035,0,0,0,0,0,0,0,4.144274829682134,8.591941723762444,1.140083540377267,0,0,0,0,0,0,KCP109C,/Users/lopezama/PycharmProjects/sci-cluster/review_outputs/rmelts_parity_audit_v2/2026-02-26/kcp109c_phase7_parity_20260225_222731/runs/kcp109c_phase7_parity_liam_exact/runs/20260225_222731/parallel-results/Parallel_MELTS_KCP109C_dP25.0_02-25_11cores.xlsx,feldspar,feldspar
259,751,275,0,8.978881636004832,2.592717375996989,-145.6605707107854,-126.4760851195849,18.73210524942688,10.96637171862943,0.3463116234391782,3.080053768907016e-05,1.768226790791205e-06,-1.514356955839776e-08,2.953532706667642e-12,5.159562810452042e-11,Success,63.35842277886579,0,22.79871967861867,0,0,0,0,0,0,0,4.025478409395032,8.62522295207977,1.192156181040726,0,0,0,0,0,0,KCP109C,/Users/lopezama/PycharmProjects/sci-cluster/review_outputs/rmelts_parity_audit_v2/2026-02-26/kcp109c_phase7_parity_20260225_222731/runs/kcp109c_phase7_parity_liam_exact/runs/20260225_222731/parallel-results/Parallel_MELTS_KCP109C_dP25.0_02-25_11cores.xlsx,feldspar,feldspar
260,750,275,0,9.617596158956529,2.591510652388194,-155.969311407248,-135.4450958186202,20.05983051226883,11.75320290144662,0.371119298702997,3.091343588394991e-05,1.771545515013128e-06,-1.681345511885224e-08,3.167600427487405e-12,5.69620674355328e-11,Success,63.49587083133984,0,22.6934912883162,0,0,0,0,0,0,0,3.906592552819715,8.65563912414887,1.248406203375364,0,0,0,0,0,0,KCP109C,/Users/lopezama/PycharmProjects/sci-cluster/review_outputs/rmelts_parity_audit_v2/2026-02-26/kcp109c_phase7_parity_20260225_222731/runs/kcp109c_phase7_parity_liam_exact/runs/20260225_222731/parallel-results/Parallel_MELTS_KCP109C_dP25.0_02-25_11cores.xlsx,feldspar,feldspar
261,749,275,0,10.2844677554001,2.590279556528929,-166.7250857437613,-144.8045982794227,21.44547029725444,12.57534774385696,0.3970408417685107,3.102521695144723e-05,1.774820127194893e-06,-1.862809055743838e-08,3.391457267082862e-12,6.276692133072253e-11,Success,63.63244861701661,0,22.58777405220644,0,0,0,0,0,0,0,3.787506456618032,8.682833601710117,1.309437272448796,0,0,0,0,0,0,KCP109C,/Users/lopezama/PycharmProjects/sci-cluster/review_outputs/rmelts_parity_audit_v2/2026-02-26/kcp109c_phase7_parity_20260225_222731/runs/kcp109c_phase7_parity_liam_exact/runs/20260225_222731/parallel-results/Parallel_MELTS_KCP109C_dP25.0_02-25_11cores.xlsx,feldspar,feldspar
262,748,275,0,10.98322434957671,2.589018799733973,-177.9869301763276,-154.605953498324,22.89671123537545,13.43738820358305,0.4242234297682683,3.113555503576935e-05,1.778047993832325e-06,-2.060180013458451e-08,3.626401251205369e-12,6.905404989939939e-11,Success,63.76821126329017,0,22.48135579791635,0,0,0,0,0,0,0,3.668032213293016,8.706372868442427,1.376027857058041,0,0,0,0,0,0,KCP109C,/Users/lopezama/PycharmProjects/sci-cluster/review_outputs/rmelts_parity_audit_v2/2026-02-26/kcp109c_phase7_parity_20260225_222731/runs/kcp109c_phase7_parity_liam_exact/runs/20260225_222731/parallel-results/Parallel_MELTS_KCP109C_dP25.0_02-25_11cores.xlsx,feldspar,feldspar
263,747,275,0,11.71854539902263,2.587721540131491,-189.8289267498088,-164.913591854251,24.42320726908579,14.3450599763172,0.4528518705465956,3.124403760003734e-05,1.781226264700285e-06,-2.275126040414863e-08,3.874074204684083e-12,7.587479689608231e-11,Success,63.90325041886062,0,22.37395238323003,0,0,0,0,0,0,0,3.547914017813869,8.72571608099104,1.449167099104474,0,0,0,0,0,0,KCP109C,/Users/lopezama/PycharmProjects/sci-cluster/review_outputs/rmelts_parity_audit_v2/2026-02-26/kcp109c_phase7_parity_20260225_222731/runs/kcp109c_phase7_parity_liam_exact/runs/20260225_222731/parallel-results/Parallel_MELTS_KCP109C_dP25.0_02-25_11cores.xlsx,feldspar,feldspar
264,746,275,0,12.49648066599698,2.586378676770062,-202.3468298219514,-175.8107659040898,26.0374468114228,15.30575832409675,0.4831651597747825,3.135013181991142e-05,1.78435190867003e-06,-2.509631370222482e-08,4.136614727675056e-12,8.329066383129079e-11,Success,64.03771526106043,0,22.26517292047785,0,0,0,0,0,0,0,3.426794575649302,8.740170698845642,1.530146543966796,0,0,0,0,0,0,KCP109C,/Users/lopezama/PycharmProjects/sci-cluster/review_outputs/rmelts_parity_audit_v2/2026-02-26/kcp109c_phase7_parity_20260225_222731/runs/kcp109c_phase7_parity_liam_exact/runs/20260225_222731/parallel-results/Parallel_MELTS_KCP109C_dP25.0_02-25_11cores.xlsx,feldspar,feldspar
265,745,275,0,13.32522039119669,2.584977329524336,-215.6702649620274,-187.4101365939859,27.75635060456859,16.32946937373478,0.5154869344114783,3.14531383786732e-05,1.787422385887418e-06,-2.766143994440315e-08,4.416940338045081e-12,9.137816675961923e-11,Success,64.17187706343599,0,22.15443662472473,0,0,0,0,0,0,0,3.304131435834336,8.748818347471662,1.620736528533267,0,0,0,0,0,0,KCP109C,/Users/lopezama/PycharmProjects/sci-cluster/review_outputs/rmelts_parity_audit_v2/2026-02-26/kcp109c_phase7_parity_20260225_222731/runs/kcp109c_phase7_parity_liam_exact/runs/20260225_222731/parallel-results/Parallel_MELTS_KCP109C_dP25.0_02-25_11cores.xlsx,feldspar,feldspar
266,744,275,0,14.32743392756528,2.583413322147535,-231.7794543244167,-201.4317588802778,29.83600790850807,17.56717753609411,0.5545931734862776,3.156066910149554e-05,1.790724832143706e-06,-3.074052326438767e-08,4.7567832709481e-12,1.010899596950814e-10,Success,64.31806570607318,0,22.03309275715485,0,0,0,0,0,0,0,3.169910665252897,8.756456184583785,1.722474686935289,0,0,0,0,0,0,KCP109C,/Users/lopezama/PycharmProjects/sci-cluster/review_outputs/rmelts_parity_audit_v2/2026-02-26/kcp109c_phase7_parity_20260225_222731/runs/kcp109c_phase7_parity_liam_exact/runs/20260225_222731/parallel-results/Parallel_MELTS_KCP109C_dP25.0_02-25_11cores.xlsx,feldspar,feldspar
267,743,275,0,18.39909146812457,2.57924413167284,-297.4339899953181,-258.4850822931282,38.3298801379618,22.58902824660513,0.7133520725000673,3.185588919290838e-05,1.801073417577237e-06,-4.14061024897377e-08,6.146593776144941e-12,1.353203810467874e-10,Success,64.76838648904729,0,21.69657864978775,0,0,0,0,0,0,0,2.78720775701782,8.877731164703897,1.870095939443255,0,0,0,0,0,0,KCP109C,/Users/lopezama/PycharmProjects/sci-cluster/review_outputs/rmelts_parity_audit_v2/2026-02-26/kcp109c_phase7_parity_20260225_222731/runs/kcp109c_phase7_parity_liam_exact/runs/20260225_222731/parallel-results/Parallel_MELTS_KCP109C_dP25.0_02-25_11cores.xlsx,feldspar,feldspar
268,742,275,0,22.66460012099409,2.575473969313733,-366.1285189358875,-318.1872603728905,47.22578787666561,27.85777618558132,0.880016664545569,3.210919044641734e-05,1.809857682401525e-06,-5.327961518626303e-08,7.611627812627556e-12,1.731661126252231e-10,Success,65.1566934932219,0,21.40127852003218,0,0,0,0,0,0,0,2.452976749396125,8.968859317505363,2.020191919844447,0,0,0,0,0,0,KCP109C,/Users/lopezama/PycharmProjects/sci-cluster/review_outputs/rmelts_parity_audit_v2/2026-02-26/kcp109c_phase7_parity_20260225_222731/runs/kcp109c_phase7_parity_liam_exact/runs/20260225_222731/parallel-results/Parallel_MELTS_KCP109C_dP25.0_02-25_11cores.xlsx,feldspar,feldspar
269,741,275,0,26.19746458343913,2.572809385846399,-422.9580130757217,-367.6024895057759,54.58317169052483,32.23026065381035,1.01824350950977,3.229676671418553e-05,1.815838387063725e-06,-6.402378553521461e-08,8.825500090924225e-12,2.070933132248148e-10,Success,65.42205183387264,0,21.19644303325935,0,0,0,0,0,0,0,2.222068149603925,9.023173658734345,2.136263324529753,0,0,0,0,0,0,KCP109C,/Users/lopezama/PycharmProjects/sci-cluster/review_outputs/rmelts_parity_audit_v2/2026-02-26/kcp109c_phase7_parity_20260225_222731/runs/kcp109c_phase7_parity_liam_exact/runs/20260225_222731/parallel-results/Parallel_MELTS_KCP109C_dP25.0_02-25_11cores.xlsx,feldspar,feldspar
270,740,275,0,27.84720085114088,2.571764074157192,-449.455785217879,-390.6946421440969,57.99846328162875,34.28596972067369,1.082805422587873,3.241401688423519e-05,1.818455977803565e-06,-7.047369754841693e-08,9.381983756253471e-12,2.27007904818572e-10,Success,65.53120827293078,0,21.11261218075987,0,0,0,0,0,0,0,2.127436887094282,9.046641687151027,2.182100972064032,0,0,0,0,0,0,KCP109C,/Users/lopezama/PycharmProjects/sci-cluster/review_outputs/rmelts_parity_audit_v2/2026-02-26/kcp109c_phase7_parity_20260225_222731/runs/kcp109c_phase7_parity_liam_exact/runs/20260225_222731/parallel-results/Parallel_MELTS_KCP109C_dP25.0_02-25_11cores.xlsx,feldspar,feldspar
271,739,275,0,28.65359585021491,2.571358904013512,-462.3813903678766,-402.007862840357,59.64879467225173,35.30432196503033,1.114336695880566,3.250796813525996e-05,1.819833285771362e-06,-7.50019761419024e-08,9.642523343212894e-12,2.406488494701391e-10,Success,65.58136096607394,0,21.0752998731123,0,0,0,0,0,0,0,2.084951503306583,9.060582516706194,2.197805140800984,0,0,0,0,0,0,KCP109C,/Users/lopezama/PycharmProjects/sci-cluster/review_outputs/rmelts_parity_audit_v2/2026-02-26/kcp109c_phase7_parity_20260225_222731/runs/kcp109c_phase7_parity_liam_exact/runs/20260225_222731/parallel-results/Parallel_MELTS_KCP109C_dP25.0_02-25_11cores.xlsx,feldspar,feldspar
275,786,250,0,0.03652762083314653,2.612063778612938,-0.5970912044129874,-0.5154017837583138,0.07712733857779687,0.04409200939599351,0.00139841994411574,2.826247162375382e-05,1.696505207313521e-06,-1.641527886408965e-11,1.176139548933788e-14,7.914393202347859e-14,Success,60.50409364916025,0,24.85135384280561,0,0,0,0,0,0,0,6.384935751057337,7.645852578650668,0.6137641783261308,0,0,0,0,0,0,KCP109C,/Users/lopezama/PycharmProjects/sci-cluster/review_outputs/rmelts_parity_audit_v2/2026-02-26/kcp109c_phase7_parity_20260225_222731/runs/kcp109c_phase7_parity_liam_exact/runs/20260225_222731/parallel-results/Parallel_MELTS_KCP109C_dP25.0_02-25_11cores.xlsx,feldspar,feldspar
276,785,250,0,0.224759035542919,2.611483361079055,-3.673329752662153,-3.171309297261186,0.4744322217086111,0.2713612725209552,0.008606565865694407,2.832597254121384e-05,1.698725908122267e-06,-1.054025538384136e-10,7.244480719099749e-14,4.998402769769313e-13,Success,60.59069807693985,0,24.7910475980767,0,0,0,0,0,0,0,6.314974690567425,7.680743588748867,0.622536045667152,0,0,0,0,0,0,KCP109C,/Users/lopezama/PycharmProjects/sci-cluster/review_outputs/rmelts_parity_audit_v2/2026-02-26/kcp109c_phase7_parity_20260225_222731/runs/kcp109c_phase7_parity_liam_exact/runs/20260225_222731/parallel-results/Parallel_MELTS_KCP109C_dP25.0_02-25_11cores.xlsx,feldspar,feldspar
277,784,250,0,0.4150071937244853,2.610903722536155,-6.781435021833873,-5.85563243361443,0.875753287820502,0.5011651437283513,0.01589515500484865,2.838985462442818e-05,1.700941141646402e-06,-2.029827706822772e-10,1.339029687966258e-13,9.47371545332343e-13,Success,60.67708014644474,0,24.73085332289075,0,0,0,0,0,0,0,6.24515788992875,7.715432601169211,0.6314760395665547,0,0,0,0,0,0,KCP109C,/Users/lopezama/PycharmProjects/sci-cluster/review_outputs/rmelts_parity_audit_v2/2026-02-26/kcp109c_phase7_parity_20260225_222731/runs/kcp109c_phase7_parity_liam_exact/runs/20260225_222731/parallel-results/Parallel_MELTS_KCP109C_dP25.0_02-25_11cores.xlsx,feldspar,feldspar
278,783,250,0,0.6073085095613695,2.61032496887729,-9.921979630447584,-8.568881450988407,1.281160989877553,0.7335530291249003,0.02326562848696096,2.845412530485984e-05,1.703150564043251e-06,-3.096420654679583e-10,1.961462209141484e-13,1.423174370327423e-12,Success,60.76322394227387,0,24.67078262463647,0,0,0,0,0,0,0,6.175498638966189,7.749914580257413,0.6405802138660746,0,0,0,0,0,0,KCP109C,/Users/lopezama/PycharmProjects/sci-cluster/review_outputs/rmelts_parity_audit_v2/2026-02-26/kcp109c_phase7_parity_20260225_222731/runs/kcp109c_phase7_parity_liam_exact/runs/20260225_222731/parallel-results/Parallel_MELTS_KCP109C_dP25.0_02-25_11cores.xlsx,feldspar,feldspar
279,782,250,0,0.8017132833780084,2.609747146594501,-13.0957621816771,-11.31176219560901,1.69075485577225,0.9685913454165439,0.03071996014725703,2.851878901676472e-05,1.705353840073797e-06,-4.25899878927112e-10,2.591892046868354e-13,1.928792597592857e-12,Success,60.84911527603681,0,24.61084297772739,0,0,0,0,0,0,0,6.106006414786832,7.784177501616224,0.64985782983274,0,0,0,0,0,0,KCP109C,/Users/lopezama/PycharmProjects/sci-cluster/review_outputs/rmelts_parity_audit_v2/2026-02-26/kcp109c_phase7_parity_20260225_222731/runs/kcp109c_phase7_parity_liam_exact/runs/20260225_222731/parallel-results/Parallel_MELTS_KCP109C_dP25.0_02-25_11cores.xlsx,feldspar,feldspar
280,781,250,0,0.9982635203113951,2.60917032899861,-16.30344513628295,-14.08486347842803,2.104616665422303,1.20633677092391,0.03825980654526778,2.858385261368467e-05,1.707550640253662e-06,-5.522999924743375e-10,3.230436655879057e-13,2.465832028188766e-12,Success,60.93473940141834,0,24.55104372026367,0,0,0,0,0,0,0,6.036692362241354,7.818212984521898,0.6593115315547292,0,0,0,0,0,0,KCP109C,/Users/lopezama/PycharmProjects/sci-cluster/review_outputs/rmelts_parity_audit_v2/2026-02-26/kcp109c_phase7_parity_20260225_222731/runs/kcp109c_phase7_parity_liam_exact/runs/20260225_222731/parallel-results/Parallel_MELTS_KCP109C_dP25.0_02-25_11cores.xlsx,feldspar,feldspar
281,780,250,0,1.197004276079725,2.60859460132181,-19.54574022763954,-16.88881719858361,2.522834381670163,1.446849961620327,0.04588694140029219,2.864932359806658e-05,1.709740622534701e-06,-6.894177142174392e-10,3.877220946337811e-13,3.035990919328902e-12,Success,61.02008078190738,0,24.49139512204203,0,0,0,0,0,0,0,5.967568579219507,7.852013330197484,0.6689421866336016,0,0,0,0,0,0,KCP109C,/Users/lopezama/PycharmProjects/sci-cluster/review_outputs/rmelts_parity_audit_v2/2026-02-26/kcp109c_phase7_parity_20260225_222731/runs/kcp109c_phase7_parity_liam_exact/runs/20260225_222731/parallel-results/Parallel_MELTS_KCP109C_dP25.0_02-25_11cores.xlsx,feldspar,feldspar
282,779,250,0,1.397977863853407,2.608020029105041,-22.8233134015737,-19.72421616258202,2.945489938689049,1.690188531945946,0.05360303403548371,2.871520773475479e-05,1.711923422563798e-06,-8.37857805406601e-10,4.532358702355478e-13,3.641048726255584e-12,Success,61.10512357367352,0,24.43190633294088,0,0,0,0,0,0,0,5.898646311375105,7.88556721804683,0.6787565639636723,0,0,0,0,0,0,KCP109C,/Users/lopezama/PycharmProjects/sci-cluster/review_outputs/rmelts_parity_audit_v2/2026-02-26/kcp109c_phase7_parity_20260225_222731/runs/kcp109c_phase7_parity_liam_exact/runs/20260225_222731/parallel-results/Parallel_MELTS_KCP109C_dP25.0_02-25_11cores.xlsx,feldspar,feldspar
283,778,250,0,1.601227124616757,2.607446654600265,-26.13683823790112,-22.59166020914963,3.372666154926976,1.936411030593684,0.06140977502997979,2.8781511921141e-05,1.714098723397866e-06,-9.982580721886768e-10,5.195963169084259e-13,4.282879168372181e-12,Success,61.18985402849439,0,24.3725846515076,0,0,0,0,0,0,0,5.829934788017543,7.918863143594074,0.6887633883863993,0,0,0,0,0,0,KCP109C,/Users/lopezama/PycharmProjects/sci-cluster/review_outputs/rmelts_parity_audit_v2/2026-02-26/kcp109c_phase7_parity_20260225_222731/runs/kcp109c_phase7_parity_liam_exact/runs/20260225_222731/parallel-results/Parallel_MELTS_KCP109C_dP25.0_02-25_11cores.xlsx,feldspar,feldspar
284,777,250,0,1.806799485048411,2.60687462079009,-29.4870636634579,-25.49181506003175,3.804455176333047,2.185581944313357,0.06930902892831903,2.884824554307118e-05,1.716266111092653e-06,-1.171295168350846e-09,5.868158410286912e-13,4.963470609925727e-12,Success,61.27425253007161,0,24.31344486722657,0,0,0,0,0,0,0,5.761450787779816,7.951896166721248,0.6989556482007713,0,0,0,0,0,0,KCP109C,/Users/lopezama/PycharmProjects/sci-cluster/review_outputs/rmelts_parity_audit_v2/2026-02-26/kcp109c_phase7_parity_20260225_222731/runs/kcp109c_phase7_parity_liam_exact/runs/20260225_222731/parallel-results/Parallel_MELTS_KCP109C_dP25.0_02-25_11cores.xlsx,feldspar,feldspar
285,776,250,0,2.014730665401331,2.606304032970527,-32.87454600399452,-28.42518036142255,4.240924217292068,2.437751858936798,0.07730221186455548,2.891541298611933e-05,1.718425099489661e-06,-1.357673487281288e-09,6.549027832590861e-13,5.684879199837536e-12,Success,61.35829795322373,0,24.25449985300587,0,0,0,0,0,0,0,5.693209860174164,7.984652958164705,0.7093393754315157,0,0,0,0,0,0,KCP109C,/Users/lopezama/PycharmProjects/sci-cluster/review_outputs/rmelts_parity_audit_v2/2026-02-26/kcp109c_phase7_parity_20260225_222731/runs/kcp109c_phase7_parity_liam_exact/runs/20260225_222731/parallel-results/Parallel_MELTS_KCP109C_dP25.0_02-25_11cores.xlsx,feldspar,feldspar
286,775,250,0,2.22507460945579,2.605734969087683,-36.30013883072948,-31.39251327912057,4.68217864962926,2.69299384332392,0.08539143987597597,2.898302617740477e-05,1.720575402554836e-06,-1.558149602388568e-09,7.2387110684778e-13,6.449325687885574e-12,Success,61.44197642148798,0,24.1957590915823,0,0,0,0,0,0,0,5.625223066411489,8.017127455332417,0.7199139651858196,0,0,0,0,0,0,KCP109C,/Users/lopezama/PycharmProjects/sci-cluster/review_outputs/rmelts_parity_audit_v2/2026-02-26/kcp109c_phase7_parity_20260225_222731/runs/kcp109c_phase7_parity_liam_exact/runs/20260225_222731/parallel-results/Parallel_MELTS_KCP109C_dP25.0_02-25_11cores.xlsx,feldspar,feldspar
287,774,250,0,2.437865157541481,2.605167392063899,-39.76436436133756,-34.39428453595588,5.128281359291099,2.951356845648424,0.09357806200737541,2.905109153052336e-05,1.722716754227949e-06,-1.773504249653988e-09,7.9372814659698e-13,7.259080202389139e-12,Success,61.52527760833675,0,24.13722449271562,0,0,0,0,0,0,0,5.557494391597159,8.04930164915548,0.73070185819499,0,0,0,0,0,0,KCP109C,/Users/lopezama/PycharmProjects/sci-cluster/review_outputs/rmelts_parity_audit_v2/2026-02-26/kcp109c_phase7_parity_20260225_222731/runs/kcp109c_phase7_parity_liam_exact/runs/20260225_222731/parallel-results/Parallel_MELTS_KCP109C_dP25.0_02-25_11cores.xlsx,feldspar,feldspar
288,773,250,0,2.653143096496052,2.604601581863252,-43.2678620385006,-37.43106770995546,5.579309208569643,3.21289879099019,0.1018636829129956,2.911961613620466e-05,1.724848450258703e-06,-2.004568397922199e-09,8.644825438281691e-13,8.116562124981382e-12,Success,61.60816842070372,0,24.07892220836364,0,0,0,0,0,0,0,5.490053133114463,8.08117035715663,0.7416858806615466,0,0,0,0,0,0,KCP109C,/Users/lopezama/PycharmProjects/sci-cluster/review_outputs/rmelts_parity_audit_v2/2026-02-26/kcp109c_phase7_parity_20260225_222731/runs/kcp109c_phase7_parity_liam_exact/runs/20260225_222731/parallel-results/Parallel_MELTS_KCP109C_dP25.0_02-25_11cores.xlsx,feldspar,feldspar
289,772,250,0,2.8709324870056,2.604037660924797,-46.81099541639436,-40.50319771386341,6.035303738727402,3.477657592167466,0.110249269051893,2.918860499396792e-05,1.72696994633926e-06,-2.25220190898492e-09,9.361373472844218e-13,9.024256304725899e-12,Success,61.69062502389336,0,24.02086684618004,0,0,0,0,0,0,0,5.422916903881363,8.112718759867708,0.752872466177529,0,0,0,0,0,0,KCP109C,/Users/lopezama/PycharmProjects/sci-cluster/review_outputs/rmelts_parity_audit_v2/2026-02-26/kcp109c_phase7_parity_20260225_222731/runs/kcp109c_phase7_parity_liam_exact/runs/20260225_222731/parallel-results/Parallel_MELTS_KCP109C_dP25.0_02-25_11cores.xlsx,feldspar,feldspar
290,771,250,0,3.091323880684167,2.603475486598456,-50.39520982157713,-43.61194518134442,6.496446526105162,3.745752290843719,0.1187383517377805,2.925808139796592e-05,1.729081469981037e-06,-2.517367851120163e-09,1.008717453296831e-12,9.9850006558867e-12,Success,61.77265592049319,0,23.96304950051383,0,0,0,0,0,0,0,5.356076372698551,8.143942455196438,0.7642757510979956,0,0,0,0,0,0,KCP109C,/Users/lopezama/PycharmProjects/sci-cluster/review_outputs/rmelts_parity_audit_v2/2026-02-26/kcp109c_phase7_parity_20260225_222731/runs/kcp109c_phase7_parity_liam_exact/runs/20260225_222731/parallel-results/Parallel_MELTS_KCP109C_dP25.0_02-25_11cores.xlsx,feldspar,feldspar
291,770,250,0,3.31429431214051,2.602915439663126,-54.02010284029571,-46.75698401362887,6.962679218393164,4.017164595708555,0.1273300800186368,2.932803893800975e-05,1.731181830995402e-06,-2.800982842308129e-09,1.082209192411664e-12,1.100139628057449e-11,Success,61.85420902827988,0,23.90550693202377,0,0,0,0,0,0,0,5.289574020059572,8.174821754899435,0.7758882647373444,0,0,0,0,0,0,KCP109C,/Users/lopezama/PycharmProjects/sci-cluster/review_outputs/rmelts_parity_audit_v2/2026-02-26/kcp109c_phase7_parity_20260225_222731/runs/kcp109c_phase7_parity_liam_exact/runs/20260225_222731/parallel-results/Parallel_MELTS_KCP109C_dP25.0_02-25_11cores.xlsx,feldspar,feldspar
292,769,250,0,3.539903832721905,2.602357541009882,-57.68662266021141,-49.93915618502914,7.43411838524422,4.291977430852833,0.1360268055767692,2.939849398062274e-05,1.733270845229397e-06,-3.104085369718591e-09,1.156626251325786e-12,1.20764650215667e-11,Success,61.93527479946808,0,23.84824426620956,0,0,0,0,0,0,0,5.223416302380813,8.20534881848852,0.7877158134530362,0,0,0,0,0,0,KCP109C,/Users/lopezama/PycharmProjects/sci-cluster/review_outputs/rmelts_parity_audit_v2/2026-02-26/kcp109c_phase7_parity_20260225_222731/runs/kcp109c_phase7_parity_liam_exact/runs/20260225_222731/parallel-results/Parallel_MELTS_KCP109C_dP25.0_02-25_11cores.xlsx,feldspar,feldspar
293,768,250,0,3.768174672553684,2.601801937812513,-61.39510102780946,-53.15877102914668,7.910800555791938,4.570228256172462,0.1448294206330636,2.946945488012525e-05,1.735347956720286e-06,-3.427734466485692e-09,1.231969197215454e-12,1.321325072452068e-11,Success,62.01582800585014,0,23.79127791510543,0,0,0,0,0,0,0,5.157622646366931,8.235510452179213,0.7997609804982895,0,0,0,0,0,0,KCP109C,/Users/lopezama/PycharmProjects/sci-cluster/review_outputs/rmelts_parity_audit_v2/2026-02-26/kcp109c_phase7_parity_20260225_222731/runs/kcp109c_phase7_parity_liam_exact/runs/20260225_222731/parallel-results/Parallel_MELTS_KCP109C_dP25.0_02-25_11cores.xlsx,feldspar,feldspar
294,767,250,0,3.999157855750251,2.601248691302769,-65.14633763202905,-56.41654316561228,8.392822637520316,4.851990004817429,0.1537399276401894,2.95409363338655e-05,1.737412857384733e-06,-3.773073246709416e-09,1.308247711432961e-12,1.441506073480819e-11,Success,62.09585376585456,0,23.7346167109392,0,0,0,0,0,0,0,5.092203811078685,8.265296647193004,0.8120290649345402,0,0,0,0,0,0,KCP109C,/Users/lopezama/PycharmProjects/sci-cluster/review_outputs/rmelts_parity_audit_v2/2026-02-26/kcp109c_phase7_parity_20260225_222731/runs/kcp109c_phase7_parity_liam_exact/runs/20260225_222731/parallel-results/Parallel_MELTS_KCP109C_dP25.0_02-25_11cores.xlsx,feldspar,feldspar
295,766,250,0,4.232856174224981,2.600698016067973,-68.94034735657202,-59.7125087084432,8.880179616156306,5.137277517844681,0.1627584651533164,2.961294520363249e-05,1.739464836875545e-06,-4.141257247018256e-09,1.385454720919542e-12,1.568519104009814e-11,Success,62.17531978305319,0,23.67828268900828,0,0,0,0,0,0,0,5.027185511729337,8.294693201354802,0.8245188148543886,0,0,0,0,0,0,KCP109C,/Users/lopezama/PycharmProjects/sci-cluster/review_outputs/rmelts_parity_audit_v2/2026-02-26/kcp109c_phase7_parity_20260225_222731/runs/kcp109c_phase7_parity_liam_exact/runs/20260225_222731/parallel-results/Parallel_MELTS_KCP109C_dP25.0_02-25_11cores.xlsx,feldspar,feldspar
296,765,250,0,4.469317207751289,2.600149971884323,-72.77787248795403,-63.04733346962244,9.37296057249106,5.426160575089425,0.1718869009894989,2.968549729861797e-05,1.741503584091754e-06,-4.533547910079378e-09,1.463597659725846e-12,1.702727721216606e-11,Success,62.25421091375215,0,23.62228465474033,0,0,0,0,0,0,0,4.962578546431401,8.323689451353333,0.8372364337227836,0,0,0,0,0,0,KCP109C,/Users/lopezama/PycharmProjects/sci-cluster/review_outputs/rmelts_parity_audit_v2/2026-02-26/kcp109c_phase7_parity_20260225_222731/runs/kcp109c_phase7_parity_liam_exact/runs/20260225_222731/parallel-results/Parallel_MELTS_KCP109C_dP25.0_02-25_11cores.xlsx,feldspar,feldspar
297,764,250,0,4.732666230117115,2.599553295480585,-77.05112513993272,-66.76063749067622,9.921889455967312,5.748004320311197,0.1820569033281611,2.976181300132141e-05,1.743670629446372e-06,-4.97796123387889e-09,1.550744055354088e-12,1.854336034075881e-11,Success,62.33855204783917,0,23.56216654505352,0,0,0,0,0,0,0,4.893300803524838,8.354029088205591,0.8519515153768847,0,0,0,0,0,0,KCP109C,/Users/lopezama/PycharmProjects/sci-cluster/review_outputs/rmelts_parity_audit_v2/2026-02-26/kcp109c_phase7_parity_20260225_222731/runs/kcp109c_phase7_parity_liam_exact/runs/20260225_222731/parallel-results/Parallel_MELTS_KCP109C_dP25.0_02-25_11cores.xlsx,feldspar,feldspar
298,763,250,0,5.231835719112145,2.598468755335849,-85.1554001791832,-73.79269798476186,10.9662714804047,6.357189485093657,0.2013430297504554,2.986867415498994e-05,1.747159416654252e-06,-5.719530991320418e-09,1.71705330534818e-12,2.112445850706717e-11,Success,62.47938626276406,0,23.45999500841366,0,0,0,0,0,0,0,4.776146774379754,8.400008950121467,0.8844630043210762,0,0,0,0,0,0,KCP109C,/Users/lopezama/PycharmProjects/sci-cluster/review_outputs/rmelts_parity_audit_v2/2026-02-26/kcp109c_phase7_parity_20260225_222731/runs/kcp109c_phase7_parity_liam_exact/runs/20260225_222731/parallel-results/Parallel_MELTS_KCP109C_dP25.0_02-25_11cores.xlsx,feldspar,feldspar
299,762,250,0,5.743676600029254,2.597378587690108,-93.46103295671514,-81.00120465309642,12.0367369981343,6.982374822631517,0.2211335932024142,2.997539003156284e-05,1.750618407209768e-06,-6.523769390855414e-09,1.887998752263413e-12,2.389724181719389e-11,Success,62.61936043657676,0,23.35798479798843,0,0,0,0,0,0,0,4.659326518179638,8.444494892716747,0.9188333545384184,0,0,0,0,0,0,KCP109C,/Users/lopezama/PycharmProjects/sci-cluster/review_outputs/rmelts_parity_audit_v2/2026-02-26/kcp109c_phase7_parity_20260225_222731/runs/kcp109c_phase7_parity_liam_exact/runs/20260225_222731/parallel-results/Parallel_MELTS_KCP109C_dP25.0_02-25_11cores.xlsx,feldspar,feldspar
300,761,250,0,6.269261514584779,2.596281947187599,-101.9851128923991,-88.40103892012718,13.13549675798667,7.624893430438727,0.2414707509473655,3.008188192069101e-05,1.754045722917359e-06,-7.39554442886406e-09,2.063939711364522e-12,2.687654639054765e-11,Success,62.75843086558138,0,23.25612673651434,0,0,0,0,0,0,0,4.542842661163261,8.48736543731729,0.955234299423717,0,0,0,0,0,0,KCP109C,/Users/lopezama/PycharmProjects/sci-cluster/review_outputs/rmelts_parity_audit_v2/2026-02-26/kcp109c_phase7_parity_20260225_222731/runs/kcp109c_phase7_parity_liam_exact/runs/20260225_222731/parallel-results/Parallel_MELTS_KCP109C_dP25.0_02-25_11cores.xlsx,feldspar,feldspar
301,760,250,0,6.809766288627225,2.595177851399506,-110.7463555477209,-96.00849796326534,14.26497370609841,8.28620507117076,0.2624007554994703,3.018805879867398e-05,1.757439330151423e-06,-8.34015376773196e-09,2.245271852089743e-12,3.007851450806082e-11,Success,62.89655239906153,0,23.15440743031382,0,0,0,0,0,0,0,4.426694688624231,8.528484822996296,0.9938606590041184,0,0,0,0,0,0,KCP109C,/Users/lopezama/PycharmProjects/sci-cluster/review_outputs/rmelts_parity_audit_v2/2026-02-26/kcp109c_phase7_parity_20260225_222731/runs/kcp109c_phase7_parity_liam_exact/runs/20260225_222731/parallel-results/Parallel_MELTS_KCP109C_dP25.0_02-25_11cores.xlsx,feldspar,feldspar
302,759,250,0,7.366498039443801,2.594065143419299,-119.7655491047715,-103.8416821253741,15.42786124051481,8.967930079456362,0.2839750596908235,3.029381342799197e-05,1.760796993601279e-06,-9.363381224892712e-09,2.432437126871449e-12,3.352077848455524e-11,Success,63.03367794371155,0,23.05280793240671,0,0,0,0,0,0,0,4.310877957597532,8.567698396186252,1.03493777009794,0,0,0,0,0,0,KCP109C,/Users/lopezama/PycharmProjects/sci-cluster/review_outputs/rmelts_parity_audit_v2/2026-02-26/kcp109c_phase7_parity_20260225_222731/runs/kcp109c_phase7_parity_liam_exact/runs/20260225_222731/parallel-results/Parallel_MELTS_KCP109C_dP25.0_02-25_11cores.xlsx,feldspar,feldspar
303,758,250,0,7.940907508354154,2.592942417415779,-129.0657428847907,-111.9206586797746,16.62714852835771,9.671864273510247,0.3062508235824363,3.039902436128012e-05,1.764116411833292e-06,-1.047154404482459e-08,2.625928850659967e-12,3.722260361133369e-11,Success,63.16976498874393,0,22.95129850600967,0,0,0,0,0,0,0,4.195377854160993,8.604833422735863,1.078725228349548,0,0,0,0,0,0,KCP109C,/Users/lopezama/PycharmProjects/sci-cluster/review_outputs/rmelts_parity_audit_v2/2026-02-26/kcp109c_phase7_parity_20260225_222731/runs/kcp109c_phase7_parity_liam_exact/runs/20260225_222731/parallel-results/Parallel_MELTS_KCP109C_dP25.0_02-25_11cores.xlsx,feldspar,feldspar
304,757,250,0,8.534637082384371,2.591808039089289,-138.6730127180767,-120.2681263760947,17.86621981457267,10.40003677408358,0.3292927930489512,3.050354604640139e-05,1.767394956144881e-06,-1.167157647288982e-08,2.826308329020021e-12,4.120516629541674e-11,Success,63.30476649458842,0,22.84984305361814,0,0,0,0,0,0,0,4.080175573453059,8.639690394061459,1.125524484278911,0,0,0,0,0,0,KCP109C,/Users/lopezama/PycharmProjects/sci-cluster/review_outputs/rmelts_parity_audit_v2/2026-02-26/kcp109c_phase7_parity_20260225_222731/runs/kcp109c_phase7_parity_liam_exact/runs/20260225_222731/parallel-results/Parallel_MELTS_KCP109C_dP25.0_02-25_11cores.xlsx,feldspar,feldspar
305,756,250,0,9.149567272303553,2.590659902745531,-148.6171905832821,-128.9100473316817,19.14895132060479,11.15476606685339,0.3531751606070337,3.060721117895185e-05,1.770630019332721e-06,-1.297112493259132e-08,3.034222792499241e-12,4.549186250889894e-11,Success,63.43864900585805,0,22.7483823734118,0,0,0,0,0,0,0,3.965230079658,8.672039492063563,1.17569904900859,0,0,0,0,0,0,KCP109C,/Users/lopezama/PycharmProjects/sci-cluster/review_outputs/rmelts_parity_audit_v2/2026-02-26/kcp109c_phase7_parity_20260225_222731/runs/kcp109c_phase7_parity_liam_exact/runs/20260225_222731/parallel-results/Parallel_MELTS_KCP109C_dP25.0_02-25_11cores.xlsx,feldspar,feldspar
306,755,250,0,9.787862449383182,2.589495511631414,-158.9325870812201,-137.8762755814195,20.47980498935035,11.93871504057895,0.3779833718737249,3.070982227649117e-05,1.77381870860123e-06,-1.437864713967052e-08,3.250421677683628e-12,5.010862705724355e-11,Success,63.57138048662007,0,22.64684283482701,0,0,0,0,0,0,0,3.850488101891639,8.701616225202928,1.229672351458345,0,0,0,0,0,0,KCP109C,/Users/lopezama/PycharmProjects/sci-cluster/review_outputs/rmelts_parity_audit_v2/2026-02-26/kcp109c_phase7_parity_20260225_222731/runs/kcp109c_phase7_parity_liam_exact/runs/20260225_222731/parallel-results/Parallel_MELTS_KCP109C_dP25.0_02-25_11cores.xlsx,feldspar,feldspar
307,754,250,0,10.45209010976164,2.588311625470944,-169.6598815728301,-147.202194832973,21.8640770480038,12.75503476382616,0.4038188449530254,3.081114596390392e-05,1.776958129562869e-06,-1.59036069458518e-08,3.475800663983373e-12,5.508458924103928e-11,Success,63.70294930919862,0,22.5451147894941,0,0,0,0,0,0,0,3.735861892262931,8.728107139053634,1.287966869990724,0,0,0,0,0,0,KCP109C,/Users/lopezama/PycharmProjects/sci-cluster/review_outputs/rmelts_parity_audit_v2/2026-02-26/kcp109c_phase7_parity_20260225_222731/runs/kcp109c_phase7_parity_liam_exact/runs/20260225_222731/parallel-results/Parallel_MELTS_KCP109C_dP25.0_02-25_11cores.xlsx,feldspar,feldspar
308,753,250,0,11.14532601554384,2.587104236472286,-180.8477836205754,-156.9301615380851,23.30811487841958,13.60749089138108,0.4308031295538885,3.091089886220708e-05,1.780045065954537e-06,-1.755666527557689e-08,3.711439920841686e-12,6.045270402658889e-11,Success,63.83335453384266,0,22.44305625158415,0,0,0,0,0,0,0,3.621234530285422,8.751137801514195,1.351216882773567,0,0,0,0,0,0,KCP109C,/Users/lopezama/PycharmProjects/sci-cluster/review_outputs/rmelts_parity_audit_v2/2026-02-26/kcp109c_phase7_parity_20260225_222731/runs/kcp109c_phase7_parity_liam_exact/runs/20260225_222731/parallel-results/Parallel_MELTS_KCP109C_dP25.0_02-25_11cores.xlsx,feldspar,feldspar
309,752,250,0,11.87137967309613,2.585867994158707,-192.5566055194388,-167.1126012518953,24.81978663370587,14.50073573097397,0.4590868404695343,3.100873976937222e-05,1.783076457378847e-06,-1.935005252250459e-08,3.958687771546028e-12,6.625100539473176e-11,Success,63.9626374773384,0,22.34045820218024,0,0,0,0,0,0,0,3.506423932585458,8.770252182827534,1.420228205068371,0,0,0,0,0,0,KCP109C,/Users/lopezama/PycharmProjects/sci-cluster/review_outputs/rmelts_parity_audit_v2/2026-02-26/kcp109c_phase7_parity_20260225_222731/runs/kcp109c_phase7_parity_liam_exact/runs/20260225_222731/parallel-results/Parallel_MELTS_KCP109C_dP25.0_02-25_11cores.xlsx,feldspar,feldspar
310,751,250,0,12.6350554461279,2.584595997088794,-204.8623951574185,-177.81559587621,26.40902141405892,15.44062223886943,0.4888599789042319,3.110423929886002e-05,1.786048897734677e-06,-2.129799734490541e-08,4.219256007586992e-12,7.252404913486821e-11,Success,64.09087115529337,0,22.23704170117504,0,0,0,0,0,0,0,3.391182933666345,8.784881549503991,1.496022660361245,0,0,0,0,0,0,KCP109C,/Users/lopezama/PycharmProjects/sci-cluster/review_outputs/rmelts_parity_audit_v2/2026-02-26/kcp109c_phase7_parity_20260225_222731/runs/kcp109c_phase7_parity_liam_exact/runs/20260225_222731/parallel-results/Parallel_MELTS_KCP109C_dP25.0_02-25_11cores.xlsx,feldspar,feldspar
311,750,250,0,13.44267313191889,2.583278722806253,-217.8651873653834,-189.126037247838,28.08889226168729,16.43483185053946,0.5203725410363742,3.119685304175891e-05,1.788959205261547e-06,-2.341756246287101e-08,4.495412368393705e-12,7.932574213403603e-11,Success,64.21820861355418,0,22.13239804952704,0,0,0,0,0,0,0,3.2751386417752,8.794295275925938,1.579959419217654,0,0,0,0,0,0,KCP109C,/Users/lopezama/PycharmProjects/sci-cluster/review_outputs/rmelts_parity_audit_v2/2026-02-26/kcp109c_phase7_parity_20260225_222731/runs/kcp109c_phase7_parity_liam_exact/runs/20260225_222731/parallel-results/Parallel_MELTS_KCP109C_dP25.0_02-25_11cores.xlsx,feldspar,feldspar
312,749,250,0,14.30282130077363,2.581903000512846,-231.7009371906626,-201.1619788462944,29.87717883321262,17.4937814406961,0.5539643161626383,3.128585825951529e-05,1.791804046862498e-06,-2.57298360125342e-08,4.790257463018547e-12,8.672338349449704e-11,Success,64.3448991778771,0,22.02594447053473,0,0,0,0,0,0,0,3.157752083893545,8.797520844279886,1.673883423414738,0,0,0,0,0,0,KCP109C,/Users/lopezama/PycharmProjects/sci-cluster/review_outputs/rmelts_parity_audit_v2/2026-02-26/kcp109c_phase7_parity_20260225_222731/runs/kcp109c_phase7_parity_liam_exact/runs/20260225_222731/parallel-results/Parallel_MELTS_KCP109C_dP25.0_02-25_11cores.xlsx,feldspar,feldspar
313,748,250,0,15.2511334239108,2.580412657378716,-246.9400934992755,-214.4182138985818,31.84828830308349,18.66090090719581,0.5910346696021672,3.13711756630369e-05,1.79464274885149e-06,-2.830539574378902e-08,5.116457104273332e-12,9.495004644990724e-11,Success,64.47443896533515,0,21.914172101377,0,0,0,0,0,0,0,3.03531264793056,8.793149376713625,1.782926908643662,0,0,0,0,0,0,KCP109C,/Users/lopezama/PycharmProjects/sci-cluster/review_outputs/rmelts_parity_audit_v2/2026-02-26/kcp109c_phase7_parity_20260225_222731/runs/kcp109c_phase7_parity_liam_exact/runs/20260225_222731/parallel-results/Parallel_MELTS_KCP109C_dP25.0_02-25_11cores.xlsx,feldspar,feldspar
314,747,250,0,18.78609709696065,2.576832517520721,-303.9606450234719,-263.9323681293437,39.23763847878079,23.00723264945924,0.7290383433625538,3.159470121911655e-05,1.802884618218529e-06,-3.636632272466608e-08,6.336507215404921e-12,1.212380237439708e-10,Success,64.83996709447409,0,21.6333238284703,0,0,0,0,0,0,0,2.718319665036449,8.871402859820343,1.936986552198812,0,0,0,0,0,0,KCP109C,/Users/lopezama/PycharmProjects/sci-cluster/review_outputs/rmelts_parity_audit_v2/2026-02-26/kcp109c_phase7_parity_20260225_222731/runs/kcp109c_phase7_parity_liam_exact/runs/20260225_222731/parallel-results/Parallel_MELTS_KCP109C_dP25.0_02-25_11cores.xlsx,feldspar,feldspar
315,746,250,0,22.98198684690223,2.573273494610583,-371.5924010404341,-322.6647883774739,48.0082545876075,28.17263139294492,0.8931031580994127,3.181822763687516e-05,1.810952234732608e-06,-4.640051479917752e-08,7.791768849477596e-12,1.537694609793641e-10,Success,65.19963979434557,0,21.35775668942813,0,0,0,0,0,0,0,2.407049944656132,8.950453998026338,2.085099573543833,0,0,0,0,0,0,KCP109C,/Users/lopezama/PycharmProjects/sci-cluster/review_outputs/rmelts_parity_audit_v2/2026-02-26/kcp109c_phase7_parity_20260225_222731/runs/kcp109c_phase7_parity_liam_exact/runs/20260225_222731/parallel-results/Parallel_MELTS_KCP109C_dP25.0_02-25_11cores.xlsx,feldspar,feldspar
316,745,250,0,26.28052744935261,2.570851962828951,-424.6968472157893,-368.8088233473495,54.8917388090554,32.24090002264701,1.022249737804182,3.197970116416409e-05,1.816272283475816e-06,-5.509453825423005e-08,8.936317584592813e-12,1.816380324977317e-10,Success,65.43724136559398,0,21.17311694867776,0,0,0,0,0,0,0,2.199279650905037,8.995860800697528,2.194501234125698,0,0,0,0,0,0,KCP109C,/Users/lopezama/PycharmProjects/sci-cluster/review_outputs/rmelts_parity_audit_v2/2026-02-26/kcp109c_phase7_parity_20260225_222731/runs/kcp109c_phase7_parity_liam_exact/runs/20260225_222731/parallel-results/Parallel_MELTS_KCP109C_dP25.0_02-25_11cores.xlsx,feldspar,feldspar
317,744,250,0,27.74828960566784,2.569949816942739,-448.2889412389299,-389.3612699237236,57.9341014749115,34.06312917999873,1.07972106780971,3.207962969795555e-05,1.818537551056911e-06,-6.020089916112503e-08,9.436406903277127e-12,1.97569975432919e-10,Success,65.5316256353332,0,21.10044974827277,0,0,0,0,0,0,0,2.117305370758583,9.015677726341623,2.234941519293828,0,0,0,0,0,0,KCP109C,/Users/lopezama/PycharmProjects/sci-cluster/review_outputs/rmelts_parity_audit_v2/2026-02-26/kcp109c_phase7_parity_20260225_222731/runs/kcp109c_phase7_parity_liam_exact/runs/20260225_222731/parallel-results/Parallel_MELTS_KCP109C_dP25.0_02-25_11cores.xlsx,feldspar,feldspar
318,743,250,0,28.44895213679883,2.569620408425998,-459.525097978439,-399.1988848174316,59.36742917975431,34.94452550360169,1.107126641877234,3.216005195190142e-05,1.819723905201878e-06,-6.381442450654036e-08,9.665115106952018e-12,2.085281686666323e-10,Success,65.57425941981032,0,21.06892547233747,0,0,0,0,0,0,0,2.081349592345713,9.028037693439051,2.247427822067457,0,0,0,0,0,0,KCP109C,/Users/lopezama/PycharmProjects/sci-cluster/review_outputs/rmelts_parity_audit_v2/2026-02-26/kcp109c_phase7_parity_20260225_222731/runs/kcp109c_phase7_parity_liam_exact/runs/20260225_222731/parallel-results/Parallel_MELTS_KCP109C_dP25.0_02-25_11cores.xlsx,feldspar,feldspar
320,794,225,0,0.07869835830743364,2.609731071890216,-1.288475229659052,-1.110319129598407,0.1669456965381108,0.09497660570112385,0.003015573487824276,2.820263514896604e-05,1.699225554883137e-06,-2.594036632559084e-11,2.546403400809039e-14,1.426365153085012e-13,Success,60.5907666642598,0,24.79235874946869,0,0,0,0,0,0,0,6.316040400110648,7.684334771658061,0.6164994145027909,0,0,0,0,0,0,KCP109C,/Users/lopezama/PycharmProjects/sci-cluster/review_outputs/rmelts_parity_audit_v2/2026-02-26/kcp109c_phase7_parity_20260225_222731/runs/kcp109c_phase7_parity_liam_exact/runs/20260225_222731/parallel-results/Parallel_MELTS_KCP109C_dP25.0_02-25_11cores.xlsx,feldspar,feldspar
321,793,225,0,0.2659299468849922,2.609166895819695,-4.353129432324183,-3.751866201353951,0.5639574459224612,0.3209895588727958,0.01019214015443223,2.826067206837969e-05,1.701371661180254e-06,-9.179910669786984e-11,8.614005195389834e-14,4.941415129002612e-13,Success,60.67485623915285,0,24.73378349132508,0,0,0,0,0,0,0,6.248094222935183,7.718159606628323,0.6251064399585738,0,0,0,0,0,0,KCP109C,/Users/lopezama/PycharmProjects/sci-cluster/review_outputs/rmelts_parity_audit_v2/2026-02-26/kcp109c_phase7_parity_20260225_222731/runs/kcp109c_phase7_parity_liam_exact/runs/20260225_222731/parallel-results/Parallel_MELTS_KCP109C_dP25.0_02-25_11cores.xlsx,feldspar,feldspar
322,792,225,0,0.4550662429934077,2.608603639561631,-7.447879803464903,-6.420258476683697,0.9647667716107645,0.5493798754475436,0.01744482128645195,2.83189694894761e-05,1.703511719578545e-06,-1.643805540236722e-10,1.475645767521875e-13,8.669726008573832e-13,Success,60.75870979564657,0,24.67533189368568,0,0,0,0,0,0,0,6.180305138150487,7.751782654283969,0.6338705182332917,0,0,0,0,0,0,KCP109C,/Users/lopezama/PycharmProjects/sci-cluster/review_outputs/rmelts_parity_audit_v2/2026-02-26/kcp109c_phase7_parity_20260225_222731/runs/kcp109c_phase7_parity_liam_exact/runs/20260225_222731/parallel-results/Parallel_MELTS_KCP109C_dP25.0_02-25_11cores.xlsx,feldspar,feldspar
323,791,225,0,0.6461476221363094,2.60804136779487,-10.57336599250486,-9.116062441363166,1.369453132680258,0.7802003931080008,0.02477520602683672,2.837753052050014e-05,1.705645428886385e-06,-2.440505419902609e-10,2.097499673355862e-13,1.262226300274433e-12,Success,60.84231423477397,0,24.6170122153552,0,0,0,0,0,0,0,6.112683015794456,7.785196375432931,0.6427941586434319,0,0,0,0,0,0,KCP109C,/Users/lopezama/PycharmProjects/sci-cluster/review_outputs/rmelts_parity_audit_v2/2026-02-26/kcp109c_phase7_parity_20260225_222731/runs/kcp109c_phase7_parity_liam_exact/runs/20260225_222731/parallel-results/Parallel_MELTS_KCP109C_dP25.0_02-25_11cores.xlsx,feldspar,feldspar
324,790,225,0,0.839211172666987,2.607480150372609,-13.73017328516037,-11.83979817185732,1.778088805251422,1.013500167591929,0.03218475786084368,2.843635844798181e-05,1.707772477615863e-06,-3.311927961640934e-10,2.727073692484855e-13,1.6810474854946e-12,Success,60.92565593456023,0,24.55883317274657,0,0,0,0,0,0,0,6.045238225472157,7.818393265145636,0.6518794020753905,0,0,0,0,0,0,KCP109C,/Users/lopezama/PycharmProjects/sci-cluster/review_outputs/rmelts_parity_audit_v2/2026-02-26/kcp109c_phase7_parity_20260225_222731/runs/kcp109c_phase7_parity_liam_exact/runs/20260225_222731/parallel-results/Parallel_MELTS_KCP109C_dP25.0_02-25_11cores.xlsx,feldspar,feldspar
325,789,225,0,1.034297036326881,2.606920050109002,-16.91893621800376,-14.59202864116322,2.190752320143614,1.249332124260728,0.03967505778643402,2.849545557247765e-05,1.709892533846472e-06,-4.26212083135955e-10,3.364487694306407e-13,2.124643851838647e-12,Success,61.00872071793592,0,24.50080318948743,0,0,0,0,0,0,0,5.977981024760457,7.851363813436263,0.6611312543799213,0,0,0,0,0,0,KCP109C,/Users/lopezama/PycharmProjects/sci-cluster/review_outputs/rmelts_parity_audit_v2/2026-02-26/kcp109c_phase7_parity_20260225_222731/runs/kcp109c_phase7_parity_liam_exact/runs/20260225_222731/parallel-results/Parallel_MELTS_KCP109C_dP25.0_02-25_11cores.xlsx,feldspar,feldspar
326,788,225,0,1.231444629128177,2.606361144371321,-20.14027695039981,-17.37330663438687,2.607520441043143,1.487748520314661,0.04724765912765375,2.855482531909287e-05,1.712005263800284e-06,-5.29534100894399e-10,4.009857428508498e-13,2.594282299688285e-12,Success,61.09149392696194,0,24.44293172527215,0,0,0,0,0,0,0,5.910922638205314,7.884100155429019,0.6705515541315742,0,0,0,0,0,0,KCP109C,/Users/lopezama/PycharmProjects/sci-cluster/review_outputs/rmelts_parity_audit_v2/2026-02-26/kcp109c_phase7_parity_20260225_222731/runs/kcp109c_phase7_parity_liam_exact/runs/20260225_222731/parallel-results/Parallel_MELTS_KCP109C_dP25.0_02-25_11cores.xlsx,feldspar,feldspar
327,787,225,0,1.430691782112056,2.605803494015815,-23.39479086259292,-20.1841622573951,3.028466354004441,1.728799889761429,0.05490405494495714,2.861447014846089e-05,1.714110326520173e-06,-6.416057670827095e-10,4.663291872256856e-13,3.091288879890574e-12,Success,61.17396102546704,0,24.38522722313161,0,0,0,0,0,0,0,5.844073423182251,7.916592031606357,0.6801462966127423,0,0,0,0,0,0,KCP109C,/Users/lopezama/PycharmProjects/sci-cluster/review_outputs/rmelts_parity_audit_v2/2026-02-26/kcp109c_phase7_parity_20260225_222731/runs/kcp109c_phase7_parity_liam_exact/runs/20260225_222731/parallel-results/Parallel_MELTS_KCP109C_dP25.0_02-25_11cores.xlsx,feldspar,feldspar
328,786,225,0,1.63207951635063,2.605247210393152,-26.68312552314949,-23.02517122095535,3.453669737236593,1.972540877363557,0.06264585985697443,2.867439471099762e-05,1.716207354048609e-06,-7.628992310840563e-10,5.324907879424894e-13,3.61706455853966e-12,Success,61.25610524952608,0,24.32770172432565,0,0,0,0,0,0,0,5.777447225454139,7.948833652775233,0.6899121479189011,0,0,0,0,0,0,KCP109C,/Users/lopezama/PycharmProjects/sci-cluster/review_outputs/rmelts_parity_audit_v2/2026-02-26/kcp109c_phase7_parity_20260225_222731/runs/kcp109c_phase7_parity_liam_exact/runs/20260225_222731/parallel-results/Parallel_MELTS_KCP109C_dP25.0_02-25_11cores.xlsx,feldspar,feldspar
329,785,225,0,1.835644367178551,2.604692342554457,-30.00585368860605,-25.8968450044902,3.883200570917022,2.219020881098551,0.07047451774585822,2.873460132569187e-05,1.718296002551628e-06,-8.939083308694984e-10,5.994806372775637e-13,4.173068007314489e-12,Success,61.33791215024468,0,24.2703629749711,0,0,0,0,0,0,0,5.711053807070614,7.980813126395324,0.6998579413183093,0,0,0,0,0,0,KCP109C,/Users/lopezama/PycharmProjects/sci-cluster/review_outputs/rmelts_parity_audit_v2/2026-02-26/kcp109c_phase7_parity_20260225_222731/runs/kcp109c_phase7_parity_liam_exact/runs/20260225_222731/parallel-results/Parallel_MELTS_KCP109C_dP25.0_02-25_11cores.xlsx,feldspar,feldspar
330,784,225,0,2.041422820939788,2.604139004763974,-33.36354741174255,-28.79969508094023,4.317128440431659,2.468289503470223,0.07839146901164795,2.879509304275123e-05,1.720375846376858e-06,-1.035152798877379e-09,6.673085028170001e-13,4.760831716339274e-12,Success,61.41936285032704,0,24.21322371206736,0,0,0,0,0,0,0,5.644908080908829,8.012521777188939,0.7099835795078154,0,0,0,0,0,0,KCP109C,/Users/lopezama/PycharmProjects/sci-cluster/review_outputs/rmelts_parity_audit_v2/2026-02-26/kcp109c_phase7_parity_20260225_222731/runs/kcp109c_phase7_parity_liam_exact/runs/20260225_222731/parallel-results/Parallel_MELTS_KCP109C_dP25.0_02-25_11cores.xlsx,feldspar,feldspar
331,783,225,0,2.249451670588072,2.60358727845966,-36.75678285277068,-31.73423685119212,4.755523364653283,2.72039694955642,0.08639816645282189,2.885587354152405e-05,1.72244651197427e-06,-1.187179205473283e-09,7.359840544103222e-13,5.381964753806191e-12,Success,61.50044097258088,0,24.15629411782083,0,0,0,0,0,0,0,5.579022268755446,8.043949802863633,0.7202928379792097,0,0,0,0,0,0,KCP109C,/Users/lopezama/PycharmProjects/sci-cluster/review_outputs/rmelts_parity_audit_v2/2026-02-26/kcp109c_phase7_parity_20260225_222731/runs/kcp109c_phase7_parity_liam_exact/runs/20260225_222731/parallel-results/Parallel_MELTS_KCP109C_dP25.0_02-25_11cores.xlsx,feldspar,feldspar
332,782,225,0,2.459761600378459,2.603037277592352,-40.18603593869039,-34.70089970036845,5.198442153553463,2.975386276804907,0.09449582691545567,2.891694501230688e-05,1.724507537340588e-06,-1.350558726888873e-09,8.055146536422155e-13,6.038140688792781e-12,Success,61.58112630920382,0,24.0995872453185,0,0,0,0,0,0,0,5.513411854716082,8.075086391425788,0.7307881993358178,0,0,0,0,0,0,KCP109C,/Users/lopezama/PycharmProjects/sci-cluster/review_outputs/rmelts_parity_audit_v2/2026-02-26/kcp109c_phase7_parity_20260225_222731/runs/kcp109c_phase7_parity_liam_exact/runs/20260225_222731/parallel-results/Parallel_MELTS_KCP109C_dP25.0_02-25_11cores.xlsx,feldspar,feldspar
333,781,225,0,2.672403456625333,2.602489026018825,-43.65211103151407,-37.70039685452505,5.645984136023356,3.233325248796558,0.1026864447806514,2.897831627828326e-05,1.726558731408573e-06,-1.525904236410156e-09,8.759141557324193e-13,6.731169571083188e-12,Success,61.66140989088732,0,24.04310808591727,0,0,0,0,0,0,0,5.448083049559409,8.105924640003197,0.7414743336328006,0,0,0,0,0,0,KCP109C,/Users/lopezama/PycharmProjects/sci-cluster/review_outputs/rmelts_parity_audit_v2/2026-02-26/kcp109c_phase7_parity_20260225_222731/runs/kcp109c_phase7_parity_liam_exact/runs/20260225_222731/parallel-results/Parallel_MELTS_KCP109C_dP25.0_02-25_11cores.xlsx,feldspar,feldspar
334,780,225,0,2.887402775583372,2.60194266035739,-47.15539878208888,-40.73308503681618,6.098194697120732,3.494251224933194,0.1109710378931553,2.903998858438493e-05,1.728599560559554e-06,-1.713844727389439e-09,9.471876505736707e-13,7.462884499589115e-12,Success,61.74126842320439,0,23.98687180836805,0,0,0,0,0,0,0,5.383053803051075,8.136452404747054,0.7523535606294317,0,0,0,0,0,0,KCP109C,/Users/lopezama/PycharmProjects/sci-cluster/review_outputs/rmelts_parity_audit_v2/2026-02-26/kcp109c_phase7_parity_20260225_222731/runs/kcp109c_phase7_parity_liam_exact/runs/20260225_222731/parallel-results/Parallel_MELTS_KCP109C_dP25.0_02-25_11cores.xlsx,feldspar,feldspar
335,779,225,0,3.104789487125649,2.601398307155419,-50.69636133037901,-43.79938311435291,6.555128276411241,3.758207182691361,0.1193507921714871,2.910196539645322e-05,1.730629548869299e-06,-1.915044063061806e-09,1.019341351193132e-12,8.235221383762885e-12,Success,61.82068071432281,0,23.93089245078965,0,0,0,0,0,0,0,5.318340641566048,8.166659263431448,0.7634269298900422,0,0,0,0,0,0,KCP109C,/Users/lopezama/PycharmProjects/sci-cluster/review_outputs/rmelts_parity_audit_v2/2026-02-26/kcp109c_phase7_parity_20260225_222731/runs/kcp109c_phase7_parity_liam_exact/runs/20260225_222731/parallel-results/Parallel_MELTS_KCP109C_dP25.0_02-25_11cores.xlsx,feldspar,feldspar
336,778,225,0,3.324588648474313,2.600856091489339,-54.27538067565101,-46.89964112000147,7.016828764352898,4.025230478221217,0.1278267051896186,2.916425005619943e-05,1.732648210451521e-06,-2.130196497093737e-09,1.092379530592843e-12,9.050197718129687e-12,Success,61.89962520535682,0,23.87518405325917,0,0,0,0,0,0,0,5.253960178741073,8.19653398082791,0.7746965818150346,0,0,0,0,0,0,KCP109C,/Users/lopezama/PycharmProjects/sci-cluster/review_outputs/rmelts_parity_audit_v2/2026-02-26/kcp109c_phase7_parity_20260225_222731/runs/kcp109c_phase7_parity_liam_exact/runs/20260225_222731/parallel-results/Parallel_MELTS_KCP109C_dP25.0_02-25_11cores.xlsx,feldspar,feldspar
337,777,225,0,3.54681773106336,2.600316177328263,-57.89271515609882,-50.03410275550541,7.483323716224742,4.29534958335471,0.1363994794935897,2.922684518564705e-05,1.734654981238413e-06,-2.36002618680169e-09,1.166303498978225e-12,9.90990870985199e-12,Success,61.97807666642168,0,23.81976379378867,0,0,0,0,0,0,0,5.189932473611703,8.226065368080762,0.7861616980971887,0,0,0,0,0,0,KCP109C,/Users/lopezama/PycharmProjects/sci-cluster/review_outputs/rmelts_parity_audit_v2/2026-02-26/kcp109c_phase7_parity_20260225_222731/runs/kcp109c_phase7_parity_liam_exact/runs/20260225_222731/parallel-results/Parallel_MELTS_KCP109C_dP25.0_02-25_11cores.xlsx,feldspar,feldspar
338,776,225,0,3.771560558696745,2.599778424086935,-61.54970208709943,-53.20394350534178,7.954781091128666,4.56867373386945,0.1450723847753044,2.92897678194052e-05,1.736650034208891e-06,-2.605341425090413e-09,1.241136833925144e-12,1.081674763661849e-11,Success,62.05604211834171,0,23.76462324772633,0,0,0,0,0,0,0,5.12624893755419,8.255246981697892,0.797838714679875,0,0,0,0,0,0,KCP109C,/Users/lopezama/PycharmProjects/sci-cluster/review_outputs/rmelts_parity_audit_v2/2026-02-26/kcp109c_phase7_parity_20260225_222731/runs/kcp109c_phase7_parity_liam_exact/runs/20260225_222731/parallel-results/Parallel_MELTS_KCP109C_dP25.0_02-25_11cores.xlsx,feldspar,feldspar
339,775,225,0,3.99877022757009,2.599243263984239,-65.24555105610979,-56.40850248399333,8.431091515638462,4.84515399909232,0.1538436314514322,2.935300864920023e-05,1.738632145030696e-06,-2.866897073968233e-09,1.316858207769985e-12,1.177283776678715e-11,Success,62.13346734684087,0,23.70980228049247,0,0,0,0,0,0,0,5.062955110003362,8.284062523024447,0.809712739638839,0,0,0,0,0,0,KCP109C,/Users/lopezama/PycharmProjects/sci-cluster/review_outputs/rmelts_parity_audit_v2/2026-02-26/kcp109c_phase7_parity_20260225_222731/runs/kcp109c_phase7_parity_liam_exact/runs/20260225_222731/parallel-results/Parallel_MELTS_KCP109C_dP25.0_02-25_11cores.xlsx,feldspar,feldspar
340,774,225,0,4.228532862814002,2.598710575527403,-68.98163591393403,-59.64898773863509,8.912427231341201,5.124903110280892,0.1627165757755009,2.941658513957712e-05,1.740601449204618e-06,-3.145584768833536e-09,1.393491162595141e-12,1.278080982037026e-11,Success,62.21035749689651,0,23.65529404219526,0,0,0,0,0,0,0,5.000044139228184,8.312505497012795,0.8217988246672572,0,0,0,0,0,0,KCP109C,/Users/lopezama/PycharmProjects/sci-cluster/review_outputs/rmelts_parity_audit_v2/2026-02-26/kcp109c_phase7_parity_20260225_222731/runs/kcp109c_phase7_parity_liam_exact/runs/20260225_222731/parallel-results/Parallel_MELTS_KCP109C_dP25.0_02-25_11cores.xlsx,feldspar,feldspar
341,773,225,0,4.460794204794235,2.598180730740161,-72.75704560548338,-62.92463427317091,9.398663033324539,5.407863860092592,0.1716891420222125,2.948049161707386e-05,1.742556871105275e-06,-3.442232328887705e-09,1.471011119558127e-12,1.384298534394357e-11,Success,62.28666466639542,0,23.60113324986904,0,0,0,0,0,0,0,4.937555844347703,8.340560173493955,0.834086065893895,0,0,0,0,0,0,KCP109C,/Users/lopezama/PycharmProjects/sci-cluster/review_outputs/rmelts_parity_audit_v2/2026-02-26/kcp109c_phase7_parity_20260225_222731/runs/kcp109c_phase7_parity_liam_exact/runs/20260225_222731/parallel-results/Parallel_MELTS_KCP109C_dP25.0_02-25_11cores.xlsx,feldspar,feldspar
342,772,225,0,4.695637974062238,2.597653642023106,-76.57311391020929,-66.2366164802092,9.889965488207514,5.694146818792054,0.1807645907098368,2.954474514134994e-05,1.744498468008283e-06,-3.757818799258161e-09,1.549439913530892e-12,1.496223910469503e-11,Success,62.3623903842909,0,23.54731591007708,0,0,0,0,0,0,0,4.875486573978347,8.36821948818797,0.846587643465691,0,0,0,0,0,0,KCP109C,/Users/lopezama/PycharmProjects/sci-cluster/review_outputs/rmelts_parity_audit_v2/2026-02-26/kcp109c_phase7_parity_20260225_222731/runs/kcp109c_phase7_parity_liam_exact/runs/20260225_222731/parallel-results/Parallel_MELTS_KCP109C_dP25.0_02-25_11cores.xlsx,feldspar,feldspar
343,771,225,0,4.933017054844432,2.597129614754738,-80.42904564497346,-69.58426965103729,10.38622419569619,5.98370417095622,0.1899411191039183,2.960934493657593e-05,1.746425348100122e-06,-4.093264336756769e-09,1.628754486019747e-12,1.614115846458822e-11,Success,62.43749440321708,0,23.49387089844321,0,0,0,0,0,0,0,4.813869541899906,8.395469454585196,0.8592957018546107,0,0,0,0,0,0,KCP109C,/Users/lopezama/PycharmProjects/sci-cluster/review_outputs/rmelts_parity_audit_v2/2026-02-26/kcp109c_phase7_parity_20260225_222731/runs/kcp109c_phase7_parity_liam_exact/runs/20260225_222731/parallel-results/Parallel_MELTS_KCP109C_dP25.0_02-25_11cores.xlsx,feldspar,feldspar
344,770,225,0,5.173003206461519,2.596608617552139,-84.32597904461113,-72.96860013007459,10.88757984425686,6.276632785332197,0.1992215219303318,2.967430650686764e-05,1.748337433031517e-06,-4.449635927868745e-09,1.708971639639297e-12,1.738285424305376e-11,Success,62.51197214261051,0,23.44079895720886,0,0,0,0,0,0,0,4.752706429272119,8.422301809337519,0.8722206615709999,0,0,0,0,0,0,KCP109C,/Users/lopezama/PycharmProjects/sci-cluster/review_outputs/rmelts_parity_audit_v2/2026-02-26/kcp109c_phase7_parity_20260225_222731/runs/kcp109c_phase7_parity_liam_exact/runs/20260225_222731/parallel-results/Parallel_MELTS_KCP109C_dP25.0_02-25_11cores.xlsx,feldspar,feldspar
345,769,225,0,5.415566438052045,2.596090884016019,-88.2633970811883,-76.38918388612679,11.39395787080699,6.572906428940406,0.2086046552297292,2.973963400026361e-05,1.750234018722894e-06,-4.827964497444319e-09,1.790073128524737e-12,1.869024027407011e-11,Success,62.58579127972872,0,23.38812279698785,0,0,0,0,0,0,0,4.692023514591233,8.448704062537425,0.8853583461547677,0,0,0,0,0,0,KCP109C,/Users/lopezama/PycharmProjects/sci-cluster/review_outputs/rmelts_parity_audit_v2/2026-02-26/kcp109c_phase7_parity_20260225_222731/runs/kcp109c_phase7_parity_liam_exact/runs/20260225_222731/parallel-results/Parallel_MELTS_KCP109C_dP25.0_02-25_11cores.xlsx,feldspar,feldspar
346,768,225,0,5.660711159719531,2.595576545631773,-92.241342147186,-79.846080490931,11.90535624670317,6.872541051287561,0.2180907039419134,2.98053371267891e-05,1.752114653671146e-06,-5.229361470345694e-09,1.872051848740651e-12,2.006648810121967e-11,Success,62.65893044386391,0,23.33585653139266,0,0,0,0,0,0,0,4.631837428253087,8.474665591228549,0.8987100052617836,0,0,0,0,0,0,KCP109C,/Users/lopezama/PycharmProjects/sci-cluster/review_outputs/rmelts_parity_audit_v2/2026-02-26/kcp109c_phase7_parity_20260225_222731/runs/kcp109c_phase7_parity_liam_exact/runs/20260225_222731/parallel-results/Parallel_MELTS_KCP109C_dP25.0_02-25_11cores.xlsx,feldspar,feldspar
347,767,225,0,6.055542143755376,2.594768568066605,-98.65216818420375,-85.40882663023207,12.73214589623773,7.354526654530625,0.2333750384631581,2.988863497369354e-05,1.754765178124506e-06,-5.804083150702407e-09,2.004841886003413e-12,2.207404963467419e-11,Success,62.76524579389617,0,23.25867077344578,0,0,0,0,0,0,0,4.543351360557057,8.509226828862955,0.9235052432380358,0,0,0,0,0,0,KCP109C,/Users/lopezama/PycharmProjects/sci-cluster/review_outputs/rmelts_parity_audit_v2/2026-02-26/kcp109c_phase7_parity_20260225_222731/runs/kcp109c_phase7_parity_liam_exact/runs/20260225_222731/parallel-results/Parallel_MELTS_KCP109C_dP25.0_02-25_11cores.xlsx,feldspar,feldspar
348,766,225,0,6.590089971538992,2.593697660928541,-107.3310947642991,-92.93561617435715,13.85312860505411,8.006946498868933,0.2540808850164806,2.99867021380111e-05,1.758071671487483e-06,-6.559391841565738e-09,2.185378689557726e-12,2.472509731642157e-11,Success,62.90019149988453,0,23.15963758211241,0,0,0,0,0,0,0,4.430160490049322,8.550311458033873,0.9596989699198621,0,0,0,0,0,0,KCP109C,/Users/lopezama/PycharmProjects/sci-cluster/review_outputs/rmelts_parity_audit_v2/2026-02-26/kcp109c_phase7_parity_20260225_222731/runs/kcp109c_phase7_parity_liam_exact/runs/20260225_222731/parallel-results/Parallel_MELTS_KCP109C_dP25.0_02-25_11cores.xlsx,feldspar,feldspar
349,765,225,0,7.139279808414577,2.592620855181899,-116.2428894500168,-100.6661629183536,15.00431202780254,8.677704518707731,0.2753692193035176,3.00842089686486e-05,1.761340307208627e-06,-7.376323593513579e-09,2.371298920268317e-12,2.756662780674318e-11,Success,63.03401909650811,0,23.06087258342469,0,0,0,0,0,0,0,4.317451774583988,8.589607192873252,0.998049352609956,0,0,0,0,0,0,KCP109C,/Users/lopezama/PycharmProjects/sci-cluster/review_outputs/rmelts_parity_audit_v2/2026-02-26/kcp109c_phase7_parity_20260225_222731/runs/kcp109c_phase7_parity_liam_exact/runs/20260225_222731/parallel-results/Parallel_MELTS_KCP109C_dP25.0_02-25_11cores.xlsx,feldspar,feldspar
350,764,225,0,7.704304959834613,2.591537171180543,-125.4065263972815,-108.6169790582838,16.18815729547097,9.368272245014133,0.2972870713764453,3.018104863072067e-05,1.764568726342418e-06,-8.2595091487746e-09,2.563011674356797e-12,3.0612909139545e-11,Success,63.16667245992923,0,22.96236698900712,0,0,0,0,0,0,0,4.205231059282583,8.62696589084397,1.038763600937097,0,0,0,0,0,0,KCP109C,/Users/lopezama/PycharmProjects/sci-cluster/review_outputs/rmelts_parity_audit_v2/2026-02-26/kcp109c_phase7_parity_20260225_222731/runs/kcp109c_phase7_parity_liam_exact/runs/20260225_222731/parallel-results/Parallel_MELTS_KCP109C_dP25.0_02-25_11cores.xlsx,feldspar,feldspar
351,763,225,0,8.286488987113271,2.590445425549888,-134.8430315279916,-116.8063601161204,17.40739411462739,10.08027928298612,0.3198866459560426,3.027709962170124e-05,1.767754433350768e-06,-9.213980389563313e-09,2.760972961947801e-12,3.387945750233869e-11,Success,63.29809640205639,0,22.86410420940961,0,0,0,0,0,0,0,4.093497534958429,8.662221037926033,1.082080815649535,0,0,0,0,0,0,KCP109C,/Users/lopezama/PycharmProjects/sci-cluster/review_outputs/rmelts_parity_audit_v2/2026-02-26/kcp109c_phase7_parity_20260225_222731/runs/kcp109c_phase7_parity_liam_exact/runs/20260225_222731/parallel-results/Parallel_MELTS_KCP109C_dP25.0_02-25_11cores.xlsx,feldspar,feldspar
352,762,225,0,8.887319715713609,2.589344189773435,-144.5760211252169,-125.2548518484877,18.6650913169388,10.81555407470571,0.3432266653005771,3.037222094338369e-05,1.770894726789634e-06,-1.024522287611554e-08,2.965698030151517e-12,3.738321467397201e-11,Success,63.42823552046467,0,22.76605869709401,0,0,0,0,0,0,0,3.982243051921854,8.69518215106427,1.128280579455189,0,0,0,0,0,0,KCP109C,/Users/lopezama/PycharmProjects/sci-cluster/review_outputs/rmelts_parity_audit_v2/2026-02-26/kcp109c_phase7_parity_20260225_222731/runs/kcp109c_phase7_parity_liam_exact/runs/20260225_222731/parallel-results/Parallel_MELTS_KCP109C_dP25.0_02-25_11cores.xlsx,feldspar,feldspar
353,761,225,0,9.508474365815502,2.588231708272704,-154.6320937574513,-133.9855901133797,19.96470883727858,11.57615405597883,0.3673733821985022,3.046625322832358e-05,1.773986819618023e-06,-1.135922865805676e-08,3.177771207060159e-12,4.114271802241011e-11,Success,63.55704044222534,0,22.66819059948754,0,0,0,0,0,0,0,3.871446251794326,8.725634673647203,1.177688032845596,0,0,0,0,0,0,KCP109C,/Users/lopezama/PycharmProjects/sci-cluster/review_outputs/rmelts_parity_audit_v2/2026-02-26/kcp109c_phase7_parity_20260225_222731/runs/kcp109c_phase7_parity_liam_exact/runs/20260225_222731/parallel-results/Parallel_MELTS_KCP109C_dP25.0_02-25_11cores.xlsx,feldspar,feldspar
354,760,225,0,10.15188347754829,2.587105811638243,-165.0418449491485,-143.0251801553511,21.31023064782209,12.36444237815855,0.3924031027984809,3.055901153749108e-05,1.777027763390833e-06,-1.256258492529855e-08,3.397869152008896e-12,4.517840640361065e-11,Success,63.68446770242655,0,22.57044242026008,0,0,0,0,0,0,0,3.761069841373375,8.753330949416782,1.230689086523211,0,0,0,0,0,0,KCP109C,/Users/lopezama/PycharmProjects/sci-cluster/review_outputs/rmelts_parity_audit_v2/2026-02-26/kcp109c_phase7_parity_20260225_222731/runs/kcp109c_phase7_parity_liam_exact/runs/20260225_222731/parallel-results/Parallel_MELTS_KCP109C_dP25.0_02-25_11cores.xlsx,feldspar,feldspar
355,759,225,0,10.81980549796129,2.585963776097782,-175.8410470220088,-152.4047189920683,22.70631984686382,13.18317745809308,0.4184051454227397,3.065028039754344e-05,1.780014486097227e-06,-1.386258315025887e-08,3.626788590930327e-12,4.951299314604231e-11,Success,63.81048486090078,0,22.47273172957502,0,0,0,0,0,0,0,3.651053384606393,8.777982510990782,1.287747513927016,0,0,0,0,0,0,KCP109C,/Users/lopezama/PycharmProjects/sci-cluster/review_outputs/rmelts_parity_audit_v2/2026-02-26/kcp109c_phase7_parity_20260225_222731/runs/kcp109c_phase7_parity_liam_exact/runs/20260225_222731/parallel-results/Parallel_MELTS_KCP109C_dP25.0_02-25_11cores.xlsx,feldspar,feldspar
356,758,225,0,11.51493278854235,2.584802146147367,-187.0723276153898,-162.1612500064559,24.15853911548647,14.03564030037328,0.4454860425470202,3.073980640519162e-05,1.782943809290267e-06,-1.526736942634357e-08,3.865485652577065e-12,5.417198337368918e-11,Success,63.93507596075929,0,22.37494241388845,0,0,0,0,0,0,0,3.5413048099216,8.799249300425563,1.349427515005092,0,0,0,0,0,0,KCP109C,/Users/lopezama/PycharmProjects/sci-cluster/review_outputs/rmelts_parity_audit_v2/2026-02-26/kcp109c_phase7_parity_20260225_222731/runs/kcp109c_phase7_parity_liam_exact/runs/20260225_222731/parallel-results/Parallel_MELTS_KCP109C_dP25.0_02-25_11cores.xlsx,feldspar,feldspar
357,757,225,0,12.24054790102999,2.583616495009133,-198.7876460056513,-172.3399089491568,25.6736757331403,14.92582217343098,0.4737757296671352,3.082728600582898e-05,1.785812415166828e-06,-1.678615776801819e-08,4.115133704303152e-12,5.918441383297668e-11,Success,64.05824704145432,0,22.27691355565616,0,0,0,0,0,0,0,3.431689949485472,8.816722796090904,1.416426657313129,0,0,0,0,0,0,KCP109C,/Users/lopezama/PycharmProjects/sci-cluster/review_outputs/rmelts_parity_audit_v2/2026-02-26/kcp109c_phase7_parity_20260225_222731/runs/kcp109c_phase7_parity_liam_exact/runs/20260225_222731/parallel-results/Parallel_MELTS_KCP109C_dP25.0_02-25_11cores.xlsx,feldspar,feldspar
358,756,225,0,13.0007759778164,2.582400954673619,-211.0522954754435,-182.9973911599366,27.26026751737538,15.85872809642184,0.5034375453698486,3.091235085987332e-05,1.788617009658745e-06,-1.842956957627329e-08,4.377217170345141e-12,6.458403532520864e-11,Success,64.18004440856281,0,22.17841444236189,0,0,0,0,0,0,0,3.322007658426369,8.82990119956,1.489632291088929,0,0,0,0,0,0,KCP109C,/Users/lopezama/PycharmProjects/sci-cluster/review_outputs/rmelts_parity_audit_v2/2026-02-26/kcp109c_phase7_parity_20260225_222731/runs/kcp109c_phase7_parity_liam_exact/runs/20260225_222731/parallel-results/Parallel_MELTS_KCP109C_dP25.0_02-25_11cores.xlsx,feldspar,feldspar
359,755,225,0,13.80092357031785,2.581147809193924,-223.9502723452231,-194.2066056338173,28.92930672703956,16.84078357170544,0.5346816451642029,3.099453822600137e-05,1.791354037266987e-06,-2.021008388594835e-08,4.653656781130493e-12,7.041088410046965e-11,Success,64.30055646731795,0,22.07912902442379,0,0,0,0,0,0,0,3.211976564622221,8.83815276551915,1.570185178116894,0,0,0,0,0,0,KCP109C,/Users/lopezama/PycharmProjects/sci-cluster/review_outputs/rmelts_parity_audit_v2/2026-02-26/kcp109c_phase7_parity_20260225_222731/runs/kcp109c_phase7_parity_liam_exact/runs/20260225_222731/parallel-results/Parallel_MELTS_KCP109C_dP25.0_02-25_11cores.xlsx,feldspar,feldspar
360,754,225,0,14.64809290436785,2.57984644210644,-237.5940184034129,-206.0651154121313,30.69551963323915,17.88057307354116,0.5677893329343939,3.10732534722671e-05,1.79401991787198e-06,-2.214284351857426e-08,4.947037813740135e-12,7.671410576607209e-11,Success,64.41995038129141,0,21.97860176622447,0,0,0,0,0,0,0,3.101181841514818,8.840655513618069,1.659610497351226,0,0,0,0,0,0,KCP109C,/Users/lopezama/PycharmProjects/sci-cluster/review_outputs/rmelts_parity_audit_v2/2026-02-26/kcp109c_phase7_parity_20260225_222731/runs/kcp109c_phase7_parity_liam_exact/runs/20260225_222731/parallel-results/Parallel_MELTS_KCP109C_dP25.0_02-25_11cores.xlsx,feldspar,feldspar
361,753,225,0,15.55218079462886,2.578481848949926,-252.1402613728088,-218.708863426534,32.57944544781447,18.99004032309239,0.6031526186993486,3.114770048423757e-05,1.796610955560687e-06,-2.424695153414638e-08,5.26098067878578e-12,8.355650686372815e-11,Success,64.53850988156766,0,21.87616720439535,0,0,0,0,0,0,0,2.989008270792465,8.836296779302728,1.760017863941813,0,0,0,0,0,0,KCP109C,/Users/lopezama/PycharmProjects/sci-cluster/review_outputs/rmelts_parity_audit_v2/2026-02-26/kcp109c_phase7_parity_20260225_222731/runs/kcp109c_phase7_parity_liam_exact/runs/20260225_222731/parallel-results/Parallel_MELTS_KCP109C_dP25.0_02-25_11cores.xlsx,feldspar,feldspar
362,752,225,0,16.65104382434042,2.576847308942266,-269.805334663659,-234.057871920282,34.87047041250253,20.33712623142209,0.6461789088766486,3.122016760038639e-05,1.79940394437741e-06,-2.674154658228301e-08,5.644639224038362e-12,9.168771725325625e-11,Success,64.67101496797798,0,21.75813224279273,0,0,0,0,0,0,0,2.860710225724147,8.822112015027079,1.888030548478058,0,0,0,0,0,0,KCP109C,/Users/lopezama/PycharmProjects/sci-cluster/review_outputs/rmelts_parity_audit_v2/2026-02-26/kcp109c_phase7_parity_20260225_222731/runs/kcp109c_phase7_parity_liam_exact/runs/20260225_222731/parallel-results/Parallel_MELTS_KCP109C_dP25.0_02-25_11cores.xlsx,feldspar,feldspar
363,751,225,0,20.27039716714515,2.573454735799657,-328.215828977234,-284.7362804933614,42.45427767795002,24.775213574357,0.7876725743476686,3.140972298399416e-05,1.806765847485287e-06,-3.386797980772772e-08,6.907494826323468e-12,1.153690925838684e-10,Success,65.0031402881745,0,21.49845039994552,0,0,0,0,0,0,0,2.56897378831801,8.881418794323741,2.048016729238237,0,0,0,0,0,0,KCP109C,/Users/lopezama/PycharmProjects/sci-cluster/review_outputs/rmelts_parity_audit_v2/2026-02-26/kcp109c_phase7_parity_20260225_222731/runs/kcp109c_phase7_parity_liam_exact/runs/20260225_222731/parallel-results/Parallel_MELTS_KCP109C_dP25.0_02-25_11cores.xlsx,feldspar,feldspar
364,750,225,0,24.21212560741835,2.57035275153872,-391.7865926862789,-339.9019565752242,50.7106837815127,29.61459843603057,0.9419767614746252,3.159158984353726e-05,1.813514991496169e-06,-4.208042284200756e-08,8.287842740340988e-12,1.424504676430149e-10,Success,65.30741347761561,0,21.26241477432634,0,0,0,0,0,0,0,2.303244582110469,8.940653846523716,2.186273319423851,0,0,0,0,0,0,KCP109C,/Users/lopezama/PycharmProjects/sci-cluster/review_outputs/rmelts_parity_audit_v2/2026-02-26/kcp109c_phase7_parity_20260225_222731/runs/kcp109c_phase7_parity_liam_exact/runs/20260225_222731/parallel-results/Parallel_MELTS_KCP109C_dP25.0_02-25_11cores.xlsx,feldspar,feldspar
365,749,225,0,26.70582377077077,2.56863886743696,-431.9529587843711,-374.795506291501,55.91884996612053,32.683767372742,1.039687754838748,3.171097702572648e-05,1.817276609111783e-06,-4.808833807126906e-08,9.158553777460648e-12,1.61907267340363e-10,Success,65.4745892198489,0,21.13167364905657,0,0,0,0,0,0,0,2.156373965678868,8.970427566473727,2.266935598941931,0,0,0,0,0,0,KCP109C,/Users/lopezama/PycharmProjects/sci-cluster/review_outputs/rmelts_parity_audit_v2/2026-02-26/kcp109c_phase7_parity_20260225_222731/runs/kcp109c_phase7_parity_liam_exact/runs/20260225_222731/parallel-results/Parallel_MELTS_KCP109C_dP25.0_02-25_11cores.xlsx,feldspar,feldspar
366,748,225,0,27.76267460702871,2.568047298896987,-448.9434236754905,-389.6089821857886,58.10550995417119,33.99473045625545,1.081081124127004,3.17897735625218e-05,1.818896655345202e-06,-5.168975846259243e-08,9.518976363586647e-12,1.731749026313896e-10,Success,65.53974720508805,0,21.08188399958041,0,0,0,0,0,0,0,2.100093396485863,8.985094151098492,2.293181247747195,0,0,0,0,0,0,KCP109C,/Users/lopezama/PycharmProjects/sci-cluster/review_outputs/rmelts_parity_audit_v2/2026-02-26/kcp109c_phase7_parity_20260225_222731/runs/kcp109c_phase7_parity_liam_exact/runs/20260225_222731/parallel-results/Parallel_MELTS_KCP109C_dP25.0_02-25_11cores.xlsx,feldspar,feldspar
367,747,225,0,28.29059856070405,2.567841894324058,-457.4072513537674,-397.0347229665417,59.18005037222536,34.65884417486701,1.101726653157167,3.185683618759152e-05,1.819815694963674e-06,-5.443389012417806e-08,9.690714414682317e-12,1.815077749463826e-10,Success,65.57086809008837,0,21.05944235094373,0,0,0,0,0,0,0,2.074317233939629,8.995610521227075,2.299761803801211,0,0,0,0,0,0,KCP109C,/Users/lopezama/PycharmProjects/sci-cluster/review_outputs/rmelts_parity_audit_v2/2026-02-26/kcp109c_phase7_parity_20260225_222731/runs/kcp109c_phase7_parity_liam_exact/runs/20260225_222731/parallel-results/Parallel_MELTS_KCP109C_dP25.0_02-25_11cores.xlsx,feldspar,feldspar
369,803,200,0,0.05320027456061772,2.607440456543281,-0.8725209734032336,-0.7504519661953402,0.1134312198186996,0.06420541984770142,0.002040325577794633,2.815061049799313e-05,1.701542487483252e-06,-1.190091223604915e-11,1.728707370690156e-14,7.965643408936894e-14,Success,60.66172768423106,0,24.74414010856331,0,0,0,0,0,0,0,6.259701881520108,7.71605567742128,0.618374648264247,0,0,0,0,0,0,KCP109C,/Users/lopezama/PycharmProjects/sci-cluster/review_outputs/rmelts_parity_audit_v2/2026-02-26/kcp109c_phase7_parity_20260225_222731/runs/kcp109c_phase7_parity_liam_exact/runs/20260225_222731/parallel-results/Parallel_MELTS_KCP109C_dP25.0_02-25_11cores.xlsx,feldspar,feldspar
370,802,200,0,0.238835429421064,2.60689380338513,-3.916383501517594,-3.369045453691605,0.5090806378886557,0.2882782565472469,0.009161686184183223,2.820358592230841e-05,1.703612235252254e-06,-5.635107862881795e-11,7.769596145514726e-14,3.662130694711456e-13,Success,60.74316356145913,0,24.68739862910241,0,0,0,0,0,0,0,6.193887789453267,7.748774419054342,0.626775600930865,0,0,0,0,0,0,KCP109C,/Users/lopezama/PycharmProjects/sci-cluster/review_outputs/rmelts_parity_audit_v2/2026-02-26/kcp109c_phase7_parity_20260225_222731/runs/kcp109c_phase7_parity_liam_exact/runs/20260225_222731/parallel-results/Parallel_MELTS_KCP109C_dP25.0_02-25_11cores.xlsx,feldspar,feldspar
371,801,200,0,0.4262515142446588,2.606348151415994,-6.988382058911715,-6.012748075482524,0.9082846747932695,0.5145596330732896,0.01635435826227137,2.825672365382836e-05,1.705675583345614e-06,-1.059267450548226e-10,1.388200362119986e-13,6.69347130523385e-13,Success,60.82435700951177,0,24.63078670137124,0,0,0,0,0,0,0,6.128237145953091,7.781292533074684,0.6353266100892174,0,0,0,0,0,0,KCP109C,/Users/lopezama/PycharmProjects/sci-cluster/review_outputs/rmelts_parity_audit_v2/2026-02-26/kcp109c_phase7_parity_20260225_222731/runs/kcp109c_phase7_parity_liam_exact/runs/20260225_222731/parallel-results/Parallel_MELTS_KCP109C_dP25.0_02-25_11cores.xlsx,feldspar,feldspar
372,800,200,0,0.6154805693991119,2.605803581489475,-10.08902245401255,-8.682009292640345,1.311105774003828,0.7430912191438492,0.02361960716345718,2.831002677208696e-05,1.707732274409023e-06,-1.608928438632281e-10,2.006694840527705e-13,9.898585045748667e-13,Success,60.90529628388764,0,24.57431318845572,0,0,0,0,0,0,0,6.062760003552238,7.813607083944425,0.6440234401599781,0,0,0,0,0,0,KCP109C,/Users/lopezama/PycharmProjects/sci-cluster/review_outputs/rmelts_parity_audit_v2/2026-02-26/kcp109c_phase7_parity_20260225_222731/runs/kcp109c_phase7_parity_liam_exact/runs/20260225_222731/parallel-results/Parallel_MELTS_KCP109C_dP25.0_02-25_11cores.xlsx,feldspar,feldspar
373,799,200,0,0.806560478479342,2.605260149802267,-13.2189056187701,-11.37736079793417,1.717618636231797,0.9739218521941632,0.03095892279857572,2.836349434118047e-05,1.70978198538276e-06,-2.215287945341772e-10,2.63256297823645e-13,1.328593714657053e-12,Success,60.9859680148656,0,24.51798575240409,0,0,0,0,0,0,0,5.997465803134667,7.845708364070529,0.6528720655251151,0,0,0,0,0,0,KCP109C,/Users/lopezama/PycharmProjects/sci-cluster/review_outputs/rmelts_parity_audit_v2/2026-02-26/kcp109c_phase7_parity_20260225_222731/runs/kcp109c_phase7_parity_liam_exact/runs/20260225_222731/parallel-results/Parallel_MELTS_KCP109C_dP25.0_02-25_11cores.xlsx,feldspar,feldspar
374,798,200,0,0.9995242019255025,2.604717910688059,-16.37855111551631,-14.09926465790427,2.127887277796798,1.207094547101665,0.03837360651700934,2.841712564022357e-05,1.711824395311284e-06,-2.881264414763402e-10,3.265907627688557e-13,1.686430745087544e-12,Success,61.06635890979074,0,24.46181196848158,0,0,0,0,0,0,0,5.932363896005221,7.877586610059404,0.6618786156630467,0,0,0,0,0,0,KCP109C,/Users/lopezama/PycharmProjects/sci-cluster/review_outputs/rmelts_parity_audit_v2/2026-02-26/kcp109c_phase7_parity_20260225_222731/runs/kcp109c_phase7_parity_liam_exact/runs/20260225_222731/parallel-results/Parallel_MELTS_KCP109C_dP25.0_02-25_11cores.xlsx,feldspar,feldspar
375,797,200,0,1.19440608333782,2.604176937258748,-19.56850082079994,-16.84820257225237,2.541978459606191,1.442654136001543,0.04586501271281113,2.847092181272052e-05,1.713859196279983e-06,-3.609925499857613e-10,3.906834830872734e-13,2.064291628325407e-12,Success,61.14645560587999,0,24.40580061479037,0,0,0,0,0,0,0,5.867464642184909,7.909235056473732,0.6710440806709926,0,0,0,0,0,0,KCP109C,/Users/lopezama/PycharmProjects/sci-cluster/review_outputs/rmelts_parity_audit_v2/2026-02-26/kcp109c_phase7_parity_20260225_222731/runs/kcp109c_phase7_parity_liam_exact/runs/20260225_222731/parallel-results/Parallel_MELTS_KCP109C_dP25.0_02-25_11cores.xlsx,feldspar,feldspar
376,796,200,0,1.391243154523404,2.603637338274477,-22.78934056811542,-19.62469459096388,2.95996443637613,1.680648865721125,0.05343459836251351,2.852488491659156e-05,1.715886048218262e-06,-4.40450188409891e-10,4.555457708822809e-13,2.463147557807309e-12,Success,61.22624273753208,0,24.34996309106332,0,0,0,0,0,0,0,5.802781031893212,7.940649348578526,0.6803637909328523,0,0,0,0,0,0,KCP109C,/Users/lopezama/PycharmProjects/sci-cluster/review_outputs/rmelts_parity_audit_v2/2026-02-26/kcp109c_phase7_parity_20260225_222731/runs/kcp109c_phase7_parity_liam_exact/runs/20260225_222731/parallel-results/Parallel_MELTS_KCP109C_dP25.0_02-25_11cores.xlsx,feldspar,feldspar
377,795,200,0,1.59006309142875,2.603099127136569,-26.04150108084171,-22.42912738396431,3.381897389764921,1.921115741273828,0.0610834629712251,2.857901203218221e-05,1.717904617329349e-06,-5.268343218066251e-10,5.211858410181388e-13,2.883995537772278e-12,Success,61.30570747347191,0,24.29430445104236,0,0,0,0,0,0,0,5.738320228496674,7.971814139031979,0.6898537079570569,0,0,0,0,0,0,KCP109C,/Users/lopezama/PycharmProjects/sci-cluster/review_outputs/rmelts_parity_audit_v2/2026-02-26/kcp109c_phase7_parity_20260225_222731/runs/kcp109c_phase7_parity_liam_exact/runs/20260225_222731/parallel-results/Parallel_MELTS_KCP109C_dP25.0_02-25_11cores.xlsx,feldspar,feldspar
378,794,200,0,1.790907239524564,2.602562445311584,-29.32563834464055,-25.26208234902344,3.807858310094282,2.164108556069568,0.06881322839153445,2.863330735873607e-05,1.719914559576105e-06,-6.20502387458816e-10,5.876160835564133e-13,3.327909061884871e-12,Success,61.38483341235762,0,24.2388383133588,0,0,0,0,0,0,0,5.67409729450263,8.002728583245183,0.6995023965357738,0,0,0,0,0,0,KCP109C,/Users/lopezama/PycharmProjects/sci-cluster/review_outputs/rmelts_parity_audit_v2/2026-02-26/kcp109c_phase7_parity_20260225_222731/runs/kcp109c_phase7_parity_liam_exact/runs/20260225_222731/parallel-results/Parallel_MELTS_KCP109C_dP25.0_02-25_11cores.xlsx,feldspar,feldspar
379,793,200,0,1.993800862958141,2.602027337191692,-32.64214272738916,-28.12391224370393,4.237893808268289,2.409661711155525,0.07662490068647795,2.868776837032769e-05,1.721915496330285e-06,-7.218223880946278e-10,6.548435801105758e-13,3.795977643222746e-12,Success,61.46360536575959,0,24.18357220389725,0,0,0,0,0,0,0,5.610121982825873,8.033378562775948,0.7093218847413414,0,0,0,0,0,0,KCP109C,/Users/lopezama/PycharmProjects/sci-cluster/review_outputs/rmelts_parity_audit_v2/2026-02-26/kcp109c_phase7_parity_20260225_222731/runs/kcp109c_phase7_parity_liam_exact/runs/20260225_222731/parallel-results/Parallel_MELTS_KCP109C_dP25.0_02-25_11cores.xlsx,feldspar,feldspar
380,792,200,0,2.198779159507704,2.601493884730968,-35.99156761344958,-31.01511076051624,4.672071401148508,2.657821839137911,0.08451986654333767,2.87423970349038e-05,1.723907099977836e-06,-8.311846580132582e-10,7.228784482888804e-13,4.289363403336805e-12,Success,61.54200886889138,0,24.12851573197808,0,0,0,0,0,0,0,5.546405596386182,8.063757035645468,0.7193127670988897,0,0,0,0,0,0,KCP109C,/Users/lopezama/PycharmProjects/sci-cluster/review_outputs/rmelts_parity_audit_v2/2026-02-26/kcp109c_phase7_parity_20260225_222731/runs/kcp109c_phase7_parity_liam_exact/runs/20260225_222731/parallel-results/Parallel_MELTS_KCP109C_dP25.0_02-25_11cores.xlsx,feldspar,feldspar
381,791,200,0,2.405872191288577,2.600962187216143,-39.37438178822363,-33.93609914819761,5.110447436945933,2.908629520371915,0.09249931441193407,2.879719357834733e-05,1.725888971588512e-06,-9.48996517238603e-10,7.917289074239607e-13,4.809272519734793e-12,Success,61.62002659284386,0,24.07368022696646,0,0,0,0,0,0,0,5.482961525456194,8.093855086507553,0.7294765682259102,0,0,0,0,0,0,KCP109C,/Users/lopezama/PycharmProjects/sci-cluster/review_outputs/rmelts_parity_audit_v2/2026-02-26/kcp109c_phase7_parity_20260225_222731/runs/kcp109c_phase7_parity_liam_exact/runs/20260225_222731/parallel-results/Parallel_MELTS_KCP109C_dP25.0_02-25_11cores.xlsx,feldspar,feldspar
382,790,200,0,2.615113422535011,2.60043233460248,-42.79110929460859,-36.88734667386349,5.553085284997507,3.162129637869974,0.1005645633511466,2.885215953155674e-05,1.727860750629559e-06,-1.075686736177935e-09,8.614041091594228e-13,5.356975383408798e-12,Success,61.69764267463886,0,24.01907610260211,0,0,0,0,0,0,0,5.419802062856143,8.123664666381718,0.7398144935211713,0,0,0,0,0,0,KCP109C,/Users/lopezama/PycharmProjects/sci-cluster/review_outputs/rmelts_parity_audit_v2/2026-02-26/kcp109c_phase7_parity_20260225_222731/runs/kcp109c_phase7_parity_liam_exact/runs/20260225_222731/parallel-results/Parallel_MELTS_KCP109C_dP25.0_02-25_11cores.xlsx,feldspar,feldspar
383,789,200,0,2.826522913522587,2.599904439778687,-46.24205416383982,-39.86913337905335,6.000019568598105,3.41835100269891,0.1087164155065326,2.890729334409907e-05,1.729821965073913e-06,-1.21169866971179e-09,9.319085361732178e-13,5.933772185687807e-12,Success,61.77483689977034,0,23.96471620357894,0,0,0,0,0,0,0,5.356942522329374,8.15317440185137,0.7503299724699779,0,0,0,0,0,0,KCP109C,/Users/lopezama/PycharmProjects/sci-cluster/review_outputs/rmelts_parity_audit_v2/2026-02-26/kcp109c_phase7_parity_20260225_222731/runs/kcp109c_phase7_parity_liam_exact/runs/20260225_222731/parallel-results/Parallel_MELTS_KCP109C_dP25.0_02-25_11cores.xlsx,feldspar,feldspar
384,788,200,0,3.040119671325319,2.599378652308946,-49.72750355808271,-42.88172522626538,6.451282412304888,3.677321358329333,0.1169556297088489,2.896259397274702e-05,1.731772100749024e-06,-1.357496581030195e-09,1.003245990741e-12,6.541021830435926e-12,Success,61.85158666826896,0,23.91061607055509,0,0,0,0,0,0,0,5.294400998427994,8.182374672240748,0.761021590507198,0,0,0,0,0,0,KCP109C,/Users/lopezama/PycharmProjects/sci-cluster/review_outputs/rmelts_parity_audit_v2/2026-02-26/kcp109c_phase7_parity_20260225_222731/runs/kcp109c_phase7_parity_liam_exact/runs/20260225_222731/parallel-results/Parallel_MELTS_KCP109C_dP25.0_02-25_11cores.xlsx,feldspar,feldspar
385,787,200,0,3.255954084386074,2.598854932713985,-53.24825565985059,-45.92582858608688,6.906972667795789,3.93910663495873,0.1252841797131739,2.901806900428026e-05,1.733711097178154e-06,-1.513582255288164e-09,1.075430816592781e-12,7.180217406971015e-12,Success,61.92788924235467,0,23.85677535918444,0,0,0,0,0,0,0,5.232177845881151,8.211258472222724,0.7718990803570197,0,0,0,0,0,0,KCP109C,/Users/lopezama/PycharmProjects/sci-cluster/review_outputs/rmelts_parity_audit_v2/2026-02-26/kcp109c_phase7_parity_20260225_222731/runs/kcp109c_phase7_parity_liam_exact/runs/20260225_222731/parallel-results/Parallel_MELTS_KCP109C_dP25.0_02-25_11cores.xlsx,feldspar,feldspar
386,786,200,0,3.474032440592924,2.59833348936239,-56.8043891790457,-49.00153060971527,7.367094905660599,4.203719574276743,0.1337023309292536,2.907371492208458e-05,1.735638289139157e-06,-1.680460420684516e-09,1.148462002894439e-12,7.852821802112782e-12,Success,62.00371539122718,0,23.80321465891182,0,0,0,0,0,0,0,5.170296871742534,8.239814641161118,0.7829584369573446,0,0,0,0,0,0,KCP109C,/Users/lopezama/PycharmProjects/sci-cluster/review_outputs/rmelts_parity_audit_v2/2026-02-26/kcp109c_phase7_parity_20260225_222731/runs/kcp109c_phase7_parity_liam_exact/runs/20260225_222731/parallel-results/Parallel_MELTS_KCP109C_dP25.0_02-25_11cores.xlsx,feldspar,feldspar
387,785,200,0,3.694406011761602,2.597814310796768,-60.39671586348717,-52.10955029929501,7.831749340067249,4.471227612958835,0.1422120894633343,2.912953892540709e-05,1.737553554881944e-06,-1.858683175779358e-09,1.222353666080267e-12,8.560472034316751e-12,Success,62.07905952848839,0,23.74993597130798,0,0,0,0,0,0,0,5.108761030827277,8.268035976179863,0.7942074931964831,0,0,0,0,0,0,KCP109C,/Users/lopezama/PycharmProjects/sci-cluster/review_outputs/rmelts_parity_audit_v2/2026-02-26/kcp109c_phase7_parity_20260225_222731/runs/kcp109c_phase7_parity_liam_exact/runs/20260225_222731/parallel-results/Parallel_MELTS_KCP109C_dP25.0_02-25_11cores.xlsx,feldspar,feldspar
388,784,200,0,3.91702828211845,2.597297760131026,-64.02445226968656,-55.24923217250846,8.300827789034772,4.741579921252959,0.150811675975143,2.918552983397296e-05,1.739455828790083e-06,-2.048776464770241e-09,1.297086285863042e-12,9.304644381254764e-12,Success,62.15387500977544,0,23.69697307872303,0,0,0,0,0,0,0,5.047609077653967,8.29590709947609,0.8056357343714794,0,0,0,0,0,0,KCP109C,/Users/lopezama/PycharmProjects/sci-cluster/review_outputs/rmelts_parity_audit_v2/2026-02-26/kcp109c_phase7_parity_20260225_222731/runs/kcp109c_phase7_parity_liam_exact/runs/20260225_222731/parallel-results/Parallel_MELTS_KCP109C_dP25.0_02-25_11cores.xlsx,feldspar,feldspar
389,783,200,0,4.142005357394145,2.596783608554333,-67.6893030563629,-58.42206549928191,8.774546756692704,5.014910821015933,0.1595052180608941,2.924170569220465e-05,1.741345521646449e-06,-2.251375342118834e-09,1.372692183721038e-12,1.008725975513768e-11,Success,62.22817943405473,0,23.64430972699552,0,0,0,0,0,0,0,4.986823495928921,8.32342461376418,0.8172627292566599,0,0,0,0,0,0,KCP109C,/Users/lopezama/PycharmProjects/sci-cluster/review_outputs/rmelts_parity_audit_v2/2026-02-26/kcp109c_phase7_parity_20260225_222731/runs/kcp109c_phase7_parity_liam_exact/runs/20260225_222731/parallel-results/Parallel_MELTS_KCP109C_dP25.0_02-25_11cores.xlsx,feldspar,feldspar
390,782,200,0,4.369274176890116,2.596272266439249,-71.39021506855674,-61.62716272031167,9.252762496559798,5.291149895854937,0.168290291945479,2.929805500176157e-05,1.743221486444302e-06,-2.467049836953452e-09,1.449145521949443e-12,1.090990453112714e-11,Success,62.30192211318286,0,23.59198331855372,0,0,0,0,0,0,0,4.926446970325337,8.35057362106016,0.8290739768779237,0,0,0,0,0,0,KCP109C,/Users/lopezama/PycharmProjects/sci-cluster/review_outputs/rmelts_parity_audit_v2/2026-02-26/kcp109c_phase7_parity_20260225_222731/runs/kcp109c_phase7_parity_liam_exact/runs/20260225_222731/parallel-results/Parallel_MELTS_KCP109C_dP25.0_02-25_11cores.xlsx,feldspar,feldspar
391,781,200,0,4.598887269869286,2.595763713231369,-75.1280189133365,-64.86526038089991,9.735577035940423,5.570367037450872,0.1771689482531637,2.935458680103082e-05,1.745083628482551e-06,-2.696463574737353e-09,1.526459670642094e-12,1.177453289021458e-11,Success,62.37509837464298,0,23.53999507246892,0,0,0,0,0,0,0,4.866481596848372,8.377346903475718,0.8410780525639892,0,0,0,0,0,0,KCP109C,/Users/lopezama/PycharmProjects/sci-cluster/review_outputs/rmelts_parity_audit_v2/2026-02-26/kcp109c_phase7_parity_20260225_222731/runs/kcp109c_phase7_parity_liam_exact/runs/20260225_222731/parallel-results/Parallel_MELTS_KCP109C_dP25.0_02-25_11cores.xlsx,feldspar,feldspar
392,780,200,0,4.830833656576225,2.595258127069863,-78.90250969973316,-68.13620235666006,10.22295716951344,5.85255541355264,0.1861407775276059,2.941130115458818e-05,1.746931370084417e-06,-2.940273555660461e-09,1.604625981302837e-12,1.268302336014522e-11,Success,62.44768230869471,0,23.4883628406847,0,0,0,0,0,0,0,4.806948149167631,8.403733524090864,0.8532731773621064,0,0,0,0,0,0,KCP109C,/Users/lopezama/PycharmProjects/sci-cluster/review_outputs/rmelts_parity_audit_v2/2026-02-26/kcp109c_phase7_parity_20260225_222731/runs/kcp109c_phase7_parity_liam_exact/runs/20260225_222731/parallel-results/Parallel_MELTS_KCP109C_dP25.0_02-25_11cores.xlsx,feldspar,feldspar
393,779,200,0,5.065158707320309,2.594755528822975,-82.71440057064798,-71.4406246765924,10.71498920691496,6.13777677211804,0.1952075504245269,2.946820590266923e-05,1.748764516631413e-06,-3.199203543611317e-09,1.683654685143103e-12,1.363749376111015e-11,Success,62.5196647461081,0,23.43709132685096,0,0,0,0,0,0,0,4.74785264733914,8.429725379951888,0.8656658997498899,0,0,0,0,0,0,KCP109C,/Users/lopezama/PycharmProjects/sci-cluster/review_outputs/rmelts_parity_audit_v2/2026-02-26/kcp109c_phase7_parity_20260225_222731/runs/kcp109c_phase7_parity_liam_exact/runs/20260225_222731/parallel-results/Parallel_MELTS_KCP109C_dP25.0_02-25_11cores.xlsx,feldspar,feldspar
394,778,200,0,5.301827943445278,2.594256143752012,-86.56310347904389,-74.77804095768616,11.21158970780358,6.425996318108052,0.2043679440140929,2.952530021398295e-05,1.750582393257227e-06,-3.473959502391732e-09,1.763528379992768e-12,1.463993940781425e-11,Success,62.59101520357091,0,23.38620211826994,0,0,0,0,0,0,0,4.689220013913243,8.455311135394648,0.8782515288512561,0,0,0,0,0,0,KCP109C,/Users/lopezama/PycharmProjects/sci-cluster/review_outputs/rmelts_parity_audit_v2/2026-02-26/kcp109c_phase7_parity_20260225_222731/runs/kcp109c_phase7_parity_liam_exact/runs/20260225_222731/parallel-results/Parallel_MELTS_KCP109C_dP25.0_02-25_11cores.xlsx,feldspar,feldspar
395,777,200,0,5.540851401328956,2.593760071181958,-90.44875560979936,-78.1485905861251,11.71276962688593,6.717233506518393,0.2136223570904162,2.958258958814407e-05,1.752384632200297e-06,-3.765309359813508e-09,1.844244475776134e-12,1.56925704481487e-11,Success,62.66171660226848,0,23.3357062641186,0,0,0,0,0,0,0,4.631063349648843,8.480481697763597,0.8910320862004776,0,0,0,0,0,0,KCP109C,/Users/lopezama/PycharmProjects/sci-cluster/review_outputs/rmelts_parity_audit_v2/2026-02-26/kcp109c_phase7_parity_20260225_222731/runs/kcp109c_phase7_parity_liam_exact/runs/20260225_222731/parallel-results/Parallel_MELTS_KCP109C_dP25.0_02-25_11cores.xlsx,feldspar,feldspar
396,776,200,0,5.782228996796529,2.59326743053875,-94.3713291389157,-81.55227069018628,12.21851827548913,7.011495810684693,0.2229707946316695,2.964007918937499e-05,1.7541708232906e-06,-4.074050093466653e-09,1.925796527379564e-12,1.679766950143667e-11,Success,62.7317498713294,0,23.28561641232838,0,0,0,0,0,0,0,4.573397539108963,8.505227726745764,0.9040084504875077,0,0,0,0,0,0,KCP109C,/Users/lopezama/PycharmProjects/sci-cluster/review_outputs/rmelts_parity_audit_v2/2026-02-26/kcp109c_phase7_parity_20260225_222731/runs/kcp109c_phase7_parity_liam_exact/runs/20260225_222731/parallel-results/Parallel_MELTS_KCP109C_dP25.0_02-25_11cores.xlsx,feldspar,feldspar
397,775,200,0,6.025954853848742,2.592778348286691,-98.33070189137094,-84.98899702789254,12.72881253969222,7.308783979654872,0.2324130351455108,2.969777455100548e-05,1.755940547684481e-06,-4.401011539505442e-09,2.008175691488229e-12,1.795760614854181e-11,Success,62.80109540560306,0,23.2359456933754,0,0,0,0,0,0,0,4.516237989626658,8.529539956559887,0.9171809548349924,0,0,0,0,0,0,KCP109C,/Users/lopezama/PycharmProjects/sci-cluster/review_outputs/rmelts_parity_audit_v2/2026-02-26/kcp109c_phase7_parity_20260225_222731/runs/kcp109c_phase7_parity_liam_exact/runs/20260225_222731/parallel-results/Parallel_MELTS_KCP109C_dP25.0_02-25_11cores.xlsx,feldspar,feldspar
398,774,200,0,6.272010502980012,2.592292967442686,-102.3265467637657,-88.45850839703303,13.24360250845883,7.609083796761356,0.2419483670152989,2.975568138984882e-05,1.757693361375877e-06,-4.747052318988666e-09,2.091368388704527e-12,1.917481902299792e-11,Success,62.86973226827475,0,23.18670843408425,0,0,0,0,0,0,0,4.459601406257758,8.553409290486393,0.9305486008968391,0,0,0,0,0,0,KCP109C,/Users/lopezama/PycharmProjects/sci-cluster/review_outputs/rmelts_parity_audit_v2/2026-02-26/kcp109c_phase7_parity_20260225_222731/runs/kcp109c_phase7_parity_liam_exact/runs/20260225_222731/parallel-results/Parallel_MELTS_KCP109C_dP25.0_02-25_11cores.xlsx,feldspar,feldspar
399,773,200,0,6.520380208912379,2.591811422731461,-106.3585814600952,-91.96058225451921,13.76284395696222,7.912384680214245,0.2515761814970579,2.98138065706871e-05,1.759428849551837e-06,-5.113072172852596e-09,2.175361493165159e-12,2.045186443344435e-11,Success,62.93764064217218,0,23.13791815045057,0,0,0,0,0,0,0,4.403503563864799,8.576827001131335,0.9441106423811361,0,0,0,0,0,0,KCP109C,/Users/lopezama/PycharmProjects/sci-cluster/review_outputs/rmelts_parity_audit_v2/2026-02-26/kcp109c_phase7_parity_20260225_222731/runs/kcp109c_phase7_parity_liam_exact/runs/20260225_222731/parallel-results/Parallel_MELTS_KCP109C_dP25.0_02-25_11cores.xlsx,feldspar,feldspar
400,772,200,0,6.771063900101837,2.591333798166948,-110.4267781000693,-95.49521569666348,14.28652576511109,8.218695382319853,0.2612964761580132,2.987215922698013e-05,1.761146705571882e-06,-5.500024603098051e-09,2.260146850071825e-12,2.179146370237651e-11,Success,63.00480556158455,0,23.08958429368502,0,0,0,0,0,0,0,4.347955751808308,8.599784515369192,0.9578698775529213,0,0,0,0,0,0,KCP109C,/Users/lopezama/PycharmProjects/sci-cluster/review_outputs/rmelts_parity_audit_v2/2026-02-26/kcp109c_phase7_parity_20260225_222731/runs/kcp109c_phase7_parity_liam_exact/runs/20260225_222731/parallel-results/Parallel_MELTS_KCP109C_dP25.0_02-25_11cores.xlsx,feldspar,feldspar
401,771,200,0,7.2181221488246,2.590489083669588,-117.6886763069882,-101.790956129169,15.22551374593614,8.764041901899393,0.2786393578852563,2.995065943700036e-05,1.763787069738643e-06,-6.082010063538194e-09,2.412409772162582e-12,2.386493501294122e-11,Success,63.11220333486061,0,23.01068193309223,0,0,0,0,0,0,0,4.25780090278831,8.632256857998165,0.9870569712606891,0,0,0,0,0,0,KCP109C,/Users/lopezama/PycharmProjects/sci-cluster/review_outputs/rmelts_parity_audit_v2/2026-02-26/kcp109c_phase7_parity_20260225_222731/runs/kcp109c_phase7_parity_liam_exact/runs/20260225_222731/parallel-results/Parallel_MELTS_KCP109C_dP25.0_02-25_11cores.xlsx,feldspar,feldspar
402,770,200,0,7.782483872545384,2.589440982663871,-126.8545160789916,-109.7341787685215,16.41215291230416,9.452442311007044,0.3005468718788564,3.003924613652376e-05,1.766895751039513e-06,-6.80537887456752e-09,2.605337842027631e-12,2.644863923078411e-11,Success,63.24048277173694,0,22.91545254464613,0,0,0,0,0,0,0,4.149303678429884,8.668457745970464,1.026303259216566,0,0,0,0,0,0,KCP109C,/Users/lopezama/PycharmProjects/sci-cluster/review_outputs/rmelts_parity_audit_v2/2026-02-26/kcp109c_phase7_parity_20260225_222731/runs/kcp109c_phase7_parity_liam_exact/runs/20260225_222731/parallel-results/Parallel_MELTS_KCP109C_dP25.0_02-25_11cores.xlsx,feldspar,feldspar
403,769,200,0,8.362771111836452,2.588387153815167,-136.2737086742231,-117.8988370692072,17.63169563404107,10.16064792027608,0.3230881091149792,3.012689551448724e-05,1.769959139691222e-06,-7.58563274280058e-09,2.804171960086135e-12,2.921039922058467e-11,Success,63.3673937276608,0,22.82060817662554,0,0,0,0,0,0,0,4.041443413529517,8.702618042159752,1.067936640024402,0,0,0,0,0,0,KCP109C,/Users/lopezama/PycharmProjects/sci-cluster/review_outputs/rmelts_parity_audit_v2/2026-02-26/kcp109c_phase7_parity_20260225_222731/runs/kcp109c_phase7_parity_liam_exact/runs/20260225_222731/parallel-results/Parallel_MELTS_KCP109C_dP25.0_02-25_11cores.xlsx,feldspar,feldspar
404,768,200,0,8.960212669819395,2.587326450023422,-145.9657487454972,-126.3018844694941,18.8866774970015,10.89016285460828,0.3463116403319837,3.021348994381175e-05,1.772974845956922e-06,-8.426826785880243e-09,3.009342345196379e-12,3.21628716882846e-11,Success,63.49288331639209,0,22.72613265405161,0,0,0,0,0,0,0,3.934219103742463,8.734577450110468,1.112187475703384,0,0,0,0,0,0,KCP109C,/Users/lopezama/PycharmProjects/sci-cluster/review_outputs/rmelts_parity_audit_v2/2026-02-26/kcp109c_phase7_parity_20260225_222731/runs/kcp109c_phase7_parity_liam_exact/runs/20260225_222731/parallel-results/Parallel_MELTS_KCP109C_dP25.0_02-25_11cores.xlsx,feldspar,feldspar
405,767,200,0,9.576232197571963,2.586257556200513,-155.9532195495682,-134.9629530435438,20.18003798108388,11.64272534278579,0.3702737252371905,3.029887975331783e-05,1.77593986383783e-06,-9.333378514829325e-09,3.221348827624253e-12,3.531990698727333e-11,Success,63.61688262735997,0,22.63200945769635,0,0,0,0,0,0,0,3.827633199742326,8.764139053460609,1.159335661740728,0,0,0,0,0,0,KCP109C,/Users/lopezama/PycharmProjects/sci-cluster/review_outputs/rmelts_parity_audit_v2/2026-02-26/kcp109c_phase7_parity_20260225_222731/runs/kcp109c_phase7_parity_liam_exact/runs/20260225_222731/parallel-results/Parallel_MELTS_KCP109C_dP25.0_02-25_11cores.xlsx,feldspar,feldspar
406,766,200,0,10.21240518824184,2.585178788827461,-166.2610811539648,-143.9037376474564,21.51503007891866,12.42025616245176,0.3950367081912274,3.038290808027103e-05,1.778851413171819e-06,-1.031007144575532e-08,3.440748560182714e-12,3.869651955458542e-11,Success,63.73934015027794,0,22.53820192404812,0,0,0,0,0,0,0,3.721667472877741,8.7910918944261,1.209698558370091,0,0,0,0,0,0,KCP109C,/Users/lopezama/PycharmProjects/sci-cluster/review_outputs/rmelts_parity_audit_v2/2026-02-26/kcp109c_phase7_parity_20260225_222731/runs/kcp109c_phase7_parity_liam_exact/runs/20260225_222731/parallel-results/Parallel_MELTS_KCP109C_dP25.0_02-25_11cores.xlsx,feldspar,feldspar
407,765,200,0,10.87056011915655,2.58408806426641,-176.9182888810045,-153.1493966302602,22.89543153758542,13.22497970218711,0.4206729743261504,3.04653914355897e-05,1.781706491336355e-06,-1.136214268634538e-08,3.668191660978113e-12,4.230922332413479e-11,Success,63.86020774127654,0,22.44465701877555,0,0,0,0,0,0,0,3.616289402902583,8.815189588616438,1.263656248428891,0,0,0,0,0,0,KCP109C,/Users/lopezama/PycharmProjects/sci-cluster/review_outputs/rmelts_parity_audit_v2/2026-02-26/kcp109c_phase7_parity_20260225_222731/runs/kcp109c_phase7_parity_liam_exact/runs/20260225_222731/parallel-results/Parallel_MELTS_KCP109C_dP25.0_02-25_11cores.xlsx,feldspar,feldspar
408,764,200,0,11.55282544632969,2.582982757981922,-187.9585299707819,-162.7291896997715,24.32564264668605,14.05948032182485,0.4472668433666155,3.05461232775704e-05,1.78450211412534e-06,-1.249535322784278e-08,3.904439837803277e-12,4.617627028373713e-11,Success,63.97945249122761,0,22.35129574623438,0,0,0,0,0,0,0,3.511441496432758,8.8361516290441,1.321658637061148,0,0,0,0,0,0,KCP109C,/Users/lopezama/PycharmProjects/sci-cluster/review_outputs/rmelts_parity_audit_v2/2026-02-26/kcp109c_phase7_parity_20260225_222731/runs/kcp109c_phase7_parity_liam_exact/runs/20260225_222731/parallel-results/Parallel_MELTS_KCP109C_dP25.0_02-25_11cores.xlsx,feldspar,feldspar
409,763,200,0,12.26177103388534,2.581859536658752,-199.4224747768716,-172.6784262859257,25.81098150938179,14.92687165789016,0.4749201441745975,3.062485661668795e-05,1.787235067836324e-06,-1.371612463977829e-08,4.150417947451832e-12,5.031815948834237e-11,Success,64.09705301873153,0,22.25800786901053,0,0,0,0,0,0,0,3.407037795488685,8.85364127620033,1.384260040568941,0,0,0,0,0,0,KCP109C,/Users/lopezama/PycharmProjects/sci-cluster/review_outputs/rmelts_parity_audit_v2/2026-02-26/kcp109c_phase7_parity_20260225_222731/runs/kcp109c_phase7_parity_liam_exact/runs/20260225_222731/parallel-results/Parallel_MELTS_KCP109C_dP25.0_02-25_11cores.xlsx,feldspar,feldspar
410,762,200,0,13.00052616508821,2.580714139952282,-211.3596404448311,-183.0400793827272,27.35792982862768,15.83093815422119,0.5037569238617258,3.070130243993148e-05,1.789902100093963e-06,-1.503168649343623e-08,4.407259107585021e-12,5.475815598176644e-11,Success,64.21301181579574,0,22.1646393655339,0,0,0,0,0,0,0,3.302950649226935,8.867260185140024,1.452137984303395,0,0,0,0,0,0,KCP109C,/Users/lopezama/PycharmProjects/sci-cluster/review_outputs/rmelts_parity_audit_v2/2026-02-26/kcp109c_phase7_parity_20260225_222731/runs/kcp109c_phase7_parity_liam_exact/runs/20260225_222731/parallel-results/Parallel_MELTS_KCP109C_dP25.0_02-25_11cores.xlsx,feldspar,feldspar
411,761,200,0,13.77303400562121,2.579540975912559,-223.8324326681687,-193.8682835030981,28.97466437660945,16.77644014861047,0.5339335228334082,3.077511082124135e-05,1.792499885837816e-06,-1.645034241243094e-08,4.676399291180938e-12,5.952326488070385e-11,Success,64.32736507348413,0,22.07097309494334,0,0,0,0,0,0,0,3.198992469594005,8.876519602580432,1.526149759398087,0,0,0,0,0,0,KCP109C,/Users/lopezama/PycharmProjects/sci-cluster/review_outputs/rmelts_parity_audit_v2/2026-02-26/kcp109c_phase7_parity_20260225_222731/runs/kcp109c_phase7_parity_liam_exact/runs/20260225_222731/parallel-results/Parallel_MELTS_KCP109C_dP25.0_02-25_11cores.xlsx,feldspar,feldspar
412,760,200,0,14.58440092172149,2.578332618061302,-236.9216885343809,-205.2331331227294,30.67178571519286,17.76953268678054,0.5656524227928271,3.084584745833917e-05,1.795024974068476e-06,-1.798184643139518e-08,4.959707724319516e-12,6.464560066373388e-11,Success,64.440194609245,0,21.97670542077499,0,0,0,0,0,0,0,3.094893662574051,8.88080565109603,1.607400656309933,0,0,0,0,0,0,KCP109C,/Users/lopezama/PycharmProjects/sci-cluster/review_outputs/rmelts_parity_audit_v2/2026-02-26/kcp109c_phase7_parity_20260225_222731/runs/kcp109c_phase7_parity_liam_exact/runs/20260225_222731/parallel-results/Parallel_MELTS_KCP109C_dP25.0_02-25_11cores.xlsx,feldspar,feldspar
413,759,200,0,15.4414503482588,2.577079023331756,-250.735465460274,-217.2282912745214,32.46347351233118,18.81842947164083,0.5991842007349639,3.091295558174366e-05,1.797473664114597e-06,-1.963799085132372e-08,5.259693591069928e-12,7.016453368387102e-11,Success,64.55164501835179,0,21.88141030138562,0,0,0,0,0,0,0,2.990269000399525,8.87932339082235,1.6973522890407,0,0,0,0,0,0,KCP109C,/Users/lopezama/PycharmProjects/sci-cluster/review_outputs/rmelts_parity_audit_v2/2026-02-26/kcp109c_phase7_parity_20260225_222731/runs/kcp109c_phase7_parity_liam_exact/runs/20260225_222731/parallel-results/Parallel_MELTS_KCP109C_dP25.0_02-25_11cores.xlsx,feldspar,feldspar
414,758,200,0,16.35368500800994,2.575766088608059,-265.4243140939923,-229.9842093937406,34.36949493308609,19.93455674377941,0.6349056725429385,3.097569514252698e-05,1.799842013278626e-06,-2.143361934424604e-08,5.579865557662502e-12,7.61303978784621e-11,Success,64.66196307387263,0,21.78446966490974,0,0,0,0,0,0,0,2.884550986810186,8.871002057672209,1.79801421673524,0,0,0,0,0,0,KCP109C,/Users/lopezama/PycharmProjects/sci-cluster/review_outputs/rmelts_parity_audit_v2/2026-02-26/kcp109c_phase7_parity_20260225_222731/runs/kcp109c_phase7_parity_liam_exact/runs/20260225_222731/parallel-results/Parallel_MELTS_KCP109C_dP25.0_02-25_11cores.xlsx,feldspar,feldspar
415,757,200,0,17.45767008841717,2.574197448558084,-283.1858187588946,-245.4026240808323,36.6773719148301,21.28390309164179,0.6781791388300825,3.103578166219884e-05,1.802378368833091e-06,-2.354857231636235e-08,5.969308211875281e-12,8.31783992844961e-11,Success,64.78468707021139,0,21.6730993824303,0,0,0,0,0,0,0,2.764033634919286,8.852493061782168,1.925686850656858,0,0,0,0,0,0,KCP109C,/Users/lopezama/PycharmProjects/sci-cluster/review_outputs/rmelts_parity_audit_v2/2026-02-26/kcp109c_phase7_parity_20260225_222731/runs/kcp109c_phase7_parity_liam_exact/runs/20260225_222731/parallel-results/Parallel_MELTS_KCP109C_dP25.0_02-25_11cores.xlsx,feldspar,feldspar
416,756,200,0,19.55005855159078,2.571873504690585,-316.9112364444512,-274.6495679522121,41.06463439949384,23.84059279252667,0.76014852658715,3.112582332233126e-05,1.80637995896203e-06,-2.718618778793987e-08,6.708035151280653e-12,9.547221006097918e-11,Success,64.97659555597969,0,21.50723703910014,0,0,0,0,0,0,0,2.582416654413911,8.845294060315629,2.088456690190637,0,0,0,0,0,0,KCP109C,/Users/lopezama/PycharmProjects/sci-cluster/review_outputs/rmelts_parity_audit_v2/2026-02-26/kcp109c_phase7_parity_20260225_222731/runs/kcp109c_phase7_parity_liam_exact/runs/20260225_222731/parallel-results/Parallel_MELTS_KCP109C_dP25.0_02-25_11cores.xlsx,feldspar,feldspar
417,755,200,0,23.24986192078139,2.56899954507567,-376.6551319530682,-326.4456469222055,48.83478581030278,28.36930284553491,0.9050161945473045,3.128662849326658e-05,1.812575458810194e-06,-3.360301261498372e-08,8.011883392253977e-12,1.171821241489049e-10,Success,65.25683580706014,0,21.28917546292357,0,0,0,0,0,0,0,2.337123933985857,8.898095664065428,2.218769131964983,0,0,0,0,0,0,KCP109C,/Users/lopezama/PycharmProjects/sci-cluster/review_outputs/rmelts_parity_audit_v2/2026-02-26/kcp109c_phase7_parity_20260225_222731/runs/kcp109c_phase7_parity_liam_exact/runs/20260225_222731/parallel-results/Parallel_MELTS_KCP109C_dP25.0_02-25_11cores.xlsx,feldspar,feldspar
418,754,200,0,26.06797855502031,2.567024548826751,-422.1070392587718,-365.8788090536627,54.74198530410268,31.82372169457543,1.015493933119361,3.140479029802007e-05,1.816749105681229e-06,-3.903742183195179e-08,9.006151473143933e-12,1.352861680838619e-10,Success,65.44548730535409,0,21.14063154967891,0,0,0,0,0,0,0,2.170554802804646,8.929052152625992,2.314274189536343,0,0,0,0,0,0,KCP109C,/Users/lopezama/PycharmProjects/sci-cluster/review_outputs/rmelts_parity_audit_v2/2026-02-26/kcp109c_phase7_parity_20260225_222731/runs/kcp109c_phase7_parity_liam_exact/runs/20260225_222731/parallel-results/Parallel_MELTS_KCP109C_dP25.0_02-25_11cores.xlsx,feldspar,feldspar
419,753,200,0,27.29050199162407,2.566311709623172,-441.7900193103154,-383.0074439042883,57.28458354629156,33.33043639099735,1.063413376063787,3.147815916866426e-05,1.818534309809617e-06,-4.224887674893531e-08,9.430874382111995e-12,1.455947693213352e-10,Success,65.52019550346053,0,21.08279578688579,0,0,0,0,0,0,0,2.105407714670612,8.943905746087863,2.347695248895211,0,0,0,0,0,0,KCP109C,/Users/lopezama/PycharmProjects/sci-cluster/review_outputs/rmelts_parity_audit_v2/2026-02-26/kcp109c_phase7_parity_20260225_222731/runs/kcp109c_phase7_parity_liam_exact/runs/20260225_222731/parallel-results/Parallel_MELTS_KCP109C_dP25.0_02-25_11cores.xlsx,feldspar,feldspar
420,752,200,0,27.84249413692508,2.566089215847916,-450.6520388217811,-390.7692305148676,58.41370365986786,34.01885755226246,1.08501660678719,3.153672222149037e-05,1.819444813023166e-06,-4.453176648952049e-08,9.615193776579684e-12,1.526425600839381e-10,Success,65.55229206848075,0,21.05942227250012,0,0,0,0,0,0,0,2.078635093640187,8.95415315758936,2.355497407789583,0,0,0,0,0,0,KCP109C,/Users/lopezama/PycharmProjects/sci-cluster/review_outputs/rmelts_parity_audit_v2/2026-02-26/kcp109c_phase7_parity_20260225_222731/runs/kcp109c_phase7_parity_liam_exact/runs/20260225_222731/parallel-results/Parallel_MELTS_KCP109C_dP25.0_02-25_11cores.xlsx,feldspar,feldspar
421,751,200,0,28.16582412144114,2.566030209428389,-455.824795798854,-395.3377821506163,59.06069779645339,34.42861423146493,1.097641953627482,3.159148872036355e-05,1.820072586015389e-06,-4.653471588998891e-08,9.71710707324699e-12,1.586818019785781e-10,Success,65.57038513345778,0,21.04743931576063,0,0,0,0,0,0,0,2.064527297401859,8.963057806011896,2.354590447367827,0,0,0,0,0,0,KCP109C,/Users/lopezama/PycharmProjects/sci-cluster/review_outputs/rmelts_parity_audit_v2/2026-02-26/kcp109c_phase7_parity_20260225_222731/runs/kcp109c_phase7_parity_liam_exact/runs/20260225_222731/parallel-results/Parallel_MELTS_KCP109C_dP25.0_02-25_11cores.xlsx,feldspar,feldspar
422,813,175,0,0.02390256338260208,2.604916906361631,-0.3927448819217187,-0.337079635429389,0.05125005431324376,0.02885594451509604,0.0009175940823382172,2.812875169725181e-05,1.704340949988996e-06,-3.182419477146641e-12,7.799865044206629e-15,2.930009302334229e-14,Success,60.75308594833032,0,24.68151909616541,0,0,0,0,0,0,0,6.186721880516512,7.75547252498631,0.6232005500014471,0,0,0,0,0,0,KCP109C,/Users/lopezama/PycharmProjects/sci-cluster/review_outputs/rmelts_parity_audit_v2/2026-02-26/kcp109c_phase7_parity_20260225_222731/runs/kcp109c_phase7_parity_liam_exact/runs/20260225_222731/parallel-results/Parallel_MELTS_KCP109C_dP25.0_02-25_11cores.xlsx,feldspar,feldspar
423,812,175,0,0.2082070055511703,2.604389427297195,-3.420474402110915,-2.936186675409318,0.4462864366231377,0.2513774434416078,0.007994465165958115,2.817701900990496e-05,1.706329534738387e-06,-2.97032988878019e-11,6.802008822255775e-14,2.61077309265557e-13,Success,60.831629725798,0,24.62676670223643,0,0,0,0,0,0,0,6.123223630706003,7.786961060866264,0.6314188803932939,0,0,0,0,0,0,KCP109C,/Users/lopezama/PycharmProjects/sci-cluster/review_outputs/rmelts_parity_audit_v2/2026-02-26/kcp109c_phase7_parity_20260225_222731/runs/kcp109c_phase7_parity_liam_exact/runs/20260225_222731/parallel-results/Parallel_MELTS_KCP109C_dP25.0_02-25_11cores.xlsx,feldspar,feldspar
424,811,175,0,0.3941649107166238,2.603863065246324,-6.474313412306286,-5.558613167660196,0.8446250469456151,0.4759376175503844,0.01513769736886436,2.822536781952024e-05,1.708311346779358e-06,-6.007897891429175e-11,1.289182391219429e-13,5.056128649863096e-13,Success,60.90992120358241,0,24.57215277164171,0,0,0,0,0,0,0,6.059898484756032,7.818250337834928,0.6397772021849417,0,0,0,0,0,0,KCP109C,/Users/lopezama/PycharmProjects/sci-cluster/review_outputs/rmelts_parity_audit_v2/2026-02-26/kcp109c_phase7_parity_20260225_222731/runs/kcp109c_phase7_parity_liam_exact/runs/20260225_222731/parallel-results/Parallel_MELTS_KCP109C_dP25.0_02-25_11cores.xlsx,feldspar,feldspar
425,810,175,0,0.5818148922743296,2.603337913850526,-9.554878505499003,-8.204901986654814,1.246343090840779,0.7025852210672007,0.02234880417094157,2.827380540166215e-05,1.710286268992889e-06,-9.45010276442123e-11,1.905069906969844e-13,7.635008389732153e-13,Success,60.98795325448558,0,24.51768580539028,0,0,0,0,0,0,0,5.996755119106487,7.849346762520724,0.6482590584969143,0,0,0,0,0,0,KCP109C,/Users/lopezama/PycharmProjects/sci-cluster/review_outputs/rmelts_parity_audit_v2/2026-02-26/kcp109c_phase7_parity_20260225_222731/runs/kcp109c_phase7_parity_liam_exact/runs/20260225_222731/parallel-results/Parallel_MELTS_KCP109C_dP25.0_02-25_11cores.xlsx,feldspar,feldspar
426,809,175,0,0.7711692141518748,2.602813900246645,-12.66235142349352,-10.87522272300735,1.651461165722102,0.9313371490224716,0.02962828860253122,2.832231457183278e-05,1.712253814153912e-06,-1.331645174432048e-10,2.527904087219382e-13,1.035323014676581e-12,Success,61.06571037791672,0,24.46336579594898,0,0,0,0,0,0,0,5.933797144363283,7.880215765387736,0.6569109163832788,0,0,0,0,0,0,KCP109C,/Users/lopezama/PycharmProjects/sci-cluster/review_outputs/rmelts_parity_audit_v2/2026-02-26/kcp109c_phase7_parity_20260225_222731/runs/kcp109c_phase7_parity_liam_exact/runs/20260225_222731/parallel-results/Parallel_MELTS_KCP109C_dP25.0_02-25_11cores.xlsx,feldspar,feldspar
427,808,175,0,0.9622747286337853,2.602291214980319,-15.79748380250105,-13.57023505126979,2.060073765186382,1.16225231853807,0.03697798013897775,2.837090832663249e-05,1.714213863960299e-06,-1.762810204182867e-10,3.157836667421855e-13,1.321738282970562e-12,Success,61.14318298469248,0,24.40920783020137,0,0,0,0,0,0,0,5.871039244846055,7.910875535974156,0.6656944042859416,0,0,0,0,0,0,KCP109C,/Users/lopezama/PycharmProjects/sci-cluster/review_outputs/rmelts_parity_audit_v2/2026-02-26/kcp109c_phase7_parity_20260225_222731/runs/kcp109c_phase7_parity_liam_exact/runs/20260225_222731/parallel-results/Parallel_MELTS_KCP109C_dP25.0_02-25_11cores.xlsx,feldspar,feldspar
428,807,175,0,1.155155665733002,2.601769881258523,-18.9606537911368,-16.29027805811801,2.472226758338001,1.39536230416098,0.04439884072968944,2.841958048956948e-05,1.716166059889539e-06,-2.240670574489584e-10,3.794945301764963e-13,1.623400524704758e-12,Success,61.22035748235973,0,24.35521749127858,0,0,0,0,0,0,0,5.808489198281875,7.941310418570404,0.6746254095094146,0,0,0,0,0,0,KCP109C,/Users/lopezama/PycharmProjects/sci-cluster/review_outputs/rmelts_parity_audit_v2/2026-02-26/kcp109c_phase7_parity_20260225_222731/runs/kcp109c_phase7_parity_liam_exact/runs/20260225_222731/parallel-results/Parallel_MELTS_KCP109C_dP25.0_02-25_11cores.xlsx,feldspar,feldspar
429,806,175,0,1.349841659617995,2.601249971341013,-22.15232827176193,-19.03576745826109,2.887977402122814,1.630705327607248,0.05189203938451619,2.846832978712361e-05,1.718110091908528e-06,-2.767504429974287e-10,4.439324102979981e-13,1.941000797477177e-12,Success,61.29722067401865,0,24.30140332891924,0,0,0,0,0,0,0,5.746157137583193,7.971513418631199,0.6837054408477342,0,0,0,0,0,0,KCP109C,/Users/lopezama/PycharmProjects/sci-cluster/review_outputs/rmelts_parity_audit_v2/2026-02-26/kcp109c_phase7_parity_20260225_222731/runs/kcp109c_phase7_parity_liam_exact/runs/20260225_222731/parallel-results/Parallel_MELTS_KCP109C_dP25.0_02-25_11cores.xlsx,feldspar,feldspar
430,805,175,0,1.546361743314977,2.600731564042606,-25.3729638693821,-21.80711053093724,3.307381476088533,1.868318979810999,0.05945872171871884,2.851715477696327e-05,1.720045633477437e-06,-3.345694585367154e-10,5.091064089371558e-13,2.275259809467102e-12,Success,61.37375861433394,0,24.24777446612917,0,0,0,0,0,0,0,5.684053843249501,8.001477376709605,0.6929356995777972,0,0,0,0,0,0,KCP109C,/Users/lopezama/PycharmProjects/sci-cluster/review_outputs/rmelts_parity_audit_v2/2026-02-26/kcp109c_phase7_parity_20260225_222731/runs/kcp109c_phase7_parity_liam_exact/runs/20260225_222731/parallel-results/Parallel_MELTS_KCP109C_dP25.0_02-25_11cores.xlsx,feldspar,feldspar
431,804,175,0,1.744742152545854,2.600214718691275,-28.6229705499398,-24.60467475408738,3.73048860033646,2.108237547478762,0.06709992601780239,2.856605306459968e-05,1.721972357167111e-06,-3.977725714292845e-10,5.750246197101758e-13,2.626925163504589e-12,Success,61.44995777210508,0,24.19433877667121,0,0,0,0,0,0,0,5.622188968510126,8.03119278047693,0.7023217022366568,0,0,0,0,0,0,KCP109C,/Users/lopezama/PycharmProjects/sci-cluster/review_outputs/rmelts_parity_audit_v2/2026-02-26/kcp109c_phase7_parity_20260225_222731/runs/kcp109c_phase7_parity_liam_exact/runs/20260225_222731/parallel-results/Parallel_MELTS_KCP109C_dP25.0_02-25_11cores.xlsx,feldspar,feldspar
432,803,175,0,1.945012600821022,2.59969955037085,-31.90281570906081,-27.42887747373778,4.15735560593135,2.350499663704503,0.07481682260334906,2.861502392260939e-05,1.723889898143479e-06,-4.666209262877684e-10,6.416960850849045e-13,2.996783991924299e-12,Success,61.525801955329,0,24.14110808238793,0,0,0,0,0,0,0,5.560576044657366,8.06065454012588,0.7118593774998252,0,0,0,0,0,0,KCP109C,/Users/lopezama/PycharmProjects/sci-cluster/review_outputs/rmelts_parity_audit_v2/2026-02-26/kcp109c_phase7_parity_20260225_222731/runs/kcp109c_phase7_parity_liam_exact/runs/20260225_222731/parallel-results/Parallel_MELTS_KCP109C_dP25.0_02-25_11cores.xlsx,feldspar,feldspar
433,802,175,0,2.147207317333868,2.599186067725388,-35.21303934347112,-30.28019858084938,4.588048888640415,2.595149498271326,0.08261075819065707,2.866406833056171e-05,1.725798072490377e-06,-5.413887560950611e-10,7.09131367387399e-13,3.385664738038562e-12,Success,61.60128362475965,0,24.08808582374354,0,0,0,0,0,0,0,5.499219669274765,8.089854873304477,0.7215560089175754,0,0,0,0,0,0,KCP109C,/Users/lopezama/PycharmProjects/sci-cluster/review_outputs/rmelts_parity_audit_v2/2026-02-26/kcp109c_phase7_parity_20260225_222731/runs/kcp109c_phase7_parity_liam_exact/runs/20260225_222731/parallel-results/Parallel_MELTS_KCP109C_dP25.0_02-25_11cores.xlsx,feldspar,feldspar
434,801,175,0,2.351331232745057,2.598674435135745,-38.55370108291659,-33.15870555414483,5.022571827744502,2.842195856330872,0.09048194729411083,2.871317790448882e-05,1.727696252807877e-06,-6.223544990799882e-10,7.773309883524193e-13,3.794383019276861e-12,Success,61.67637649181182,0,24.03528920433369,0,0,0,0,0,0,0,5.438140169535841,8.118780298473693,0.7314138358449584,0,0,0,0,0,0,KCP109C,/Users/lopezama/PycharmProjects/sci-cluster/review_outputs/rmelts_parity_audit_v2/2026-02-26/kcp109c_phase7_parity_20260225_222731/runs/kcp109c_phase7_parity_liam_exact/runs/20260225_222731/parallel-results/Parallel_MELTS_KCP109C_dP25.0_02-25_11cores.xlsx,feldspar,feldspar
435,800,175,0,2.557429076333558,2.598164707737818,-41.92551341266829,-36.0650274724174,5.461012850254762,3.091695892467591,0.09843213822114731,2.876235716552816e-05,1.729584273341756e-06,-7.0982136339565e-10,8.463086162405827e-13,4.223859557361022e-12,Success,61.75107240656336,0,23.98272452339645,0,0,0,0,0,0,0,5.377344644033569,8.147429168849495,0.7414292571571248,0,0,0,0,0,0,KCP109C,/Users/lopezama/PycharmProjects/sci-cluster/review_outputs/rmelts_parity_audit_v2/2026-02-26/kcp109c_phase7_parity_20260225_222731/runs/kcp109c_phase7_parity_liam_exact/runs/20260225_222731/parallel-results/Parallel_MELTS_KCP109C_dP25.0_02-25_11cores.xlsx,feldspar,feldspar
436,799,175,0,2.765520291521232,2.597656930655551,-45.32877234419364,-38.99943546110705,5.903406130752781,3.343676194377421,0.1064621066348172,2.881160364521063e-05,1.731461803453995e-06,-8.040984236737268e-10,9.16069463164482e-13,4.675010074795902e-12,Success,61.82535790301687,0,23.93039886614033,0,0,0,0,0,0,0,5.31684208021777,8.175790049565995,0.7516111010590433,0,0,0,0,0,0,KCP109C,/Users/lopezama/PycharmProjects/sci-cluster/review_outputs/rmelts_parity_audit_v2/2026-02-26/kcp109c_phase7_parity_20260225_222731/runs/kcp109c_phase7_parity_liam_exact/runs/20260225_222731/parallel-results/Parallel_MELTS_KCP109C_dP25.0_02-25_11cores.xlsx,feldspar,feldspar
437,798,175,0,2.975615591671363,2.597151280197633,-48.76363218768783,-41.96207944082065,6.349766836453521,3.598152947947894,0.1145722859642173,2.886091259779416e-05,1.733328279849685e-06,-9.055062417829863e-10,9.866154063058186e-13,5.148775935622993e-12,Success,61.89920842175746,0,23.87832964858891,0,0,0,0,0,0,0,5.256652577042265,8.203853870351075,0.7619554822602987,0,0,0,0,0,0,KCP109C,/Users/lopezama/PycharmProjects/sci-cluster/review_outputs/rmelts_parity_audit_v2/2026-02-26/kcp109c_phase7_parity_20260225_222731/runs/kcp109c_phase7_parity_liam_exact/runs/20260225_222731/parallel-results/Parallel_MELTS_KCP109C_dP25.0_02-25_11cores.xlsx,feldspar,feldspar
438,797,175,0,3.187746286360377,2.596647782781786,-52.2305831344483,-44.95339815632654,6.800154163548814,3.85516737724884,0.1227639076619529,2.891028571464641e-05,1.735183491545245e-06,-1.014386455026198e-09,1.057955271004152e-12,5.646176268114147e-12,Success,61.97261489595984,0,23.82652176091709,0,0,0,0,0,0,0,5.196782284553533,8.23161324563893,0.7724678129305943,0,0,0,0,0,0,KCP109C,/Users/lopezama/PycharmProjects/sci-cluster/review_outputs/rmelts_parity_audit_v2/2026-02-26/kcp109c_phase7_parity_20260225_222731/runs/kcp109c_phase7_parity_liam_exact/runs/20260225_222731/parallel-results/Parallel_MELTS_KCP109C_dP25.0_02-25_11cores.xlsx,feldspar,feldspar
439,796,175,0,3.401941124630467,2.596146508351735,-55.73007339512532,-47.97379473980811,7.25462157350905,4.114757752028706,0.1310381025757411,2.895972344889941e-05,1.737027135046852e-06,-1.131095814112813e-09,1.130096788416869e-12,6.168271305306876e-12,Success,62.04556404203782,0,23.77498365720716,0,0,0,0,0,0,0,5.13724127697347,8.259060736821032,0.7831502869605279,0,0,0,0,0,0,KCP109C,/Users/lopezama/PycharmProjects/sci-cluster/review_outputs/rmelts_parity_audit_v2/2026-02-26/kcp109c_phase7_parity_20260225_222731/runs/kcp109c_phase7_parity_liam_exact/runs/20260225_222731/parallel-results/Parallel_MELTS_KCP109C_dP25.0_02-25_11cores.xlsx,feldspar,feldspar
440,795,175,0,3.618191197851283,2.595647668007151,-59.26193524420357,-51.02314291813687,7.713141717985947,4.376916870430128,0.13939454273581,2.900921897764631e-05,1.73885853925248e-06,-1.255993474090121e-09,1.203034622561296e-12,6.716095796060193e-12,Success,62.11802668618277,0,23.7237358561809,0,0,0,0,0,0,0,5.078053289710416,8.28618512483078,0.7939990430951481,0,0,0,0,0,0,KCP109C,/Users/lopezama/PycharmProjects/sci-cluster/review_outputs/rmelts_parity_audit_v2/2026-02-26/kcp109c_phase7_parity_20260225_222731/runs/kcp109c_phase7_parity_liam_exact/runs/20260225_222731/parallel-results/Parallel_MELTS_KCP109C_dP25.0_02-25_11cores.xlsx,feldspar,feldspar
441,794,175,0,3.836543749747864,2.595151219548632,-62.82691795119986,-54.10210513948062,8.175807348282097,4.641705653370529,0.1478350749215741,2.905877778996616e-05,1.740677662231252e-06,-1.389475367984706e-09,1.276782528548355e-12,7.290837601534078e-12,Success,62.19000103035533,0,23.67277750241732,0,0,0,0,0,0,0,5.019218036577693,8.312980158739789,0.8050232719098779,0,0,0,0,0,0,KCP109C,/Users/lopezama/PycharmProjects/sci-cluster/review_outputs/rmelts_parity_audit_v2/2026-02-26/kcp109c_phase7_parity_20260225_222731/runs/kcp109c_phase7_parity_liam_exact/runs/20260225_222731/parallel-results/Parallel_MELTS_KCP109C_dP25.0_02-25_11cores.xlsx,feldspar,feldspar
442,793,175,0,4.056978206332097,2.59465741786631,-66.42466322289611,-57.2103916888429,8.64256580598716,4.909103064018427,0.1563589157626949,2.91083924954685e-05,1.742483754910997e-06,-1.53192950916318e-09,1.351330690475864e-12,7.89360370013745e-12,Success,62.26145410055334,0,23.62213249839837,0,0,0,0,0,0,0,4.96076293133626,8.339435022529308,0.8162154471827309,0,0,0,0,0,0,KCP109C,/Users/lopezama/PycharmProjects/sci-cluster/review_outputs/rmelts_parity_audit_v2/2026-02-26/kcp109c_phase7_parity_20260225_222731/runs/kcp109c_phase7_parity_liam_exact/runs/20260225_222731/parallel-results/Parallel_MELTS_KCP109C_dP25.0_02-25_11cores.xlsx,feldspar,feldspar
443,792,175,0,4.279546236816533,2.594166216470494,-70.05599192099811,-60.34872726280193,9.113518901747351,5.17917568254039,0.1649680814454169,2.915806925243898e-05,1.744276787314621e-06,-1.683789729356647e-09,1.426693954756112e-12,8.525693813917702e-12,Success,62.33238453242618,0,23.57179963287681,0,0,0,0,0,0,0,4.902687293044647,8.365543498830988,0.8275850428213628,0,0,0,0,0,0,KCP109C,/Users/lopezama/PycharmProjects/sci-cluster/review_outputs/rmelts_parity_audit_v2/2026-02-26/kcp109c_phase7_parity_20260225_222731/runs/kcp109c_phase7_parity_liam_exact/runs/20260225_222731/parallel-results/Parallel_MELTS_KCP109C_dP25.0_02-25_11cores.xlsx,feldspar,feldspar
444,791,175,0,4.504201188427598,2.593677896965096,-73.72011905262292,-63.51645503521148,9.588558020402607,5.451871162174257,0.1736607769876913,2.920779936759702e-05,1.746055936471129e-06,-1.845468543195324e-09,1.502853176874001e-12,9.188261813619457e-12,Success,62.40275610429807,0,23.52180507656024,0,0,0,0,0,0,0,4.845021164567124,8.391293480874769,0.8391241736997889,0,0,0,0,0,0,KCP109C,/Users/lopezama/PycharmProjects/sci-cluster/review_outputs/rmelts_parity_audit_v2/2026-02-26/kcp109c_phase7_parity_20260225_222731/runs/kcp109c_phase7_parity_liam_exact/runs/20260225_222731/parallel-results/Parallel_MELTS_KCP109C_dP25.0_02-25_11cores.xlsx,feldspar,feldspar
445,790,175,0,4.730981383104582,2.593192468173892,-77.41764744981099,-66.71411257794848,10.06775607568311,5.727240242976659,0.1824384977655016,2.925758768206222e-05,1.747821059496006e-06,-2.017432480374892e-09,1.579818097847437e-12,9.882688841160033e-12,Success,62.47256219568988,0,23.47215202971251,0,0,0,0,0,0,0,4.787768730939568,8.416678604287778,0.8508384393702662,0,0,0,0,0,0,KCP109C,/Users/lopezama/PycharmProjects/sci-cluster/review_outputs/rmelts_parity_audit_v2/2026-02-26/kcp109c_phase7_parity_20260225_222731/runs/kcp109c_phase7_parity_liam_exact/runs/20260225_222731/parallel-results/Parallel_MELTS_KCP109C_dP25.0_02-25_11cores.xlsx,feldspar,feldspar
446,789,175,0,4.959910163220496,2.592709990539368,-81.14893475291474,-69.94202680530168,10.5511537425157,6.005315687380106,0.1913021580245723,2.93074364861711e-05,1.7495718782313e-06,-2.200163115869145e-09,1.657593094372528e-12,1.061038579096779e-11,Success,62.54179031907731,0,23.42284810928942,0,0,0,0,0,0,0,4.730939189997366,8.441691009586375,0.8627313720495192,0,0,0,0,0,0,KCP109C,/Users/lopezama/PycharmProjects/sci-cluster/review_outputs/rmelts_parity_audit_v2/2026-02-26/kcp109c_phase7_parity_20260225_222731/runs/kcp109c_phase7_parity_liam_exact/runs/20260225_222731/parallel-results/Parallel_MELTS_KCP109C_dP25.0_02-25_11cores.xlsx,feldspar,feldspar
447,788,175,0,5.190968211628185,2.592230633821663,-84.9136421173205,-73.19992513124852,11.03870045334965,6.286078748935838,0.2002510171703073,2.935734361134399e-05,1.751307860801559e-06,-2.394143714656213e-09,1.736167631830833e-12,1.137273100431971e-11,Success,62.61041668206532,0,23.37390990844878,0,0,0,0,0,0,0,4.674551782849497,8.466321178286856,0.8748004483495463,0,0,0,0,0,0,KCP109C,/Users/lopezama/PycharmProjects/sci-cluster/review_outputs/rmelts_parity_audit_v2/2026-02-26/kcp109c_phase7_parity_20260225_222731/runs/kcp109c_phase7_parity_liam_exact/runs/20260225_222731/parallel-results/Parallel_MELTS_KCP109C_dP25.0_02-25_11cores.xlsx,feldspar,feldspar
448,787,175,0,5.424140168230512,2.591754540495001,-88.71149546163252,-76.48759063587548,11.53035403080418,6.569515648426158,0.2092844859912757,2.940730879841064e-05,1.753028553057127e-06,-2.599879877093276e-09,1.815532252030566e-12,1.217116942308257e-11,Success,62.67842073461279,0,23.32535160222949,0,0,0,0,0,0,0,4.618622999079474,8.4905604777261,0.8870441863521487,0,0,0,0,0,0,KCP109C,/Users/lopezama/PycharmProjects/sci-cluster/review_outputs/rmelts_parity_audit_v2/2026-02-26/kcp109c_phase7_parity_20260225_222731/runs/kcp109c_phase7_parity_liam_exact/runs/20260225_222731/parallel-results/Parallel_MELTS_KCP109C_dP25.0_02-25_11cores.xlsx,feldspar,feldspar
449,786,175,0,5.659436244364138,2.591281787565879,-92.54263794916066,-79.80516581655309,12.02612673616351,6.855643769103859,0.2184029645683703,2.945733493077939e-05,1.754733655677316e-06,-2.817911771216179e-09,1.895685988470407e-12,1.30072662836661e-11,Success,62.74578872542361,0,23.27718194748655,0,0,0,0,0,0,0,4.563163271832585,8.514401220779526,0.8994648344777351,0,0,0,0,0,0,KCP109C,/Users/lopezama/PycharmProjects/sci-cluster/review_outputs/rmelts_parity_audit_v2/2026-02-26/kcp109c_phase7_parity_20260225_222731/runs/kcp109c_phase7_parity_liam_exact/runs/20260225_222731/parallel-results/Parallel_MELTS_KCP109C_dP25.0_02-25_11cores.xlsx,feldspar,feldspar
450,785,175,0,5.896850315930449,2.590812484679664,-96.40694610208382,-83.15256358094543,12.52599586177612,7.144460893252246,0.2276062181574501,2.950742393358681e-05,1.756422799016602e-06,-3.048795204241101e-09,1.976621976806244e-12,1.388261659172499e-11,Success,62.8125036765623,0,23.22941230853083,0,0,0,0,0,0,0,4.508185938317824,8.53783536603786,0.9120627105511689,0,0,0,0,0,0,KCP109C,/Users/lopezama/PycharmProjects/sci-cluster/review_outputs/rmelts_parity_audit_v2/2026-02-26/kcp109c_phase7_parity_20260225_222731/runs/kcp109c_phase7_parity_liam_exact/runs/20260225_222731/parallel-results/Parallel_MELTS_KCP109C_dP25.0_02-25_11cores.xlsx,feldspar,feldspar
451,784,175,0,6.136370265337045,2.590346747745882,-100.3041987443161,-86.52961265254676,13.02992583055318,7.435957737051451,0.2368937776642031,2.955757801242549e-05,1.75809560704395e-06,-3.293106962716211e-09,2.058330984497537e-12,1.479886921688235e-11,Success,62.87854819081846,0,23.18205445748887,0,0,0,0,0,0,0,4.453704770027563,8.560855006993958,0.9248375746711628,0,0,0,0,0,0,KCP109C,/Users/lopezama/PycharmProjects/sci-cluster/review_outputs/rmelts_parity_audit_v2/2026-02-26/kcp109c_phase7_parity_20260225_222731/runs/kcp109c_phase7_parity_liam_exact/runs/20260225_222731/parallel-results/Parallel_MELTS_KCP109C_dP25.0_02-25_11cores.xlsx,feldspar,feldspar
452,783,175,0,6.377966635746855,2.589884720833576,-104.2338922827557,-89.93589827336656,13.53784406513201,7.730104209358903,0.2462644991277469,2.960779908130266e-05,1.759751656296702e-06,-3.551439047219007e-09,2.140797480449248e-12,1.575770039239223e-11,Success,62.94390251755163,0,23.1351222528725,0,0,0,0,0,0,0,4.39973580887955,8.583452462748635,0.9377869579476836,0,0,0,0,0,0,KCP109C,/Users/lopezama/PycharmProjects/sci-cluster/review_outputs/rmelts_parity_audit_v2/2026-02-26/kcp109c_phase7_parity_20260225_222731/runs/kcp109c_phase7_parity_liam_exact/runs/20260225_222731/parallel-results/Parallel_MELTS_KCP109C_dP25.0_02-25_11cores.xlsx,feldspar,feldspar
453,782,175,0,6.621634274505772,2.589426491283962,-108.1959194302142,-93.37134714191845,14.04972969558429,8.026899877091191,0.2557181791718849,2.965809152162714e-05,1.761390648408609e-06,-3.824422323575058e-09,2.224013974126586e-12,1.67609174639818e-11,Success,63.00855249254206,0,23.08862496075036,0,0,0,0,0,0,0,4.346290004474843,8.605620461137732,0.9509120810949926,0,0,0,0,0,0,KCP109C,/Users/lopezama/PycharmProjects/sci-cluster/review_outputs/rmelts_parity_audit_v2/2026-02-26/kcp109c_phase7_parity_20260225_222731/runs/kcp109c_phase7_parity_liam_exact/runs/20260225_222731/parallel-results/Parallel_MELTS_KCP109C_dP25.0_02-25_11cores.xlsx,feldspar,feldspar
454,781,175,0,6.867333038502096,2.588972204047022,-112.1896029595407,-96.83539449012818,14.5654873304677,8.326302128643656,0.2652532548540784,2.970845867358113e-05,1.763012182456831e-06,-4.112694583639101e-09,2.307960588489165e-12,1.781031577932036e-11,Success,63.07247900049507,0,23.04257619157429,0,0,0,0,0,0,0,4.29338304583111,8.627352086903427,0.9642096751961005,0,0,0,0,0,0,KCP109C,/Users/lopezama/PycharmProjects/sci-cluster/review_outputs/rmelts_parity_audit_v2/2026-02-26/kcp109c_phase7_parity_20260225_222731/runs/kcp109c_phase7_parity_liam_exact/runs/20260225_222731/parallel-results/Parallel_MELTS_KCP109C_dP25.0_02-25_11cores.xlsx,feldspar,feldspar
455,780,175,0,7.11507517312239,2.588521901246982,-116.2151190647365,-100.3282112558958,15.08513299040087,8.628332053248668,0.2748701940553336,2.975890714807322e-05,1.764616057025945e-06,-4.416952038650323e-09,2.392635167402922e-12,1.890790200304734e-11,Success,63.13567218598971,0,22.99698156749856,0,0,0,0,0,0,0,4.241021870891838,8.648640116263763,0.9776842593561341,0,0,0,0,0,0,KCP109C,/Users/lopezama/PycharmProjects/sci-cluster/review_outputs/rmelts_parity_audit_v2/2026-02-26/kcp109c_phase7_parity_20260225_222731/runs/kcp109c_phase7_parity_liam_exact/runs/20260225_222731/parallel-results/Parallel_MELTS_KCP109C_dP25.0_02-25_11cores.xlsx,feldspar,feldspar
456,779,175,0,7.364794797598528,2.588075768796033,-120.2713723405675,-103.8488717353852,15.60851647120879,8.932916318825477,0.2845664290974222,2.980944076791165e-05,1.76620182034822e-06,-4.737873243294627e-09,2.47800819134132e-12,2.005556256291176e-11,Success,63.19811008664376,0,22.95185750008393,0,0,0,0,0,0,0,4.189225143941676,8.669478633499258,0.9913286358313754,0,0,0,0,0,0,KCP109C,/Users/lopezama/PycharmProjects/sci-cluster/review_outputs/rmelts_parity_audit_v2/2026-02-26/kcp109c_phase7_parity_20260225_222731/runs/kcp109c_phase7_parity_liam_exact/runs/20260225_222731/parallel-results/Parallel_MELTS_KCP109C_dP25.0_02-25_11cores.xlsx,feldspar,feldspar
457,778,175,0,7.616469242059599,2.587633875600019,-124.3579704859034,-107.3970559916341,16.13557959783984,9.240034175763041,0.2943410701907548,2.986006696966886e-05,1.767769244834289e-06,-5.076191640491263e-09,2.564064837359337e-12,2.125537663262698e-11,Success,63.25978118986276,0,22.90721135023886,0,0,0,0,0,0,0,4.138001624089648,8.68986128073221,1.005144555076522,0,0,0,0,0,0,KCP109C,/Users/lopezama/PycharmProjects/sci-cluster/review_outputs/rmelts_parity_audit_v2/2026-02-26/kcp109c_phase7_parity_20260225_222731/runs/kcp109c_phase7_parity_liam_exact/runs/20260225_222731/parallel-results/Parallel_MELTS_KCP109C_dP25.0_02-25_11cores.xlsx,feldspar,feldspar
458,777,175,0,7.870061024433382,2.587196340591056,-128.4742814463966,-110.9722372662557,16.66623261452256,9.549647195612302,0.3041926467256611,2.991079282456407e-05,1.769318025840972e-06,-5.432662466027171e-09,2.650784629412685e-12,2.250947097225732e-11,Success,63.32067007340186,0,22.8630540962337,0,0,0,0,0,0,0,4.087363967061262,8.709782471747943,1.019129391555226,0,0,0,0,0,0,KCP109C,/Users/lopezama/PycharmProjects/sci-cluster/review_outputs/rmelts_parity_audit_v2/2026-02-26/kcp109c_phase7_parity_20260225_222731/runs/kcp109c_phase7_parity_liam_exact/runs/20260225_222731/parallel-results/Parallel_MELTS_KCP109C_dP25.0_02-25_11cores.xlsx,feldspar,feldspar
459,776,175,0,8.371053243392286,2.586320070578117,-136.6170463750097,-118.0238138530597,17.72218702945241,10.16014326035299,0.3236665615606159,2.998345993210939e-05,1.77191889512088e-06,-5.993995327939404e-09,2.82348320648183e-12,2.456856481311906e-11,Success,63.42804508334007,0,22.78310791267002,0,0,0,0,0,0,0,3.996353264871877,8.739466800480466,1.053026938637571,0,0,0,0,0,0,KCP109C,/Users/lopezama/PycharmProjects/sci-cluster/review_outputs/rmelts_parity_audit_v2/2026-02-26/kcp109c_phase7_parity_20260225_222731/runs/kcp109c_phase7_parity_liam_exact/runs/20260225_222731/parallel-results/Parallel_MELTS_KCP109C_dP25.0_02-25_11cores.xlsx,feldspar,feldspar
460,775,175,0,8.962299143816653,2.58530274410632,-146.2239430306309,-126.3414524406331,18.96912711920785,10.88065330000227,0.3466634290412558,3.006189893943052e-05,1.774806485182834e-06,-6.656885905872572e-09,3.027942435267788e-12,2.699895847390133e-11,Success,63.54865274678669,0,22.69239519960318,0,0,0,0,0,0,0,3.893372432501883,8.770412151126655,1.095167469981602,0,0,0,0,0,0,KCP109C,/Users/lopezama/PycharmProjects/sci-cluster/review_outputs/rmelts_parity_audit_v2/2026-02-26/kcp109c_phase7_parity_20260225_222731/runs/kcp109c_phase7_parity_liam_exact/runs/20260225_222731/parallel-results/Parallel_MELTS_KCP109C_dP25.0_02-25_11cores.xlsx,feldspar,feldspar
461,774,175,0,9.570251395021518,2.584279939995868,-156.0965723407497,-134.8911183516932,20.25063647906845,11.62180066612071,0.3703256464946603,3.013906948331262e-05,1.777642327853052e-06,-7.369785812609362e-09,3.238661046788075e-12,2.958834169328784e-11,Success,63.66766967812067,0,22.60217345824577,0,0,0,0,0,0,0,3.791167829322342,8.79909936904262,1.13988966526861,0,0,0,0,0,0,KCP109C,/Users/lopezama/PycharmProjects/sci-cluster/review_outputs/rmelts_parity_audit_v2/2026-02-26/kcp109c_phase7_parity_20260225_222731/runs/kcp109c_phase7_parity_liam_exact/runs/20260225_222731/parallel-results/Parallel_MELTS_KCP109C_dP25.0_02-25_11cores.xlsx,feldspar,feldspar
462,773,175,0,10.19618326911968,2.583250421924869,-166.2551034644367,-143.6903325632107,21.56934560170722,12.38513075209453,0.3947036331662398,3.0214834311985e-05,1.780423671755639e-06,-8.136044516832591e-09,3.456092424276647e-12,3.234739032857986e-11,Success,63.78503301426089,0,22.51242638816194,0,0,0,0,0,0,0,3.689740675425294,8.825345591067784,1.187454331084104,0,0,0,0,0,0,KCP109C,/Users/lopezama/PycharmProjects/sci-cluster/review_outputs/rmelts_parity_audit_v2/2026-02-26/kcp109c_phase7_parity_20260225_222731/runs/kcp109c_phase7_parity_liam_exact/runs/20260225_222731/parallel-results/Parallel_MELTS_KCP109C_dP25.0_02-25_11cores.xlsx,feldspar,feldspar
463,772,175,0,10.84153761254139,2.582212640725806,-176.7223760113118,-152.7589292226235,22.92823689297065,13.17239155342872,0.4198545635457065,3.028904064737874e-05,1.783147710015065e-06,-8.959280254533628e-09,3.680753208731937e-12,3.528768367410511e-11,Success,63.90068633900612,0,22.42312343713801,0,0,0,0,0,0,0,3.589078928761365,8.848944950463995,1.238166344630515,0,0,0,0,0,0,KCP109C,/Users/lopezama/PycharmProjects/sci-cluster/review_outputs/rmelts_parity_audit_v2/2026-02-26/kcp109c_phase7_parity_20260225_222731/runs/kcp109c_phase7_parity_liam_exact/runs/20260225_222731/parallel-results/Parallel_MELTS_KCP109C_dP25.0_02-25_11cores.xlsx,feldspar,feldspar
464,771,175,0,11.50795846455781,2.581164644371623,-187.5243956355154,-162.1194841335802,24.33071062772129,13.98557138274185,0.4458436423128438,3.036152131023789e-05,1.785811703893674e-06,-9.843415065931125e-09,3.913235898461831e-12,3.842182963821539e-11,Success,64.01458626047372,0,22.33421401765276,0,0,0,0,0,0,0,3.489150978925946,8.869668071110176,1.292380671837394,0,0,0,0,0,0,KCP109C,/Users/lopezama/PycharmProjects/sci-cluster/review_outputs/rmelts_parity_audit_v2/2026-02-26/kcp109c_phase7_parity_20260225_222731/runs/kcp109c_phase7_parity_liam_exact/runs/20260225_222731/parallel-results/Parallel_MELTS_KCP109C_dP25.0_02-25_11cores.xlsx,feldspar,feldspar
465,770,175,0,12.19738998148092,2.580104047722497,-198.6919157644253,-171.7986826817272,25.78079191170797,14.82701715635267,0.4727479882932537,3.043208073927303e-05,1.788412656386166e-06,-1.079274763052871e-08,4.154244307050143e-12,4.176375576461356e-11,Success,64.12669236066245,0,22.24563015235583,0,0,0,0,0,0,0,3.389910174818505,8.8872466031369,1.35052070902632,0,0,0,0,0,0,KCP109C,/Users/lopezama/PycharmProjects/sci-cluster/review_outputs/rmelts_parity_audit_v2/2026-02-26/kcp109c_phase7_parity_20260225_222731/runs/kcp109c_phase7_parity_liam_exact/runs/20260225_222731/parallel-results/Parallel_MELTS_KCP109C_dP25.0_02-25_11cores.xlsx,feldspar,feldspar
466,769,175,0,12.91216416706675,2.579027726101091,-210.2618208456969,-181.8285142092306,27.28331491288806,15.69953928139327,0.5006601532968794,3.050049610762174e-05,1.790947671548179e-06,-1.181203352626494e-08,4.404628110924578e-12,4.532901000395834e-11,Success,64.2369873583501,0,22.15726686360211,0,0,0,0,0,0,0,3.291273941110337,8.901366739046294,1.413105097891152,0,0,0,0,0,0,KCP109C,/Users/lopezama/PycharmProjects/sci-cluster/review_outputs/rmelts_parity_audit_v2/2026-02-26/kcp109c_phase7_parity_20260225_222731/runs/kcp109c_phase7_parity_liam_exact/runs/20260225_222731/parallel-results/Parallel_MELTS_KCP109C_dP25.0_02-25_11cores.xlsx,feldspar,feldspar
467,768,175,0,13.65512825654541,2.577931773186829,-222.2791531821252,-192.2480263004607,28.84418852390575,16.60656405371237,0.5296931593990557,3.056650622026354e-05,1.793413703485406e-06,-1.290659724070403e-08,4.665429794821076e-12,4.913518736569153e-11,Success,64.34546999531322,0,22.06898388433544,0,0,0,0,0,0,0,3.193126849630696,8.91165784411783,1.480761426602813,0,0,0,0,0,0,KCP109C,/Users/lopezama/PycharmProjects/sci-cluster/review_outputs/rmelts_parity_audit_v2/2026-02-26/kcp109c_phase7_parity_20260225_222731/runs/kcp109c_phase7_parity_liam_exact/runs/20260225_222731/parallel-results/Parallel_MELTS_KCP109C_dP25.0_02-25_11cores.xlsx,feldspar,feldspar
468,767,175,0,14.42987094082079,2.576811085743687,-234.8007064282266,-203.1064303528857,30.47087061994991,17.55240435536038,0.5599894777174251,3.062979770687279e-05,1.795807644128143e-06,-1.408251793052876e-08,4.937969860769882e-12,5.320264924127542e-11,Success,64.4521690596884,0,21.98058420103746,0,0,0,0,0,0,0,3.095299644947461,8.917667445506583,1.554279648820102,0,0,0,0,0,0,KCP109C,/Users/lopezama/PycharmProjects/sci-cluster/review_outputs/rmelts_parity_audit_v2/2026-02-26/kcp109c_phase7_parity_20260225_222731/runs/kcp109c_phase7_parity_liam_exact/runs/20260225_222731/parallel-results/Parallel_MELTS_KCP109C_dP25.0_02-25_11cores.xlsx,feldspar,feldspar
469,766,175,0,15.24101948411207,2.575658990349859,-247.8997445068114,-214.4671826361867,32.17298933804041,18.54261513238586,0.5917328163866072,3.068998549813881e-05,1.798126206189884e-06,-1.534688264635847e-08,5.223958284786405e-12,5.75554954090583e-11,Success,64.55714957255206,0,21.89179789748453,0,0,0,0,0,0,0,2.997554471759382,8.918832654287186,1.634665403916835,0,0,0,0,0,0,KCP109C,/Users/lopezama/PycharmProjects/sci-cluster/review_outputs/rmelts_parity_audit_v2/2026-02-26/kcp109c_phase7_parity_20260225_222731/runs/kcp109c_phase7_parity_liam_exact/runs/20260225_222731/parallel-results/Parallel_MELTS_KCP109C_dP25.0_02-25_11cores.xlsx,feldspar,feldspar
470,765,175,0,16.09474280233583,2.574466492039443,-261.6739944560979,-226.4148944415293,33.96339644036848,19.58459554167658,0.6251680824785519,3.074658232228405e-05,1.800365921784539e-06,-1.670820664905979e-08,5.525683616150464e-12,6.2223186450676e-11,Success,64.66053290533323,0,21.80224601092493,0,0,0,0,0,0,0,2.899550361787958,8.914430223834309,1.723240498119571,0,0,0,0,0,0,KCP109C,/Users/lopezama/PycharmProjects/sci-cluster/review_outputs/rmelts_parity_audit_v2/2026-02-26/kcp109c_phase7_parity_20260225_222731/runs/kcp109c_phase7_parity_liam_exact/runs/20260225_222731/parallel-results/Parallel_MELTS_KCP109C_dP25.0_02-25_11cores.xlsx,feldspar,feldspar
471,764,175,0,16.99952472553002,2.573221278712594,-276.2579281226169,-239.0659526255758,35.85978450276345,20.6885139627864,0.6606320593631587,3.079894767725731e-05,1.802522858519155e-06,-1.817707527366712e-08,5.846303204416968e-12,6.724302563949783e-11,Success,64.76251408952047,0,21.71139668016861,0,0,0,0,0,0,0,2.800803016552682,8.903500136661592,1.821786077096661,0,0,0,0,0,0,KCP109C,/Users/lopezama/PycharmProjects/sci-cluster/review_outputs/rmelts_parity_audit_v2/2026-02-26/kcp109c_phase7_parity_20260225_222731/runs/kcp109c_phase7_parity_liam_exact/runs/20260225_222731/parallel-results/Parallel_MELTS_KCP109C_dP25.0_02-25_11cores.xlsx,feldspar,feldspar
472,763,175,0,18.02950898401868,2.571820426758908,-292.8447322340235,-253.4517011398394,38.01865665606724,21.94422964739687,0.7010407412752399,3.084739909129648e-05,1.804710594428496e-06,-1.983277319546144e-08,6.212709327350554e-12,7.290648926229025e-11,Success,64.86962513797735,0,21.61278765603729,0,0,0,0,0,0,0,2.694456871093332,8.883655491888872,1.939474843003143,0,0,0,0,0,0,KCP109C,/Users/lopezama/PycharmProjects/sci-cluster/review_outputs/rmelts_parity_audit_v2/2026-02-26/kcp109c_phase7_parity_20260225_222731/runs/kcp109c_phase7_parity_liam_exact/runs/20260225_222731/parallel-results/Parallel_MELTS_KCP109C_dP25.0_02-25_11cores.xlsx,feldspar,feldspar
473,762,175,0,19.32071250415131,2.570082806514615,-313.6177780462629,-271.4595105947995,40.72672313332692,23.51627277876576,0.7517544748043683,3.08901111120724e-05,1.80706449675483e-06,-2.181830749586722e-08,6.674635386918296e-12,7.974062660212085e-11,Success,64.99122056311974,0,21.49594360750977,0,0,0,0,0,0,0,2.569686940634628,8.84827682032302,2.094872068412833,0,0,0,0,0,0,KCP109C,/Users/lopezama/PycharmProjects/sci-cluster/review_outputs/rmelts_parity_audit_v2/2026-02-26/kcp109c_phase7_parity_20260225_222731/runs/kcp109c_phase7_parity_liam_exact/runs/20260225_222731/parallel-results/Parallel_MELTS_KCP109C_dP25.0_02-25_11cores.xlsx,feldspar,feldspar
474,761,175,0,22.10598653171385,2.567577607382259,-358.5818663225651,-310.4018415486668,46.58901007967724,26.91226982252908,0.8609666351721972,3.098475488055158e-05,1.811430464774171e-06,-2.576016792223565e-08,7.666401576246063e-12,9.35118935177213e-11,Success,65.200821924948,0,21.31799263323697,0,0,0,0,0,0,0,2.373968359427115,8.848813357493896,2.258403724894022,0,0,0,0,0,0,KCP109C,/Users/lopezama/PycharmProjects/sci-cluster/review_outputs/rmelts_parity_audit_v2/2026-02-26/kcp109c_phase7_parity_20260225_222731/runs/kcp109c_phase7_parity_liam_exact/runs/20260225_222731/parallel-results/Parallel_MELTS_KCP109C_dP25.0_02-25_11cores.xlsx,feldspar,feldspar
475,760,175,0,24.95865404939727,2.565574691110356,-404.6574465189885,-350.3242668633935,52.58982689405696,30.39723060435594,0.9728289780795822,3.1093799897443e-05,1.815584885220086e-06,-3.013003297349439e-08,8.680307169313002e-12,1.085824159280249e-10,Success,65.39017777150063,0,21.16825131410902,0,0,0,0,0,0,0,2.206247007462286,8.87819976617029,2.357124140757759,0,0,0,0,0,0,KCP109C,/Users/lopezama/PycharmProjects/sci-cluster/review_outputs/rmelts_parity_audit_v2/2026-02-26/kcp109c_phase7_parity_20260225_222731/runs/kcp109c_phase7_parity_liam_exact/runs/20260225_222731/parallel-results/Parallel_MELTS_KCP109C_dP25.0_02-25_11cores.xlsx,feldspar,feldspar
476,759,175,0,26.51988260848847,2.564600415435877,-429.8378778714924,-372.1842908110272,55.85776007408342,32.30983845518767,1.034074643709405,3.116629185342724e-05,1.817778137291054e-06,-3.309840059726113e-08,9.231976903570009e-12,1.184947237976976e-10,Success,65.48627690470525,0,21.09265339528525,0,0,0,0,0,0,0,2.121454717996013,8.894153619428112,2.405461362585366,0,0,0,0,0,0,KCP109C,/Users/lopezama/PycharmProjects/sci-cluster/review_outputs/rmelts_parity_audit_v2/2026-02-26/kcp109c_phase7_parity_20260225_222731/runs/kcp109c_phase7_parity_liam_exact/runs/20260225_222731/parallel-results/Parallel_MELTS_KCP109C_dP25.0_02-25_11cores.xlsx,feldspar,feldspar
477,758,175,0,27.23392100240532,2.564262821374869,-441.3285380738679,-382.2086377827222,57.33394781665692,33.19086612215128,1.062056540202982,3.121960924252934e-05,1.818847402510526e-06,-3.511118725523159e-08,9.47839807955927e-12,1.249195630138676e-10,Success,65.52754876945043,0,21.0615995847606,0,0,0,0,0,0,0,2.086204861070449,8.90471168647563,2.419935098242901,0,0,0,0,0,0,KCP109C,/Users/lopezama/PycharmProjects/sci-cluster/review_outputs/rmelts_parity_audit_v2/2026-02-26/kcp109c_phase7_parity_20260225_222731/runs/kcp109c_phase7_parity_liam_exact/runs/20260225_222731/parallel-results/Parallel_MELTS_KCP109C_dP25.0_02-25_11cores.xlsx,feldspar,feldspar
478,757,175,0,27.59570237268689,2.564178116692844,-447.1293958231706,-387.3133945833817,58.06533149520834,33.64318472213972,1.076200681732614,3.126645329827066e-05,1.819485951764881e-06,-3.674260852535936e-08,9.597513539585027e-12,1.299391408895097e-10,Success,65.54749405015532,0,21.048025945949,0,0,0,0,0,0,0,2.070352550213159,8.913573464530891,2.420553989151636,0,0,0,0,0,0,KCP109C,/Users/lopezama/PycharmProjects/sci-cluster/review_outputs/rmelts_parity_audit_v2/2026-02-26/kcp109c_phase7_parity_20260225_222731/runs/kcp109c_phase7_parity_liam_exact/runs/20260225_222731/parallel-results/Parallel_MELTS_KCP109C_dP25.0_02-25_11cores.xlsx,feldspar,feldspar
506,824,150,0,0.07733983167366212,2.601812172417686,-1.273255641350544,-1.09018585724874,0.1668593939769444,0.09342856362260199,0.002972537083712523,2.816188919905772e-05,1.70870774641049e-06,-4.476215482435777e-12,2.536415967663789e-14,7.718171195494187e-14,Success,60.90971271140342,0,24.57312384395315,0,0,0,0,0,0,0,6.060748277750818,7.820332120474649,0.6360830464179658,0,0,0,0,0,0,KCP109C,/Users/lopezama/PycharmProjects/sci-cluster/review_outputs/rmelts_parity_audit_v2/2026-02-26/kcp109c_phase7_parity_20260225_222731/runs/kcp109c_phase7_parity_liam_exact/runs/20260225_222731/parallel-results/Parallel_MELTS_KCP109C_dP25.0_02-25_11cores.xlsx,feldspar,feldspar
507,823,150,0,0.2615976251648619,2.601306116887083,-4.30597471960443,-3.68750471287227,0.5642202314757653,0.3160364999330184,0.01005639526492596,2.820568305921674e-05,1.710606084876063e-06,-1.706557352408999e-11,8.589115267035394e-14,2.667644382973099e-13,Success,60.98498464475146,0,24.52059371006015,0,0,0,0,0,0,0,5.999846848967434,7.850355492474506,0.6442193037464498,0,0,0,0,0,0,KCP109C,/Users/lopezama/PycharmProjects/sci-cluster/review_outputs/rmelts_parity_audit_v2/2026-02-26/kcp109c_phase7_parity_20260225_222731/runs/kcp109c_phase7_parity_liam_exact/runs/20260225_222731/parallel-results/Parallel_MELTS_KCP109C_dP25.0_02-25_11cores.xlsx,feldspar,feldspar
508,822,150,0,0.4474115760639205,2.60080130033797,-7.363257809805835,-6.306775405933998,0.9646919635409186,0.5405530457370783,0.01720283575703304,2.824949276345957e-05,1.71249727244419e-06,-3.255643563468035e-11,1.470669785276413e-13,4.662260886659104e-13,Success,61.05999221906271,0,24.46821246028348,0,0,0,0,0,0,0,5.939129935158375,7.880180053075501,0.6524853324199339,0,0,0,0,0,0,KCP109C,/Users/lopezama/PycharmProjects/sci-cluster/review_outputs/rmelts_parity_audit_v2/2026-02-26/kcp109c_phase7_parity_20260225_222731/runs/kcp109c_phase7_parity_liam_exact/runs/20260225_222731/parallel-results/Parallel_MELTS_KCP109C_dP25.0_02-25_11cores.xlsx,feldspar,feldspar
509,821,150,0,0.6347904119993096,2.600297772228806,-10.44523167448621,-8.94811926943234,1.36828808212208,0.7669901490818543,0.02441221996876184,2.829331599216165e-05,1.714381059744743e-06,-5.108312866114145e-11,2.0889472349377e-13,6.759700744022027e-13,Success,61.134725110711,0,24.41598642967421,0,0,0,0,0,0,0,5.878605171662627,7.909799404367035,0.6608838835851263,0,0,0,0,0,0,KCP109C,/Users/lopezama/PycharmProjects/sci-cluster/review_outputs/rmelts_parity_audit_v2/2026-02-26/kcp109c_phase7_parity_20260225_222731/runs/kcp109c_phase7_parity_liam_exact/runs/20260225_222731/parallel-results/Parallel_MELTS_KCP109C_dP25.0_02-25_11cores.xlsx,feldspar,feldspar
510,820,150,0,0.8237643808112101,2.599795598514368,-13.55237700212324,-11.6119610453573,1.775068340818678,0.9953858103081913,0.03168573642027641,2.833715064082957e-05,1.716257178128381e-06,-7.278732393091693e-11,2.713844735929522e-13,8.964390102612662e-13,Success,61.20917192665438,0,24.36392321780194,0,0,0,0,0,0,0,5.818281486591383,7.939208080800606,0.6694152881516845,0,0,0,0,0,0,KCP109C,/Users/lopezama/PycharmProjects/sci-cluster/review_outputs/rmelts_parity_audit_v2/2026-02-26/kcp109c_phase7_parity_20260225_222731/runs/kcp109c_phase7_parity_liam_exact/runs/20260225_222731/parallel-results/Parallel_MELTS_KCP109C_dP25.0_02-25_11cores.xlsx,feldspar,feldspar
511,819,150,0,1.014358260869421,2.599294838505346,-16.68508401095207,-14.29864829719132,2.185080541831025,1.225771467580575,0.03902436329434257,2.838099363499231e-05,1.718125341589489e-06,-9.781644612785763e-11,3.34544456521247e-13,1.128087656148535e-12,Success,61.28332082524675,0,24.3120301243061,0,0,0,0,0,0,0,5.758167665285174,7.968398830395179,0.6780825547667911,0,0,0,0,0,0,KCP109C,/Users/lopezama/PycharmProjects/sci-cluster/review_outputs/rmelts_parity_audit_v2/2026-02-26/kcp109c_phase7_parity_20260225_222731/runs/kcp109c_phase7_parity_liam_exact/runs/20260225_222731/parallel-results/Parallel_MELTS_KCP109C_dP25.0_02-25_11cores.xlsx,feldspar,feldspar
512,818,150,0,1.206597601475847,2.59879556502323,-19.84375536650625,-17.00853959149698,2.598373986169887,1.458179552359108,0.04642910807280302,2.842484274209204e-05,1.719985264819858e-06,-1.263244819144322e-10,3.983830735317312e-13,1.371390457916988e-12,Success,61.35715963668731,0,24.2603153503321,0,0,0,0,0,0,0,5.698273313405926,7.997366033804857,0.6868856657698093,0,0,0,0,0,0,KCP109C,/Users/lopezama/PycharmProjects/sci-cluster/review_outputs/rmelts_parity_audit_v2/2026-02-26/kcp109c_phase7_parity_20260225_222731/runs/kcp109c_phase7_parity_liam_exact/runs/20260225_222731/parallel-results/Parallel_MELTS_KCP109C_dP25.0_02-25_11cores.xlsx,feldspar,feldspar
513,817,150,0,1.400505453577711,2.598297828386017,-23.02875195210958,-19.74195794330704,3.014992440308712,1.692639509720897,0.05390088227290179,2.846869409301265e-05,1.721836649258075e-06,-1.58471670797428e-10,4.629078475671451e-13,1.626837860014605e-12,Success,61.43067626401442,0,24.2087857371586,0,0,0,0,0,0,0,5.638606897715731,8.02610066798208,0.6958304331291528,0,0,0,0,0,0,KCP109C,/Users/lopezama/PycharmProjects/sci-cluster/review_outputs/rmelts_parity_audit_v2/2026-02-26/kcp109c_phase7_parity_20260225_222731/runs/kcp109c_phase7_parity_liam_exact/runs/20260225_222731/parallel-results/Parallel_MELTS_KCP109C_dP25.0_02-25_11cores.xlsx,feldspar,feldspar
514,816,150,0,1.596106815676315,2.597801708124326,-26.24046671457029,-22.49925422272598,3.434983695399446,1.929183221262522,0.06144067157568936,2.851254583604233e-05,1.723679205685663e-06,-1.944256091725798e-10,5.281268360892211e-13,1.894943276542902e-12,Success,61.50385819191153,0,24.15744998057706,0,0,0,0,0,0,0,5.579178512585298,8.05459764058763,0.7049156743384791,0,0,0,0,0,0,KCP109C,/Users/lopezama/PycharmProjects/sci-cluster/review_outputs/rmelts_parity_audit_v2/2026-02-26/kcp109c_phase7_parity_20260225_222731/runs/kcp109c_phase7_parity_liam_exact/runs/20260225_222731/parallel-results/Parallel_MELTS_KCP109C_dP25.0_02-25_11cores.xlsx,feldspar,feldspar
515,815,150,0,1.793425240884293,2.597307290392508,-29.47926850007634,-25.28075896998363,3.858392252991504,2.167840876583089,0.0690494054176111,2.855639505633251e-05,1.725512607492718e-06,-2.343609360104625e-10,5.940475186651982e-13,2.176239299020504e-12,Success,61.57669145732883,0,24.10631750112814,0,0,0,0,0,0,0,5.519999188116799,8.082850532932557,0.714141320493676,0,0,0,0,0,0,KCP109C,/Users/lopezama/PycharmProjects/sci-cluster/review_outputs/rmelts_parity_audit_v2/2026-02-26/kcp109c_phase7_parity_20260225_222731/runs/kcp109c_phase7_parity_liam_exact/runs/20260225_222731/parallel-results/Parallel_MELTS_KCP109C_dP25.0_02-25_11cores.xlsx,feldspar,feldspar
516,814,150,0,1.992480738285014,2.596814634714959,-32.74546714885682,-28.08675234825381,4.285254841193031,2.408638416627698,0.07672787697854763,2.860023802557169e-05,1.72733654035686e-06,-2.784591203027364e-10,6.606761407797997e-13,2.471275246567934e-12,Success,61.6491631299862,0,24.05539590932706,0,0,0,0,0,0,0,5.461078220142218,8.110850481770486,0.723512258774035,0,0,0,0,0,0,KCP109C,/Users/lopezama/PycharmProjects/sci-cluster/review_outputs/rmelts_parity_audit_v2/2026-02-26/kcp109c_phase7_parity_20260225_222731/runs/kcp109c_phase7_parity_liam_exact/runs/20260225_222731/parallel-results/Parallel_MELTS_KCP109C_dP25.0_02-25_11cores.xlsx,feldspar,feldspar
517,813,150,0,2.19330062574962,2.596323828160087,-36.03949295795449,-30.91761823539276,4.715623737570069,2.651610728264506,0.08447715966555398,2.864407356744787e-05,1.729150715994099e-06,-3.269108601881828e-10,7.280212312823528e-13,2.780633290755853e-12,Success,61.72126045953113,0,24.00469437384136,0,0,0,0,0,0,0,5.402426148001832,8.138593110932502,0.73302590769317,0,0,0,0,0,0,KCP109C,/Users/lopezama/PycharmProjects/sci-cluster/review_outputs/rmelts_parity_audit_v2/2026-02-26/kcp109c_phase7_parity_20260225_222731/runs/kcp109c_phase7_parity_liam_exact/runs/20260225_222731/parallel-results/Parallel_MELTS_KCP109C_dP25.0_02-25_11cores.xlsx,feldspar,feldspar
518,812,150,0,2.395892310622878,2.595834922536459,-39.3614474030795,-33.77345853696571,5.149508239518762,2.896768589206383,0.09229756059687295,2.868789529689478e-05,1.730954757636496e-06,-3.79911088427525e-10,7.960846684079701e-13,3.104890984426209e-12,Success,61.79296854706126,0,23.95422057809203,0,0,0,0,0,0,0,5.344052787022901,8.166065360429753,0.7426927273940506,0,0,0,0,0,0,KCP109C,/Users/lopezama/PycharmProjects/sci-cluster/review_outputs/rmelts_parity_audit_v2/2026-02-26/kcp109c_phase7_parity_20260225_222731/runs/kcp109c_phase7_parity_liam_exact/runs/20260225_222731/parallel-results/Parallel_MELTS_KCP109C_dP25.0_02-25_11cores.xlsx,feldspar,feldspar
519,811,150,0,2.600287665817625,2.595348027454868,-42.71183556431707,-36.65472195766746,5.586970074850909,3.144152561849688,0.100190326627123,2.873170356587666e-05,1.732748381908787e-06,-4.376680275741556e-10,8.648762318336239e-13,3.444684939891378e-12,Success,61.86427420107051,0,23.90398508376845,0,0,0,0,0,0,0,5.28596992873928,8.193265523791347,0.7525052626304141,0,0,0,0,0,0,KCP109C,/Users/lopezama/PycharmProjects/sci-cluster/review_outputs/rmelts_parity_audit_v2/2026-02-26/kcp109c_phase7_parity_20260225_222731/runs/kcp109c_phase7_parity_liam_exact/runs/20260225_222731/parallel-results/Parallel_MELTS_KCP109C_dP25.0_02-25_11cores.xlsx,feldspar,feldspar
520,810,150,0,2.806497535377567,2.594863230612803,-46.0908155910982,-39.56155968556269,6.028025578669167,3.393777754945453,0.1081558943942793,2.877549357849701e-05,1.734531201188076e-06,-5.003944495843599e-10,9.343986306908137e-13,3.800647094827112e-12,Success,61.93516122248906,0,23.85399794940799,0,0,0,0,0,0,0,5.228189651347344,8.2201838714439,0.7624673053117118,0,0,0,0,0,0,KCP109C,/Users/lopezama/PycharmProjects/sci-cluster/review_outputs/rmelts_parity_audit_v2/2026-02-26/kcp109c_phase7_parity_20260225_222731/runs/kcp109c_phase7_parity_liam_exact/runs/20260225_222731/parallel-results/Parallel_MELTS_KCP109C_dP25.0_02-25_11cores.xlsx,feldspar,feldspar
521,809,150,0,3.014542059385502,2.594380597029792,-49.49869817648425,-42.49425401262312,6.472710958611219,3.645670619608358,0.1161950587680442,2.88192634441305e-05,1.736302928329624e-06,-5.683139880743962e-10,1.004657580496471e-12,4.173448452471599e-12,Success,62.00561732252768,0,23.80426694221935,0,0,0,0,0,0,0,5.170721230270891,8.246813380887561,0.7725811240945185,0,0,0,0,0,0,KCP109C,/Users/lopezama/PycharmProjects/sci-cluster/review_outputs/rmelts_parity_audit_v2/2026-02-26/kcp109c_phase7_parity_20260225_222731/runs/kcp109c_phase7_parity_liam_exact/runs/20260225_222731/parallel-results/Parallel_MELTS_KCP109C_dP25.0_02-25_11cores.xlsx,feldspar,feldspar
522,808,150,0,3.224431810591741,2.593900237049691,-52.93563702563402,-45.45295286420829,6.921041632914701,3.899846101112245,0.1243082430286223,2.886300922134289e-05,1.738063163469357e-06,-6.4165771958913e-10,1.075655377515249e-12,4.563773426251634e-12,Success,62.07562527579279,0,23.75480365606434,0,0,0,0,0,0,0,5.113578249841281,8.273146061109838,0.7828467571917481,0,0,0,0,0,0,KCP109C,/Users/lopezama/PycharmProjects/sci-cluster/review_outputs/rmelts_parity_audit_v2/2026-02-26/kcp109c_phase7_parity_20260225_222731/runs/kcp109c_phase7_parity_liam_exact/runs/20260225_222731/parallel-results/Parallel_MELTS_KCP109C_dP25.0_02-25_11cores.xlsx,feldspar,feldspar
523,807,150,0,3.436198231233272,2.59342216226996,-56.40212732570398,-48.4380972790276,7.373077856479547,4.156344487728281,0.1324966787599922,2.890673190994184e-05,1.73981175581457e-06,-7.206710930452791e-10,1.147401372955963e-12,4.972365175262286e-12,Success,62.14517864220726,0,23.70561132878798,0,0,0,0,0,0,0,5.056764884005283,8.299176048393038,0.7932690966064387,0,0,0,0,0,0,KCP109C,/Users/lopezama/PycharmProjects/sci-cluster/review_outputs/rmelts_parity_audit_v2/2026-02-26/kcp109c_phase7_parity_20260225_222731/runs/kcp109c_phase7_parity_liam_exact/runs/20260225_222731/parallel-results/Parallel_MELTS_KCP109C_dP25.0_02-25_11cores.xlsx,feldspar,feldspar
524,806,150,0,3.649818004341496,2.592946608604257,-59.8977672681072,-51.44935903484742,7.828761741425915,4.415139848830716,0.1407594738831177,2.895042163953402e-05,1.741547990299276e-06,-8.055971795702767e-10,1.219885930449489e-12,5.3999141193598e-12,Success,62.21424642891231,0,23.65671214565413,0,0,0,0,0,0,0,5.000306667532432,8.324892439396681,0.8038423185044401,0,0,0,0,0,0,KCP109C,/Users/lopezama/PycharmProjects/sci-cluster/review_outputs/rmelts_parity_audit_v2/2026-02-26/kcp109c_phase7_parity_20260225_222731/runs/kcp109c_phase7_parity_liam_exact/runs/20260225_222731/parallel-results/Parallel_MELTS_KCP109C_dP25.0_02-25_11cores.xlsx,feldspar,feldspar
525,805,150,0,3.865344932546142,2.592473506467324,-63.42341784695618,-54.48749352370673,8.288201385010849,4.676299717757596,0.1490987245541157,2.89940840557814e-05,1.743271931960418e-06,-8.967075271354584e-10,1.293125787485785e-12,5.847257090270715e-12,Success,62.28283140656407,0,23.60810238178838,0,0,0,0,0,0,0,4.94419988087385,8.350291641779549,0.8145746889941351,0,0,0,0,0,0,KCP109C,/Users/lopezama/PycharmProjects/sci-cluster/review_outputs/rmelts_parity_audit_v2/2026-02-26/kcp109c_phase7_parity_20260225_222731/runs/kcp109c_phase7_parity_liam_exact/runs/20260225_222731/parallel-results/Parallel_MELTS_KCP109C_dP25.0_02-25_11cores.xlsx,feldspar,feldspar
526,804,150,0,4.082756519546126,2.592003058399517,-66.97869023267609,-57.55218387685741,8.751340440810175,4.939799319723345,0.1575135687558603,2.903771109494804e-05,1.7449829496043e-06,-9.942662451883081e-10,1.367111303378333e-12,6.315145405853172e-12,Success,62.35090616123089,0,23.55980137907349,0,0,0,0,0,0,0,4.888466877893835,8.375363273031589,0.8254623087702053,0,0,0,0,0,0,KCP109C,/Users/lopezama/PycharmProjects/sci-cluster/review_outputs/rmelts_parity_audit_v2/2026-02-26/kcp109c_phase7_parity_20260225_222731/runs/kcp109c_phase7_parity_liam_exact/runs/20260225_222731/parallel-results/Parallel_MELTS_KCP109C_dP25.0_02-25_11cores.xlsx,feldspar,feldspar
527,803,150,0,4.302062096579549,2.591535348014012,-70.56371686416975,-60.64356064369963,9.218190977531124,5.205652514375918,0.1660043765128026,2.908130122356309e-05,1.746680726518059e-06,-1.098556130603065e-09,1.441843596716511e-12,6.804410648837082e-12,Success,62.41845676837527,0,23.5118182870912,0,0,0,0,0,0,0,4.833118456164406,8.400100289754391,0.8365061986147253,0,0,0,0,0,0,KCP109C,/Users/lopezama/PycharmProjects/sci-cluster/review_outputs/rmelts_parity_audit_v2/2026-02-26/kcp109c_phase7_parity_20260225_222731/runs/kcp109c_phase7_parity_liam_exact/runs/20260225_222731/parallel-results/Parallel_MELTS_KCP109C_dP25.0_02-25_11cores.xlsx,feldspar,feldspar
528,802,150,0,4.52327549913179,2.591070440379481,-74.17870360074294,-63.76181757199374,9.688774616331866,5.473878705625424,0.1745716916314063,2.912485377217899e-05,1.748364988184354e-06,-1.209872987292464e-09,1.51732518377646e-12,7.315925387059671e-12,Success,62.48547115480532,0,23.46416073203557,0,0,0,0,0,0,0,4.778163724464592,8.424495780209352,0.8477086084851656,0,0,0,0,0,0,KCP109C,/Users/lopezama/PycharmProjects/sci-cluster/review_outputs/rmelts_parity_audit_v2/2026-02-26/kcp109c_phase7_parity_20260225_222731/runs/kcp109c_phase7_parity_liam_exact/runs/20260225_222731/parallel-results/Parallel_MELTS_KCP109C_dP25.0_02-25_11cores.xlsx,feldspar,feldspar
529,801,150,0,4.746381934142172,2.590608481703006,-77.82338782969437,-66.9067462741145,10.16305130156856,5.744462727737019,0.1832149461281008,2.916836471673903e-05,1.750035270771011e-06,-1.328516621512831e-09,1.593548525071318e-12,7.850549359335088e-12,Success,62.55192882879162,0,23.41684300510499,0,0,0,0,0,0,0,4.723619254604527,8.448541546317845,0.8590673651810258,0,0,0,0,0,0,KCP109C,/Users/lopezama/PycharmProjects/sci-cluster/review_outputs/rmelts_parity_audit_v2/2026-02-26/kcp109c_phase7_parity_20260225_222731/runs/kcp109c_phase7_parity_liam_exact/runs/20260225_222731/parallel-results/Parallel_MELTS_KCP109C_dP25.0_02-25_11cores.xlsx,feldspar,feldspar
530,800,150,0,4.97139514913463,2.590149529550737,-81.49797381833098,-70.07853934974986,10.64104222949367,6.017424075454497,0.1919346776090152,2.921183428701459e-05,1.751691326437063e-06,-1.454807299627714e-09,1.670515739542678e-12,8.409224861736213e-12,Success,62.61781873921401,0,23.36987200062033,0,0,0,0,0,0,0,4.669493313075869,8.472231035238583,0.8705849118512042,0,0,0,0,0,0,KCP109C,/Users/lopezama/PycharmProjects/sci-cluster/review_outputs/rmelts_parity_audit_v2/2026-02-26/kcp109c_phase7_parity_20260225_222731/runs/kcp109c_phase7_parity_liam_exact/runs/20260225_222731/parallel-results/Parallel_MELTS_KCP109C_dP25.0_02-25_11cores.xlsx,feldspar,feldspar
531,799,150,0,5.198311377348381,2.589693686248041,-85.2023792033835,-73.27714333436185,11.12273083898862,6.292761136816106,0.200730742981411,2.92552609203195e-05,1.753332802997124e-06,-1.589073210428611e-09,1.748222717554204e-12,8.992901877693533e-12,Success,62.68312517952106,0,23.32325827911991,0,0,0,0,0,0,0,4.615798277309434,8.495556931614152,0.8822613324354461,0,0,0,0,0,0,KCP109C,/Users/lopezama/PycharmProjects/sci-cluster/review_outputs/rmelts_parity_audit_v2/2026-02-26/kcp109c_phase7_parity_20260225_222731/runs/kcp109c_phase7_parity_liam_exact/runs/20260225_222731/parallel-results/Parallel_MELTS_KCP109C_dP25.0_02-25_11cores.xlsx,feldspar,feldspar
532,798,150,0,5.427128061088105,2.589241045261713,-88.93654138112888,-76.50252177570961,11.60810307185666,6.570473871389374,0.2096030445299675,2.929864374238265e-05,1.754959373802522e-06,-1.731656221841157e-09,1.826665568189697e-12,9.602570343340747e-12,Success,62.74783349160944,0,23.27701160837931,0,0,0,0,0,0,0,4.562545626059631,8.518512178101457,0.8940970958501536,0,0,0,0,0,0,KCP109C,/Users/lopezama/PycharmProjects/sci-cluster/review_outputs/rmelts_parity_audit_v2/2026-02-26/kcp109c_phase7_parity_20260225_222731/runs/kcp109c_phase7_parity_liam_exact/runs/20260225_222731/parallel-results/Parallel_MELTS_KCP109C_dP25.0_02-25_11cores.xlsx,feldspar,feldspar
533,797,150,0,5.6578085732286,2.588791773522092,-92.69984108418687,-79.75415981634744,12.09707168886552,6.850521096979358,0.2185501603912725,2.9341979563784e-05,1.756570560637882e-06,-1.882900480047013e-09,1.905828402278923e-12,1.023919748699939e-11,Success,62.81192204626535,0,23.23114754563894,0,0,0,0,0,0,0,4.509753241048458,8.541089361258587,0.9060878057886563,0,0,0,0,0,0,KCP109C,/Users/lopezama/PycharmProjects/sci-cluster/review_outputs/rmelts_parity_audit_v2/2026-02-26/kcp109c_phase7_parity_20260225_222731/runs/kcp109c_phase7_parity_liam_exact/runs/20260225_222731/parallel-results/Parallel_MELTS_KCP109C_dP25.0_02-25_11cores.xlsx,feldspar,feldspar
534,796,150,0,5.890372579695427,2.588345898373948,-96.49257907029346,-83.03233319199525,12.5896701850051,7.132929907776153,0.2275728519668055,2.938527072327631e-05,1.758166193685936e-06,-2.043182854748958e-09,1.985714591119882e-12,1.090389167057593e-11,Success,62.87538305091032,0,23.18567037326308,0,0,0,0,0,0,0,4.457426473546799,8.56328234183461,0.9182377604451873,0,0,0,0,0,0,KCP109C,/Users/lopezama/PycharmProjects/sci-cluster/review_outputs/rmelts_parity_audit_v2/2026-02-26/kcp109c_phase7_parity_20260225_222731/runs/kcp109c_phase7_parity_liam_exact/runs/20260225_222731/parallel-results/Parallel_MELTS_KCP109C_dP25.0_02-25_11cores.xlsx,feldspar,feldspar
535,795,150,0,6.124800632121405,2.587903532306489,-100.3144168944092,-86.33676829552718,13.08584805400185,7.417680157100541,0.2366703609953586,2.942851674013825e-05,1.759745923775778e-06,-2.212882116713729e-09,2.06631376775698e-12,1.159773308669246e-11,Success,62.93820051736072,0,23.14059112926441,0,0,0,0,0,0,0,4.405578160621194,8.585084428840807,0.9305457639128771,0,0,0,0,0,0,KCP109C,/Users/lopezama/PycharmProjects/sci-cluster/review_outputs/rmelts_parity_audit_v2/2026-02-26/kcp109c_phase7_parity_20260225_222731/runs/kcp109c_phase7_parity_liam_exact/runs/20260225_222731/parallel-results/Parallel_MELTS_KCP109C_dP25.0_02-25_11cores.xlsx,feldspar,feldspar
536,794,150,0,6.361050761402064,2.58746482641759,-104.1646487067914,-89.66687543512853,13.58550650954679,7.704724554260768,0.2458410524640483,2.947171649067271e-05,1.761309335916326e-06,-2.392383425411516e-09,2.14760751805165e-12,1.232180053396629e-11,Success,63.00035523824612,0,23.09592371701671,0,0,0,0,0,0,0,4.354224254437363,8.606489269934476,0.9430075203653302,0,0,0,0,0,0,KCP109C,/Users/lopezama/PycharmProjects/sci-cluster/review_outputs/rmelts_parity_audit_v2/2026-02-26/kcp109c_phase7_parity_20260225_222731/runs/kcp109c_phase7_parity_liam_exact/runs/20260225_222731/parallel-results/Parallel_MELTS_KCP109C_dP25.0_02-25_11cores.xlsx,feldspar,feldspar
537,793,150,0,6.599142138584109,2.587029800865551,-108.043567156712,-93.02292338655381,14.08867773780255,7.994089964943501,0.2550856637359265,2.951487330129852e-05,1.762856282711687e-06,-2.582110224006472e-09,2.229598384246135e-12,1.307733397824033e-11,Success,63.06184026732316,0,23.05167172596878,0,0,0,0,0,0,0,4.303369337124769,8.627490795217645,0.95562787436565,0,0,0,0,0,0,KCP109C,/Users/lopezama/PycharmProjects/sci-cluster/review_outputs/rmelts_parity_audit_v2/2026-02-26/kcp109c_phase7_parity_20260225_222731/runs/kcp109c_phase7_parity_liam_exact/runs/20260225_222731/parallel-results/Parallel_MELTS_KCP109C_dP25.0_02-25_11cores.xlsx,feldspar,feldspar
538,792,150,0,6.839012122901387,2.586598630861469,-111.9501295058002,-96.4040323526634,14.59521865759452,8.285704335090617,0.2644017529934147,2.955798644694199e-05,1.764386323670139e-06,-2.782471170042512e-09,2.312260309266911e-12,1.386546068130482e-11,Success,63.1226348662923,0,23.00785064132015,0,0,0,0,0,0,0,4.253031023089981,8.648083388119993,0.968400081177559,0,0,0,0,0,0,KCP109C,/Users/lopezama/PycharmProjects/sci-cluster/review_outputs/rmelts_parity_audit_v2/2026-02-26/kcp109c_phase7_parity_20260225_222731/runs/kcp109c_phase7_parity_liam_exact/runs/20260225_222731/parallel-results/Parallel_MELTS_KCP109C_dP25.0_02-25_11cores.xlsx,feldspar,feldspar
539,791,150,0,7.080671085421177,2.586171344338912,-115.8844849392266,-99.81034752522662,15.10514252126107,8.579584146229642,0.2737897123839321,2.960105969344344e-05,1.76589930505296e-06,-2.993919972430021e-09,2.395592317191684e-12,1.468749850506013e-11,Success,63.1827316194694,0,22.96446452053755,0,0,0,0,0,0,0,4.203214390118753,8.668261159701224,0.9813283101730567,0,0,0,0,0,0,KCP109C,/Users/lopezama/PycharmProjects/sci-cluster/review_outputs/rmelts_parity_audit_v2/2026-02-26/kcp109c_phase7_parity_20260225_222731/runs/kcp109c_phase7_parity_liam_exact/runs/20260225_222731/parallel-results/Parallel_MELTS_KCP109C_dP25.0_02-25_11cores.xlsx,feldspar,feldspar
540,790,150,0,7.324042791397942,2.58574811091268,-119.8453697301248,-103.2407982208722,15.61827729789085,8.875641173556646,0.2832465683911031,2.964409402948967e-05,1.76739482989931e-06,-3.216892408844342e-09,2.479563167200091e-12,1.554463915168857e-11,Success,63.24211132461445,0,22.9215279910866,0,0,0,0,0,0,0,4.153935986562844,8.68801966788088,0.9944050298552437,0,0,0,0,0,0,KCP109C,/Users/lopezama/PycharmProjects/sci-cluster/review_outputs/rmelts_parity_audit_v2/2026-02-26/kcp109c_phase7_parity_20260225_222731/runs/kcp109c_phase7_parity_liam_exact/runs/20260225_222731/parallel-results/Parallel_MELTS_KCP109C_dP25.0_02-25_11cores.xlsx,feldspar,feldspar
541,789,150,0,7.56913237213104,2.585328973724944,-123.8328485738819,-106.6954566657273,16.13462496648746,9.173885856164917,0.2927725039659239,2.968709372365013e-05,1.768872730543407e-06,-3.451875609622666e-09,2.564169480788309e-12,1.643829017234613e-11,Success,63.30076565135132,0,22.87904606388064,0,0,0,0,0,0,0,4.105201890240337,8.707353485208534,1.007632909319177,0,0,0,0,0,0,KCP109C,/Users/lopezama/PycharmProjects/sci-cluster/review_outputs/rmelts_parity_audit_v2/2026-02-26/kcp109c_phase7_parity_20260225_222731/runs/kcp109c_phase7_parity_liam_exact/runs/20260225_222731/parallel-results/Parallel_MELTS_KCP109C_dP25.0_02-25_11cores.xlsx,feldspar,feldspar
542,788,150,0,7.815893424008698,2.584914020742567,-127.846144740358,-110.1736704601631,16.65407744446584,9.47426638156379,0.3023657019649509,2.973006274076454e-05,1.770332773788802e-06,-3.699353582653695e-09,2.649389929482209e-12,1.736980496744923e-11,Success,63.35868290313916,0,22.83702695177053,0,0,0,0,0,0,0,4.057021606042444,8.726258077898885,1.021010461148969,0,0,0,0,0,0,KCP109C,/Users/lopezama/PycharmProjects/sci-cluster/review_outputs/rmelts_parity_audit_v2/2026-02-26/kcp109c_phase7_parity_20260225_222731/runs/kcp109c_phase7_parity_liam_exact/runs/20260225_222731/parallel-results/Parallel_MELTS_KCP109C_dP25.0_02-25_11cores.xlsx,feldspar,feldspar
543,787,150,0,8.064284003931318,2.584503365646535,-131.8845562095993,-113.6748514343715,17.17653612717803,9.776736531018988,0.312024511599503,2.977300521940838e-05,1.771774696162176e-06,-3.959831152673871e-09,2.735204240290182e-12,1.834059950578703e-11,Success,63.41584968046019,0,22.795480593699,0,0,0,0,0,0,0,4.009406460266968,8.744729642773136,1.03453362280068,0,0,0,0,0,0,KCP109C,/Users/lopezama/PycharmProjects/sci-cluster/review_outputs/rmelts_parity_audit_v2/2026-02-26/kcp109c_phase7_parity_20260225_222731/runs/kcp109c_phase7_parity_liam_exact/runs/20260225_222731/parallel-results/Parallel_MELTS_KCP109C_dP25.0_02-25_11cores.xlsx,feldspar,feldspar
544,786,150,0,8.314261265769392,2.584097068188883,-135.9473650825872,-117.1983969213307,17.70190073290512,10.08124912296822,0.3217472504466177,2.981592695805919e-05,1.773198334516387e-06,-4.233831873157899e-09,2.821591820420784e-12,1.93521411769796e-11,Success,63.47225729232483,0,22.75441280197128,0,0,0,0,0,0,0,3.962363276031968,8.762764050132557,1.048202579539367,0,0,0,0,0,0,KCP109C,/Users/lopezama/PycharmProjects/sci-cluster/review_outputs/rmelts_parity_audit_v2/2026-02-26/kcp109c_phase7_parity_20260225_222731/runs/kcp109c_phase7_parity_liam_exact/runs/20260225_222731/parallel-results/Parallel_MELTS_KCP109C_dP25.0_02-25_11cores.xlsx,feldspar,feldspar
545,785,150,0,8.565780649876409,2.583695253077637,-140.0338288040423,-120.7436832190426,18.23006717856611,10.38775515447974,0.3315321588207066,2.985883351605833e-05,1.774603438855933e-06,-4.521899569068505e-09,2.908530805643153e-12,2.040595310850162e-11,Success,63.52789244515473,0,22.71383390239643,0,0,0,0,0,0,0,3.915903674084587,8.78035874743191,1.062011230932315,0,0,0,0,0,0,KCP109C,/Users/lopezama/PycharmProjects/sci-cluster/review_outputs/rmelts_parity_audit_v2/2026-02-26/kcp109c_phase7_parity_20260225_222731/runs/kcp109c_phase7_parity_liam_exact/runs/20260225_222731/parallel-results/Parallel_MELTS_KCP109C_dP25.0_02-25_11cores.xlsx,feldspar,feldspar
546,784,150,0,8.818797055687089,2.583297935850106,-144.1431924027727,-124.3100745251983,18.76093068871445,10.69620503081371,0.3413774668923357,2.990173255969665e-05,1.775989933485466e-06,-4.824597550694235e-09,2.995999474056145e-12,2.150361171874582e-11,Success,63.58275044858308,0,22.67374624590158,0,0,0,0,0,0,0,3.870030688387676,8.797509445125801,1.075963172001853,0,0,0,0,0,0,KCP109C,/Users/lopezama/PycharmProjects/sci-cluster/review_outputs/rmelts_parity_audit_v2/2026-02-26/kcp109c_phase7_parity_20260225_222731/runs/kcp109c_phase7_parity_liam_exact/runs/20260225_222731/parallel-results/Parallel_MELTS_KCP109C_dP25.0_02-25_11cores.xlsx,feldspar,feldspar
547,783,150,0,9.198708781552456,2.582690498219733,-150.3191917343685,-129.6585759119895,19.56219838316429,11.15890413040567,0.356167678159392,2.995440561984645e-05,1.777854938901448e-06,-5.217732155159377e-09,3.127991477310156e-12,2.297095564106482e-11,Success,63.65903021178536,0,22.61690423516854,0,0,0,0,0,0,0,3.805336755699531,8.8184719243247,1.100256873021863,0,0,0,0,0,0,KCP109C,/Users/lopezama/PycharmProjects/sci-cluster/review_outputs/rmelts_parity_audit_v2/2026-02-26/kcp109c_phase7_parity_20260225_222731/runs/kcp109c_phase7_parity_liam_exact/runs/20260225_222731/parallel-results/Parallel_MELTS_KCP109C_dP25.0_02-25_11cores.xlsx,feldspar,feldspar
548,782,150,0,9.804608330722145,2.58171413587803,-160.1737044325244,-138.1789837401832,20.84511272552834,11.89626707868521,0.3797712610574384,3.002287583622189e-05,1.780529158065721e-06,-5.770839081749166e-09,3.339594523483688e-12,2.509339430437848e-11,Success,63.77194357676437,0,22.53107301151703,0,0,0,0,0,0,0,3.708178546499037,8.84506820329413,1.143736661925437,0,0,0,0,0,0,KCP109C,/Users/lopezama/PycharmProjects/sci-cluster/review_outputs/rmelts_parity_audit_v2/2026-02-26/kcp109c_phase7_parity_20260225_222731/runs/kcp109c_phase7_parity_liam_exact/runs/20260225_222731/parallel-results/Parallel_MELTS_KCP109C_dP25.0_02-25_11cores.xlsx,feldspar,feldspar
549,781,150,0,10.42686491829271,2.580733252823434,-170.2883074486332,-146.926309826729,22.1619291579985,12.65371277661215,0.4040272239250324,3.008986655016077e-05,1.783147669839665e-06,-6.364059100242505e-09,3.557408261498464e-12,2.734603763892903e-11,Success,63.88310841938317,0,22.44583363864283,0,0,0,0,0,0,0,3.611916610643677,8.869319186493941,1.189822144836394,0,0,0,0,0,0,KCP109C,/Users/lopezama/PycharmProjects/sci-cluster/review_outputs/rmelts_parity_audit_v2/2026-02-26/kcp109c_phase7_parity_20260225_222731/runs/kcp109c_phase7_parity_liam_exact/runs/20260225_222731/parallel-results/Parallel_MELTS_KCP109C_dP25.0_02-25_11cores.xlsx,feldspar,feldspar
550,780,150,0,11.06665230900493,2.579746598825072,-180.6815612104749,-155.9166597234809,23.51507523808951,13.4326554780503,0.4289821455349593,3.015524790749099e-05,1.785707948644653e-06,-6.999848072583536e-09,3.781856976383352e-12,2.973691848761035e-11,Success,63.99246946744304,0,22.36116554866967,0,0,0,0,0,0,0,3.51654687632954,8.891047739583085,1.238770367974677,0,0,0,0,0,0,KCP109C,/Users/lopezama/PycharmProjects/sci-cluster/review_outputs/rmelts_parity_audit_v2/2026-02-26/kcp109c_phase7_parity_20260225_222731/runs/kcp109c_phase7_parity_liam_exact/runs/20260225_222731/parallel-results/Parallel_MELTS_KCP109C_dP25.0_02-25_11cores.xlsx,feldspar,feldspar
551,779,150,0,11.72530631508283,2.578752619318505,-191.3745787257203,-165.1683461535548,24.90731604064577,14.23470211976923,0.4546890704925979,3.021887705963044e-05,1.788207453226126e-06,-7.6808429377702e-09,4.013426175008496e-12,3.227471632524521e-11,Success,64.0999789452592,0,22.27703381800347,0,0,0,0,0,0,0,3.422051678944075,8.910055791639438,1.290879766153806,0,0,0,0,0,0,KCP109C,/Users/lopezama/PycharmProjects/sci-cluster/review_outputs/rmelts_parity_audit_v2/2026-02-26/kcp109c_phase7_parity_20260225_222731/runs/kcp109c_phase7_parity_liam_exact/runs/20260225_222731/parallel-results/Parallel_MELTS_KCP109C_dP25.0_02-25_11cores.xlsx,feldspar,feldspar
552,778,150,0,12.40438437079396,2.577749377399606,-202.3919747710497,-174.7027082214358,26.34187941741326,15.06172343179684,0.4812098677842495,3.028059342085527e-05,1.790643583601754e-06,-8.409896879857493e-09,4.252684776209002e-12,3.496890665091727e-11,Success,64.2055972114475,0,22.19338591083848,0,0,0,0,0,0,0,3.328396925607691,8.92611721705579,1.346502735050521,0,0,0,0,0,0,KCP109C,/Users/lopezama/PycharmProjects/sci-cluster/review_outputs/rmelts_parity_audit_v2/2026-02-26/kcp109c_phase7_parity_20260225_222731/runs/kcp109c_phase7_parity_liam_exact/runs/20260225_222731/parallel-results/Parallel_MELTS_KCP109C_dP25.0_02-25_11cores.xlsx,feldspar,feldspar
553,777,150,0,13.10572613266887,2.576734439102581,-213.7628259749437,-184.5449401905152,27.82258323518403,15.91592624606466,0.5086176492923073,3.034021696796211e-05,1.793013754042642e-06,-9.190120364797523e-09,4.500308438558415e-12,3.78299276144e-11,Success,64.30929827705401,0,22.11014529636252,0,0,0,0,0,0,0,3.235525541733381,8.938973397118907,1.406057487731174,0,0,0,0,0,0,KCP109C,/Users/lopezama/PycharmProjects/sci-cluster/review_outputs/rmelts_parity_audit_v2/2026-02-26/kcp109c_phase7_parity_20260225_222731/runs/kcp109c_phase7_parity_liam_exact/runs/20260225_222731/parallel-results/Parallel_MELTS_KCP109C_dP25.0_02-25_11cores.xlsx,feldspar,feldspar
554,776,150,0,13.83156045920631,2.575704765164287,-225.5223757461886,-194.7255636426151,29.35406005201681,16.79998127212141,0.5370010043959399,3.039753963319504e-05,1.795315276672643e-06,-1.002494620129034e-08,4.7571193699361e-12,4.086945443619121e-11,Success,64.4110688075075,0,22.02720776899479,0,0,0,0,0,0,0,3.143354668063998,8.948321345780004,1.470047409653709,0,0,0,0,0,0,KCP109C,/Users/lopezama/PycharmProjects/sci-cluster/review_outputs/rmelts_parity_audit_v2/2026-02-26/kcp109c_phase7_parity_20260225_222731/runs/kcp109c_phase7_parity_liam_exact/runs/20260225_222731/parallel-results/Parallel_MELTS_KCP109C_dP25.0_02-25_11cores.xlsx,feldspar,feldspar
555,775,150,0,14.58466201201513,2.574656368428392,-237.7145215730243,-205.2825730422785,30.94208703978041,17.71721018972671,0.5664702362171083,3.045231855767571e-05,1.79754553899569e-06,-1.091822654023517e-08,5.024146291856513e-12,4.410080530284805e-11,Success,64.51092312291932,0,21.94442244427439,0,0,0,0,0,0,0,3.051756481999965,8.953797308765722,1.539100642040588,0,0,0,0,0,0,KCP109C,/Users/lopezama/PycharmProjects/sci-cluster/review_outputs/rmelts_parity_audit_v2/2026-02-26/kcp109c_phase7_parity_20260225_222731/runs/kcp109c_phase7_parity_liam_exact/runs/20260225_222731/parallel-results/Parallel_MELTS_KCP109C_dP25.0_02-25_11cores.xlsx,feldspar,feldspar
556,774,150,0,15.36850122335034,2.573584366737207,-250.3942022837041,-216.2635014037435,32.59389856272804,18.67176465248491,0.5971632957513859,3.05042635081942e-05,1.799701602187311e-06,-1.187433720257904e-08,5.302679809185382e-12,4.753936458218225e-11,Success,64.60888853501048,0,21.86160033877184,0,0,0,0,0,0,0,2.960568697513234,8.954966580154997,1.613975848549452,0,0,0,0,0,0,KCP109C,/Users/lopezama/PycharmProjects/sci-cluster/review_outputs/rmelts_parity_audit_v2/2026-02-26/kcp109c_phase7_parity_20260225_222731/runs/kcp109c_phase7_parity_liam_exact/runs/20260225_222731/parallel-results/Parallel_MELTS_KCP109C_dP25.0_02-25_11cores.xlsx,feldspar,feldspar
557,773,150,0,16.18762992229379,2.572482158591106,-263.6335304858586,-227.7307095123284,34.31899916219496,19.66908713206733,0.6292611153097138,3.055301665077514e-05,1.801780524235759e-06,-1.289840693637148e-08,5.594419280730779e-12,5.120355627161786e-11,Success,64.70503786411632,0,21.77846968822069,0,0,0,0,0,0,0,2.869550114813013,8.951278808822432,1.695663524027534,0,0,0,0,0,0,KCP109C,/Users/lopezama/PycharmProjects/sci-cluster/review_outputs/rmelts_parity_audit_v2/2026-02-26/kcp109c_phase7_parity_20260225_222731/runs/kcp109c_phase7_parity_liam_exact/runs/20260225_222731/parallel-results/Parallel_MELTS_KCP109C_dP25.0_02-25_11cores.xlsx,feldspar,feldspar
558,772,150,0,17.04811478337771,2.571341020201907,-277.5286856051753,-239.7673408076864,36.13007204467198,20.71642862273629,0.66300481536436,3.059812549125338e-05,1.803779039114976e-06,-1.399659854496152e-08,5.901635945760096e-12,5.511600742589653e-11,Success,64.79948954751612,0,21.69466151618738,0,0,0,0,0,0,0,2.778368689073576,8.942030395805137,1.785449851417784,0,0,0,0,0,0,KCP109C,/Users/lopezama/PycharmProjects/sci-cluster/review_outputs/rmelts_parity_audit_v2/2026-02-26/kcp109c_phase7_parity_20260225_222731/runs/kcp109c_phase7_parity_liam_exact/runs/20260225_222731/parallel-results/Parallel_MELTS_KCP109C_dP25.0_02-25_11cores.xlsx,feldspar,feldspar
559,771,150,0,17.95827191311603,2.570149226127964,-292.2115924065592,-252.4874066076835,38.0445202306908,21.82372556675227,0.698724872881055,3.06389954582137e-05,1.805693194274254e-06,-1.517656215862783e-08,6.227450023456724e-12,5.930545218319078e-11,Success,64.89241887713956,0,21.60967236025817,0,0,0,0,0,0,0,2.68656815701353,8.92629179717443,1.885048808414301,0,0,0,0,0,0,KCP109C,/Users/lopezama/PycharmProjects/sci-cluster/review_outputs/rmelts_parity_audit_v2/2026-02-26/kcp109c_phase7_parity_20260225_222731/runs/kcp109c_phase7_parity_liam_exact/runs/20260225_222731/parallel-results/Parallel_MELTS_KCP109C_dP25.0_02-25_11cores.xlsx,feldspar,feldspar
560,770,150,0,18.95902307680372,2.568851971438188,-308.3399832615295,-266.4586550565113,40.14890303889013,23.04037525943455,0.7380348610040535,3.067521462330385e-05,1.807566971035322e-06,-1.64720742298266e-08,6.586882561661348e-12,6.390350389786206e-11,Success,64.98674501308616,0,21.52029226922446,0,0,0,0,0,0,0,2.59081913558496,8.902151989345692,1.999991592758712,0,0,0,0,0,0,KCP109C,/Users/lopezama/PycharmProjects/sci-cluster/review_outputs/rmelts_parity_audit_v2/2026-02-26/kcp109c_phase7_parity_20260225_222731/runs/kcp109c_phase7_parity_liam_exact/runs/20260225_222731/parallel-results/Parallel_MELTS_KCP109C_dP25.0_02-25_11cores.xlsx,feldspar,feldspar
561,769,150,0,20.26306602267816,2.567173771706113,-329.3387603468829,-284.6368723699501,42.89390968376217,24.62353791751234,0.7893141573042626,3.070593418330097e-05,1.809650660761653e-06,-1.805577004744471e-08,7.057855934885624e-12,6.958705001541859e-11,Success,65.09813248894383,0,21.41000463430489,0,0,0,0,0,0,0,2.473840179078079,8.861213734728624,2.156808962944571,0,0,0,0,0,0,KCP109C,/Users/lopezama/PycharmProjects/sci-cluster/review_outputs/rmelts_parity_audit_v2/2026-02-26/kcp109c_phase7_parity_20260225_222731/runs/kcp109c_phase7_parity_liam_exact/runs/20260225_222731/parallel-results/Parallel_MELTS_KCP109C_dP25.0_02-25_11cores.xlsx,feldspar,feldspar
562,768,150,0,21.84278349078896,2.565222745212608,-354.7489691960035,-306.6280219527062,46.2190339944267,26.53898527017078,0.8514965622986717,3.07266795350536e-05,1.811712002910886e-06,-1.990917815420448e-08,7.630827131628885e-12,7.627793013880636e-11,Success,65.2159775827413,0,21.28726570571624,0,0,0,0,0,0,0,2.34508199347711,8.802017348254552,2.349657369810764,0,0,0,0,0,0,KCP109C,/Users/lopezama/PycharmProjects/sci-cluster/review_outputs/rmelts_parity_audit_v2/2026-02-26/kcp109c_phase7_parity_20260225_222731/runs/kcp109c_phase7_parity_liam_exact/runs/20260225_222731/parallel-results/Parallel_MELTS_KCP109C_dP25.0_02-25_11cores.xlsx,feldspar,feldspar
563,767,150,0,24.33648060321637,2.563552778481895,-395.0767570959723,-341.5281622650254,51.48160825933462,29.57713049491053,0.9493262946444246,3.081327015951082e-05,1.815129096549875e-06,-2.296139258717711e-08,8.522531985243078e-12,8.72324266647689e-11,Success,65.37231803477127,0,21.16279678342882,0,0,0,0,0,0,0,2.205914254530049,8.824087882591128,2.434883044678737,0,0,0,0,0,0,KCP109C,/Users/lopezama/PycharmProjects/sci-cluster/review_outputs/rmelts_parity_audit_v2/2026-02-26/kcp109c_phase7_parity_20260225_222731/runs/kcp109c_phase7_parity_liam_exact/runs/20260225_222731/parallel-results/Parallel_MELTS_KCP109C_dP25.0_02-25_11cores.xlsx,feldspar,feldspar
564,766,150,0,25.98242263114375,2.56252261639636,-421.6607667640856,-364.5672352882218,54.94253137262548,31.58563795014076,1.013939251302393,3.087793111145955e-05,1.817337274228657e-06,-2.534144220377884e-08,9.110140442246749e-12,9.552165543382145e-11,Success,65.47104616589004,0,21.08428316212321,0,0,0,0,0,0,0,2.118103045044079,8.838255585200585,2.488312041742085,0,0,0,0,0,0,KCP109C,/Users/lopezama/PycharmProjects/sci-cluster/review_outputs/rmelts_parity_audit_v2/2026-02-26/kcp109c_phase7_parity_20260225_222731/runs/kcp109c_phase7_parity_liam_exact/runs/20260225_222731/parallel-results/Parallel_MELTS_KCP109C_dP25.0_02-25_11cores.xlsx,feldspar,feldspar
565,765,150,0,26.65417179352757,2.562210974632531,-432.4828486452164,-373.9978386664556,56.33579923783731,32.41040465882333,1.040280135298003,3.092222477796321e-05,1.818317032311739e-06,-2.685162997590433e-08,9.345049843169882e-12,1.004683763361394e-10,Success,65.50931444722899,0,21.05542456355316,0,0,0,0,0,0,0,2.085365099752335,8.847875493859824,2.50202039560569,0,0,0,0,0,0,KCP109C,/Users/lopezama/PycharmProjects/sci-cluster/review_outputs/rmelts_parity_audit_v2/2026-02-26/kcp109c_phase7_parity_20260225_222731/runs/kcp109c_phase7_parity_liam_exact/runs/20260225_222731/parallel-results/Parallel_MELTS_KCP109C_dP25.0_02-25_11cores.xlsx,feldspar,feldspar
566,764,150,0,27.01129133589292,2.562132761631108,-438.2170287223421,-379.0360082669762,57.06119698728816,32.85311681268326,1.054250261360264,3.096090442742944e-05,1.818911825864043e-06,-2.810033492653906e-08,9.46549998303752e-12,1.043911035213268e-10,Success,65.52834846227346,0,21.04250708542997,0,0,0,0,0,0,0,2.070266757796158,8.856426808891172,2.502450885609236,0,0,0,0,0,0,KCP109C,/Users/lopezama/PycharmProjects/sci-cluster/review_outputs/rmelts_parity_audit_v2/2026-02-26/kcp109c_phase7_parity_20260225_222731/runs/kcp109c_phase7_parity_liam_exact/runs/20260225_222731/parallel-results/Parallel_MELTS_KCP109C_dP25.0_02-25_11cores.xlsx,feldspar,feldspar
567,763,150,0,27.22805871966589,2.562154913326633,-441.6817774982377,-382.1148846367942,57.48867718133815,33.12557819684138,1.062701500914077,3.09977475726731e-05,1.81934456692341e-06,-2.924866678738846e-08,9.534745510976951e-12,1.079031363127084e-10,Success,65.53917697782296,0,21.03641027458455,0,0,0,0,0,0,0,2.062710161380147,8.864574834961683,2.497127751250671,0,0,0,0,0,0,KCP109C,/Users/lopezama/PycharmProjects/sci-cluster/review_outputs/rmelts_parity_audit_v2/2026-02-26/kcp109c_phase7_parity_20260225_222731/runs/kcp109c_phase7_parity_liam_exact/runs/20260225_222731/parallel-results/Parallel_MELTS_KCP109C_dP25.0_02-25_11cores.xlsx,feldspar,feldspar
582,837,125,0,0.1531574758261054,2.598166359206177,-2.526968916212852,-2.15746452791853,0.3328418576717762,0.1852082181829963,0.005894829454758238,2.823883212489148e-05,1.714168984877763e-06,1.33156012361163e-12,5.051535651026291e-14,1.216309941704056e-13,Success,61.11544334043871,0,24.42999744854691,0,0,0,0,0,0,0,5.894663505748412,7.903563513166174,0.6563321920997934,0,0,0,0,0,0,KCP109C,/Users/lopezama/PycharmProjects/sci-cluster/review_outputs/rmelts_parity_audit_v2/2026-02-26/kcp109c_phase7_parity_20260225_222731/runs/kcp109c_phase7_parity_liam_exact/runs/20260225_222731/parallel-results/Parallel_MELTS_KCP109C_dP25.0_02-25_11cores.xlsx,feldspar,feldspar
583,836,125,0,0.3385559763823161,2.597683432982821,-5.58492946900376,-4.769123643367134,0.7355234419480019,0.4094186454167533,0.01303299594106296,2.827824880640359e-05,1.715969781160184e-06,1.064822598855994e-12,1.11790575496317e-13,2.744448768283839e-13,Success,61.18714815394021,0,24.37987128987074,0,0,0,0,0,0,0,5.836577712857818,7.931940093405821,0.6644627499254189,0,0,0,0,0,0,KCP109C,/Users/lopezama/PycharmProjects/sci-cluster/review_outputs/rmelts_parity_audit_v2/2026-02-26/kcp109c_phase7_parity_20260225_222731/runs/kcp109c_phase7_parity_liam_exact/runs/20260225_222731/parallel-results/Parallel_MELTS_KCP109C_dP25.0_02-25_11cores.xlsx,feldspar,feldspar
584,835,125,0,0.5254000686424699,2.597201925025082,-8.665680791794772,-7.401176845382469,1.141094568796915,0.6353934799305481,0.02022946554828986,2.831762527014452e-05,1.71776296956626e-06,-1.325852375631298e-12,1.736803493827356e-13,4.347513334156558e-13,Success,61.25857130461753,0,24.32990941027784,0,0,0,0,0,0,0,5.77869317351554,7.960119664352282,0.6727064472368154,0,0,0,0,0,0,KCP109C,/Users/lopezama/PycharmProjects/sci-cluster/review_outputs/rmelts_parity_audit_v2/2026-02-26/kcp109c_phase7_parity_20260225_222731/runs/kcp109c_phase7_parity_liam_exact/runs/20260225_222731/parallel-results/Parallel_MELTS_KCP109C_dP25.0_02-25_11cores.xlsx,feldspar,feldspar
585,834,125,0,0.7136956227132983,2.596721813727756,-11.76930341664981,-10.05370490931185,1.549562848157842,0.8631406027250922,0.02748448520516504,2.835694825830618e-05,1.719548150190448e-06,-5.933916217171885e-12,2.361868999427903e-13,6.028327186532499e-13,Success,61.32969919208076,0,24.28011445763703,0,0,0,0,0,0,0,5.721015245679117,7.988078855301262,0.6810922493018332,0,0,0,0,0,0,KCP109C,/Users/lopezama/PycharmProjects/sci-cluster/review_outputs/rmelts_parity_audit_v2/2026-02-26/kcp109c_phase7_parity_20260225_222731/runs/kcp109c_phase7_parity_liam_exact/runs/20260225_222731/parallel-results/Parallel_MELTS_KCP109C_dP25.0_02-25_11cores.xlsx,feldspar,feldspar
586,833,125,0,0.9034682349602423,2.596243224326741,-14.89620415056918,-12.72706766513044,1.960978606372321,1.092691860492245,0.03479905990682094,2.839622219391784e-05,1.721325176451183e-06,-1.285706301891064e-11,2.993188502917971e-13,7.790000521549188e-13,Success,61.40052325426202,0,24.23049688411827,0,0,0,0,0,0,0,5.663554550320634,8.015825991291267,0.6895993200078242,0,0,0,0,0,0,KCP109C,/Users/lopezama/PycharmProjects/sci-cluster/review_outputs/rmelts_parity_audit_v2/2026-02-26/kcp109c_phase7_parity_20260225_222731/runs/kcp109c_phase7_parity_liam_exact/runs/20260225_222731/parallel-results/Parallel_MELTS_KCP109C_dP25.0_02-25_11cores.xlsx,feldspar,feldspar
587,832,125,0,1.094734836368708,2.595766168141143,-18.04664555648889,-15.42150183196747,2.375373229445251,1.324068574474801,0.04217386179867887,2.843543983088816e-05,1.723093754125051e-06,-2.219642496291663e-11,3.630819643874876e-13,9.635671916374743e-13,Success,61.47103264070322,0,24.18106077221076,0,0,0,0,0,0,0,5.6063169873205,8.043347593118414,0.6982420066471143,0,0,0,0,0,0,KCP109C,/Users/lopezama/PycharmProjects/sci-cluster/review_outputs/rmelts_parity_audit_v2/2026-02-26/kcp109c_phase7_parity_20260225_222731/runs/kcp109c_phase7_parity_liam_exact/runs/20260225_222731/parallel-results/Parallel_MELTS_KCP109C_dP25.0_02-25_11cores.xlsx,feldspar,feldspar
588,831,125,0,1.28752580765132,2.595290864039217,-21.22111420779514,-18.13743625955235,2.792807089836344,1.557308528925706,0.04961007744802297,2.847460689438793e-05,1.724853648381374e-06,-3.405852023999027e-11,4.274862260704704e-13,1.156875004451301e-12,Success,61.54121352111422,0,24.13182322680117,0,0,0,0,0,0,0,5.549319895467614,8.070657689100704,0.7069856675162778,0,0,0,0,0,0,KCP109C,/Users/lopezama/PycharmProjects/sci-cluster/review_outputs/rmelts_parity_audit_v2/2026-02-26/kcp109c_phase7_parity_20260225_222731/runs/kcp109c_phase7_parity_liam_exact/runs/20260225_222731/parallel-results/Parallel_MELTS_KCP109C_dP25.0_02-25_11cores.xlsx,feldspar,feldspar
589,830,125,0,1.481848205442496,2.594817202192016,-24.41970767612079,-20.87496691568618,3.213289906571742,1.792421049241653,0.05710799990807367,2.851370863260356e-05,1.726604528204254e-06,-4.855189264411285e-11,4.925341128218497e-13,1.359250696969857e-12,Success,61.6110566620835,0,24.0827807907928,0,0,0,0,0,0,0,5.492562577094229,8.097726632840795,0.7158733371886864,0,0,0,0,0,0,KCP109C,/Users/lopezama/PycharmProjects/sci-cluster/review_outputs/rmelts_parity_audit_v2/2026-02-26/kcp109c_phase7_parity_20260225_222731/runs/kcp109c_phase7_parity_liam_exact/runs/20260225_222731/parallel-results/Parallel_MELTS_KCP109C_dP25.0_02-25_11cores.xlsx,feldspar,feldspar
590,829,125,0,1.677722708899182,2.594345302567494,-27.64275067231515,-23.63438458754986,3.636860758304486,2.029432150015794,0.06466844283368231,2.855274448281197e-05,1.728346123960187e-06,-6.579081166645547e-11,5.582323508139777e-13,1.571049618540609e-12,Success,61.68054938523669,0,24.03394446099849,0,0,0,0,0,0,0,5.436057062984262,8.124555002653121,0.7248940881274312,0,0,0,0,0,0,KCP109C,/Users/lopezama/PycharmProjects/sci-cluster/review_outputs/rmelts_parity_audit_v2/2026-02-26/kcp109c_phase7_parity_20260225_222731/runs/kcp109c_phase7_parity_liam_exact/runs/20260225_222731/parallel-results/Parallel_MELTS_KCP109C_dP25.0_02-25_11cores.xlsx,feldspar,feldspar
591,828,125,0,1.875169668517137,2.593875270262806,-30.89056214976728,-26.41597541786313,4.063557854882752,2.268367470589928,0.0722922065688667,2.859171177264288e-05,1.73007813139087e-06,-8.589406192768819e-11,6.24587479534116e-13,1.792639996177709e-12,Success,61.74967817241311,0,23.98532450257163,0,0,0,0,0,0,0,5.379814976246091,8.151139586352322,0.7340427624168475,0,0,0,0,0,0,KCP109C,/Users/lopezama/PycharmProjects/sci-cluster/review_outputs/rmelts_parity_audit_v2/2026-02-26/kcp109c_phase7_parity_20260225_222731/runs/kcp109c_phase7_parity_liam_exact/runs/20260225_222731/parallel-results/Parallel_MELTS_KCP109C_dP25.0_02-25_11cores.xlsx,feldspar,feldspar
592,827,125,0,2.074206987070869,2.593407132757608,-34.1634195245061,-29.21999009506478,4.493414015762683,2.50924967655492,0.0799799985459797,2.863060703726508e-05,1.731800324778761e-06,-1.089848110225993e-10,6.916052510776323e-13,2.024400677271201e-12,Success,61.81843400497377,0,23.93692556556476,0,0,0,0,0,0,0,5.323842257579292,8.17747247609028,0.7433256957919028,0,0,0,0,0,0,KCP109C,/Users/lopezama/PycharmProjects/sci-cluster/review_outputs/rmelts_parity_audit_v2/2026-02-26/kcp109c_phase7_parity_20260225_222731/runs/kcp109c_phase7_parity_liam_exact/runs/20260225_222731/parallel-results/Parallel_MELTS_KCP109C_dP25.0_02-25_11cores.xlsx,feldspar,feldspar
593,826,125,0,2.274849425793177,2.592940962387311,-37.4615485544256,-32.04663545622427,4.92645507728821,2.75209767473766,0.08773240342883597,2.866942612868222e-05,1.733512401335448e-06,-1.351909362637911e-10,7.592902373139444e-13,2.266721657409242e-12,Success,61.88680416183537,0,23.88875582235856,0,0,0,0,0,0,0,5.26814861754777,8.203546748317853,0.7527446499404591,0,0,0,0,0,0,KCP109C,/Users/lopezama/PycharmProjects/sci-cluster/review_outputs/rmelts_parity_audit_v2/2026-02-26/kcp109c_phase7_parity_20260225_222731/runs/kcp109c_phase7_parity_liam_exact/runs/20260225_222731/parallel-results/Parallel_MELTS_KCP109C_dP25.0_02-25_11cores.xlsx,feldspar,feldspar
594,825,125,0,2.477105257226013,2.592476879262735,-40.7850683770501,-34.89602747331622,5.362692622805519,2.996922556849618,0.0955497530967554,2.870816333211389e-05,1.735213955791953e-06,-1.646448020274314e-10,8.276446656135451e-13,2.520000682263958e-12,Success,61.95477128119177,0,23.84082733332621,0,0,0,0,0,0,0,5.212748057189296,8.229355331327312,0.7622979969653932,0,0,0,0,0,0,KCP109C,/Users/lopezama/PycharmProjects/sci-cluster/review_outputs/rmelts_parity_audit_v2/2026-02-26/kcp109c_phase7_parity_20260225_222731/runs/kcp109c_phase7_parity_liam_exact/runs/20260225_222731/parallel-results/Parallel_MELTS_KCP109C_dP25.0_02-25_11cores.xlsx,feldspar,feldspar
595,824,125,0,2.680986941871832,2.592014978090389,-44.13416696463305,-37.76834115476159,5.802147208559865,3.24374052836952,0.1034325404958498,2.87468147564428e-05,1.736904661957273e-06,-1.974841888769206e-10,8.966720862998259e-13,2.784654640610173e-12,Success,62.0223212611388,0,23.79314985752786,0,0,0,0,0,0,0,5.15765191828759,8.254892384651123,0.7719845783946309,0,0,0,0,0,0,KCP109C,/Users/lopezama/PycharmProjects/sci-cluster/review_outputs/rmelts_parity_audit_v2/2026-02-26/kcp109c_phase7_parity_20260225_222731/runs/kcp109c_phase7_parity_liam_exact/runs/20260225_222731/parallel-results/Parallel_MELTS_KCP109C_dP25.0_02-25_11cores.xlsx,feldspar,feldspar
596,823,125,0,2.88651199866084,2.59155525924494,-47.50911417741788,-40.66382147538402,6.244850341681204,3.492573923092591,0.1113814566895184,2.87853787013159e-05,1.73858436814101e-06,-2.338525228347501e-10,9.663778357522525e-13,3.061120773959399e-12,Success,62.08944816186379,0,23.7457257430256,0,0,0,0,0,0,0,5.10286352398046,8.2801508262998,0.7818117448303484,0,0,0,0,0,0,KCP109C,/Users/lopezama/PycharmProjects/sci-cluster/review_outputs/rmelts_parity_audit_v2/2026-02-26/kcp109c_phase7_parity_20260225_222731/runs/kcp109c_phase7_parity_liam_exact/runs/20260225_222731/parallel-results/Parallel_MELTS_KCP109C_dP25.0_02-25_11cores.xlsx,feldspar,feldspar
597,822,125,0,3.093711959972466,2.591097737885503,-50.91041076779131,-43.5829113573586,6.690863726825281,3.743462126639066,0.1193977330433366,2.882385572880303e-05,1.740252960583272e-06,-2.739005987670225e-10,1.036771860799197e-12,3.349869290207494e-12,Success,62.15614695785457,0,23.69855793910125,0,0,0,0,0,0,0,5.048386480080424,8.305127188810767,0.7917814341529946,0,0,0,0,0,0,KCP109C,/Users/lopezama/PycharmProjects/sci-cluster/review_outputs/rmelts_parity_audit_v2/2026-02-26/kcp109c_phase7_parity_20260225_222731/runs/kcp109c_phase7_parity_liam_exact/runs/20260225_222731/parallel-results/Parallel_MELTS_KCP109C_dP25.0_02-25_11cores.xlsx,feldspar,feldspar
598,821,125,0,3.302558669407221,2.590642676895351,-54.33757689964202,-46.52521532814238,7.140119336013933,3.99637226258589,0.1274802850605795,2.886223330928375e-05,1.741909673531561e-06,-3.17778712151244e-10,1.107843439537305e-12,3.651320013986624e-12,Success,62.22238454162555,0,23.65167052595415,0,0,0,0,0,0,0,4.994248378113351,8.329810824678054,0.8018857296288991,0,0,0,0,0,0,KCP109C,/Users/lopezama/PycharmProjects/sci-cluster/review_outputs/rmelts_parity_audit_v2/2026-02-26/kcp109c_phase7_parity_20260225_222731/runs/kcp109c_phase7_parity_liam_exact/runs/20260225_222731/parallel-results/Parallel_MELTS_KCP109C_dP25.0_02-25_11cores.xlsx,feldspar,feldspar
599,820,125,0,3.513078476534973,2.590190065106024,-57.79102743752108,-49.49110302658421,7.592667438994522,4.251337502953406,0.1356301425081396,2.890051221568138e-05,1.743554429935946e-06,-3.656484833002901e-10,1.179600587121381e-12,3.965970104648606e-12,Success,62.28815771705504,0,23.60506446640923,0,0,0,0,0,0,0,4.940450758184779,8.35419713483017,0.8121299235207837,0,0,0,0,0,0,KCP109C,/Users/lopezama/PycharmProjects/sci-cluster/review_outputs/rmelts_parity_audit_v2/2026-02-26/kcp109c_phase7_parity_20260225_222731/runs/kcp109c_phase7_parity_liam_exact/runs/20260225_222731/parallel-results/Parallel_MELTS_KCP109C_dP25.0_02-25_11cores.xlsx,feldspar,feldspar
600,819,125,0,3.725275475781041,2.589739993334131,-61.27081172749463,-52.48063169023067,8.048509854199478,4.508364111875663,0.1438474706097803,2.893868846188772e-05,1.745186899751631e-06,-4.176753161764285e-10,1.252043519039101e-12,4.294309399470554e-12,Success,62.35345223786948,0,23.55874928535777,0,0,0,0,0,0,0,4.887004802573047,8.378279342935805,0.8225143312639019,0,0,0,0,0,0,KCP109C,/Users/lopezama/PycharmProjects/sci-cluster/review_outputs/rmelts_parity_audit_v2/2026-02-26/kcp109c_phase7_parity_20260225_222731/runs/kcp109c_phase7_parity_liam_exact/runs/20260225_222731/parallel-results/Parallel_MELTS_KCP109C_dP25.0_02-25_11cores.xlsx,feldspar,feldspar
601,818,125,0,3.939155807472622,2.58929253918612,-64.77701258991148,-55.49388730854355,8.507652734608367,4.767460876888735,0.1521325129493015,2.897675886950298e-05,1.746806789168305e-06,-4.740310959439954e-10,1.325173043287778e-12,4.636848094238089e-12,Success,62.41825538228991,0,23.51273335826454,0,0,0,0,0,0,0,4.833920389550856,8.4020510564542,0.8330398134404785,0,0,0,0,0,0,KCP109C,/Users/lopezama/PycharmProjects/sci-cluster/review_outputs/rmelts_parity_audit_v2/2026-02-26/kcp109c_phase7_parity_20260225_222731/runs/kcp109c_phase7_parity_liam_exact/runs/20260225_222731/parallel-results/Parallel_MELTS_KCP109C_dP25.0_02-25_11cores.xlsx,feldspar,feldspar
602,817,125,0,4.154705860652495,2.588847840914194,-68.30938876354634,-58.53067859386476,8.970059321819532,5.0286127122671,0.1604847451824497,2.901471768386327e-05,1.748413661404912e-06,-5.348913884328762e-10,1.398983006539984e-12,4.994090705641332e-12,Success,62.48254808901244,0,23.46703004750299,0,0,0,0,0,0,0,4.781212990870765,8.42550482991935,0.8437040426944494,0,0,0,0,0,0,KCP109C,/Users/lopezama/PycharmProjects/sci-cluster/review_outputs/rmelts_parity_audit_v2/2026-02-26/kcp109c_phase7_parity_20260225_222731/runs/kcp109c_phase7_parity_liam_exact/runs/20260225_222731/parallel-results/Parallel_MELTS_KCP109C_dP25.0_02-25_11cores.xlsx,feldspar,feldspar
603,816,125,0,4.371947620152842,2.588405913859403,-71.86828291285879,-61.5913141019016,9.435769922377261,5.29184769357914,0.1689050236187305,2.905256503014604e-05,1.75000738303962e-06,-6.004433041402403e-10,1.473479453944486e-12,5.36660429495984e-12,Success,62.54632453617002,0,23.42164243934603,0,0,0,0,0,0,0,4.728886511181331,8.448635780086496,0.8545107332161354,0,0,0,0,0,0,KCP109C,/Users/lopezama/PycharmProjects/sci-cluster/review_outputs/rmelts_parity_audit_v2/2026-02-26/kcp109c_phase7_parity_20260225_222731/runs/kcp109c_phase7_parity_liam_exact/runs/20260225_222731/parallel-results/Parallel_MELTS_KCP109C_dP25.0_02-25_11cores.xlsx,feldspar,feldspar
604,815,125,0,4.590881189520705,2.587966843151559,-75.45367851848454,-64.67579509568901,9.904777303492642,5.557167442966811,0.1773933542336288,2.909029777863106e-05,1.751587648163741e-06,-6.708779746944875e-10,1.548660741068252e-12,5.754949436831275e-12,Success,62.60957134481311,0,23.37657944310105,0,0,0,0,0,0,0,4.676951422521364,8.471437449551278,0.8654603400131898,0,0,0,0,0,0,KCP109C,/Users/lopezama/PycharmProjects/sci-cluster/review_outputs/rmelts_parity_audit_v2/2026-02-26/kcp109c_phase7_parity_20260225_222731/runs/kcp109c_phase7_parity_liam_exact/runs/20260225_222731/parallel-results/Parallel_MELTS_KCP109C_dP25.0_02-25_11cores.xlsx,feldspar,feldspar
605,814,125,0,4.811460524815238,2.58753084029462,-79.06480276661635,-67.7834752022645,10.37697425778583,5.824517758398531,0.185947948905119,2.912790801512613e-05,1.753153871527773e-06,-7.46385987880621e-10,1.624509053195829e-12,6.159646959506776e-12,Success,62.67226256291444,0,23.33186014630489,0,0,0,0,0,0,0,4.625429527804568,8.49390204730502,0.8765457156711033,0,0,0,0,0,0,KCP109C,/Users/lopezama/PycharmProjects/sci-cluster/review_outputs/rmelts_parity_audit_v2/2026-02-26/kcp109c_phase7_parity_20260225_222731/runs/kcp109c_phase7_parity_liam_exact/runs/20260225_222731/parallel-results/Parallel_MELTS_KCP109C_dP25.0_02-25_11cores.xlsx,feldspar,feldspar
606,813,125,0,5.033736543042971,2.58709783000598,-82.7024722157753,-70.91506905726996,10.85246343369272,6.093961904701844,0.1945707844774983,2.916539980479081e-05,1.754706127800588e-06,-8.271807414088764e-10,1.701040105790668e-12,6.58136332113371e-12,Success,62.73440157058572,0,23.28748021298222,0,0,0,0,0,0,0,4.57431646111063,8.516025736918046,0.8877760184033777,0,0,0,0,0,0,KCP109C,/Users/lopezama/PycharmProjects/sci-cluster/review_outputs/rmelts_parity_audit_v2/2026-02-26/kcp109c_phase7_parity_20260225_222731/runs/kcp109c_phase7_parity_liam_exact/runs/20260225_222731/parallel-results/Parallel_MELTS_KCP109C_dP25.0_02-25_11cores.xlsx,feldspar,feldspar
607,812,125,0,5.257678406521712,2.586667965875411,-86.36616327090175,-74.07014369725424,11.33117041298208,6.365464204412114,0.2032606610467047,2.920276794596134e-05,1.7562439701099e-06,-9.134700203886043e-10,1.778241097779763e-12,7.020681188573575e-12,Success,62.79596847313697,0,23.24345391896394,0,0,0,0,0,0,0,4.523628642261504,8.537801610773414,0.8991473548641805,0,0,0,0,0,0,KCP109C,/Users/lopezama/PycharmProjects/sci-cluster/review_outputs/rmelts_parity_audit_v2/2026-02-26/kcp109c_phase7_parity_20260225_222731/runs/kcp109c_phase7_parity_liam_exact/runs/20260225_222731/parallel-results/Parallel_MELTS_KCP109C_dP25.0_02-25_11cores.xlsx,feldspar,feldspar
608,811,125,0,5.48326466935621,2.58624136418456,-90.05550664273771,-77.24839813347974,11.81304110063919,6.639000417655616,0.2120167415652281,2.924000926489756e-05,1.757767049102583e-06,-1.005470377558049e-09,1.856102320653989e-12,7.478216044054173e-12,Success,62.85694756303891,0,23.19979234609059,0,0,0,0,0,0,0,4.473378878995806,8.559223718374597,0.9106574935000903,0,0,0,0,0,0,KCP109C,/Users/lopezama/PycharmProjects/sci-cluster/review_outputs/rmelts_parity_audit_v2/2026-02-26/kcp109c_phase7_parity_20260225_222731/runs/kcp109c_phase7_parity_liam_exact/runs/20260225_222731/parallel-results/Parallel_MELTS_KCP109C_dP25.0_02-25_11cores.xlsx,feldspar,feldspar
609,810,125,0,5.710479056446728,2.585818112751609,-93.77021782266803,-80.44960382804207,12.29803258516914,6.914552626020183,0.2208383887592975,2.927712190442972e-05,1.75927508282636e-06,-1.103406935336263e-09,1.934615731996919e-12,7.954612089100896e-12,Success,62.91732608948742,0,23.15650421280756,0,0,0,0,0,0,0,4.423577339321357,8.580286501903016,0.9223058564806416,0,0,0,0,0,0,KCP109C,/Users/lopezama/PycharmProjects/sci-cluster/review_outputs/rmelts_parity_audit_v2/2026-02-26/kcp109c_phase7_parity_20260225_222731/runs/kcp109c_phase7_parity_liam_exact/runs/20260225_222731/parallel-results/Parallel_MELTS_KCP109C_dP25.0_02-25_11cores.xlsx,feldspar,feldspar
610,809,125,0,5.93932398195778,2.585398262437471,-97.51031869960853,-83.67379484666087,12.78614226581127,7.19212561083873,0.2297256893937216,2.931410567538048e-05,1.760767875330643e-06,-1.207516777230113e-09,2.013779602121879e-12,8.45056328261869e-12,Success,62.97709510264697,0,23.11359520773313,0,0,0,0,0,0,0,4.37423080471085,8.6009849303584,0.9340939545506571,0,0,0,0,0,0,KCP109C,/Users/lopezama/PycharmProjects/sci-cluster/review_outputs/rmelts_parity_audit_v2/2026-02-26/kcp109c_phase7_parity_20260225_222731/runs/kcp109c_phase7_parity_liam_exact/runs/20260225_222731/parallel-results/Parallel_MELTS_KCP109C_dP25.0_02-25_11cores.xlsx,feldspar,feldspar
611,808,125,0,6.169771096106659,2.584981921348837,-101.2753273723743,-86.92057332804998,13.27730106305718,7.471686971542183,0.2386775336860881,2.935095858426026e-05,1.762245113592852e-06,-1.318039312407963e-09,2.093581368141743e-12,8.966744495587712e-12,Success,63.03624025906878,0,23.07107549479296,0,0,0,0,0,0,0,4.325351007326859,8.621313686588337,0.9460195522230881,0,0,0,0,0,0,KCP109C,/Users/lopezama/PycharmProjects/sci-cluster/review_outputs/rmelts_parity_audit_v2/2026-02-26/kcp109c_phase7_parity_20260225_222731/runs/kcp109c_phase7_parity_liam_exact/runs/20260225_222731/parallel-results/Parallel_MELTS_KCP109C_dP25.0_02-25_11cores.xlsx,feldspar,feldspar
612,807,125,0,6.401807415886823,2.584569158900066,-105.0650137748103,-90.18975713307982,13.77147307478635,7.753222984252096,0.2476934073844357,2.938768024477919e-05,1.763706570897664e-06,-1.435225695417719e-09,2.174013649940191e-12,9.503876871715431e-12,Success,63.09475106943129,0,23.02895210122172,0,0,0,0,0,0,0,4.276946192229378,8.641267818510492,0.9580828186071365,0,0,0,0,0,0,KCP109C,/Users/lopezama/PycharmProjects/sci-cluster/review_outputs/rmelts_parity_audit_v2/2026-02-26/kcp109c_phase7_parity_20260225_222731/runs/kcp109c_phase7_parity_liam_exact/runs/20260225_222731/parallel-results/Parallel_MELTS_KCP109C_dP25.0_02-25_11cores.xlsx,feldspar,feldspar
613,806,125,0,6.635405302031463,2.584160070649903,-108.8789082567281,-93.48095854331896,14.26859075513982,8.036702258137453,0.2567722246541289,2.942426979784581e-05,1.765151975536778e-06,-1.559332802828681e-09,2.255063788211621e-12,1.006268553141203e-11,Success,63.15261485474249,0,22.9872339890742,0,0,0,0,0,0,0,4.229026711650188,8.660842567201435,0.9702818773316846,0,0,0,0,0,0,KCP109C,/Users/lopezama/PycharmProjects/sci-cluster/review_outputs/rmelts_parity_audit_v2/2026-02-26/kcp109c_phase7_parity_20260225_222731/runs/kcp109c_phase7_parity_liam_exact/runs/20260225_222731/parallel-results/Parallel_MELTS_KCP109C_dP25.0_02-25_11cores.xlsx,feldspar,feldspar
614,805,125,0,6.87053989019972,2.583754738948299,-112.7165869020707,-96.79382882169779,14.76859257095295,8.322096842352128,0.2659130058527277,2.946072719115192e-05,1.766581090716466e-06,-1.690627198090794e-09,2.336719923370825e-12,1.064392540792972e-11,Success,63.20982042290018,0,22.94592897395429,0,0,0,0,0,0,0,4.181601625044837,8.68003348151277,0.9826154965879234,0,0,0,0,0,0,KCP109C,/Users/lopezama/PycharmProjects/sci-cluster/review_outputs/rmelts_parity_audit_v2/2026-02-26/kcp109c_phase7_parity_20260225_222731/runs/kcp109c_phase7_parity_liam_exact/runs/20260225_222731/parallel-results/Parallel_MELTS_KCP109C_dP25.0_02-25_11cores.xlsx,feldspar,feldspar
615,804,125,0,7.107169562972796,2.583353262674919,-116.5773520339566,-100.1277840535887,15.27138094078619,8.609358593034997,0.2751141187563995,2.949705248937666e-05,1.767993661666448e-06,-1.829380705782685e-09,2.418964211211204e-12,1.124835217873393e-11,Success,63.26635554207711,0,22.90504596365966,0,0,0,0,0,0,0,4.134681135543541,8.698836656940017,0.9950807017796699,0,0,0,0,0,0,KCP109C,/Users/lopezama/PycharmProjects/sci-cluster/review_outputs/rmelts_parity_audit_v2/2026-02-26/kcp109c_phase7_parity_20260225_222731/runs/kcp109c_phase7_parity_liam_exact/runs/20260225_222731/parallel-results/Parallel_MELTS_KCP109C_dP25.0_02-25_11cores.xlsx,feldspar,feldspar
616,803,125,0,7.345285848942877,2.582955686130415,-120.4610485355981,-103.4827056265019,15.77692971156078,8.898479565760429,0.2843752174450587,2.953324721852659e-05,1.76938953304035e-06,-1.975882960107389e-09,2.501790151164785e-12,1.187679997612239e-11,Success,63.32221268006455,0,22.86458970899956,0,0,0,0,0,0,0,4.088270920135876,8.717247763008665,1.007678927791365,0,0,0,0,0,0,KCP109C,/Users/lopezama/PycharmProjects/sci-cluster/review_outputs/rmelts_parity_audit_v2/2026-02-26/kcp109c_phase7_parity_20260225_222731/runs/kcp109c_phase7_parity_liam_exact/runs/20260225_222731/parallel-results/Parallel_MELTS_KCP109C_dP25.0_02-25_11cores.xlsx,feldspar,feldspar
617,802,125,0,7.584838396187,2.582562115685384,-124.3668368938585,-106.8578873639469,16.28512256886167,9.189401227202612,0.2936943258835835,2.956931215908036e-05,1.770768455922651e-06,-2.130423176424286e-09,2.585176472836626e-12,1.253006630645878e-11,Success,63.377379576164,0,22.82456941555042,0,0,0,0,0,0,0,4.04238143435923,8.735263611744223,1.020405962182134,0,0,0,0,0,0,KCP109C,/Users/lopezama/PycharmProjects/sci-cluster/review_outputs/rmelts_parity_audit_v2/2026-02-26/kcp109c_phase7_parity_20260225_222731/runs/kcp109c_phase7_parity_liam_exact/runs/20260225_222731/parallel-results/Parallel_MELTS_KCP109C_dP25.0_02-25_11cores.xlsx,feldspar,feldspar
618,801,125,0,7.825797561939861,2.582172614765086,-128.2942165619493,-110.2529135918429,16.79588788354175,9.482090197952271,0.3030702718010127,2.960524938397351e-05,1.77213026254304e-06,-2.293306009167302e-09,2.66910895969491e-12,1.320900980919389e-11,Success,63.43184776296265,0,22.78499098130017,0,0,0,0,0,0,0,3.997019519852609,8.752880796476237,1.033260939408338,0,0,0,0,0,0,KCP109C,/Users/lopezama/PycharmProjects/sci-cluster/review_outputs/rmelts_parity_audit_v2/2026-02-26/kcp109c_phase7_parity_20260225_222731/runs/kcp109c_phase7_parity_liam_exact/runs/20260225_222731/parallel-results/Parallel_MELTS_KCP109C_dP25.0_02-25_11cores.xlsx,feldspar,feldspar
619,800,125,0,8.068126692659872,2.581787250089512,-132.2425727570678,-113.6672702252509,17.30913901301483,9.776504711666608,0.3125016088130479,2.964106134905776e-05,1.773474788704122e-06,-2.464844941581517e-09,2.753570783202357e-12,1.391450806799118e-11,Success,63.48560879311587,0,22.74586042223845,0,0,0,0,0,0,0,3.952192110925074,8.770096264707506,1.046242409013087,0,0,0,0,0,0,KCP109C,/Users/lopezama/PycharmProjects/sci-cluster/review_outputs/rmelts_parity_audit_v2/2026-02-26/kcp109c_phase7_parity_20260225_222731/runs/kcp109c_phase7_parity_liam_exact/runs/20260225_222731/parallel-results/Parallel_MELTS_KCP109C_dP25.0_02-25_11cores.xlsx,feldspar,feldspar
620,799,125,0,8.311774060689798,2.581406109056246,-136.2110452631563,-117.1002320560847,17.82475699022673,10.07258487823619,0.3219863016334364,2.967675087636709e-05,1.774801853675175e-06,-2.645360055563807e-09,2.838539636421136e-12,1.46474444163475e-11,Success,63.53865312371786,0,22.70718504643404,0,0,0,0,0,0,0,3.907907463496247,8.7869079103002,1.059346456051651,0,0,0,0,0,0,KCP109C,/Users/lopezama/PycharmProjects/sci-cluster/review_outputs/rmelts_parity_audit_v2/2026-02-26/kcp109c_phase7_parity_20260225_222731/runs/kcp109c_phase7_parity_liam_exact/runs/20260225_222731/parallel-results/Parallel_MELTS_KCP109C_dP25.0_02-25_11cores.xlsx,feldspar,feldspar
621,798,125,0,8.556708631672914,2.581029231571753,-140.1991118651452,-120.5513635906978,18.34266748302987,10.37029593316081,0.3315231198083792,2.971232174628651e-05,1.776111352780959e-06,-2.83518855656849e-09,2.924000327131911e-12,1.540876798427173e-11,Success,63.5909749523776,0,22.66896867748509,0,0,0,0,0,0,0,3.864170085971128,8.803312826950036,1.07257345721612,0,0,0,0,0,0,KCP109C,/Users/lopezama/PycharmProjects/sci-cluster/review_outputs/rmelts_parity_audit_v2/2026-02-26/kcp109c_phase7_parity_20260225_222731/runs/kcp109c_phase7_parity_liam_exact/runs/20260225_222731/parallel-results/Parallel_MELTS_KCP109C_dP25.0_02-25_11cores.xlsx,feldspar,feldspar
622,797,125,0,8.802864871936961,2.580656741785922,-144.2056896378049,-124.0197476611526,18.86272202649377,10.6695615615457,0.341109483078521,2.974777777133937e-05,1.777403084191567e-06,-3.034669413245374e-09,3.009925161283802e-12,1.619940359352157e-11,Success,63.64256306149939,0,22.63122080301993,0,0,0,0,0,0,0,3.820990423191039,8.819310891329343,1.085914820960275,0,0,0,0,0,0,KCP109C,/Users/lopezama/PycharmProjects/sci-cluster/review_outputs/rmelts_parity_audit_v2/2026-02-26/kcp109c_phase7_parity_20260225_222731/runs/kcp109c_phase7_parity_liam_exact/runs/20260225_222731/parallel-results/Parallel_MELTS_KCP109C_dP25.0_02-25_11cores.xlsx,feldspar,feldspar
623,796,125,0,9.050227955545006,2.580288593537886,-148.2305195182974,-127.5051734642751,19.3848814984074,10.97036675096983,0.3507447956872163,2.978312429846772e-05,1.778677074277587e-06,-3.24416820769119e-09,3.096304580640106e-12,1.70203936606672e-11,Success,63.69341820173028,0,22.59393903147355,0,0,0,0,0,0,0,3.77836632693859,8.834897505044292,1.099378934813277,0,0,0,0,0,0,KCP109C,/Users/lopezama/PycharmProjects/sci-cluster/review_outputs/rmelts_parity_audit_v2/2026-02-26/kcp109c_phase7_parity_20260225_222731/runs/kcp109c_phase7_parity_liam_exact/runs/20260225_222731/parallel-results/Parallel_MELTS_KCP109C_dP25.0_02-25_11cores.xlsx,feldspar,feldspar
624,795,125,0,9.298731435766086,2.579924907942501,-152.2725052634877,-131.0067114710663,19.90899573320358,11.27263433802119,0.3604264374958827,2.981836629805735e-05,1.779933148044367e-06,-3.46404827058504e-09,3.183110155880644e-12,1.787273066098546e-11,Success,63.74353010084814,0,22.55713232604821,0,0,0,0,0,0,0,3.736307588810094,8.850073276709791,1.112956707583769,0,0,0,0,0,0,KCP109C,/Users/lopezama/PycharmProjects/sci-cluster/review_outputs/rmelts_parity_audit_v2/2026-02-26/kcp109c_phase7_parity_20260225_222731/runs/kcp109c_phase7_parity_liam_exact/runs/20260225_222731/parallel-results/Parallel_MELTS_KCP109C_dP25.0_02-25_11cores.xlsx,feldspar,feldspar
625,794,125,0,9.548301549189656,2.579565771281566,-156.3304310256994,-134.5233282972109,20.4348992442379,11.57627842142164,0.3701515059430301,2.985351032681309e-05,1.78117120823257e-06,-3.694682435296945e-09,3.270310905122988e-12,1.875742705682301e-11,Success,63.79289196580341,0,22.52080683042873,0,0,0,0,0,0,0,3.694820862460485,8.864839176004079,1.1266411653033,0,0,0,0,0,0,KCP109C,/Users/lopezama/PycharmProjects/sci-cluster/review_outputs/rmelts_parity_audit_v2/2026-02-26/kcp109c_phase7_parity_20260225_222731/runs/kcp109c_phase7_parity_liam_exact/runs/20260225_222731/parallel-results/Parallel_MELTS_KCP109C_dP25.0_02-25_11cores.xlsx,feldspar,feldspar
626,793,125,0,9.798922342480013,2.579211141795567,-160.4040213162521,-138.0547977536432,20.96255082550196,11.88128300484627,0.3799193553288665,2.988856275130135e-05,1.782391290068639e-06,-3.936475379678328e-09,3.357896251131901e-12,1.967563402101284e-11,Success,63.84150468650903,0,22.48496024124394,0,0,0,0,0,0,0,3.653904039937669,8.879191146223295,1.140439886086071,0,0,0,0,0,0,KCP109C,/Users/lopezama/PycharmProjects/sci-cluster/review_outputs/rmelts_parity_audit_v2/2026-02-26/kcp109c_phase7_parity_20260225_222731/runs/kcp109c_phase7_parity_liam_exact/runs/20260225_222731/parallel-results/Parallel_MELTS_KCP109C_dP25.0_02-25_11cores.xlsx,feldspar,feldspar
627,792,125,0,10.14052975142822,2.578715901708089,-165.9608735765091,-142.8630923473449,21.68500326636081,12.29680166877166,0.3932395090405787,2.992952561317788e-05,1.783912430895534e-06,-4.229456270737676e-09,3.477714600789972e-12,2.081858552116397e-11,Success,63.90382035666104,0,22.43818955208252,0,0,0,0,0,0,0,3.600777353765657,8.89543919062082,1.16177354686997,0,0,0,0,0,0,KCP109C,/Users/lopezama/PycharmProjects/sci-cluster/review_outputs/rmelts_parity_audit_v2/2026-02-26/kcp109c_phase7_parity_20260225_222731/runs/kcp109c_phase7_parity_liam_exact/runs/20260225_222731/parallel-results/Parallel_MELTS_KCP109C_dP25.0_02-25_11cores.xlsx,feldspar,feldspar
628,791,125,0,10.76113182418625,2.577786270397275,-176.0659119281411,-151.5846042430232,23.00550456713617,13.05102043163457,0.4174563247451774,2.998740504141254e-05,1.786345495111429e-06,-4.663594458390447e-09,3.69664805232256e-12,2.260434871569203e-11,Success,64.0079455222291,0,22.3579068204129,0,0,0,0,0,0,0,3.510247296388137,8.916997284318319,1.206903076651533,0,0,0,0,0,0,KCP109C,/Users/lopezama/PycharmProjects/sci-cluster/review_outputs/rmelts_parity_audit_v2/2026-02-26/kcp109c_phase7_parity_20260225_222731/runs/kcp109c_phase7_parity_liam_exact/runs/20260225_222731/parallel-results/Parallel_MELTS_KCP109C_dP25.0_02-25_11cores.xlsx,feldspar,feldspar
629,790,125,0,11.39751464932389,2.576852828413091,-186.4216928854603,-160.524660158709,24.35877602102364,13.82448656794443,0.4423036707277865,3.004363341093498e-05,1.788719907920679e-06,-5.128025414024059e-09,3.921657516516279e-12,2.449144482499753e-11,Success,64.1102022356956,0,22.27829049589343,0,0,0,0,0,0,0,3.42070300585947,8.936138280254974,1.254665982296515,0,0,0,0,0,0,KCP109C,/Users/lopezama/PycharmProjects/sci-cluster/review_outputs/rmelts_parity_audit_v2/2026-02-26/kcp109c_phase7_parity_20260225_222731/runs/kcp109c_phase7_parity_liam_exact/runs/20260225_222731/parallel-results/Parallel_MELTS_KCP109C_dP25.0_02-25_11cores.xlsx,feldspar,feldspar
630,789,125,0,12.05076200429996,2.57591429468726,-197.0453242129643,-169.6980805274085,25.74706367796997,14.61849555804919,0.467824648869501,3.009809052635229e-05,1.791033433907122e-06,-5.624407858097468e-09,4.153140603844652e-12,2.648554054428072e-11,Success,64.21054546950991,0,22.19931388627291,0,0,0,0,0,0,0,3.332132967275033,8.952691818431415,1.305315858510737,0,0,0,0,0,0,KCP109C,/Users/lopezama/PycharmProjects/sci-cluster/review_outputs/rmelts_parity_audit_v2/2026-02-26/kcp109c_phase7_parity_20260225_222731/runs/kcp109c_phase7_parity_liam_exact/runs/20260225_222731/parallel-results/Parallel_MELTS_KCP109C_dP25.0_02-25_11cores.xlsx,feldspar,feldspar
631,788,125,0,12.72212487820306,2.57496906704842,-207.9565539943684,-179.1219631245251,27.17296411425655,15.43454116347553,0.4940690372170528,3.015064538167273e-05,1.79328388076502e-06,-6.154514521636052e-09,4.391558703098372e-12,2.859276112880159e-11,Success,64.30894004034687,0,22.12093429493244,0,0,0,0,0,0,0,3.24451016496668,8.966467511811617,1.35914798794238,0,0,0,0,0,0,KCP109C,/Users/lopezama/PycharmProjects/sci-cluster/review_outputs/rmelts_parity_audit_v2/2026-02-26/kcp109c_phase7_parity_20260225_222731/runs/kcp109c_phase7_parity_liam_exact/runs/20260225_222731/parallel-results/Parallel_MELTS_KCP109C_dP25.0_02-25_11cores.xlsx,feldspar,feldspar
632,787,125,0,13.41308132017979,2.574015155100729,-219.178725652123,-188.8165058197064,28.6395508488578,16.27438679253243,0.5210956623002049,3.020115153323879e-05,1.795469040785496e-06,-6.720255853050745e-09,4.637459424071213e-12,3.081980681342346e-11,Success,64.40536041946822,0,22.04309054025526,0,0,0,0,0,0,0,3.157790080206631,8.977248018534356,1.416510941535529,0,0,0,0,0,0,KCP109C,/Users/lopezama/PycharmProjects/sci-cluster/review_outputs/rmelts_parity_audit_v2/2026-02-26/kcp109c_phase7_parity_20260225_222731/runs/kcp109c_phase7_parity_liam_exact/runs/20260225_222731/parallel-results/Parallel_MELTS_KCP109C_dP25.0_02-25_11cores.xlsx,feldspar,feldspar
633,786,125,0,14.12540428243637,2.573050097163419,-230.7398586889928,-198.8059381058034,30.15051747456869,17.14014648824128,0.5489750976091952,3.024944461823629e-05,1.797586704488121e-06,-7.32371135795112e-09,4.891502393627826e-12,3.317409768651993e-11,Success,64.49979341010477,0,21.96569891164939,0,0,0,0,0,0,0,3.071906730159443,8.9847844048693,1.477816543217082,0,0,0,0,0,0,KCP109C,/Users/lopezama/PycharmProjects/sci-cluster/review_outputs/rmelts_parity_audit_v2/2026-02-26/kcp109c_phase7_parity_20260225_222731/runs/kcp109c_phase7_parity_liam_exact/runs/20260225_222731/parallel-results/Parallel_MELTS_KCP109C_dP25.0_02-25_11cores.xlsx,feldspar,feldspar
634,785,125,0,14.86127232644255,2.572070756399877,-242.6744089548369,-209.1200368518601,31.71041166467583,18.03441675422543,0.5777940707682494,3.02953343269942e-05,1.799634649453485e-06,-7.967172385799231e-09,5.154501594761494e-12,3.566398545574619e-11,Success,64.59224309562356,0,21.88864333406289,0,0,0,0,0,0,0,2.986763398928811,8.988781382203339,1.543568789181405,0,0,0,0,0,0,KCP109C,/Users/lopezama/PycharmProjects/sci-cluster/review_outputs/rmelts_parity_audit_v2/2026-02-26/kcp109c_phase7_parity_20260225_222731/runs/kcp109c_phase7_parity_liam_exact/runs/20260225_222731/parallel-results/Parallel_MELTS_KCP109C_dP25.0_02-25_11cores.xlsx,feldspar,feldspar
635,784,125,0,15.62339227419652,2.571073303744195,-255.0252290503777,-219.7958183116021,33.32489309821273,18.96042322577281,0.6076603203589928,3.033859913784866e-05,1.801610504430812e-06,-8.653203964076223e-09,5.427471018435171e-12,3.829903179490608e-11,Success,64.68272683755241,0,21.81177681864366,0,0,0,0,0,0,0,2.902234768165233,8.988892191052217,1.614369384586486,0,0,0,0,0,0,KCP109C,/Users/lopezama/PycharmProjects/sci-cluster/review_outputs/rmelts_parity_audit_v2/2026-02-26/kcp109c_phase7_parity_20260225_222731/runs/kcp109c_phase7_parity_liam_exact/runs/20260225_222731/parallel-results/Parallel_MELTS_KCP109C_dP25.0_02-25_11cores.xlsx,feldspar,feldspar
636,783,125,0,16.41523917277657,2.570052703652714,-267.8473818531602,-230.8808209165518,35.00124124093018,19.92230651050194,0.6387121614061159,3.037897125650943e-05,1.803511861428762e-06,-9.384737780128922e-09,5.711717039761545e-12,4.109046812502515e-11,Success,64.77129242994368,0,21.73489479984512,0,0,0,0,0,0,0,2.818140917202273,8.984686917376978,1.69098493563195,0,0,0,0,0,0,KCP109C,/Users/lopezama/PycharmProjects/sci-cluster/review_outputs/rmelts_parity_audit_v2/2026-02-26/kcp109c_phase7_parity_20260225_222731/runs/kcp109c_phase7_parity_liam_exact/runs/20260225_222731/parallel-results/Parallel_MELTS_KCP109C_dP25.0_02-25_11cores.xlsx,feldspar,feldspar
637,782,125,0,17.24132770550307,2.569002564763045,-281.2124688245867,-242.4368392234408,36.74892631488028,20.92544611914093,0.6711292523405222,3.041612125289113e-05,1.80533599357863e-06,-1.016519841256361e-08,6.008940315616167e-12,4.405177986312667e-11,Success,64.85801266855023,0,21.65773227085379,0,0,0,0,0,0,0,2.734246226952954,8.975632875709938,1.7743759579331,0,0,0,0,0,0,KCP109C,/Users/lopezama/PycharmProjects/sci-cluster/review_outputs/rmelts_parity_audit_v2/2026-02-26/kcp109c_phase7_parity_20260225_222731/runs/kcp109c_phase7_parity_liam_exact/runs/20260225_222731/parallel-results/Parallel_MELTS_KCP109C_dP25.0_02-25_11cores.xlsx,feldspar,feldspar
638,781,125,0,18.10768148118979,2.567914500616583,-295.2160987084654,-254.5463600125288,38.58059924672636,21.97701986473719,0.7051512609489898,3.044963038649796e-05,1.807079738222704e-06,-1.099870051987478e-08,6.321414381228301e-12,4.719965283503263e-11,Success,64.94299817286726,0,21.57993458271674,0,0,0,0,0,0,0,2.65023229706766,8.96104661353182,1.865788333816546,0,0,0,0,0,0,KCP109C,/Users/lopezama/PycharmProjects/sci-cluster/review_outputs/rmelts_parity_audit_v2/2026-02-26/kcp109c_phase7_parity_20260225_222731/runs/kcp109c_phase7_parity_liam_exact/runs/20260225_222731/parallel-results/Parallel_MELTS_KCP109C_dP25.0_02-25_11cores.xlsx,feldspar,feldspar
639,780,125,0,19.02257562502139,2.566777205495277,-309.9897087542544,-267.3227503157585,40.51365754023255,23.08688916697603,0.7411073927373006,3.047894846828684e-05,1.808739262902072e-06,-1.18903623889272e-08,6.6522678600494e-12,5.055547600249133e-11,Success,65.02641377689324,0,21.50101632064037,0,0,0,0,0,0,0,2.565660193931359,8.940022604177898,1.966887104357126,0,0,0,0,0,0,KCP109C,/Users/lopezama/PycharmProjects/sci-cluster/review_outputs/rmelts_parity_audit_v2/2026-02-26/kcp109c_phase7_parity_20260225_222731/runs/kcp109c_phase7_parity_liam_exact/runs/20260225_222731/parallel-results/Parallel_MELTS_KCP109C_dP25.0_02-25_11cores.xlsx,feldspar,feldspar
640,779,125,0,19.99768141571229,2.565575251198995,-325.718780946037,-280.9259612607892,42.57265569096403,24.26896286875881,0.779461892858788,3.050332667045416e-05,1.810309423760696e-06,-1.284678411097834e-08,7.005918631965014e-12,5.414764309022856e-11,Success,65.10848859491642,0,21.42031239202231,0,0,0,0,0,0,0,2.479927749094987,8.911327418186353,2.079943845779923,0,0,0,0,0,0,KCP109C,/Users/lopezama/PycharmProjects/sci-cluster/review_outputs/rmelts_parity_audit_v2/2026-02-26/kcp109c_phase7_parity_20260225_222731/runs/kcp109c_phase7_parity_liam_exact/runs/20260225_222731/parallel-results/Parallel_MELTS_KCP109C_dP25.0_02-25_11cores.xlsx,feldspar,feldspar
641,778,125,0,21.2624403129078,2.564022916280801,-346.1046934443451,-298.5440247614096,45.24631944340535,25.80024232742781,0.8292609312458747,3.052187879510396e-05,1.812042447750885e-06,-1.40016629713815e-08,7.466886191746854e-12,5.855285143936799e-11,Success,65.20518038950854,0,21.32082301955869,0,0,0,0,0,0,0,2.375286477465134,8.865950365667942,2.232759747799683,0,0,0,0,0,0,KCP109C,/Users/lopezama/PycharmProjects/sci-cluster/review_outputs/rmelts_parity_audit_v2/2026-02-26/kcp109c_phase7_parity_20260225_222731/runs/kcp109c_phase7_parity_liam_exact/runs/20260225_222731/parallel-results/Parallel_MELTS_KCP109C_dP25.0_02-25_11cores.xlsx,feldspar,feldspar
642,777,125,0,22.78961969652175,2.562163249919126,-370.6855788316591,-319.7800656751817,48.4745161705255,27.64637055568567,0.8894679016741459,3.052820368527941e-05,1.813719874124322e-06,-1.532936718940319e-08,8.026365486918227e-12,6.36718171827997e-11,Success,65.30802227386522,0,21.2075664569925,0,0,0,0,0,0,0,2.257852105608248,8.798178971993941,2.428380191540086,0,0,0,0,0,0,KCP109C,/Users/lopezama/PycharmProjects/sci-cluster/review_outputs/rmelts_parity_audit_v2/2026-02-26/kcp109c_phase7_parity_20260225_222731/runs/kcp109c_phase7_parity_liam_exact/runs/20260225_222731/parallel-results/Parallel_MELTS_KCP109C_dP25.0_02-25_11cores.xlsx,feldspar,feldspar
643,776,125,0,24.51086847918975,2.560560734345954,-398.4385598669426,-343.7641890080996,52.11301611670689,29.73110226408161,0.9572461277881223,3.055077353048823e-05,1.81554635396361e-06,-1.691008570287665e-08,8.653362421674534e-12,6.969230092764922e-11,Success,65.40932734978473,0,21.10567467459511,0,0,0,0,0,0,0,2.150152384011896,8.756784639995846,2.578060951612412,0,0,0,0,0,0,KCP109C,/Users/lopezama/PycharmProjects/sci-cluster/review_outputs/rmelts_parity_audit_v2/2026-02-26/kcp109c_phase7_parity_20260225_222731/runs/kcp109c_phase7_parity_liam_exact/runs/20260225_222731/parallel-results/Parallel_MELTS_KCP109C_dP25.0_02-25_11cores.xlsx,feldspar,feldspar
644,775,125,0,25.47465009790232,2.560019767919401,-414.009172124151,-357.2645114814728,54.13791980411034,30.90525485561877,0.995095835474984,3.059238003374954e-05,1.81684792329927e-06,-1.816565871554821e-08,8.998453916515343e-12,7.415152819100614e-11,Success,65.46522336108514,0,21.06173916013531,0,0,0,0,0,0,0,2.10086267316405,8.766158532580427,2.606016273035074,0,0,0,0,0,0,KCP109C,/Users/lopezama/PycharmProjects/sci-cluster/review_outputs/rmelts_parity_audit_v2/2026-02-26/kcp109c_phase7_parity_20260225_222731/runs/kcp109c_phase7_parity_liam_exact/runs/20260225_222731/parallel-results/Parallel_MELTS_KCP109C_dP25.0_02-25_11cores.xlsx,feldspar,feldspar
645,774,125,0,26.05609690609294,2.559762797748065,-423.3845355379021,-365.4281695886328,55.34676593541453,31.61609227702893,1.017910602068896,3.062713976712449e-05,1.817689533431595e-06,-1.919872773934682e-08,9.204056979913566e-12,7.764635775463299e-11,Success,65.49806847572295,0,21.03706375220134,0,0,0,0,0,0,0,2.072841314259485,8.774660382166864,2.617366075649376,0,0,0,0,0,0,KCP109C,/Users/lopezama/PycharmProjects/sci-cluster/review_outputs/rmelts_parity_audit_v2/2026-02-26/kcp109c_phase7_parity_20260225_222731/runs/kcp109c_phase7_parity_liam_exact/runs/20260225_222731/parallel-results/Parallel_MELTS_KCP109C_dP25.0_02-25_11cores.xlsx,feldspar,feldspar
646,773,125,0,26.326226059927,2.559743722869972,-427.7198015773268,-369.2486043588466,55.89179106101439,31.94963178538205,1.028471163918323,3.06566456804942e-05,1.818157250444532e-06,-2.003936023189697e-08,9.295683700058015e-12,8.032307838406899e-11,Success,65.51196742980106,0,21.02835430638634,0,0,0,0,0,0,0,2.062412828349211,8.782800950275309,2.614464485188073,0,0,0,0,0,0,KCP109C,/Users/lopezama/PycharmProjects/sci-cluster/review_outputs/rmelts_parity_audit_v2/2026-02-26/kcp109c_phase7_parity_20260225_222731/runs/kcp109c_phase7_parity_liam_exact/runs/20260225_222731/parallel-results/Parallel_MELTS_KCP109C_dP25.0_02-25_11cores.xlsx,feldspar,feldspar
647,772,125,0,31.98146991520738,2.520615225852738,-509.7348219328585,-439.5556448519457,67.1474688618025,38.13028206725908,1.268796188612558,2.875422162238073e-05,1.807452578837548e-06,-1.248091956129271e-08,1.209020787161708e-11,6.181464391732985e-11,Success,66.18228552622004,0,19.183302689845,0,0,0,0,0,0,0,0.3838180904946866,5.438512119499,8.812081573941274,0,0,0,0,0,0,KCP109C,/Users/lopezama/PycharmProjects/sci-cluster/review_outputs/rmelts_parity_audit_v2/2026-02-26/kcp109c_phase7_parity_20260225_222731/runs/kcp109c_phase7_parity_liam_exact/runs/20260225_222731/parallel-results/Parallel_MELTS_KCP109C_dP25.0_02-25_11cores.xlsx,feldspar,feldspar
648,770,125,0,33.58883589342214,2.520587220774381,-535.1514616983446,-461.6742630463274,70.4378072683864,40.04790902450221,1.332579790002383,2.876345612972257e-05,1.807549465002724e-06,-1.406388245470938e-08,1.269331171067708e-11,6.770853885019331e-11,Success,66.18335306957819,0,19.1742101118237,0,0,0,0,0,0,0,0.3760675259510642,5.417047621359276,8.849321671287772,0,0,0,0,0,0,KCP109C,/Users/lopezama/PycharmProjects/sci-cluster/review_outputs/rmelts_parity_audit_v2/2026-02-26/kcp109c_phase7_parity_20260225_222731/runs/kcp109c_phase7_parity_liam_exact/runs/20260225_222731/parallel-results/Parallel_MELTS_KCP109C_dP25.0_02-25_11cores.xlsx,feldspar,feldspar
650,854,100,0,0.05834494565541769,2.594256867234388,-0.9652640125606089,-0.8210426383338357,0.1279522461311921,0.0706595249370969,0.00224900419046077,2.833396981025372e-05,1.719244474175816e-06,4.206099448289905e-12,1.935029303735791e-14,3.487784531821471e-14,Success,61.31429649819744,0,24.29100215699317,0,0,0,0,0,0,0,5.733591687270613,7.982298708957046,0.6788109485817304,0,0,0,0,0,0,KCP109C,/Users/lopezama/PycharmProjects/sci-cluster/review_outputs/rmelts_parity_audit_v2/2026-02-26/kcp109c_phase7_parity_20260225_222731/runs/kcp109c_phase7_parity_liam_exact/runs/20260225_222731/parallel-results/Parallel_MELTS_KCP109C_dP25.0_02-25_11cores.xlsx,feldspar,feldspar
651,853,100,0,0.2454616057694333,2.593796806100136,-4.06024394549252,-3.454218796349293,0.5381389238939982,0.2972727276053965,0.00946340920738866,2.836915147190004e-05,1.720948629246862e-06,1.672513357981252e-11,8.149812775930861e-14,1.496190867987426e-13,Success,61.3824587107642,0,24.24326270889476,0,0,0,0,0,0,0,5.678301565663538,8.009037874414238,0.6869391402632371,0,0,0,0,0,0,KCP109C,/Users/lopezama/PycharmProjects/sci-cluster/review_outputs/rmelts_parity_audit_v2/2026-02-26/kcp109c_phase7_parity_20260225_222731/runs/kcp109c_phase7_parity_liam_exact/runs/20260225_222731/parallel-results/Parallel_MELTS_KCP109C_dP25.0_02-25_11cores.xlsx,feldspar,feldspar
652,852,100,0,0.4338932946744993,2.59333828485916,-7.17591069876052,-6.105945730712019,0.9509531778416223,0.5254829723900177,0.01673107196264075,2.840423902186829e-05,1.722644701050801e-06,2.781563877293419e-11,1.442193420329508e-13,2.696778306469053e-13,Success,61.4503221498536,0,24.19569898572881,0,0,0,0,0,0,0,5.623226133051342,8.035571907172502,0.6951808241937331,0,0,0,0,0,0,KCP109C,/Users/lopezama/PycharmProjects/sci-cluster/review_outputs/rmelts_parity_audit_v2/2026-02-26/kcp109c_phase7_parity_20260225_222731/runs/kcp109c_phase7_parity_liam_exact/runs/20260225_222731/parallel-results/Parallel_MELTS_KCP109C_dP25.0_02-25_11cores.xlsx,feldspar,feldspar
653,851,100,0,0.6236545000976538,2.592881355856677,-10.31248961932459,-8.776426473373995,1.366421870702836,0.7553081478208599,0.02405256602616903,2.843922781083819e-05,1.724332437537604e-06,3.741765680670284e-11,2.075189805045889e-13,3.952457461973437e-13,Success,61.51787653570269,0,24.14831725997973,0,0,0,0,0,0,0,5.568372962920063,8.061894343017455,0.703538898380052,0,0,0,0,0,0,KCP109C,/Users/lopezama/PycharmProjects/sci-cluster/review_outputs/rmelts_parity_audit_v2/2026-02-26/kcp109c_phase7_parity_20260225_222731/runs/kcp109c_phase7_parity_liam_exact/runs/20260225_222731/parallel-results/Parallel_MELTS_KCP109C_dP25.0_02-25_11cores.xlsx,feldspar,feldspar
654,850,100,0,0.8147627114950595,2.592426080862184,-13.47025552646877,-11.4659063772529,1.784578328109218,0.9867697897373889,0.03142858025961871,2.847411423307442e-05,1.72601160098389e-06,4.546919704569949e-11,2.71403037179645e-13,5.265229328581943e-13,Success,61.58511183686217,0,24.10112431193902,0,0,0,0,0,0,0,5.513749989761697,8.088000602860307,0.7120132585768045,0,0,0,0,0,0,KCP109C,/Users/lopezama/PycharmProjects/sci-cluster/review_outputs/rmelts_parity_audit_v2/2026-02-26/kcp109c_phase7_parity_20260225_222731/runs/kcp109c_phase7_parity_liam_exact/runs/20260225_222731/parallel-results/Parallel_MELTS_KCP109C_dP25.0_02-25_11cores.xlsx,feldspar,feldspar
655,849,100,0,1.007233257333312,2.591972517919683,-16.64944723379961,-14.17460036970381,2.205451021784787,1.219886821790461,0.03885971978366953,2.850889393750342e-05,1.727681938538746e-06,5.190586492891111e-11,3.358767412133685e-13,6.637148205910897e-13,Success,61.65201758167114,0,24.05412680208282,0,0,0,0,0,0,0,5.459365151935833,8.113884812211516,0.7206056520986966,0,0,0,0,0,0,KCP109C,/Users/lopezama/PycharmProjects/sci-cluster/review_outputs/rmelts_parity_audit_v2/2026-02-26/kcp109c_phase7_parity_20260225_222731/runs/kcp109c_phase7_parity_liam_exact/runs/20260225_222731/parallel-results/Parallel_MELTS_KCP109C_dP25.0_02-25_11cores.xlsx,feldspar,feldspar
656,848,100,0,1.201079883701983,2.591520712369715,-19.85027701210947,-16.9027009585879,2.629064847274291,1.454676248932456,0.04634652842900502,2.854356205500653e-05,1.729343199286129e-06,5.666088878461802e-11,4.009447554687624e-13,8.070325412499499e-13,Success,61.71858365050432,0,24.00733057165499,0,0,0,0,0,0,0,5.405225629785039,8.139539732926371,0.7293204151292698,0,0,0,0,0,0,KCP109C,/Users/lopezama/PycharmProjects/sci-cluster/review_outputs/rmelts_parity_audit_v2/2026-02-26/kcp109c_phase7_parity_20260225_222731/runs/kcp109c_phase7_parity_liam_exact/runs/20260225_222731/parallel-results/Parallel_MELTS_KCP109C_dP25.0_02-25_11cores.xlsx,feldspar,feldspar
657,847,100,0,1.396321000788684,2.591070778333898,-23.07303488559243,-19.65046722425964,3.055454770640352,1.691160789856191,0.0538897282337668,2.857811717517103e-05,1.730995135108782e-06,5.96650383988533e-11,4.666131815285997e-13,9.566983116509154e-13,Success,61.78479837079341,0,23.96074582248298,0,0,0,0,0,0,0,5.351342563532993,8.164966100458443,0.7381471427321631,0,0,0,0,0,0,KCP109C,/Users/lopezama/PycharmProjects/sci-cluster/review_outputs/rmelts_parity_audit_v2/2026-02-26/kcp109c_phase7_parity_20260225_222731/runs/kcp109c_phase7_parity_liam_exact/runs/20260225_222731/parallel-results/Parallel_MELTS_KCP109C_dP25.0_02-25_11cores.xlsx,feldspar,feldspar
658,846,100,0,1.592964563340404,2.590622719515861,-26.3178364063748,-22.41800961973275,3.484632789744041,1.929350413839747,0.06148963920296736,2.861255175035302e-05,1.732637476629986e-06,6.08465484220418e-11,5.328846763560677e-13,1.11293320714415e-12,Success,61.8506519541467,0,23.91437590054854,0,0,0,0,0,0,0,5.297720997617279,8.190150871493666,0.7471002761938302,0,0,0,0,0,0,KCP109C,/Users/lopezama/PycharmProjects/sci-cluster/review_outputs/rmelts_parity_audit_v2/2026-02-26/kcp109c_phase7_parity_20260225_222731/runs/kcp109c_phase7_parity_liam_exact/runs/20260225_222731/parallel-results/Parallel_MELTS_KCP109C_dP25.0_02-25_11cores.xlsx,feldspar,feldspar
659,845,100,0,1.791027481821006,2.590176635587141,-29.58494631639551,-25.20556608121985,3.916630358338018,2.169266036569562,0.06914692446891817,2.864686378239669e-05,1.734269978038887e-06,6.013106689110155e-11,5.997647316547566e-13,1.275973268515485e-12,Success,61.91613311706359,0,23.86823005419698,0,0,0,0,0,0,0,5.244371194846176,8.215093148321662,0.7561724855715873,0,0,0,0,0,0,KCP109C,/Users/lopezama/PycharmProjects/sci-cluster/review_outputs/rmelts_parity_audit_v2/2026-02-26/kcp109c_phase7_parity_20260225_222731/runs/kcp109c_phase7_parity_liam_exact/runs/20260225_222731/parallel-results/Parallel_MELTS_KCP109C_dP25.0_02-25_11cores.xlsx,feldspar,feldspar
660,844,100,0,1.990516656541415,2.589732607771787,-32.87446324388304,-28.01323316936385,4.351456898822172,2.410916410513699,0.07686186020007914,2.868104720262503e-05,1.73589230954737e-06,5.744149064420237e-11,6.672554336255379e-13,1.44605447063269e-12,Success,61.9812281461545,0,23.82231705984204,0,0,0,0,0,0,0,5.191303595656235,8.239785379598853,0.7653658187483714,0,0,0,0,0,0,KCP109C,/Users/lopezama/PycharmProjects/sci-cluster/review_outputs/rmelts_parity_audit_v2/2026-02-26/kcp109c_phase7_parity_20260225_222731/runs/kcp109c_phase7_parity_liam_exact/runs/20260225_222731/parallel-results/Parallel_MELTS_KCP109C_dP25.0_02-25_11cores.xlsx,feldspar,feldspar
661,843,100,0,2.191448257470915,2.589290664039173,-36.18663862273854,-30.8412377064085,4.789142065430319,2.654321544988453,0.08463508125628344,2.871509970731956e-05,1.737504307080317e-06,5.269814824767335e-11,7.353619817358152e-13,1.623427771546371e-12,Success,62.04593020646988,0,23.77664093008944,0,0,0,0,0,0,0,5.138523105317028,8.264222853162108,0.77468290496154,0,0,0,0,0,0,KCP109C,/Users/lopezama/PycharmProjects/sci-cluster/review_outputs/rmelts_parity_audit_v2/2026-02-26/kcp109c_phase7_parity_20260225_222731/runs/kcp109c_phase7_parity_liam_exact/runs/20260225_222731/parallel-results/Parallel_MELTS_KCP109C_dP25.0_02-25_11cores.xlsx,feldspar,feldspar
662,842,100,0,2.393824232497905,2.588850903187968,-39.52148911020417,-33.68960675390589,5.229684218534078,2.899484213837774,0.09246667042702604,2.874901487583958e-05,1.739105608373909e-06,4.58183897319105e-11,8.040846315455166e-13,1.808341398827527e-12,Success,62.11022403144854,0,23.73121182825296,0,0,0,0,0,0,0,5.086041670880196,8.28839819269857,0.7841242767197211,0,0,0,0,0,0,KCP109C,/Users/lopezama/PycharmProjects/sci-cluster/review_outputs/rmelts_parity_audit_v2/2026-02-26/kcp109c_phase7_parity_20260225_222731/runs/kcp109c_phase7_parity_liam_exact/runs/20260225_222731/parallel-results/Parallel_MELTS_KCP109C_dP25.0_02-25_11cores.xlsx,feldspar,feldspar
663,841,100,0,2.597661556006738,2.588413372582844,-42.87927942446145,-36.55857886312162,5.673114536947293,3.146425444142537,0.1003572915949923,2.878279084622015e-05,1.740696035866699e-06,3.671675685872891e-11,8.734286855922443e-13,2.001063930995997e-12,Success,62.1741018361698,0,23.68603508463853,0,0,0,0,0,0,0,5.033865506392396,8.312308024102542,0.793689548696725,0,0,0,0,0,0,KCP109C,/Users/lopezama/PycharmProjects/sci-cluster/review_outputs/rmelts_parity_audit_v2/2026-02-26/kcp109c_phase7_parity_20260225_222731/runs/kcp109c_phase7_parity_liam_exact/runs/20260225_222731/parallel-results/Parallel_MELTS_KCP109C_dP25.0_02-25_11cores.xlsx,feldspar,feldspar
664,840,100,0,2.80295935954359,2.587978165968926,-46.25997951380455,-39.44814155140285,6.119425021247544,3.395144621053516,0.1083069168203038,2.881642143168033e-05,1.742275239187203e-06,2.530481791776159e-11,9.433932903218186e-13,2.201858214355391e-12,Success,62.2375488439834,0,23.64112042774731,0,0,0,0,0,0,0,4.982006085867341,8.335944922806203,0.80337971959575,0,0,0,0,0,0,KCP109C,/Users/lopezama/PycharmProjects/sci-cluster/review_outputs/rmelts_parity_audit_v2/2026-02-26/kcp109c_phase7_parity_20260225_222731/runs/kcp109c_phase7_parity_liam_exact/runs/20260225_222731/parallel-results/Parallel_MELTS_KCP109C_dP25.0_02-25_11cores.xlsx,feldspar,feldspar
665,839,100,0,3.009716029504183,2.587545394944519,-49.66354747557681,-42.35827238614782,6.568605933937858,3.645640259227633,0.1163154870783906,2.884990100228826e-05,1.743842860882739e-06,1.149120178309527e-11,1.013977193316828e-12,2.410995116907706e-12,Success,62.30054958932931,0,23.59647873051241,0,0,0,0,0,0,0,4.930475988233156,8.359302929816485,0.8131927621086206,0,0,0,0,0,0,KCP109C,/Users/lopezama/PycharmProjects/sci-cluster/review_outputs/rmelts_parity_audit_v2/2026-02-26/kcp109c_phase7_parity_20260225_222731/runs/kcp109c_phase7_parity_liam_exact/runs/20260225_222731/parallel-results/Parallel_MELTS_KCP109C_dP25.0_02-25_11cores.xlsx,feldspar,feldspar
666,838,100,0,3.217972065970408,2.587114973623252,-53.09063457819627,-45.28953964451395,7.020739714424078,3.897961936938198,0.1243845789143124,2.888323322740839e-05,1.745399032404403e-06,-4.819043180320403e-12,1.085193689876828e-12,2.628789796424348e-12,Success,62.36310993584927,0,23.55210434952663,0,0,0,0,0,0,0,4.879269189431855,8.382380315773329,0.8231362094189307,0,0,0,0,0,0,KCP109C,/Users/lopezama/PycharmProjects/sci-cluster/review_outputs/rmelts_parity_audit_v2/2026-02-26/kcp109c_phase7_parity_20260225_222731/runs/kcp109c_phase7_parity_liam_exact/runs/20260225_222731/parallel-results/Parallel_MELTS_KCP109C_dP25.0_02-25_11cores.xlsx,feldspar,feldspar
667,837,100,0,3.427676089522504,2.586687197229668,-56.54037901438925,-48.24122236996625,7.475707466939598,4.152047860846639,0.132512199124561,2.891640289640644e-05,1.746942915865297e-06,-2.372296838884588e-11,1.15702415236765e-12,2.85548958416679e-12,Success,62.42519365977812,0,23.50802371750766,0,0,0,0,0,0,0,4.82841594897623,8.405165656333756,0.8332010174042457,0,0,0,0,0,0,KCP109C,/Users/lopezama/PycharmProjects/sci-cluster/review_outputs/rmelts_parity_audit_v2/2026-02-26/kcp109c_phase7_parity_20260225_222731/runs/kcp109c_phase7_parity_liam_exact/runs/20260225_222731/parallel-results/Parallel_MELTS_KCP109C_dP25.0_02-25_11cores.xlsx,feldspar,feldspar
668,836,100,0,3.638857667574927,2.586262044036019,-60.01325244737941,-51.21373607878779,7.933567478331717,4.407934411519915,0.1406994962465701,2.894941185459334e-05,1.748474515342962e-06,-4.532192803646376e-11,1.22947784897977e-12,3.091419534732909e-12,Success,62.48680072526513,0,23.46423623132317,0,0,0,0,0,0,0,4.77791577764117,8.427657289960795,0.8433899758097417,0,0,0,0,0,0,KCP109C,/Users/lopezama/PycharmProjects/sci-cluster/review_outputs/rmelts_parity_audit_v2/2026-02-26/kcp109c_phase7_parity_20260225_222731/runs/kcp109c_phase7_parity_liam_exact/runs/20260225_222731/parallel-results/Parallel_MELTS_KCP109C_dP25.0_02-25_11cores.xlsx,feldspar,feldspar
669,835,100,0,3.851533698627375,2.585839482692516,-63.50951619313207,-54.20731693800897,8.39435027308857,4.665642574097558,0.1489471301063494,2.898225937761427e-05,1.749993775578199e-06,-6.972065917396006e-11,1.302559783107474e-12,3.336904164565361e-12,Success,62.54792931222504,0,23.42074128989058,0,0,0,0,0,0,0,4.727768604215838,8.449849583553283,0.853711210115251,0,0,0,0,0,0,KCP109C,/Users/lopezama/PycharmProjects/sci-cluster/review_outputs/rmelts_parity_audit_v2/2026-02-26/kcp109c_phase7_parity_20260225_222731/runs/kcp109c_phase7_parity_liam_exact/runs/20260225_222731/parallel-results/Parallel_MELTS_KCP109C_dP25.0_02-25_11cores.xlsx,feldspar,feldspar
670,834,100,0,4.06566948413591,2.585419751526704,-67.02858444217607,-57.22147934102103,8.857973265731868,4.925130880153112,0.157253748902286,2.901493580934498e-05,1.75150007747755e-06,-9.702613969561597e-11,1.376256675368545e-12,3.592233153254397e-12,Success,62.60855192972853,0,23.37755976087072,0,0,0,0,0,0,0,4.677998059313256,8.47173598411252,0.8641542659749697,0,0,0,0,0,0,KCP109C,/Users/lopezama/PycharmProjects/sci-cluster/review_outputs/rmelts_parity_audit_v2/2026-02-26/kcp109c_phase7_parity_20260225_222731/runs/kcp109c_phase7_parity_liam_exact/runs/20260225_222731/parallel-results/Parallel_MELTS_KCP109C_dP25.0_02-25_11cores.xlsx,feldspar,feldspar
671,833,100,0,4.281268925360553,2.585002878867933,-70.57050542313897,-60.2562778951901,9.324438392576827,5.18640462905318,0.1656195031873805,2.904743923141291e-05,1.752993261820496e-06,-1.273496271319238e-10,1.450568730719997e-12,3.857739508850647e-12,Success,62.66866175211148,0,23.33469556134455,0,0,0,0,0,0,0,4.628608967227472,8.49331154967201,0.8747221696444899,0,0,0,0,0,0,KCP109C,/Users/lopezama/PycharmProjects/sci-cluster/review_outputs/rmelts_parity_audit_v2/2026-02-26/kcp109c_phase7_parity_20260225_222731/runs/kcp109c_phase7_parity_liam_exact/runs/20260225_222731/parallel-results/Parallel_MELTS_KCP109C_dP25.0_02-25_11cores.xlsx,feldspar,feldspar
672,832,100,0,4.498338972931047,2.584588904713434,-74.13537778967172,-63.3118104096211,9.793754132968935,5.449472849815678,0.1740446600512587,2.907976780999579e-05,1.754473156738684e-06,-1.608063618738195e-10,1.525497076555582e-12,4.133770295015955e-12,Success,62.72825123293375,0,23.29215342111625,0,0,0,0,0,0,0,4.579606990939355,8.51457186295373,0.8854164920568859,0,0,0,0,0,0,KCP109C,/Users/lopezama/PycharmProjects/sci-cluster/review_outputs/rmelts_parity_audit_v2/2026-02-26/kcp109c_phase7_parity_20260225_222731/runs/kcp109c_phase7_parity_liam_exact/runs/20260225_222731/parallel-results/Parallel_MELTS_KCP109C_dP25.0_02-25_11cores.xlsx,feldspar,feldspar
673,831,100,0,4.716857082138426,2.584177947288656,-77.72281512365213,-66.38776087070362,10.26586446854912,5.714308847432283,0.1825283389283388,2.911191637075736e-05,1.755939407243176e-06,-1.975140609798314e-10,1.601032482573973e-12,4.420655890883401e-12,Success,62.78730469631799,0,23.24994445041597,0,0,0,0,0,0,0,4.531004954223771,8.53551111845852,0.8962347805837476,0,0,0,0,0,0,KCP109C,/Users/lopezama/PycharmProjects/sci-cluster/review_outputs/rmelts_parity_audit_v2/2026-02-26/kcp109c_phase7_parity_20260225_222731/runs/kcp109c_phase7_parity_liam_exact/runs/20260225_222731/parallel-results/Parallel_MELTS_KCP109C_dP25.0_02-25_11cores.xlsx,feldspar,feldspar
674,830,100,0,4.936823028213952,2.583770056914992,-81.33279818493493,-69.48412646808298,10.74076210565376,5.980913004784536,0.1910705256066205,2.914388287933389e-05,1.757391822978474e-06,-2.375952045493735e-10,1.677173380227665e-12,4.718758465391649e-12,Success,62.84581368887402,0,23.20807413295075,0,0,0,0,0,0,0,4.482809353661808,8.556124854379473,0.9071779701339457,0,0,0,0,0,0,KCP109C,/Users/lopezama/PycharmProjects/sci-cluster/review_outputs/rmelts_parity_audit_v2/2026-02-26/kcp109c_phase7_parity_20260225_222731/runs/kcp109c_phase7_parity_liam_exact/runs/20260225_222731/parallel-results/Parallel_MELTS_KCP109C_dP25.0_02-25_11cores.xlsx,feldspar,feldspar
675,829,100,0,5.158215406364723,2.583365336060082,-84.96495973008699,-72.60060736816888,11.21839346905421,6.249260069171736,0.1996703808928385,2.917566339656953e-05,1.758830100475513e-06,-2.811750762067042e-10,1.753910708934679e-12,5.028431128618337e-12,Success,62.90376463440025,0,23.16655209969899,0,0,0,0,0,0,0,4.435031302703927,8.576408066129138,0.9182438970676752,0,0,0,0,0,0,KCP109C,/Users/lopezama/PycharmProjects/sci-cluster/review_outputs/rmelts_parity_audit_v2/2026-02-26/kcp109c_phase7_parity_20260225_222731/runs/kcp109c_phase7_parity_liam_exact/runs/20260225_222731/parallel-results/Parallel_MELTS_KCP109C_dP25.0_02-25_11cores.xlsx,feldspar,feldspar
676,828,100,0,5.381029886332345,2.58296383452023,-88.61921319308111,-75.73714317770168,11.6987422380052,6.519345504303902,0.2083277285735532,2.920725615969042e-05,1.760254056321893e-06,-3.283838898079699e-10,1.831241268106779e-12,5.350054995481342e-12,Success,62.96114930095515,0,23.12538369711465,0,0,0,0,0,0,0,4.387677133024429,8.59635642556806,0.9294334433377079,0,0,0,0,0,0,KCP109C,/Users/lopezama/PycharmProjects/sci-cluster/review_outputs/rmelts_parity_audit_v2/2026-02-26/kcp109c_phase7_parity_20260225_222731/runs/kcp109c_phase7_parity_liam_exact/runs/20260225_222731/parallel-results/Parallel_MELTS_KCP109C_dP25.0_02-25_11cores.xlsx,feldspar,feldspar
677,827,100,0,5.605239840832668,2.582565654594497,-92.29510595930441,-78.89336093064476,12.18174342467813,6.791137794437462,0.2170415234501668,2.923865772522557e-05,1.761663400038535e-06,-3.793545399649388e-10,1.909153948325879e-12,5.684000815936363e-12,Success,63.01795452750145,0,23.08457836656539,0,0,0,0,0,0,0,4.340757704770876,8.615965356255526,0.9407440449067386,0,0,0,0,0,0,KCP109C,/Users/lopezama/PycharmProjects/sci-cluster/review_outputs/rmelts_parity_audit_v2/2026-02-26/kcp109c_phase7_parity_20260225_222731/runs/kcp109c_phase7_parity_liam_exact/runs/20260225_222731/parallel-results/Parallel_MELTS_KCP109C_dP25.0_02-25_11cores.xlsx,feldspar,feldspar
678,826,100,0,5.830840403457,2.582170839974802,-95.9925429705057,-82.06919279778062,12.66737949572404,7.064631817111725,0.2258115657256008,2.926986688145712e-05,1.763057969062956e-06,-4.342255738246424e-10,1.987645140241808e-12,6.030673216109327e-12,Success,63.07417291335065,0,23.0441408509434,0,0,0,0,0,0,0,4.294278657712995,8.635230800105314,0.9521767778876665,0,0,0,0,0,0,KCP109C,/Users/lopezama/PycharmProjects/sci-cluster/review_outputs/rmelts_parity_audit_v2/2026-02-26/kcp109c_phase7_parity_20260225_222731/runs/kcp109c_phase7_parity_liam_exact/runs/20260225_222731/parallel-results/Parallel_MELTS_KCP109C_dP25.0_02-25_11cores.xlsx,feldspar,feldspar
679,825,100,0,6.057799145332073,2.581779490876,-99.71097682643023,-85.2641845117867,13.15557284036201,7.339789101046859,0.2346365817352069,2.930088079589585e-05,1.764437491086092e-06,-4.931378226020804e-10,2.066701484555225e-12,6.390460972000523e-12,Success,63.12979193710854,0,23.0040802344916,0,0,0,0,0,0,0,4.248250408116073,8.654148669890104,0.9637287503936945,0,0,0,0,0,0,KCP109C,/Users/lopezama/PycharmProjects/sci-cluster/review_outputs/rmelts_parity_audit_v2/2026-02-26/kcp109c_phase7_parity_20260225_222731/runs/kcp109c_phase7_parity_liam_exact/runs/20260225_222731/parallel-results/Parallel_MELTS_KCP109C_dP25.0_02-25_11cores.xlsx,feldspar,feldspar
680,824,100,0,6.286090692311246,2.581391683958921,-103.4499763427036,-88.47798079468078,13.64626126602821,7.616579761415745,0.2435155707432456,2.933169774771163e-05,1.765801750757359e-06,-5.562368666292953e-10,2.146311967494021e-12,6.763772165961624e-12,Success,63.18480157294587,0,22.96440363747712,0,0,0,0,0,0,0,4.202681169644119,8.672715290585046,0.9753983293478279,0,0,0,0,0,0,KCP109C,/Users/lopezama/PycharmProjects/sci-cluster/review_outputs/rmelts_parity_audit_v2/2026-02-26/kcp109c_phase7_parity_20260225_222731/runs/kcp109c_phase7_parity_liam_exact/runs/20260225_222731/parallel-results/Parallel_MELTS_KCP109C_dP25.0_02-25_11cores.xlsx,feldspar,feldspar
681,823,100,0,6.515704149081927,2.581007462511109,-107.2093481657267,-91.71042937901927,14.13941411915107,7.894991484699546,0.2524480941540044,2.93623171448736e-05,1.767150600769846e-06,-6.236740882508844e-10,2.22647052972616e-12,7.15104326669872e-12,Success,63.23919491194446,0,22.925115555001,0,0,0,0,0,0,0,4.157576262889702,8.690927050430465,0.9871862197343779,0,0,0,0,0,0,KCP109C,/Users/lopezama/PycharmProjects/sci-cluster/review_outputs/rmelts_parity_audit_v2/2026-02-26/kcp109c_phase7_parity_20260225_222731/runs/kcp109c_phase7_parity_liam_exact/runs/20260225_222731/parallel-results/Parallel_MELTS_KCP109C_dP25.0_02-25_11cores.xlsx,feldspar,feldspar
682,822,100,0,6.746605382554066,2.580626910344844,-110.9885179404941,-94.96105224178957,14.63495018828887,8.174983861074871,0.2614328074898875,2.939273754976158e-05,1.768483823869288e-06,-6.956034552349613e-10,2.307162860527005e-12,7.552699171845594e-12,Success,63.29296166478019,0,22.88622348378027,0,0,0,0,0,0,0,4.112944273574275,8.70878067427513,0.9990899035901489,0,0,0,0,0,0,KCP109C,/Users/lopezama/PycharmProjects/sci-cluster/review_outputs/rmelts_parity_audit_v2/2026-02-26/kcp109c_phase7_parity_20260225_222731/runs/kcp109c_phase7_parity_liam_exact/runs/20260225_222731/parallel-results/Parallel_MELTS_KCP109C_dP25.0_02-25_11cores.xlsx,feldspar,feldspar
683,821,100,0,6.97876532475926,2.580250095693965,-114.786994846815,-98.22944244340097,15.13279934507525,8.45652266106147,0.2704685618035915,2.942295826809516e-05,1.769801240090362e-06,-7.72184026918111e-10,2.388376297604643e-12,7.969183413689317e-12,Success,63.34609317822351,0,22.84773361946837,0,0,0,0,0,0,0,4.068792332271382,8.726273121860693,1.011107748176031,0,0,0,0,0,0,KCP109C,/Users/lopezama/PycharmProjects/sci-cluster/review_outputs/rmelts_parity_audit_v2/2026-02-26/kcp109c_phase7_parity_20260225_222731/runs/kcp109c_phase7_parity_liam_exact/runs/20260225_222731/parallel-results/Parallel_MELTS_KCP109C_dP25.0_02-25_11cores.xlsx,feldspar,feldspar
684,820,100,0,7.212152729621626,2.579877083508753,-118.6042527108434,-101.515162514628,15.63288679157982,8.73957106696963,0.2795541220054081,2.945297902158338e-05,1.771102683689768e-06,-8.535794633546094e-10,2.470097302389559e-12,8.400950825353856e-12,Success,63.39858135138845,0,22.80965179497683,0,0,0,0,0,0,0,4.025127141408031,8.743401632826874,1.023238079399815,0,0,0,0,0,0,KCP109C,/Users/lopezama/PycharmProjects/sci-cluster/review_outputs/rmelts_parity_audit_v2/2026-02-26/kcp109c_phase7_parity_20260225_222731/runs/kcp109c_phase7_parity_liam_exact/runs/20260225_222731/parallel-results/Parallel_MELTS_KCP109C_dP25.0_02-25_11cores.xlsx,feldspar,feldspar
685,819,100,0,7.446734978925947,2.579507936195332,-122.4397433003457,-104.8177558098182,16.13513481712905,9.024090651354863,0.2886881980254565,2.948279990498087e-05,1.772388001034322e-06,-9.399582221893118e-10,2.552311731842593e-12,8.848468748769619e-12,Success,63.45041854637319,0,22.77198354411187,0,0,0,0,0,0,0,3.981955048616139,8.760163694413654,1.035479166485158,0,0,0,0,0,0,KCP109C,/Users/lopezama/PycharmProjects/sci-cluster/review_outputs/rmelts_parity_audit_v2/2026-02-26/kcp109c_phase7_parity_20260225_222731/runs/kcp109c_phase7_parity_liam_exact/runs/20260225_222731/parallel-results/Parallel_MELTS_KCP109C_dP25.0_02-25_11cores.xlsx,feldspar,feldspar
686,818,100,0,7.682480033313345,2.579142709675734,-126.292928279471,-108.1367738113377,16.639467046816,9.310043740100124,0.2978695209261699,2.951242144999074e-05,1.77365705661806e-06,-1.03149394264374e-09,2.635005528717922e-12,9.312219706233722e-12,Success,63.50159789035997,0,22.73473381832869,0,0,0,0,0,0,0,3.939281742561691,8.77655697205022,1.047829576699435,0,0,0,0,0,0,KCP109C,/Users/lopezama/PycharmProjects/sci-cluster/review_outputs/rmelts_parity_audit_v2/2026-02-26/kcp109c_phase7_parity_20260225_222731/runs/kcp109c_phase7_parity_liam_exact/runs/20260225_222731/parallel-results/Parallel_MELTS_KCP109C_dP25.0_02-25_11cores.xlsx,feldspar,feldspar
687,817,100,0,7.919342462568268,2.578781474973202,-130.1630504430106,-111.4715804100461,17.14577813416913,9.597376515142109,0.3070962987529047,2.954184442313902e-05,1.774909703465355e-06,-1.128363841803359e-09,2.718159814274216e-12,9.792685345159464e-12,Success,63.55211173810412,0,22.69790850030113,0,0,0,0,0,0,0,3.897113860409306,8.792579851464957,1.06028604972049,0,0,0,0,0,0,KCP109C,/Users/lopezama/PycharmProjects/sci-cluster/review_outputs/rmelts_parity_audit_v2/2026-02-26/kcp109c_phase7_parity_20260225_222731/runs/kcp109c_phase7_parity_liam_exact/runs/20260225_222731/parallel-results/Parallel_MELTS_KCP109C_dP25.0_02-25_11cores.xlsx,feldspar,feldspar
688,816,100,0,8.157278632872778,2.578424294881127,-134.0493827026067,-114.821564802431,17.65396676323344,9.886037398935729,0.3163668077851731,2.957107018985122e-05,1.776145819051873e-06,-1.230750572231829e-09,2.801756208854488e-12,1.029036415908339e-11,Success,63.60195346707493,0,22.661512718902,0,0,0,0,0,0,0,3.855457178795709,8.808231021212352,1.072845614015015,0,0,0,0,0,0,KCP109C,/Users/lopezama/PycharmProjects/sci-cluster/review_outputs/rmelts_parity_audit_v2/2026-02-26/kcp109c_phase7_parity_20260225_222731/runs/kcp109c_phase7_parity_liam_exact/runs/20260225_222731/parallel-results/Parallel_MELTS_KCP109C_dP25.0_02-25_11cores.xlsx,feldspar,feldspar
689,815,100,0,8.39628094729181,2.578071164753122,-137.9517878561298,-118.1866204915277,18.16400989257188,10.17601844463598,0.3256807283710434,2.96001008084247e-05,1.777365372635548e-06,-1.338847225420439e-09,2.885788948720458e-12,1.080581383038437e-11,Success,63.65112123128507,0,22.62554687259745,0,0,0,0,0,0,0,3.81431245719189,8.823507411630287,1.085512027295314,0,0,0,0,0,0,KCP109C,/Users/lopezama/PycharmProjects/sci-cluster/review_outputs/rmelts_parity_audit_v2/2026-02-26/kcp109c_phase7_parity_20260225_222731/runs/kcp109c_phase7_parity_liam_exact/runs/20260225_222731/parallel-results/Parallel_MELTS_KCP109C_dP25.0_02-25_11cores.xlsx,feldspar,feldspar
690,814,100,0,8.636271948900346,2.577722201981356,-141.8689867839613,-121.5656636054286,18.67573304376826,10.46722731338705,0.3350350143340547,2.962893806512771e-05,1.778568190153689e-06,-1.452843260415152e-09,2.970227439661691e-12,1.133952427384636e-11,Success,63.69960528906254,0,22.59001959643447,0,0,0,0,0,0,0,3.773689092667088,8.838409953354367,1.098276068481555,0,0,0,0,0,0,KCP109C,/Users/lopezama/PycharmProjects/sci-cluster/review_outputs/rmelts_parity_audit_v2/2026-02-26/kcp109c_phase7_parity_20260225_222731/runs/kcp109c_phase7_parity_liam_exact/runs/20260225_222731/parallel-results/Parallel_MELTS_KCP109C_dP25.0_02-25_11cores.xlsx,feldspar,feldspar
691,813,100,0,8.87722096775017,2.577377416903371,-145.8004654296942,-124.9582641710916,19.18906344298909,10.75962828170827,0.3444284453464266,2.965758492494576e-05,1.779754245981933e-06,-1.572940124818301e-09,3.055057617178408e-12,1.189205764454604e-11,Success,63.74740358042234,0,22.55493200115372,0,0,0,0,0,0,0,3.733588482259067,8.85293696757368,1.111138968591205,0,0,0,0,0,0,KCP109C,/Users/lopezama/PycharmProjects/sci-cluster/review_outputs/rmelts_parity_audit_v2/2026-02-26/kcp109c_phase7_parity_20260225_222731/runs/kcp109c_phase7_parity_liam_exact/runs/20260225_222731/parallel-results/Parallel_MELTS_KCP109C_dP25.0_02-25_11cores.xlsx,feldspar,feldspar
692,812,100,0,9.119077377841567,2.577036855102778,-149.7453842446498,-128.3637132416289,19.7038851799483,11.05316158094982,0.3538590206727127,2.968604459105136e-05,1.780923480432024e-06,-1.69934249803294e-09,3.140258212890859e-12,1.246396875660714e-11,Success,63.79451200803375,0,22.52028747526543,0,0,0,0,0,0,0,3.694014377571607,8.86708820749362,1.124097931635601,0,0,0,0,0,0,KCP109C,/Users/lopezama/PycharmProjects/sci-cluster/review_outputs/rmelts_parity_audit_v2/2026-02-26/kcp109c_phase7_parity_20260225_222731/runs/kcp109c_phase7_parity_liam_exact/runs/20260225_222731/parallel-results/Parallel_MELTS_KCP109C_dP25.0_02-25_11cores.xlsx,feldspar,feldspar
693,811,100,0,9.361800953955669,2.57670057840871,-153.7030760065432,-131.7814492729519,20.22010490577077,11.34778014847625,0.3633251388384919,2.971432033839226e-05,1.78207581632333e-06,-1.832263256126997e-09,3.225811286253779e-12,1.305584438156147e-11,Success,63.84092546729777,0,22.48609045103426,0,0,0,0,0,0,0,3.654971626346932,8.880863918282168,1.137148537038847,0,0,0,0,0,0,KCP109C,/Users/lopezama/PycharmProjects/sci-cluster/review_outputs/rmelts_parity_audit_v2/2026-02-26/kcp109c_phase7_parity_20260225_222731/runs/kcp109c_phase7_parity_liam_exact/runs/20260225_222731/parallel-results/Parallel_MELTS_KCP109C_dP25.0_02-25_11cores.xlsx,feldspar,feldspar
694,810,100,0,9.60532006760262,2.576368605584157,-157.6723573916195,-135.2104673423257,20.73756178672747,11.64339893821442,0.3728239836017075,2.974241715904427e-05,1.783211268269334e-06,-1.971915746012563e-09,3.311688202474542e-12,1.366824591878973e-11,Success,63.88664303373357,0,22.45234197665026,0,0,0,0,0,0,0,3.616461309065718,8.89426478806117,1.150288892489265,0,0,0,0,0,0,KCP109C,/Users/lopezama/PycharmProjects/sci-cluster/review_outputs/rmelts_parity_audit_v2/2026-02-26/kcp109c_phase7_parity_20260225_222731/runs/kcp109c_phase7_parity_liam_exact/runs/20260225_222731/parallel-results/Parallel_MELTS_KCP109C_dP25.0_02-25_11cores.xlsx,feldspar,feldspar
695,809,100,0,9.849616128495757,2.576040967899145,-161.6529162991344,-138.6505090924973,21.25620958890831,11.93999720565466,0.382354793702232,2.977033878762647e-05,1.784329800445129e-06,-2.118529652623448e-09,3.397878381467754e-12,1.430182543577236e-11,Success,63.93166175003505,0,22.41904431867319,0,0,0,0,0,0,0,3.578485985704188,8.907290168920703,1.16351777666687,0,0,0,0,0,0,KCP109C,/Users/lopezama/PycharmProjects/sci-cluster/review_outputs/rmelts_parity_audit_v2/2026-02-26/kcp109c_phase7_parity_20260225_222731/runs/kcp109c_phase7_parity_liam_exact/runs/20260225_222731/parallel-results/Parallel_MELTS_KCP109C_dP25.0_02-25_11cores.xlsx,feldspar,feldspar
696,808,100,0,10.09461904490666,2.575717670965656,-165.6435956480078,-142.1005908793528,21.77589119794199,12.23749192326419,0.3919148111105712,2.979809100767368e-05,1.785431458267264e-06,-2.272331824576525e-09,3.484353532312863e-12,1.495718344819455e-11,Success,63.97598205167695,0,22.38619743147237,0,0,0,0,0,0,0,3.541045517005332,8.919940911845018,1.176834088000327,0,0,0,0,0,0,KCP109C,/Users/lopezama/PycharmProjects/sci-cluster/review_outputs/rmelts_parity_audit_v2/2026-02-26/kcp109c_phase7_parity_20260225_222731/runs/kcp109c_phase7_parity_liam_exact/runs/20260225_222731/parallel-results/Parallel_MELTS_KCP109C_dP25.0_02-25_11cores.xlsx,feldspar,feldspar
697,807,100,0,10.34028431941722,2.575398780684425,-169.6436621376708,-145.5600925742263,22.29650471086835,12.53583126338884,0.4015022604254412,2.982567906785416e-05,1.786516205121427e-06,-2.433561955616957e-09,3.571093640634937e-12,1.563497865713782e-11,Success,64.01960007595564,0,22.35380539833421,0,0,0,0,0,0,0,3.504144173023824,8.932219114958396,1.190231237727924,0,0,0,0,0,0,KCP109C,/Users/lopezama/PycharmProjects/sci-cluster/review_outputs/rmelts_parity_audit_v2/2026-02-26/kcp109c_phase7_parity_20260225_222731/runs/kcp109c_phase7_parity_liam_exact/runs/20260225_222731/parallel-results/Parallel_MELTS_KCP109C_dP25.0_02-25_11cores.xlsx,feldspar,feldspar
698,806,100,0,10.58655645654342,2.575084282739267,-173.6521988799431,-149.0282351483251,22.81792497022478,12.83495003343211,0.4111149498097936,2.985310929890106e-05,1.787584117245814e-06,-2.602463806989211e-09,3.658075305972918e-12,1.633587118381744e-11,Success,64.06251778628615,0,22.3218667119751,0,0,0,0,0,0,0,3.467780252103022,8.94412520194677,1.203710047688962,0,0,0,0,0,0,KCP109C,/Users/lopezama/PycharmProjects/sci-cluster/review_outputs/rmelts_parity_audit_v2/2026-02-26/kcp109c_phase7_parity_20260225_222731/runs/kcp109c_phase7_parity_liam_exact/runs/20260225_222731/parallel-results/Parallel_MELTS_KCP109C_dP25.0_02-25_11cores.xlsx,feldspar,feldspar
699,805,100,0,10.83338275083781,2.574774240260517,-177.6683400398147,-152.5042836890885,23.34003278831906,13.13478670330075,0.4207507820080443,2.988038829585413e-05,1.788635192360676e-06,-2.779290776251367e-09,3.745275416240921e-12,1.706055127466519e-11,Success,64.10473253675079,0,22.29038485981991,0,0,0,0,0,0,0,3.431957248787728,8.955662420507688,1.217262934133889,0,0,0,0,0,0,KCP109C,/Users/lopezama/PycharmProjects/sci-cluster/review_outputs/rmelts_parity_audit_v2/2026-02-26/kcp109c_phase7_parity_20260225_222731/runs/kcp109c_phase7_parity_liam_exact/runs/20260225_222731/parallel-results/Parallel_MELTS_KCP109C_dP25.0_02-25_11cores.xlsx,feldspar,feldspar
700,804,100,0,11.33163677800398,2.574090727913549,-185.7921649789349,-159.5042246568499,24.40508779843565,13.73963301129981,0.4402190122952246,2.992117956636988e-05,1.790443235384912e-06,-3.035056323319653e-09,3.922393006278451e-12,1.8221294632091e-11,Success,64.18200516606915,0,22.23051537136601,0,0,0,0,0,0,0,3.364533946174018,8.970898806093597,1.252046710297216,0,0,0,0,0,0,KCP109C,/Users/lopezama/PycharmProjects/sci-cluster/review_outputs/rmelts_parity_audit_v2/2026-02-26/kcp109c_phase7_parity_20260225_222731/runs/kcp109c_phase7_parity_liam_exact/runs/20260225_222731/parallel-results/Parallel_MELTS_KCP109C_dP25.0_02-25_11cores.xlsx,feldspar,feldspar
701,803,100,0,11.97097248121258,2.57321149342952,-196.2158763299709,-168.4791267851862,25.77405523838191,14.51559491090692,0.4652152577345258,2.9967548582137e-05,1.792597100301621e-06,-3.345414725762116e-09,4.150365650841391e-12,1.965683770720599e-11,Success,64.27594968732787,0,22.1564980268329,0,0,0,0,0,0,0,3.28154839173981,8.98619500255039,1.299808891549033,0,0,0,0,0,0,KCP109C,/Users/lopezama/PycharmProjects/sci-cluster/review_outputs/rmelts_parity_audit_v2/2026-02-26/kcp109c_phase7_parity_20260225_222731/runs/kcp109c_phase7_parity_liam_exact/runs/20260225_222731/parallel-results/Parallel_MELTS_KCP109C_dP25.0_02-25_11cores.xlsx,feldspar,feldspar
702,802,100,0,12.62553007246859,2.572328568313433,-206.8811437330899,-177.6642490193906,27.1747148897357,15.30998177109452,0.4908210493788753,3.001211759112109e-05,1.794690164161215e-06,-3.676847579942236e-09,4.384282997215202e-12,2.116646046787626e-11,Success,64.36794455284603,0,22.08318216724756,0,0,0,0,0,0,0,3.199596491297999,8.998985090251685,1.350291698356727,0,0,0,0,0,0,KCP109C,/Users/lopezama/PycharmProjects/sci-cluster/review_outputs/rmelts_parity_audit_v2/2026-02-26/kcp109c_phase7_parity_20260225_222731/runs/kcp109c_phase7_parity_liam_exact/runs/20260225_222731/parallel-results/Parallel_MELTS_KCP109C_dP25.0_02-25_11cores.xlsx,feldspar,feldspar
703,801,100,0,13.2963561913557,2.57144053071207,-217.8044696904425,-187.073848253158,28.6092458569888,16.12403471946597,0.5170781137090401,3.005477874303856e-05,1.796720649511095e-06,-4.030351775529182e-09,4.624535245772032e-12,2.275388652231008e-11,Success,64.45796354786533,0,22.01052735968434,0,0,0,0,0,0,0,3.118651004075506,9.00910460870823,1.403753479666592,0,0,0,0,0,0,KCP109C,/Users/lopezama/PycharmProjects/sci-cluster/review_outputs/rmelts_parity_audit_v2/2026-02-26/kcp109c_phase7_parity_20260225_222731/runs/kcp109c_phase7_parity_liam_exact/runs/20260225_222731/parallel-results/Parallel_MELTS_KCP109C_dP25.0_02-25_11cores.xlsx,feldspar,feldspar
704,800,100,0,13.9847083933521,2.570545618558628,-229.0057098315408,-196.7250639324554,30.08027386580198,16.95924520314498,0.544036576996976,3.00954114198567e-05,1.798686766373317e-06,-4.406991670195424e-09,4.871592762277531e-12,2.442319914241615e-11,Success,64.54598884646434,0,21.93847685195164,0,0,0,0,0,0,0,3.038669268333617,9.016365000654686,1.460500032595706,0,0,0,0,0,0,KCP109C,/Users/lopezama/PycharmProjects/sci-cluster/review_outputs/rmelts_parity_audit_v2/2026-02-26/kcp109c_phase7_parity_20260225_222731/runs/kcp109c_phase7_parity_liam_exact/runs/20260225_222731/parallel-results/Parallel_MELTS_KCP109C_dP25.0_02-25_11cores.xlsx,feldspar,feldspar
705,799,100,0,14.69208094833091,2.569641669385889,-240.5084744305239,-206.6382638181458,31.59092534848495,17.81738540397372,0.5717560204354145,3.013388301912634e-05,1.800586788356731e-06,-4.807907883147607e-09,5.126016999705491e-12,2.617888615170548e-11,Success,64.63201519697743,0,21.86695390559208,0,0,0,0,0,0,0,2.959589199453426,9.020553324887834,1.520888373089231,0,0,0,0,0,0,KCP109C,/Users/lopezama/PycharmProjects/sci-cluster/review_outputs/rmelts_parity_audit_v2/2026-02-26/kcp109c_phase7_parity_20260225_222731/runs/kcp109c_phase7_parity_liam_exact/runs/20260225_222731/parallel-results/Parallel_MELTS_KCP109C_dP25.0_02-25_11cores.xlsx,feldspar,feldspar
706,798,100,0,15.42031316049488,2.568726012695338,-252.3418651071949,-216.8385361683922,33.14505805797758,18.70063754019251,0.6003097677324682,3.017004103570433e-05,1.802418936360403e-06,-5.234341571237825e-09,5.388500953825522e-12,2.802599672150439e-11,Success,64.71604877639392,0,21.79585804516418,0,0,0,0,0,0,0,2.881326462862925,9.021419867078563,1.585346848500405,0,0,0,0,0,0,KCP109C,/Users/lopezama/PycharmProjects/sci-cluster/review_outputs/rmelts_parity_audit_v2/2026-02-26/kcp109c_phase7_parity_20260225_222731/runs/kcp109c_phase7_parity_liam_exact/runs/20260225_222731/parallel-results/Parallel_MELTS_KCP109C_dP25.0_02-25_11cores.xlsx,feldspar,feldspar
707,797,100,0,16.17168516096837,2.567795374558976,-264.5420021444521,-227.3570034885653,34.74746405259712,19.6117080332971,0.6297887020590919,3.020370948036491e-05,1.804181366456903e-06,-5.687661313220277e-09,5.659905865814912e-12,2.997029518583689e-11,Success,64.798109304208,0,21.72506083482904,0,0,0,0,0,0,0,2.803770496443831,9.018671776106467,1.654387588412663,0,0,0,0,0,0,KCP109C,/Users/lopezama/PycharmProjects/sci-cluster/review_outputs/rmelts_parity_audit_v2/2026-02-26/kcp109c_phase7_parity_20260225_222731/runs/kcp109c_phase7_parity_liam_exact/runs/20260225_222731/parallel-results/Parallel_MELTS_KCP109C_dP25.0_02-25_11cores.xlsx,feldspar,feldspar
708,796,100,0,16.94908467141875,2.566845641489209,-277.1546829549944,-238.2331069848586,36.40422388826244,20.55402594607862,0.6603079046695378,3.023467749892665e-05,1.80587208139544e-06,-6.169400526554944e-09,5.941324955881728e-12,3.201850122936237e-11,Success,64.87823315220962,0,21.65439558998771,0,0,0,0,0,0,0,2.726775296905986,9.011953015821714,1.728642945074953,0,0,0,0,0,0,KCP109C,/Users/lopezama/PycharmProjects/sci-cluster/review_outputs/rmelts_parity_audit_v2/2026-02-26/kcp109c_phase7_parity_20260225_222731/runs/kcp109c_phase7_parity_liam_exact/runs/20260225_222731/parallel-results/Parallel_MELTS_KCP109C_dP25.0_02-25_11cores.xlsx,feldspar,feldspar
709,795,100,0,17.75621751726715,2.565871618193506,-290.2387391113784,-249.5174931039626,38.12315312214191,21.53199382356204,0.6920150404784616,3.026269029011655e-05,1.807488904931182e-06,-6.681313051012253e-09,6.234164026543019e-12,3.417861782588564e-11,Success,64.95647880770099,0,21.58364631948775,0,0,0,0,0,0,0,2.65014902223821,9.000827544712893,1.808898305860157,0,0,0,0,0,0,KCP109C,/Users/lopezama/PycharmProjects/sci-cluster/review_outputs/rmelts_parity_audit_v2/2026-02-26/kcp109c_phase7_parity_20260225_222731/runs/kcp109c_phase7_parity_liam_exact/runs/20260225_222731/parallel-results/Parallel_MELTS_KCP109C_dP25.0_02-25_11cores.xlsx,feldspar,feldspar
710,794,100,0,18.59792671951668,2.564866742267252,-303.871129192724,-261.276393426513,39.91447853273765,22.5513676655395,0.7251030399761339,3.028742980958554e-05,1.809029213991417e-06,-7.225451796829515e-09,6.540262428231339e-12,3.646041277974596e-11,Success,65.03292524937234,0,21.51253767286113,0,0,0,0,0,0,0,2.57364607704072,8.9847493339171,1.896141666808725,0,0,0,0,0,0,KCP109C,/Users/lopezama/PycharmProjects/sci-cluster/review_outputs/rmelts_parity_audit_v2/2026-02-26/kcp109c_phase7_parity_20260225_222731/runs/kcp109c_phase7_parity_liam_exact/runs/20260225_222731/parallel-results/Parallel_MELTS_KCP109C_dP25.0_02-25_11cores.xlsx,feldspar,feldspar
711,793,100,0,19.48068289849304,2.563822462528417,-318.1547523798239,-273.5983414044571,41.79187823042432,23.61984050329949,0.7598296365373667,3.030848831114386e-05,1.810489796319883e-06,-7.804285113637521e-09,6.862080961792493e-12,3.887614378015429e-11,Success,65.10768324927962,0,21.44070701712838,0,0,0,0,0,0,0,2.496941438462561,8.963014333999043,1.991653961130387,0,0,0,0,0,0,KCP109C,/Users/lopezama/PycharmProjects/sci-cluster/review_outputs/rmelts_parity_audit_v2/2026-02-26/kcp109c_phase7_parity_20260225_222731/runs/kcp109c_phase7_parity_liam_exact/runs/20260225_222731/parallel-results/Parallel_MELTS_KCP109C_dP25.0_02-25_11cores.xlsx,feldspar,feldspar
712,792,100,0,20.41331862482586,2.562727511281924,-333.2301552010473,-286.6042394138181,43.77403725975609,24.74791627750325,0.7965465908864705,3.032532853141423e-05,1.81186643323059e-06,-8.420872621928554e-09,7.202981818557485e-12,4.144165010381399e-11,Success,65.18090018696724,0,21.36767521492475,0,0,0,0,0,0,0,2.419605424556149,8.93469457513831,2.097124598413556,0,0,0,0,0,0,KCP109C,/Users/lopezama/PycharmProjects/sci-cluster/review_outputs/rmelts_parity_audit_v2/2026-02-26/kcp109c_phase7_parity_20260225_222731/runs/kcp109c_phase7_parity_liam_exact/runs/20260225_222731/parallel-results/Parallel_MELTS_KCP109C_dP25.0_02-25_11cores.xlsx,feldspar,feldspar
713,791,100,0,21.40827163276622,2.561566532040981,-349.2953418850055,-300.4643905424795,45.88728219003524,25.95038880208174,0.8357491935104546,3.033721718106114e-05,1.813153359277255e-06,-9.079150416248985e-09,7.56770375920561e-12,4.417816293780422e-11,Success,65.25277736814516,0,21.29278790384413,0,0,0,0,0,0,0,2.341051208091776,8.898522782810403,2.214860737108541,0,0,0,0,0,0,KCP109C,/Users/lopezama/PycharmProjects/sci-cluster/review_outputs/rmelts_parity_audit_v2/2026-02-26/kcp109c_phase7_parity_20260225_222731/runs/kcp109c_phase7_parity_liam_exact/runs/20260225_222731/parallel-results/Parallel_MELTS_KCP109C_dP25.0_02-25_11cores.xlsx,feldspar,feldspar
714,790,100,0,22.59069013252762,2.560191834729533,-368.3695470983639,-316.9135351052714,48.39957860423505,27.37790104492664,0.8823827115640409,3.034259132239595e-05,1.814445727854215e-06,-9.823799354566102e-09,8.002800703058078e-12,4.731672834051524e-11,Success,65.33035277977108,0,21.20775016744748,0,0,0,0,0,0,0,2.252793193698794,8.848433931701283,2.360669927381373,0,0,0,0,0,0,KCP109C,/Users/lopezama/PycharmProjects/sci-cluster/review_outputs/rmelts_parity_audit_v2/2026-02-26/kcp109c_phase7_parity_20260225_222731/runs/kcp109c_phase7_parity_liam_exact/runs/20260225_222731/parallel-results/Parallel_MELTS_KCP109C_dP25.0_02-25_11cores.xlsx,feldspar,feldspar
715,789,100,0,24.1802022515396,2.558353549232257,-393.9837520221832,-338.9856085020505,51.78001555348376,29.29399040975138,0.9451470168693414,3.033531586205024e-05,1.815804295777437e-06,-1.072726125855836e-08,8.590681366006911e-12,5.124432821177313e-11,Success,65.42215156997105,0,21.0998903467643,0,0,0,0,0,0,0,2.142387922763658,8.770200400196764,2.56536976030424,0,0,0,0,0,0,KCP109C,/Users/lopezama/PycharmProjects/sci-cluster/review_outputs/rmelts_parity_audit_v2/2026-02-26/kcp109c_phase7_parity_20260225_222731/runs/kcp109c_phase7_parity_liam_exact/runs/20260225_222731/parallel-results/Parallel_MELTS_KCP109C_dP25.0_02-25_11cores.xlsx,feldspar,feldspar
716,788,100,0,26.1607161554004,2.556090195111592,-425.8398653771437,-366.4258599680237,55.9902044094802,31.67660501380671,1.023466081339055,3.030714305427148e-05,1.816962099756306e-06,-1.176170039259703e-08,9.327327424536305e-12,5.586325017684141e-11,Success,65.51815567903216,0,20.97457234685575,0,0,0,0,0,0,0,2.01659822970984,8.655558673889738,2.835115070512517,0,0,0,0,0,0,KCP109C,/Users/lopezama/PycharmProjects/sci-cluster/review_outputs/rmelts_parity_audit_v2/2026-02-26/kcp109c_phase7_parity_20260225_222731/runs/kcp109c_phase7_parity_liam_exact/runs/20260225_222731/parallel-results/Parallel_MELTS_KCP109C_dP25.0_02-25_11cores.xlsx,feldspar,feldspar
717,787,100,0,25.78798667460475,2.556326344394214,-419.7427889939739,-361.2613847329897,55.16332996366952,31.22871879986864,1.008790866281819,3.032349686088133e-05,1.817028502447571e-06,-1.200656301043403e-08,9.188473212017463e-12,5.62852667409738e-11,Success,65.51257008707547,0,20.98272102595261,0,0,0,0,0,0,0,2.024624284078024,8.664477504160452,2.815607098733445,0,0,0,0,0,0,KCP109C,/Users/lopezama/PycharmProjects/sci-cluster/review_outputs/rmelts_parity_audit_v2/2026-02-26/kcp109c_phase7_parity_20260225_222731/runs/kcp109c_phase7_parity_liam_exact/runs/20260225_222731/parallel-results/Parallel_MELTS_KCP109C_dP25.0_02-25_11cores.xlsx,feldspar,feldspar
718,786,100,0,25.63504322654356,2.556522793581157,-417.2199857027858,-359.1707679070802,54.80736231478604,31.04699225091878,1.002730869089346,3.03410028564914e-05,1.817151387977069e-06,-1.235652245028042e-08,9.128574740484086e-12,5.719371861149848e-11,Success,65.50989080023945,0,20.98830670449624,0,0,0,0,0,0,0,2.029857695821845,8.673153193204703,2.798791606237776,0,0,0,0,0,0,KCP109C,/Users/lopezama/PycharmProjects/sci-cluster/review_outputs/rmelts_parity_audit_v2/2026-02-26/kcp109c_phase7_parity_20260225_222731/runs/kcp109c_phase7_parity_liam_exact/runs/20260225_222731/parallel-results/Parallel_MELTS_KCP109C_dP25.0_02-25_11cores.xlsx,feldspar,feldspar
719,785,100,0,25.60493103503441,2.556699962744439,-416.6947311757651,-358.7988238178115,54.71427241691023,31.01411007734762,1.001483608094135,3.035929393491004e-05,1.817302226479136e-06,-1.277435934363105e-08,9.112656299184376e-12,5.840061484287651e-11,Success,65.50861702651069,0,20.99264739319945,0,0,0,0,0,0,0,2.033736023659777,8.68169686985762,2.783302686772464,0,0,0,0,0,0,KCP109C,/Users/lopezama/PycharmProjects/sci-cluster/review_outputs/rmelts_parity_audit_v2/2026-02-26/kcp109c_phase7_parity_20260225_222731/runs/kcp109c_phase7_parity_liam_exact/runs/20260225_222731/parallel-results/Parallel_MELTS_KCP109C_dP25.0_02-25_11cores.xlsx,feldspar,feldspar
720,784,100,0,25.62891662621812,2.556865578936678,-417.0487770859401,-359.1837588564769,54.73680956294107,31.04687507552095,1.002356824596012,3.037823892530302e-05,1.817470242610896e-06,-1.323122114580266e-08,9.116070491288958e-12,5.976527599652507e-11,Success,65.50818082106167,0,20.99624187963401,0,0,0,0,0,0,0,2.036803293504112,8.69015062187586,2.768623383924343,0,0,0,0,0,0,KCP109C,/Users/lopezama/PycharmProjects/sci-cluster/review_outputs/rmelts_parity_audit_v2/2026-02-26/kcp109c_phase7_parity_20260225_222731/runs/kcp109c_phase7_parity_liam_exact/runs/20260225_222731/parallel-results/Parallel_MELTS_KCP109C_dP25.0_02-25_11cores.xlsx,feldspar,feldspar
721,783,100,0,33.02665292644918,2.519986122021974,-527.9978326055387,-454.2472858124536,69.82961396874035,39.39106758375275,1.310588682922961,2.874828504115953e-05,1.809251653856946e-06,-8.500312050775675e-09,1.249569589985186e-11,5.09686269159397e-11,Success,66.19100464000302,0,19.2488514942798,0,0,0,0,0,0,0,0.4358620562462465,5.629838773892561,8.494443035578364,0,0,0,0,0,0,KCP109C,/Users/lopezama/PycharmProjects/sci-cluster/review_outputs/rmelts_parity_audit_v2/2026-02-26/kcp109c_phase7_parity_20260225_222731/runs/kcp109c_phase7_parity_liam_exact/runs/20260225_222731/parallel-results/Parallel_MELTS_KCP109C_dP25.0_02-25_11cores.xlsx,feldspar,feldspar
947,875,75,0,0.04976351072531211,2.589103541495902,-0.8259218579699588,-0.6992212503335405,0.1103519641479059,0.06039663547813817,0.001922036331407601,2.852096456781109e-05,1.726908922132862e-06,6.218581027415346e-12,1.662642041919089e-14,2.141680510077981e-14,Success,61.62939459417097,0,24.06949765914262,0,0,0,0,0,0,0,5.477324987324649,8.103767551579487,0.7200152077822799,0,0,0,0,0,0,KCP109C,/Users/lopezama/PycharmProjects/sci-cluster/review_outputs/rmelts_parity_audit_v2/2026-02-26/kcp109c_phase7_parity_20260225_222731/runs/kcp109c_phase7_parity_liam_exact/runs/20260225_222731/parallel-results/Parallel_MELTS_KCP109C_dP25.0_02-25_11cores.xlsx,feldspar,feldspar
948,874,75,0,0.2423422139105569,2.588667658871549,-4.021448332216784,-3.405159344920321,0.5372348753837455,0.2941203973828519,0.009361658035941106,2.85519542482107e-05,1.728505912266119e-06,2.962906085485232e-11,8.105511029810383e-14,1.062417964618301e-13,Success,61.69363455062474,0,24.02434748889241,0,0,0,0,0,0,0,5.425086243681778,8.128554279828078,0.7283774369729935,0,0,0,0,0,0,KCP109C,/Users/lopezama/PycharmProjects/sci-cluster/review_outputs/rmelts_parity_audit_v2/2026-02-26/kcp109c_phase7_parity_20260225_222731/runs/kcp109c_phase7_parity_liam_exact/runs/20260225_222731/parallel-results/Parallel_MELTS_KCP109C_dP25.0_02-25_11cores.xlsx,feldspar,feldspar
949,873,75,0,0.436135251819132,2.588233540857777,-7.236023156523613,-6.128218848032197,0.9665439152741052,0.5293118416972075,0.01685069159850972,2.858280053216491e-05,1.730094062189017e-06,5.212353840942405e-11,1.460269509589763e-13,1.947630174601637e-13,Success,61.75754525466856,0,23.97939469038895,0,0,0,0,0,0,0,5.373087159660258,8.153124705537667,0.736848189744579,0,0,0,0,0,0,KCP109C,/Users/lopezama/PycharmProjects/sci-cluster/review_outputs/rmelts_parity_audit_v2/2026-02-26/kcp109c_phase7_parity_20260225_222731/runs/kcp109c_phase7_parity_liam_exact/runs/20260225_222731/parallel-results/Parallel_MELTS_KCP109C_dP25.0_02-25_11cores.xlsx,feldspar,feldspar
950,872,75,0,0.6311559116218409,2.587801245441631,-10.46985355646924,-8.868586026827387,1.398303741555128,0.7659870461857974,0.02438965947379504,2.861349902736417e-05,1.731673140170575e-06,7.36653635186124e-11,2.115464884269704e-13,2.871027396351251e-13,Success,61.82111702647271,0,23.9346456138569,0,0,0,0,0,0,0,5.321335232897631,8.177473905567629,0.7454282212051117,0,0,0,0,0,0,KCP109C,/Users/lopezama/PycharmProjects/sci-cluster/review_outputs/rmelts_parity_audit_v2/2026-02-26/kcp109c_phase7_parity_20260225_222731/runs/kcp109c_phase7_parity_liam_exact/runs/20260225_222731/parallel-results/Parallel_MELTS_KCP109C_dP25.0_02-25_11cores.xlsx,feldspar,feldspar
951,871,75,0,0.8274152877357083,2.587370835693281,-13.72311027302167,-11.62641643837017,1.832534051174669,1.004159427754728,0.03197899877054168,2.864404581819311e-05,1.733242920877806e-06,9.42163970325107e-11,2.776174867611331e-13,3.833859265130559e-13,Success,61.88434027240471,0,23.89010687453027,0,0,0,0,0,0,0,5.26983815955402,8.201597843853875,0.7541168496571312,0,0,0,0,0,0,KCP109C,/Users/lopezama/PycharmProjects/sci-cluster/review_outputs/rmelts_parity_audit_v2/2026-02-26/kcp109c_phase7_parity_20260225_222731/runs/kcp109c_phase7_parity_liam_exact/runs/20260225_222731/parallel-results/Parallel_MELTS_KCP109C_dP25.0_02-25_11cores.xlsx,feldspar,feldspar
952,870,75,0,1.024922415552185,2.586942355922129,-16.99592951978091,-14.40183651592047,2.269249883095343,1.243839883839717,0.03961906662534991,2.867443501503515e-05,1.734803149378991e-06,1.137370891592303e-10,3.442429826958139e-13,4.837400935673978e-13,Success,61.94720482000642,0,23.84578415312586,0,0,0,0,0,0,0,5.218602999863244,8.225488743531724,0.7629192834727496,0,0,0,0,0,0,KCP109C,/Users/lopezama/PycharmProjects/sci-cluster/review_outputs/rmelts_parity_audit_v2/2026-02-26/kcp109c_phase7_parity_20260225_222731/runs/kcp109c_phase7_parity_liam_exact/runs/20260225_222731/parallel-results/Parallel_MELTS_KCP109C_dP25.0_02-25_11cores.xlsx,feldspar,feldspar
953,869,75,0,1.223687203578571,2.586515879733803,-20.28846220616409,-17.19498534943735,2.708468114281608,1.485040392688176,0.04731025288367879,2.870466360947145e-05,1.736353611454877e-06,1.321866528035869e-10,4.114262364907198e-13,5.882971640179066e-13,Success,62.00970118221052,0,23.80168463119854,0,0,0,0,0,0,0,5.167637892340653,8.249144291158931,0.7718320030913789,0,0,0,0,0,0,KCP109C,/Users/lopezama/PycharmProjects/sci-cluster/review_outputs/rmelts_parity_audit_v2/2026-02-26/kcp109c_phase7_parity_20260225_222731/runs/kcp109c_phase7_parity_liam_exact/runs/20260225_222731/parallel-results/Parallel_MELTS_KCP109C_dP25.0_02-25_11cores.xlsx,feldspar,feldspar
954,868,75,0,1.42371726696301,2.586091454960722,-23.60082076955233,-20.00596952278899,3.150200452844361,1.727770123818642,0.05505285840653436,2.873472645027127e-05,1.737894067360024e-06,1.495228317152282e-10,4.791697037015224e-13,6.971915860964706e-13,Success,62.07181959749752,0,23.75781408445144,0,0,0,0,0,0,0,5.116949879698631,8.272557874913666,0.7808585634387348,0,0,0,0,0,0,KCP109C,/Users/lopezama/PycharmProjects/sci-cluster/review_outputs/rmelts_parity_audit_v2/2026-02-26/kcp109c_phase7_parity_20260225_222731/runs/kcp109c_phase7_parity_liam_exact/runs/20260225_222731/parallel-results/Parallel_MELTS_KCP109C_dP25.0_02-25_11cores.xlsx,feldspar,feldspar
955,867,75,0,1.625022060621638,2.58566919375603,-26.93314887249256,-22.83492238757965,3.59446255748183,1.972040526087288,0.06284725302624951,2.876462058423117e-05,1.739424257691161e-06,1.65702097130171e-10,5.474763333711986e-13,8.105631348742918e-13,Success,62.13354810352057,0,23.71418244620315,0,0,0,0,0,0,0,5.066549948253591,8.295728880226385,0.7899906217963082,0,0,0,0,0,0,KCP109C,/Users/lopezama/PycharmProjects/sci-cluster/review_outputs/rmelts_parity_audit_v2/2026-02-26/kcp109c_phase7_parity_20260225_222731/runs/kcp109c_phase7_parity_liam_exact/runs/20260225_222731/parallel-results/Parallel_MELTS_KCP109C_dP25.0_02-25_11cores.xlsx,feldspar,feldspar
956,866,75,0,1.82760755212247,2.585249107679801,-30.28553109579895,-25.68192711764231,4.041262325555584,2.217858747098225,0.0706936730659083,2.879434067302661e-05,1.740943982387075e-06,1.806793883716907e-10,6.163479483334745e-13,9.285532556555449e-13,Success,62.194879122744,0,23.67079288148897,0,0,0,0,0,0,0,5.016442477291722,8.318648717127427,0.7992368013478856,0,0,0,0,0,0,KCP109C,/Users/lopezama/PycharmProjects/sci-cluster/review_outputs/rmelts_parity_audit_v2/2026-02-26/kcp109c_phase7_parity_20260225_222731/runs/kcp109c_phase7_parity_liam_exact/runs/20260225_222731/parallel-results/Parallel_MELTS_KCP109C_dP25.0_02-25_11cores.xlsx,feldspar,feldspar
957,865,75,0,2.031476172692395,2.584831272933195,-33.65799390039936,-28.54701784204139,4.490599708613079,2.46522766474716,0.07859221582332268,2.882388157990098e-05,1.742452967174436e-06,1.944078858499825e-10,6.857850486262614e-13,1.051305846687663e-12,Success,62.25580101121506,0,23.62765321849905,0,0,0,0,0,0,0,4.966636642084633,8.341311960329422,0.8085971678718407,0,0,0,0,0,0,KCP109C,/Users/lopezama/PycharmProjects/sci-cluster/review_outputs/rmelts_parity_audit_v2/2026-02-26/kcp109c_phase7_parity_20260225_222731/runs/kcp109c_phase7_parity_liam_exact/runs/20260225_222731/parallel-results/Parallel_MELTS_KCP109C_dP25.0_02-25_11cores.xlsx,feldspar,feldspar
958,864,75,0,2.236624845259533,2.58441576129783,-37.05047227238042,-31.43015115868771,4.942462396071504,2.714143452164532,0.08654276447131536,2.88532373182302e-05,1.743950920192889e-06,2.068389695831802e-10,7.557862037883474e-13,1.17896573795772e-12,Success,62.31630161646022,0,23.58477116716112,0,0,0,0,0,0,0,4.917141638991596,8.363711740959962,0.8180738364271077,0,0,0,0,0,0,KCP109C,/Users/lopezama/PycharmProjects/sci-cluster/review_outputs/rmelts_parity_audit_v2/2026-02-26/kcp109c_phase7_parity_20260225_222731/runs/kcp109c_phase7_parity_liam_exact/runs/20260225_222731/parallel-results/Parallel_MELTS_KCP109C_dP25.0_02-25_11cores.xlsx,feldspar,feldspar
959,863,75,0,2.443077154840778,2.584002611996941,-40.46334362493064,-34.33165908020773,5.396897015995173,2.964634732294277,0.0945462339510851,2.888240914652201e-05,1.745437786240541e-06,2.179246176830563e-10,8.263589802288465e-13,1.311697299360649e-12,Success,62.37637761324124,0,23.54215028948237,0,0,0,0,0,0,0,4.867961182597454,8.385849988137888,0.8276609265410485,0,0,0,0,0,0,KCP109C,/Users/lopezama/PycharmProjects/sci-cluster/review_outputs/rmelts_parity_audit_v2/2026-02-26/kcp109c_phase7_parity_20260225_222731/runs/kcp109c_phase7_parity_liam_exact/runs/20260225_222731/parallel-results/Parallel_MELTS_KCP109C_dP25.0_02-25_11cores.xlsx,feldspar,feldspar
960,862,75,0,2.650817635227885,2.583591940873984,-43.89633782012084,-37.25132450679305,5.853863642098217,3.216682626580761,0.102602024464094,2.891138808930967e-05,1.746913139609444e-06,2.276122713601133e-10,8.974975440677605e-13,1.449647186447953e-12,Success,62.4360112166716,0,23.49980216100064,0,0,0,0,0,0,0,4.819108972665055,8.407717415726369,0.8373602339363284,0,0,0,0,0,0,KCP109C,/Users/lopezama/PycharmProjects/sci-cluster/review_outputs/rmelts_parity_audit_v2/2026-02-26/kcp109c_phase7_parity_20260225_222731/runs/kcp109c_phase7_parity_liam_exact/runs/20260225_222731/parallel-results/Parallel_MELTS_KCP109C_dP25.0_02-25_11cores.xlsx,feldspar,feldspar
961,861,75,0,2.859845601972934,2.583183796946902,-47.34942950241745,-40.18913786004832,6.313355060943549,3.470286224983429,0.1107101091820498,2.894017014334444e-05,1.748376770461104e-06,2.358491282075456e-10,9.692010849090078e-13,1.592974509739514e-12,Success,62.49519357319806,0,23.45773232449686,0,0,0,0,0,0,0,4.770591647883816,8.429308824894326,0.8471736295269446,0,0,0,0,0,0,KCP109C,/Users/lopezama/PycharmProjects/sci-cluster/review_outputs/rmelts_parity_audit_v2/2026-02-26/kcp109c_phase7_parity_20260225_222731/runs/kcp109c_phase7_parity_liam_exact/runs/20260225_222731/parallel-results/Parallel_MELTS_KCP109C_dP25.0_02-25_11cores.xlsx,feldspar,feldspar
962,860,75,0,3.070166065200885,2.58277823801741,-50.82268797786551,-43.145170019655,6.775376568160004,3.725451558705572,0.1188706804172859,2.896875252495733e-05,1.749828491830787e-06,2.425812029096471e-10,1.041470637778304e-12,1.741846445888301e-12,Success,62.55391639074062,0,23.41594662869357,0,0,0,0,0,0,0,4.722415968337153,8.450621070585187,0.8570999416434643,0,0,0,0,0,0,KCP109C,/Users/lopezama/PycharmProjects/sci-cluster/review_outputs/rmelts_parity_audit_v2/2026-02-26/kcp109c_phase7_parity_20260225_222731/runs/kcp109c_phase7_parity_liam_exact/runs/20260225_222731/parallel-results/Parallel_MELTS_KCP109C_dP25.0_02-25_11cores.xlsx,feldspar,feldspar
963,859,75,0,3.281772797056843,2.582375340311943,-54.31599642761992,-46.11933397995062,7.239908534796013,3.982170998413537,0.1270834934731221,2.89971304743256e-05,1.751268041014725e-06,2.477521619846746e-10,1.114303311019029e-12,1.896428143146928e-12,Success,62.61216834492453,0,23.37445272047351,0,0,0,0,0,0,0,4.674590885147668,8.471648964376815,0.8671390850774833,0,0,0,0,0,0,KCP109C,/Users/lopezama/PycharmProjects/sci-cluster/review_outputs/rmelts_parity_audit_v2/2026-02-26/kcp109c_phase7_parity_20260225_222731/runs/kcp109c_phase7_parity_liam_exact/runs/20260225_222731/parallel-results/Parallel_MELTS_KCP109C_dP25.0_02-25_11cores.xlsx,feldspar,feldspar
964,858,75,0,3.49466542437493,2.581975156752728,-57.82933490152274,-49.11162492374562,7.706944240619827,4.240444032099264,0.1353485301837708,2.902530072835474e-05,1.752695224042999e-06,2.513044818088615e-10,1.187698169759669e-12,2.056892895779109e-12,Success,62.66994099993496,0,23.33325619343647,0,0,0,0,0,0,0,4.627122981458138,8.492388371814483,0.8772914533559463,0,0,0,0,0,0,KCP109C,/Users/lopezama/PycharmProjects/sci-cluster/review_outputs/rmelts_parity_audit_v2/2026-02-26/kcp109c_phase7_parity_20260225_222731/runs/kcp109c_phase7_parity_liam_exact/runs/20260225_222731/parallel-results/Parallel_MELTS_KCP109C_dP25.0_02-25_11cores.xlsx,feldspar,feldspar
965,857,75,0,3.708837374845707,2.58157776324097,-61.36258115752141,-52.12195128626755,8.176463187412171,4.500262627987909,0.1436655299582977,2.905325914601441e-05,1.754109795977881e-06,2.531785943515937e-10,1.26165203683423e-12,2.223415105537877e-12,Success,62.72722362289316,0,23.29236447671603,0,0,0,0,0,0,0,4.580020890729513,8.512834851865227,0.8875561577960813,0,0,0,0,0,0,KCP109C,/Users/lopezama/PycharmProjects/sci-cluster/review_outputs/rmelts_parity_audit_v2/2026-02-26/kcp109c_phase7_parity_20260225_222731/runs/kcp109c_phase7_parity_liam_exact/runs/20260225_222731/parallel-results/Parallel_MELTS_KCP109C_dP25.0_02-25_11cores.xlsx,feldspar,feldspar
966,856,75,0,3.924270717404438,2.581183259006048,-64.9154254069162,-55.15006226451129,8.6484197337864,4.761604967213604,0.1520337892984623,2.908100044913546e-05,1.755511453780489e-06,2.53312667424999e-10,1.336157706937016e-12,2.396166801732433e-12,Success,62.78400292828746,0,23.25178691499408,0,0,0,0,0,0,0,4.533295422386784,8.532983297098587,0.8979314372330933,0,0,0,0,0,0,KCP109C,/Users/lopezama/PycharmProjects/sci-cluster/review_outputs/rmelts_parity_audit_v2/2026-02-26/kcp109c_phase7_parity_20260225_222731/runs/kcp109c_phase7_parity_liam_exact/runs/20260225_222731/parallel-results/Parallel_MELTS_KCP109C_dP25.0_02-25_11cores.xlsx,feldspar,feldspar
967,855,75,0,4.140970885492457,2.580791665215668,-68.48794380287048,-58.19603455829203,9.122819877302167,5.024477604951941,0.1604535128234154,2.910852316531692e-05,1.756900090382315e-06,2.51644548174295e-10,1.411216048724694e-12,2.575339455617305e-12,Success,62.84027417325012,0,23.21152634266582,0,0,0,0,0,0,0,4.486950021509134,8.55283056877394,0.9084188938009817,0,0,0,0,0,0,KCP109C,/Users/lopezama/PycharmProjects/sci-cluster/review_outputs/rmelts_parity_audit_v2/2026-02-26/kcp109c_phase7_parity_20260225_222731/runs/kcp109c_phase7_parity_liam_exact/runs/20260225_222731/parallel-results/Parallel_MELTS_KCP109C_dP25.0_02-25_11cores.xlsx,feldspar,feldspar
968,854,75,0,4.358927863075214,2.580403039919885,-72.079957205405,-61.25972813618192,9.599635424941736,5.288868336726344,0.1689243035154132,2.913582377555729e-05,1.758275499250356e-06,2.481094476628458e-10,1.486822496993796e-12,2.761119990102317e-12,Success,62.89602833220425,0,23.17158871928353,0,0,0,0,0,0,0,4.440991710765672,8.572372177554078,0.9190190601924667,0,0,0,0,0,0,KCP109C,/Users/lopezama/PycharmProjects/sci-cluster/review_outputs/rmelts_parity_audit_v2/2026-02-26/kcp109c_phase7_parity_20260225_222731/runs/kcp109c_phase7_parity_liam_exact/runs/20260225_222731/parallel-results/Parallel_MELTS_KCP109C_dP25.0_02-25_11cores.xlsx,feldspar,feldspar
969,853,75,0,4.578092632593689,2.580017584719113,-75.69064428342726,-64.34045777521389,10.07875194975213,5.554717677964778,0.1774442414543507,2.916289451700893e-05,1.759637192020833e-06,2.426389436705151e-10,1.56295861181602e-12,2.953675168758164e-12,Success,62.9512433038993,0,23.13199111120745,0,0,0,0,0,0,0,4.395439727060095,8.591603615308948,0.9297222425241933,0,0,0,0,0,0,KCP109C,/Users/lopezama/PycharmProjects/sci-cluster/review_outputs/rmelts_parity_audit_v2/2026-02-26/kcp109c_phase7_parity_20260225_222731/runs/kcp109c_phase7_parity_liam_exact/runs/20260225_222731/parallel-results/Parallel_MELTS_KCP109C_dP25.0_02-25_11cores.xlsx,feldspar,feldspar
970,852,75,0,4.798486866069806,2.579635228799316,-79.32034867209238,-67.43852690908037,10.56021131672401,5.822051886297107,0.1860141624869671,2.918973691484272e-05,1.76098525071206e-06,2.351664845730523e-10,1.639630820591656e-12,3.153222058460014e-12,Success,63.00592297863858,0,23.09272908123997,0,0,0,0,0,0,0,4.350289501917417,8.610521917350702,0.9405365208533237,0,0,0,0,0,0,KCP109C,/Users/lopezama/PycharmProjects/sci-cluster/review_outputs/rmelts_parity_audit_v2/2026-02-26/kcp109c_phase7_parity_20260225_222731/runs/kcp109c_phase7_parity_liam_exact/runs/20260225_222731/parallel-results/Parallel_MELTS_KCP109C_dP25.0_02-25_11cores.xlsx,feldspar,feldspar
971,851,75,0,5.020107465776218,2.579256017208797,-82.96900615149036,-70.55389296450325,11.04400052216085,6.090867194545761,0.1946339344478431,2.921634881487414e-05,1.762319521806374e-06,2.256221928287279e-10,1.716836690726897e-12,3.359967943622375e-12,Success,63.06006042644063,0,23.05380725603484,0,0,0,0,0,0,0,4.305546469377343,8.629123769949269,0.9514620781979166,0,0,0,0,0,0,KCP109C,/Users/lopezama/PycharmProjects/sci-cluster/review_outputs/rmelts_parity_audit_v2/2026-02-26/kcp109c_phase7_parity_20260225_222731/runs/kcp109c_phase7_parity_liam_exact/runs/20260225_222731/parallel-results/Parallel_MELTS_KCP109C_dP25.0_02-25_11cores.xlsx,feldspar,feldspar
972,850,75,0,5.242924341422771,2.57888005403956,-86.63610752049296,-73.68613524391486,11.53004698978595,6.361127095694725,0.2033023727959061,2.924272590981025e-05,1.763639725129988e-06,2.139332195585184e-10,1.794564255329256e-12,3.574107351880273e-12,Success,63.11364296433894,0,23.01523491297069,0,0,0,0,0,0,0,4.261221242744413,8.64740523221382,0.9624956477321495,0,0,0,0,0,0,KCP109C,/Users/lopezama/PycharmProjects/sci-cluster/review_outputs/rmelts_parity_audit_v2/2026-02-26/kcp109c_phase7_parity_20260225_222731/runs/kcp109c_phase7_parity_liam_exact/runs/20260225_222731/parallel-results/Parallel_MELTS_KCP109C_dP25.0_02-25_11cores.xlsx,feldspar,feldspar
973,849,75,0,5.466866756049534,2.578507521503337,-90.32047427375498,-76.83426393989541,12.01818859676476,6.632745809886597,0.2120167077450373,2.926886186752522e-05,1.764945437070021e-06,2.000236783091088e-10,1.872787179164521e-12,3.795811370121861e-12,Success,63.16665111351807,0,22.97702721168177,0,0,0,0,0,0,0,4.217330873949613,8.665362641131756,0.9736281597187824,0,0,0,0,0,0,KCP109C,/Users/lopezama/PycharmProjects/sci-cluster/review_outputs/rmelts_parity_audit_v2/2026-02-26/kcp109c_phase7_parity_20260225_222731/runs/kcp109c_phase7_parity_liam_exact/runs/20260225_222731/parallel-results/Parallel_MELTS_KCP109C_dP25.0_02-25_11cores.xlsx,feldspar,feldspar
974,848,75,0,5.691982610150095,2.57813831807368,-94.02288317977325,-79.99895050957694,12.50852488087794,6.905781460897563,0.2207787910465177,2.929475973421332e-05,1.766236815095591e-06,1.838200060394301e-10,1.951520713424101e-12,4.025338329488111e-12,Success,63.21909206538611,0,22.93917715941264,0,0,0,0,0,0,0,4.173867915895292,8.682993688373447,0.9848691709324884,0,0,0,0,0,0,KCP109C,/Users/lopezama/PycharmProjects/sci-cluster/review_outputs/rmelts_parity_audit_v2/2026-02-26/kcp109c_phase7_parity_20260225_222731/runs/kcp109c_phase7_parity_liam_exact/runs/20260225_222731/parallel-results/Parallel_MELTS_KCP109C_dP25.0_02-25_11cores.xlsx,feldspar,feldspar
975,847,75,0,5.918225310305051,2.577772559377022,-97.74255399101399,-83.17954320598815,13.00094700265664,7.180177579276793,0.2295867914636862,2.932041556188956e-05,1.767513577069567e-06,1.652432963898846e-10,2.030746847999084e-12,4.262887161971217e-12,Success,63.27095276292147,0,22.90169463014717,0,0,0,0,0,0,0,4.130843561371368,8.700295163815895,0.9962138817441013,0,0,0,0,0,0,KCP109C,/Users/lopezama/PycharmProjects/sci-cluster/review_outputs/rmelts_parity_audit_v2/2026-02-26/kcp109c_phase7_parity_20260225_222731/runs/kcp109c_phase7_parity_liam_exact/runs/20260225_222731/parallel-results/Parallel_MELTS_KCP109C_dP25.0_02-25_11cores.xlsx,feldspar,feldspar
976,846,75,0,6.145539017836259,2.577410367963104,-101.4785550511826,-86.37526107758164,13.49532589340212,7.455866526409674,0.2384385154271341,2.934582593831421e-05,1.768775449090843e-06,1.442127874057912e-10,2.110444203820423e-12,4.508654776034771e-12,Success,63.32222024832448,0,22.8645897570888,0,0,0,0,0,0,0,4.088269193874704,8.717264758261463,1.007656042450551,0,0,0,0,0,0,KCP109C,/Users/lopezama/PycharmProjects/sci-cluster/review_outputs/rmelts_parity_audit_v2/2026-02-26/kcp109c_phase7_parity_20260225_222731/runs/kcp109c_phase7_parity_liam_exact/runs/20260225_222731/parallel-results/Parallel_MELTS_KCP109C_dP25.0_02-25_11cores.xlsx,feldspar,feldspar
977,845,75,0,6.373933516839762,2.577051726033808,-105.2310356329097,-89.58624191549822,13.9916770714229,7.732860243637115,0.2473343259838061,2.937099142256951e-05,1.770022424524609e-06,1.206474138293439e-10,2.19061440449027e-12,4.762890982509579e-12,Success,63.37289407771055,0,22.82786194973137,0,0,0,0,0,0,0,4.046144429805186,8.733899933803327,1.019199608949562,0,0,0,0,0,0,KCP109C,/Users/lopezama/PycharmProjects/sci-cluster/review_outputs/rmelts_parity_audit_v2/2026-02-26/kcp109c_phase7_parity_20260225_222731/runs/kcp109c_phase7_parity_liam_exact/runs/20260225_222731/parallel-results/Parallel_MELTS_KCP109C_dP25.0_02-25_11cores.xlsx,feldspar,feldspar
978,844,75,0,6.60337176581767,2.576696707325575,-108.9993741919638,-92.81196792003323,14.48991296775774,8.011113919939804,0.2562727598884345,2.939591019846883e-05,1.771254328380496e-06,9.446285160711914e-11,2.271242522467283e-12,5.025817824594454e-12,Success,63.42296583952156,0,22.79151751204162,0,0,0,0,0,0,0,4.004476432705696,8.750198472888636,1.030841742842481,0,0,0,0,0,0,KCP109C,/Users/lopezama/PycharmProjects/sci-cluster/review_outputs/rmelts_parity_audit_v2/2026-02-26/kcp109c_phase7_parity_20260225_222731/runs/kcp109c_phase7_parity_liam_exact/runs/20260225_222731/parallel-results/Parallel_MELTS_KCP109C_dP25.0_02-25_11cores.xlsx,feldspar,feldspar
979,843,75,0,6.833821707372962,2.576345368643609,-112.7830317201995,-96.05199112747906,14.98995707809926,8.290588817165402,0.2652525469040987,2.942058124408334e-05,1.772471026766496e-06,6.557287056777494e-11,2.352315299689912e-12,5.297666747483798e-12,Success,63.47242892883741,0,22.75556133760049,0,0,0,0,0,0,0,3.963270780985601,8.766158486305553,1.042580466270944,0,0,0,0,0,0,KCP109C,/Users/lopezama/PycharmProjects/sci-cluster/review_outputs/rmelts_parity_audit_v2/2026-02-26/kcp109c_phase7_parity_20260225_222731/runs/kcp109c_phase7_parity_liam_exact/runs/20260225_222731/parallel-results/Parallel_MELTS_KCP109C_dP25.0_02-25_11cores.xlsx,feldspar,feldspar
980,842,75,0,7.065249989755855,2.575997764921965,-116.5814483866962,-99.30584552753565,15.49173013420665,8.571244656921516,0.2742723649051723,2.944500382509687e-05,1.773672395913816e-06,3.388915328862326e-11,2.433818930540151e-12,5.578674135602141e-12,Success,63.52127712604945,0,22.71999808145405,0,0,0,0,0,0,0,3.922532766354147,8.781778318152295,1.054413707990069,0,0,0,0,0,0,KCP109C,/Users/lopezama/PycharmProjects/sci-cluster/review_outputs/rmelts_parity_audit_v2/2026-02-26/kcp109c_phase7_parity_20260225_222731/runs/kcp109c_phase7_parity_liam_exact/runs/20260225_222731/parallel-results/Parallel_MELTS_KCP109C_dP25.0_02-25_11cores.xlsx,feldspar,feldspar
981,841,75,0,7.297623787565577,2.575653942774133,-120.3940734138952,-102.5730724449376,15.99515412552855,8.853041828085038,0.283330911283276,2.946917766156373e-05,1.774858333820307e-06,-6.787517914653861e-13,2.515739722788255e-12,5.869082869864716e-12,Success,63.56950515202326,0,22.68483167854122,0,0,0,0,0,0,0,3.882266866979823,8.79705652040365,1.066339782052055,0,0,0,0,0,0,KCP109C,/Users/lopezama/PycharmProjects/sci-cluster/review_outputs/rmelts_parity_audit_v2/2026-02-26/kcp109c_phase7_parity_20260225_222731/runs/kcp109c_phase7_parity_liam_exact/runs/20260225_222731/parallel-results/Parallel_MELTS_KCP109C_dP25.0_02-25_11cores.xlsx,feldspar,feldspar
982,840,75,0,7.530891304253545,2.575313974961078,-124.2200447021421,-105.8529478298127,16.50010948419297,9.1359177774272,0.2924261421121424,2.949310249835006e-05,1.776028710681767e-06,-3.822353906809303e-11,2.598057201212008e-12,6.169127118980226e-12,Success,63.61710613634297,0,22.65006777752657,0,0,0,0,0,0,0,3.842479346173038,8.811992592173958,1.078354147783456,0,0,0,0,0,0,KCP109C,/Users/lopezama/PycharmProjects/sci-cluster/review_outputs/rmelts_parity_audit_v2/2026-02-26/kcp109c_phase7_parity_20260225_222731/runs/kcp109c_phase7_parity_liam_exact/runs/20260225_222731/parallel-results/Parallel_MELTS_KCP109C_dP25.0_02-25_11cores.xlsx,feldspar,feldspar
983,839,75,0,7.765069813039388,2.574977827432817,-128.0596359086185,-109.1457141796811,17.00662835852841,9.419893625178933,0.3015587058775164,2.951677918611062e-05,1.777183543211858e-06,-7.884000001449415e-11,2.680775163265186e-12,6.479102043315555e-12,Success,63.66408081217116,0,22.61570454561434,0,0,0,0,0,0,0,3.803168520786452,8.826583361389638,1.090462760038424,0,0,0,0,0,0,KCP109C,/Users/lopezama/PycharmProjects/sci-cluster/review_outputs/rmelts_parity_audit_v2/2026-02-26/kcp109c_phase7_parity_20260225_222731/runs/kcp109c_phase7_parity_liam_exact/runs/20260225_222731/parallel-results/Parallel_MELTS_KCP109C_dP25.0_02-25_11cores.xlsx,feldspar,feldspar
984,838,75,0,8.000047773266266,2.574645644314205,-131.9110039234782,-112.4498113326323,17.51446032564994,9.704834546053215,0.3107242268827716,2.954020781623696e-05,1.778322633771135e-06,-1.22625367993518e-10,2.763851933155531e-12,6.799207059295779e-12,Success,63.71041824354726,0,22.58175223049704,0,0,0,0,0,0,0,3.764345397006987,8.840831325628463,1.102652803320257,0,0,0,0,0,0,KCP109C,/Users/lopezama/PycharmProjects/sci-cluster/review_outputs/rmelts_parity_audit_v2/2026-02-26/kcp109c_phase7_parity_20260225_222731/runs/kcp109c_phase7_parity_liam_exact/runs/20260225_222731/parallel-results/Parallel_MELTS_KCP109C_dP25.0_02-25_11cores.xlsx,feldspar,feldspar
985,837,75,0,8.235831023924115,2.57431740435074,-135.7742355296726,-115.765321949353,18.02361264722745,9.990747887304263,0.3199229050001799,2.956338961085975e-05,1.779445994894519e-06,-1.696791634388928e-10,2.847287101269423e-12,7.129741662518245e-12,Success,63.75611870298541,0,22.54820970074098,0,0,0,0,0,0,0,3.726008977803341,8.854734125283668,1.114928493186609,0,0,0,0,0,0,KCP109C,/Users/lopezama/PycharmProjects/sci-cluster/review_outputs/rmelts_parity_audit_v2/2026-02-26/kcp109c_phase7_parity_20260225_222731/runs/kcp109c_phase7_parity_liam_exact/runs/20260225_222731/parallel-results/Parallel_MELTS_KCP109C_dP25.0_02-25_11cores.xlsx,feldspar,feldspar
986,836,75,0,8.472368870186948,2.573993152003407,-139.648488649289,-119.0915372520984,18.5339687122487,10.27757257815122,0.3291527354527994,2.958632594663961e-05,1.780553572005227e-06,-2.201032724316468e-10,2.931060303491988e-12,7.47096691693812e-12,Success,63.80117856536818,0,22.5150801326546,0,0,0,0,0,0,0,3.688162729527065,8.868292009623797,1.127286562826375,0,0,0,0,0,0,KCP109C,/Users/lopezama/PycharmProjects/sci-cluster/review_outputs/rmelts_parity_audit_v2/2026-02-26/kcp109c_phase7_parity_20260225_222731/runs/kcp109c_phase7_parity_liam_exact/runs/20260225_222731/parallel-results/Parallel_MELTS_KCP109C_dP25.0_02-25_11cores.xlsx,feldspar,feldspar
987,835,75,0,8.709618018878539,2.573672932341814,-143.5330440374224,-122.427852720562,19.04542825146451,10.56525657171432,0.3384119990318101,2.960901835775672e-05,1.781645313955999e-06,-2.740020605957383e-10,3.015153620061577e-12,7.823156877130776e-12,Success,63.84559430425704,0,22.48236666860192,0,0,0,0,0,0,0,3.650810067500007,8.881505358851797,1.139723600789227,0,0,0,0,0,0,KCP109C,/Users/lopezama/PycharmProjects/sci-cluster/review_outputs/rmelts_parity_audit_v2/2026-02-26/kcp109c_phase7_parity_20260225_222731/runs/kcp109c_phase7_parity_liam_exact/runs/20260225_222731/parallel-results/Parallel_MELTS_KCP109C_dP25.0_02-25_11cores.xlsx,feldspar,feldspar
988,834,75,0,8.947535435806095,2.573356758397641,-147.4271862211518,-125.7736663006855,19.55789181273198,10.85374814912391,0.3476989891357887,2.963146913973562e-05,1.78272122459187e-06,-3.314823255768515e-10,3.099549309487298e-12,8.186592502445057e-12,Success,63.88936505393604,0,22.4500700836216,0,0,0,0,0,0,0,3.613951833138313,8.894374275772176,1.152238753531861,0,0,0,0,0,0,KCP109C,/Users/lopezama/PycharmProjects/sci-cluster/review_outputs/rmelts_parity_audit_v2/2026-02-26/kcp109c_phase7_parity_20260225_222731/runs/kcp109c_phase7_parity_liam_exact/runs/20260225_222731/parallel-results/Parallel_MELTS_KCP109C_dP25.0_02-25_11cores.xlsx,feldspar,feldspar
989,833,75,0,9.186077441892296,2.573044665963927,-151.33019077586,-129.1283680655951,20.07125860892731,11.14299489098846,0.3570119696484539,2.965368054369511e-05,1.783781281563632e-06,-3.926535378292812e-10,3.184229180378763e-12,8.56156192136529e-12,Success,63.93248849480984,0,22.41819265140194,0,0,0,0,0,0,0,3.577590443499464,8.906899552583255,1.164828857705494,0,0,0,0,0,0,KCP109C,/Users/lopezama/PycharmProjects/sci-cluster/review_outputs/rmelts_parity_audit_v2/2026-02-26/kcp109c_phase7_parity_20260225_222731/runs/kcp109c_phase7_parity_liam_exact/runs/20260225_222731/parallel-results/Parallel_MELTS_KCP109C_dP25.0_02-25_11cores.xlsx,feldspar,feldspar
990,832,75,0,9.425201076594933,2.572736675942368,-155.2413452613828,-132.4913577099855,20.58542962620217,11.43294528538801,0.3663492328900149,2.967565528387505e-05,1.784825490611395e-06,-4.576278401220456e-10,3.269175287241165e-12,8.94836130197845e-12,Success,63.97496363017798,0,22.3867355066689,0,0,0,0,0,0,0,3.541727067308488,8.919081943362249,1.177491852482403,0,0,0,0,0,0,KCP109C,/Users/lopezama/PycharmProjects/sci-cluster/review_outputs/rmelts_parity_audit_v2/2026-02-26/kcp109c_phase7_parity_20260225_222731/runs/kcp109c_phase7_parity_liam_exact/runs/20260225_222731/parallel-results/Parallel_MELTS_KCP109C_dP25.0_02-25_11cores.xlsx,feldspar,feldspar
991,831,75,0,9.664851780864383,2.572432825606117,-159.1597480774847,-135.8618731924632,21.10028065482185,11.723533867579,0.3757086165539483,2.969739667312072e-05,1.785853856300549e-06,-5.265198830242645e-10,3.354365469673678e-12,9.347284607324285e-12,Success,64.01678901928884,0,22.35570065006227,0,0,0,0,0,0,0,3.50636369129059,8.930923483160957,1.190223156197335,0,0,0,0,0,0,KCP109C,/Users/lopezama/PycharmProjects/sci-cluster/review_outputs/rmelts_parity_audit_v2/2026-02-26/kcp109c_phase7_parity_20260225_222731/runs/kcp109c_phase7_parity_liam_exact/runs/20260225_222731/parallel-results/Parallel_MELTS_KCP109C_dP25.0_02-25_11cores.xlsx,feldspar,feldspar
992,830,75,0,9.904991126686891,2.572133105452586,-163.0847615367057,-139.2393766900334,21.61572301742488,12.01471468530469,0.3850885906988875,2.971890811582819e-05,1.786866433926508e-06,-5.994473767554692e-10,3.439783369412752e-12,9.75864715640362e-12,Success,64.05796610340612,0,22.32508698947615,0,0,0,0,0,0,0,3.471499078150852,8.942424520568697,1.203023308398178,0,0,0,0,0,0,KCP109C,/Users/lopezama/PycharmProjects/sci-cluster/review_outputs/rmelts_parity_audit_v2/2026-02-26/kcp109c_phase7_parity_20260225_222731/runs/kcp109c_phase7_parity_liam_exact/runs/20260225_222731/parallel-results/Parallel_MELTS_KCP109C_dP25.0_02-25_11cores.xlsx,feldspar,feldspar
993,829,75,0,10.14557184299263,2.571837572104819,-167.0156066172242,-142.6232100014906,22.13164870093327,12.30643126855569,0.3944872706206477,2.974019321743108e-05,1.787863214137947e-06,-6.765312659911115e-10,3.525409049815644e-12,1.018276670490784e-11,Success,64.09849248708002,0,22.2948976669135,0,0,0,0,0,0,0,3.437136379014672,8.953587955739877,1.21588551125191,0,0,0,0,0,0,KCP109C,/Users/lopezama/PycharmProjects/sci-cluster/review_outputs/rmelts_parity_audit_v2/2026-02-26/kcp109c_phase7_parity_20260225_222731/runs/kcp109c_phase7_parity_liam_exact/runs/20260225_222731/parallel-results/Parallel_MELTS_KCP109C_dP25.0_02-25_11cores.xlsx,feldspar,feldspar
994,828,75,0,10.38654266090291,2.571546151663023,-170.9514326187276,-146.0126517376242,22.64794158934149,12.59862211554542,0.4039026347703663,2.976125667197202e-05,1.78884435323473e-06,-7.578941573281623e-10,3.61122197565186e-12,1.061996141729181e-11,Success,64.13837464907964,0,22.2651269929265,0,0,0,0,0,0,0,3.403269388309738,8.964413309657361,1.228815660026769,0,0,0,0,0,0,KCP109C,/Users/lopezama/PycharmProjects/sci-cluster/review_outputs/rmelts_parity_audit_v2/2026-02-26/kcp109c_phase7_parity_20260225_222731/runs/kcp109c_phase7_parity_liam_exact/runs/20260225_222731/parallel-results/Parallel_MELTS_KCP109C_dP25.0_02-25_11cores.xlsx,feldspar,feldspar
995,827,75,0,10.62785706940051,2.571258938536696,-174.8914768645881,-149.4070570287075,23.16449560140034,12.89123190376913,0.4133328195817115,2.978210262158375e-05,1.789809815306175e-06,-8.436636393333802e-10,3.69720205308123e-12,1.107056865508529e-11,Success,64.17760835284425,0,22.23578037158791,0,0,0,0,0,0,0,3.369903552986724,8.974905310715794,1.241802411865325,0,0,0,0,0,0,KCP109C,/Users/lopezama/PycharmProjects/sci-cluster/review_outputs/rmelts_parity_audit_v2/2026-02-26/kcp109c_phase7_parity_20260225_222731/runs/kcp109c_phase7_parity_liam_exact/runs/20260225_222731/parallel-results/Parallel_MELTS_KCP109C_dP25.0_02-25_11cores.xlsx,feldspar,feldspar
996,826,75,0,10.86946674818335,2.570975927541167,-178.8349426022373,-152.8057502693119,23.6812012308834,13.18420299556075,0.42277590512404,2.980273605785732e-05,1.790759690911046e-06,-9.339696021491922e-10,3.783329147259766e-12,1.153493000229431e-11,Success,64.21619613525654,0,22.20685646196864,0,0,0,0,0,0,0,3.337037174823421,8.985066097063017,1.254844130888376,0,0,0,0,0,0,KCP109C,/Users/lopezama/PycharmProjects/sci-cluster/review_outputs/rmelts_parity_audit_v2/2026-02-26/kcp109c_phase7_parity_20260225_222731/runs/kcp109c_phase7_parity_liam_exact/runs/20260225_222731/parallel-results/Parallel_MELTS_KCP109C_dP25.0_02-25_11cores.xlsx,feldspar,feldspar
997,825,75,0,11.11132141232745,2.570697029994453,-182.7809966219348,-156.2080231343484,24.19794516922683,13.47747524484989,0.4322299081798613,2.982316240168866e-05,1.791694166987795e-06,-1.028944088516477e-09,3.869582979528443e-12,1.201339071439599e-11,Success,64.25414589184909,0,22.17834841855024,0,0,0,0,0,0,0,3.304662763897747,8.994895315923758,1.267947609779168,0,0,0,0,0,0,KCP109C,/Users/lopezama/PycharmProjects/sci-cluster/review_outputs/rmelts_parity_audit_v2/2026-02-26/kcp109c_phase7_parity_20260225_222731/runs/kcp109c_phase7_parity_liam_exact/runs/20260225_222731/parallel-results/Parallel_MELTS_KCP109C_dP25.0_02-25_11cores.xlsx,feldspar,feldspar
998,824,75,0,11.35337470237762,2.570422363071155,-186.7288831529223,-159.6132353931638,24.71462221187483,13.77099382923182,0.4416929632067372,2.984338698912307e-05,1.792613214120321e-06,-1.12872548348331e-09,3.95594309133585e-12,1.250631887684903e-11,Success,64.29145303701523,0,22.15026268766174,0,0,0,0,0,0,0,3.272786708476906,9.004399650860027,1.281097915986087,0,0,0,0,0,0,KCP109C,/Users/lopezama/PycharmProjects/sci-cluster/review_outputs/rmelts_parity_audit_v2/2026-02-26/kcp109c_phase7_parity_20260225_222731/runs/kcp109c_phase7_parity_liam_exact/runs/20260225_222731/parallel-results/Parallel_MELTS_KCP109C_dP25.0_02-25_11cores.xlsx,feldspar,feldspar
999,823,75,0,11.59557663427868,2.570151820261386,-190.6777744316563,-163.0206820314486,25.23112019359369,14.06469907756295,0.4511631002832901,2.98634158377045e-05,1.793517050628821e-06,-1.233452713272203e-09,4.042389319200378e-12,1.301407910683418e-11,Success,64.32812698109299,0,22.1225911068645,0,0,0,0,0,0,0,3.241400078709965,9.01357867206243,1.294303161270117,0,0,0,0,0,0,KCP109C,/Users/lopezama/PycharmProjects/sci-cluster/review_outputs/rmelts_parity_audit_v2/2026-02-26/kcp109c_phase7_parity_20260225_222731/runs/kcp109c_phase7_parity_liam_exact/runs/20260225_222731/parallel-results/Parallel_MELTS_KCP109C_dP25.0_02-25_11cores.xlsx,feldspar,feldspar
1000,822,75,0,12.0738546041478,2.569553004732373,-198.4931702136572,-169.7319991661412,26.2623120554408,14.64472065850479,0.4698815156531606,2.989378915562598e-05,1.795041971295035e-06,-1.371918735481624e-09,4.213916011681973e-12,1.381005555665889e-11,Success,64.39415234074913,0,22.07063523877971,0,0,0,0,0,0,0,3.183129968706297,9.024497978881842,1.327584472883014,0,0,0,0,0,0,KCP109C,/Users/lopezama/PycharmProjects/sci-cluster/review_outputs/rmelts_parity_audit_v2/2026-02-26/kcp109c_phase7_parity_20260225_222731/runs/kcp109c_phase7_parity_liam_exact/runs/20260225_222731/parallel-results/Parallel_MELTS_KCP109C_dP25.0_02-25_11cores.xlsx,feldspar,feldspar
1001,821,75,0,12.7229127474434,2.568727613654793,-209.1008324879552,-178.8310125597124,27.66514639514033,15.43176068934709,0.495300189860972,2.992988866491759e-05,1.796948996311188e-06,-1.540362370206647e-09,4.44737776638685e-12,1.483088872295128e-11,Success,64.47887536203861,0,22.00258394420983,0,0,0,0,0,0,0,3.107218159625442,9.034885177958484,1.376437356167633,0,0,0,0,0,0,KCP109C,/Users/lopezama/PycharmProjects/sci-cluster/review_outputs/rmelts_parity_audit_v2/2026-02-26/kcp109c_phase7_parity_20260225_222731/runs/kcp109c_phase7_parity_liam_exact/runs/20260225_222731/parallel-results/Parallel_MELTS_KCP109C_dP25.0_02-25_11cores.xlsx,feldspar,feldspar
1002,820,75,0,13.38578792522724,2.567899331698851,-219.9274769425147,-188.1202332645116,29.09687021726486,16.23540498160823,0.5212738583631149,2.996416886060132e-05,1.798795684915689e-06,-1.721063375050849e-09,4.686331386386647e-12,1.589888272972354e-11,Success,64.56163822272745,0,21.93526208494418,0,0,0,0,0,0,0,3.032365515012344,9.042816149447049,1.427918027868974,0,0,0,0,0,0,KCP109C,/Users/lopezama/PycharmProjects/sci-cluster/review_outputs/rmelts_parity_audit_v2/2026-02-26/kcp109c_phase7_parity_20260225_222731/runs/kcp109c_phase7_parity_liam_exact/runs/20260225_222731/parallel-results/Parallel_MELTS_KCP109C_dP25.0_02-25_11cores.xlsx,feldspar,feldspar
1003,819,75,0,14.06338735845388,2.567066789010777,-230.9873950696293,-197.6119643204812,30.5593835545924,17.05672180352954,0.5478387792112424,2.9996543852757e-05,1.800580782697347e-06,-1.914476777883428e-09,4.93111921145757e-12,1.70160775907775e-11,Success,64.64243081580548,0,21.86862385587778,0,0,0,0,0,0,0,2.95853660349943,9.048148248183107,1.482260476634203,0,0,0,0,0,0,KCP109C,/Users/lopezama/PycharmProjects/sci-cluster/review_outputs/rmelts_parity_audit_v2/2026-02-26/kcp109c_phase7_parity_20260225_222731/runs/kcp109c_phase7_parity_liam_exact/runs/20260225_222731/parallel-results/Parallel_MELTS_KCP109C_dP25.0_02-25_11cores.xlsx,feldspar,feldspar
1004,818,75,0,14.75684530098615,2.566228330222313,-242.2985135194353,-207.3216208010415,32.05507282994436,17.89704944082188,0.5750402303331972,3.002691487470873e-05,1.802302943280566e-06,-2.121079216272304e-09,5.182169254855792e-12,1.818475248315822e-11,Success,64.72124723390866,0,21.80261073517012,0,0,0,0,0,0,0,2.885684522360218,9.05071484191902,1.539742666641977,0,0,0,0,0,0,KCP109C,/Users/lopezama/PycharmProjects/sci-cluster/review_outputs/rmelts_parity_audit_v2/2026-02-26/kcp109c_phase7_parity_20260225_222731/runs/kcp109c_phase7_parity_liam_exact/runs/20260225_222731/parallel-results/Parallel_MELTS_KCP109C_dP25.0_02-25_11cores.xlsx,feldspar,feldspar
1005,817,75,0,15.46751070591915,2.565381960238274,-253.8821735512001,-217.2675423601565,33.58678272810494,18.75798055967533,0.6029320758333591,3.005517287731813e-05,1.803960849725009e-06,-2.3413689278281e-09,5.439992663275352e-12,1.940741417313562e-11,Success,64.79809132889977,0,21.73714752817211,0,0,0,0,0,0,0,2.813746336467241,9.050327329023753,1.600687477437125,0,0,0,0,0,0,KCP109C,/Users/lopezama/PycharmProjects/sci-cluster/review_outputs/rmelts_parity_audit_v2/2026-02-26/kcp109c_phase7_parity_20260225_222731/runs/kcp109c_phase7_parity_liam_exact/runs/20260225_222731/parallel-results/Parallel_MELTS_KCP109C_dP25.0_02-25_11cores.xlsx,feldspar,feldspar
1006,816,75,0,16.1970312418197,2.564525265478994,-265.7644821321465,-227.4721500385244,35.15799668881424,19.64146263704891,0.6315801002176703,3.008119530602456e-05,1.805553194094074e-06,-2.575873734804119e-09,5.705215442868266e-12,2.068688624260413e-11,Success,64.8729780519962,0,21.67213888607418,0,0,0,0,0,0,0,2.742639893443167,9.04676899619259,1.665474172293857,0,0,0,0,0,0,KCP109C,/Users/lopezama/PycharmProjects/sci-cluster/review_outputs/rmelts_parity_audit_v2/2026-02-26/kcp109c_phase7_parity_20260225_222731/runs/kcp109c_phase7_parity_liam_exact/runs/20260225_222731/parallel-results/Parallel_MELTS_KCP109C_dP25.0_02-25_11cores.xlsx,feldspar,feldspar
1007,815,75,0,16.9474699536295,2.563655342140416,-277.9781865734117,-237.963552034747,36.77308692612665,20.54993709053272,0.6610666291624022,3.010483760846618e-05,1.807078499411507e-06,-2.825159981168353e-09,5.97862208509925e-12,2.202642696493656e-11,Success,64.94592924184295,0,21.60746814358204,0,0,0,0,0,0,0,2.672263847518777,9.039782582314661,1.734556184741582,0,0,0,0,0,0,KCP109C,/Users/lopezama/PycharmProjects/sci-cluster/review_outputs/rmelts_parity_audit_v2/2026-02-26/kcp109c_phase7_parity_20260225_222731/runs/kcp109c_phase7_parity_liam_exact/runs/20260225_222731/parallel-results/Parallel_MELTS_KCP109C_dP25.0_02-25_11cores.xlsx,feldspar,feldspar
1008,814,75,0,17.72138534016802,2.56276861594465,-290.5639360762305,-248.7766244348577,38.43748483776184,21.48643383879202,0.6914937708348604,3.012593090966421e-05,1.808535219052423e-06,-3.089838909123035e-09,6.261188210324243e-12,2.342980851237776e-11,Success,65.01698164310771,0,21.54298749357416,0,0,0,0,0,0,0,2.602487682510884,9.029062385835037,1.808480794972223,0,0,0,0,0,0,KCP109C,/Users/lopezama/PycharmProjects/sci-cluster/review_outputs/rmelts_parity_audit_v2/2026-02-26/kcp109c_phase7_parity_20260225_222731/runs/kcp109c_phase7_parity_liam_exact/runs/20260225_222731/parallel-results/Parallel_MELTS_KCP109C_dP25.0_02-25_11cores.xlsx,feldspar,feldspar
1009,813,75,0,18.52203876627162,2.56186071976029,-303.5736139287706,-259.9558662223519,40.1581252188176,22.45481876437066,0.7229916374222211,3.014427034249328e-05,1.809921512707913e-06,-3.370585128540683e-09,6.554158371606949e-12,2.490153409817219e-11,Success,65.08618244326163,0,21.47851507514613,0,0,0,0,0,0,0,2.533150350851553,9.014236680351459,1.887915450389208,0,0,0,0,0,0,KCP109C,/Users/lopezama/PycharmProjects/sci-cluster/review_outputs/rmelts_parity_audit_v2/2026-02-26/kcp109c_phase7_parity_20260225_222731/runs/kcp109c_phase7_parity_liam_exact/runs/20260225_222731/parallel-results/Parallel_MELTS_KCP109C_dP25.0_02-25_11cores.xlsx,feldspar,feldspar
1010,812,75,0,19.35362016505949,2.560926219144345,-317.0739352887517,-271.5584815231393,41.94392827315338,23.46006174562323,0.7557273622480977,3.015960346138411e-05,1.811235167603375e-06,-3.668153749137795e-09,6.859133431276344e-12,2.644706296946847e-11,Success,65.15359363685617,0,21.41382288978518,0,0,0,0,0,0,0,2.464049285972544,8.99484575419736,1.973688433188766,0,0,0,0,0,0,KCP109C,/Users/lopezama/PycharmProjects/sci-cluster/review_outputs/rmelts_parity_audit_v2/2026-02-26/kcp109c_phase7_parity_20260225_222731/runs/kcp109c_phase7_parity_liam_exact/runs/20260225_222731/parallel-results/Parallel_MELTS_KCP109C_dP25.0_02-25_11cores.xlsx,feldspar,feldspar
1011,811,75,0,20.22158143940128,2.559958340039109,-331.1517754562241,-283.6589461816699,43.80651134488232,24.50863312143871,0.7899183796519265,3.017161360316633e-05,1.812473371108076e-06,-3.983407922196904e-09,7.178198026239742e-12,2.807315091983519e-11,Success,65.21929130809015,0,21.34862681266192,0,0,0,0,0,0,0,2.39493232892049,8.970314117378717,2.066835432948722,0,0,0,0,0,0,KCP109C,/Users/lopezama/PycharmProjects/sci-cluster/review_outputs/rmelts_parity_audit_v2/2026-02-26/kcp109c_phase7_parity_20260225_222731/runs/kcp109c_phase7_parity_liam_exact/runs/20260225_222731/parallel-results/Parallel_MELTS_KCP109C_dP25.0_02-25_11cores.xlsx,feldspar,feldspar
1012,810,75,0,21.13316107233601,2.558948401266704,-345.9225437604414,-296.3561812073252,45.76130965527968,25.60912698377638,0.8258533490505277,3.017989247483193e-05,1.813632452488773e-06,-4.317355065659862e-09,7.514122319547864e-12,2.978836378508746e-11,Success,65.28337138281233,0,21.28256266772377,0,0,0,0,0,0,0,2.325476647923985,8.939900582768464,2.16868871877146,0,0,0,0,0,0,KCP109C,/Users/lopezama/PycharmProjects/sci-cluster/review_outputs/rmelts_parity_audit_v2/2026-02-26/kcp109c_phase7_parity_20260225_222731/runs/kcp109c_phase7_parity_liam_exact/runs/20260225_222731/parallel-results/Parallel_MELTS_KCP109C_dP25.0_02-25_11cores.xlsx,feldspar,feldspar
1013,809,75,0,22.09813070195713,2.557885206913502,-361.5421040121528,-309.7837690097647,47.82916878657133,26.77314817468072,0.8639219087013706,3.018390385656702e-05,1.814707406682396e-06,-4.671201035196783e-09,7.870648055415151e-12,3.160381703501407e-11,Success,65.34594905740794,0,21.21516329098859,0,0,0,0,0,0,0,2.255269948636422,8.902636844912829,2.280980858054228,0,0,0,0,0,0,KCP109C,/Users/lopezama/PycharmProjects/sci-cluster/review_outputs/rmelts_parity_audit_v2/2026-02-26/kcp109c_phase7_parity_20260225_222731/runs/kcp109c_phase7_parity_liam_exact/runs/20260225_222731/parallel-results/Parallel_MELTS_KCP109C_dP25.0_02-25_11cores.xlsx,feldspar,feldspar
1014,808,75,0,23.12999629525672,2.556753980227497,-378.225942326095,-324.1263781213136,50.03890690910725,28.01673865366959,0.9046625711402491,3.018292498685751e-05,1.815691213151299e-06,-5.04642723500651e-09,8.25294984176593e-12,3.353433478607253e-11,Success,65.40716297884329,0,21.14581592278616,0,0,0,0,0,0,0,2.183774346950737,8.857225064339147,2.406021687080662,0,0,0,0,0,0,KCP109C,/Users/lopezama/PycharmProjects/sci-cluster/review_outputs/rmelts_parity_audit_v2/2026-02-26/kcp109c_phase7_parity_20260225_222731/runs/kcp109c_phase7_parity_liam_exact/runs/20260225_222731/parallel-results/Parallel_MELTS_KCP109C_dP25.0_02-25_11cores.xlsx,feldspar,feldspar
1015,807,75,0,24.24788799327044,2.555534890341888,-396.2793154166931,-339.6456012762123,52.43134207330537,29.36262069144499,0.948838072409431,3.017595799984575e-05,1.816573691654145e-06,-5.444904206094884e-09,8.668360585645346e-12,3.560025056646726e-11,Success,65.46717415310682,0,21.07370558084008,0,0,0,0,0,0,0,2.110279905910499,8.801886938578004,2.546953421564596,0,0,0,0,0,0,KCP109C,/Users/lopezama/PycharmProjects/sci-cluster/review_outputs/rmelts_parity_audit_v2/2026-02-26/kcp109c_phase7_parity_20260225_222731/runs/kcp109c_phase7_parity_liam_exact/runs/20260225_222731/parallel-results/Parallel_MELTS_KCP109C_dP25.0_02-25_11cores.xlsx,feldspar,feldspar
1016,806,75,0,25.76241517740198,2.553892075294114,-420.7187356766202,-360.6351222292744,55.67679511406735,31.18383573636744,1.00875113034818,3.015689770740564e-05,1.817483484060406e-06,-5.913788049587312e-09,9.233501248990809e-12,3.818500088958983e-11,Success,65.53895404838757,0,20.98118622619452,0,0,0,0,0,0,0,2.017201773112587,8.719260798688984,2.743397153616339,0,0,0,0,0,0,KCP109C,/Users/lopezama/PycharmProjects/sci-cluster/review_outputs/rmelts_parity_audit_v2/2026-02-26/kcp109c_phase7_parity_20260225_222731/runs/kcp109c_phase7_parity_liam_exact/runs/20260225_222731/parallel-results/Parallel_MELTS_KCP109C_dP25.0_02-25_11cores.xlsx,feldspar,feldspar
1017,805,75,0,27.88356050542697,2.55163204157394,-454.8989992184733,-389.9680772548895,60.22438618335469,33.73005606594307,1.092773568097513,3.01147259188287e-05,1.818278229670302e-06,-6.46942954437373e-09,1.002895931800401e-11,4.149974862250032e-11,Success,65.62262159346065,0,20.86091088733276,0,0,0,0,0,0,0,1.898450871655854,8.590345350557591,3.027671296993149,0,0,0,0,0,0,KCP109C,/Users/lopezama/PycharmProjects/sci-cluster/review_outputs/rmelts_parity_audit_v2/2026-02-26/kcp109c_phase7_parity_20260225_222731/runs/kcp109c_phase7_parity_liam_exact/runs/20260225_222731/parallel-results/Parallel_MELTS_KCP109C_dP25.0_02-25_11cores.xlsx,feldspar,feldspar
1018,804,75,0,28.29041385901776,2.550362615400451,-461.1962366366626,-395.4234223587865,61.06188950273977,34.20493435213142,1.109270253891942,3.006747912975017e-05,1.818055409846818e-06,-6.664342198864464e-09,1.019428808037321e-11,4.238504337498791e-11,Success,65.6461816878058,0,20.80024683637686,0,0,0,0,0,0,0,1.842905028285945,8.483776458955292,3.226889988576096,0,0,0,0,0,0,KCP109C,/Users/lopezama/PycharmProjects/sci-cluster/review_outputs/rmelts_parity_audit_v2/2026-02-26/kcp109c_phase7_parity_20260225_222731/runs/kcp109c_phase7_parity_liam_exact/runs/20260225_222731/parallel-results/Parallel_MELTS_KCP109C_dP25.0_02-25_11cores.xlsx,feldspar,feldspar
1019,803,75,0,26.300058538295,2.551409099138825,-428.8064118109602,-367.7516271850989,56.73445581551018,31.8027015641385,1.030805234141873,3.007023187189621e-05,1.817186093816346e-06,-6.482225453840262e-09,9.459631018314655e-12,4.027133333532983e-11,Success,65.58838804036851,0,20.85780139637992,0,0,0,0,0,0,0,1.903873374920365,8.505886854641737,3.144050333689456,0,0,0,0,0,0,KCP109C,/Users/lopezama/PycharmProjects/sci-cluster/review_outputs/rmelts_parity_audit_v2/2026-02-26/kcp109c_phase7_parity_20260225_222731/runs/kcp109c_phase7_parity_liam_exact/runs/20260225_222731/parallel-results/Parallel_MELTS_KCP109C_dP25.0_02-25_11cores.xlsx,feldspar,feldspar
1020,802,75,0,25.08076100593804,2.552228063600855,-408.9562257260699,-350.8180520965833,54.07447670509851,30.3315641988573,0.9827006200438223,3.007438764646155e-05,1.816541883791211e-06,-6.455915816083483e-09,9.00770930238787e-12,3.923101387153568e-11,Success,65.54412471646008,0,20.90196886501818,0,0,0,0,0,0,0,1.950640144354066,8.523049711431343,3.080216562736343,0,0,0,0,0,0,KCP109C,/Users/lopezama/PycharmProjects/sci-cluster/review_outputs/rmelts_parity_audit_v2/2026-02-26/kcp109c_phase7_parity_20260225_222731/runs/kcp109c_phase7_parity_liam_exact/runs/20260225_222731/parallel-results/Parallel_MELTS_KCP109C_dP25.0_02-25_11cores.xlsx,feldspar,feldspar
1021,801,75,0,24.55501993935207,2.552741786123685,-400.3826316750539,-343.54634933122,52.91279834644495,29.69823789781674,0.961907705386789,3.00823173192379e-05,1.816259872924431e-06,-6.590947229080782e-09,8.810206772919331e-12,3.921913808630927e-11,Success,65.52005209864635,0,20.92734093762864,0,0,0,0,0,0,0,1.977189333577594,8.535928074167025,3.039489555980387,0,0,0,0,0,0,KCP109C,/Users/lopezama/PycharmProjects/sci-cluster/review_outputs/rmelts_parity_audit_v2/2026-02-26/kcp109c_phase7_parity_20260225_222731/runs/kcp109c_phase7_parity_liam_exact/runs/20260225_222731/parallel-results/Parallel_MELTS_KCP109C_dP25.0_02-25_11cores.xlsx,feldspar,feldspar
1022,800,75,0,32.95030579603326,2.519857209968023,-529.0745624008918,-453.5248704628496,70.39993657740497,39.34500203693214,1.307625910932128,2.87939080423063e-05,1.811009893808965e-06,-3.859694995035357e-09,1.24625974711475e-11,3.717673181310762e-11,Success,66.18827191880537,0,19.35939177524146,0,0,0,0,0,0,0,0.5276965577081497,5.913623743663978,8.011016004581029,0,0,0,0,0,0,KCP109C,/Users/lopezama/PycharmProjects/sci-cluster/review_outputs/rmelts_parity_audit_v2/2026-02-26/kcp109c_phase7_parity_20260225_222731/runs/kcp109c_phase7_parity_liam_exact/runs/20260225_222731/parallel-results/Parallel_MELTS_KCP109C_dP25.0_02-25_11cores.xlsx,feldspar,feldspar
1023,799,75,0,34.35148045594472,2.519770896099711,-551.4393649058027,-472.7991965916923,73.34810270401563,41.0136966954404,1.363277927732101,2.878571092091372e-05,1.810946705341695e-06,-4.233254423287397e-09,1.299400624907342e-11,3.937934275083927e-11,Success,66.18747180876765,0,19.35187287237429,0,0,0,0,0,0,0,0.5216800790408266,5.892123108159507,8.046852131657715,0,0,0,0,0,0,KCP109C,/Users/lopezama/PycharmProjects/sci-cluster/review_outputs/rmelts_parity_audit_v2/2026-02-26/kcp109c_phase7_parity_20260225_222731/runs/kcp109c_phase7_parity_liam_exact/runs/20260225_222731/parallel-results/Parallel_MELTS_KCP109C_dP25.0_02-25_11cores.xlsx,feldspar,feldspar
1025,902,50,0,0.1824380029930796,2.582170951875956,-3.039743274352672,-2.557619375564237,0.4102658373726205,0.2220872911143129,0.007065295303571504,2.88280432609899e-05,1.737981301643621e-06,3.070614583609672e-11,6.156775074560449e-14,5.264057713888281e-14,Success,62.10199700776641,0,23.73503083055172,0,0,0,0,0,0,0,5.091112034411116,8.280075492137527,0.7917846351332256,0,0,0,0,0,0,KCP109C,/Users/lopezama/PycharmProjects/sci-cluster/review_outputs/rmelts_parity_audit_v2/2026-02-26/kcp109c_phase7_parity_20260225_222731/runs/kcp109c_phase7_parity_liam_exact/runs/20260225_222731/parallel-results/Parallel_MELTS_KCP109C_dP25.0_02-25_11cores.xlsx,feldspar,feldspar
1026,901,50,0,0.3861679109793636,2.581762171273199,-6.433132702198771,-5.41380057442442,0.8681447240764392,0.4700782969326903,0.01495753231169719,2.885462862783464e-05,1.739451346330694e-06,6.432637860897448e-11,1.304528473309085e-13,1.133995239410669e-13,Success,62.16159151076378,0,23.69287785387822,0,0,0,0,0,0,0,5.042429950194264,8.302367525083776,0.8007331600799541,0,0,0,0,0,0,KCP109C,/Users/lopezama/PycharmProjects/sci-cluster/review_outputs/rmelts_parity_audit_v2/2026-02-26/kcp109c_phase7_parity_20260225_222731/runs/kcp109c_phase7_parity_liam_exact/runs/20260225_222731/parallel-results/Parallel_MELTS_KCP109C_dP25.0_02-25_11cores.xlsx,feldspar,feldspar
1027,900,50,0,0.5910206081878373,2.581355515736015,-9.844044062020384,-8.285793822353877,1.328261722428084,0.7194193411965024,0.02289574623041883,2.88810155362247e-05,1.740911234865406e-06,9.740956940613262e-11,1.998555665673982e-13,1.766273538403922e-13,Success,62.22080242764214,0,23.65095845139627,0,0,0,0,0,0,0,4.994030070909162,8.324417085000421,0.8097919650519905,0,0,0,0,0,0,KCP109C,/Users/lopezama/PycharmProjects/sci-cluster/review_outputs/rmelts_parity_audit_v2/2026-02-26/kcp109c_phase7_parity_20260225_222731/runs/kcp109c_phase7_parity_liam_exact/runs/20260225_222731/parallel-results/Parallel_MELTS_KCP109C_dP25.0_02-25_11cores.xlsx,feldspar,feldspar
1028,899,50,0,0.7970033998474766,2.580951041723929,-13.27258667750166,-11.17370159158049,1.790628405853494,0.9701189290028943,0.03088022155256086,2.89072031193682e-05,1.742360850669486e-06,1.299343098901315e-10,2.697781847625226e-13,2.423966895297447e-13,Success,62.27962404842831,0,23.60927774657227,0,0,0,0,0,0,0,4.945917955801112,8.34622488029406,0.8189553689042498,0,0,0,0,0,0,KCP109C,/Users/lopezama/PycharmProjects/sci-cluster/review_outputs/rmelts_parity_audit_v2/2026-02-26/kcp109c_phase7_parity_20260225_222731/runs/kcp109c_phase7_parity_liam_exact/runs/20260225_222731/parallel-results/Parallel_MELTS_KCP109C_dP25.0_02-25_11cores.xlsx,feldspar,feldspar
1029,898,50,0,1.004123590150641,2.580548836526793,-16.7188701006795,-14.07762673352537,2.255256258510123,1.222185575726366,0.03891124151334059,2.893318940266208e-05,1.743800010835512e-06,1.618785521031773e-10,3.402229077548713e-13,3.107821227211568e-13,Success,62.33804766252253,0,23.56784329305822,0,0,0,0,0,0,0,4.898101869192833,8.367791303988314,0.8282158712381197,0,0,0,0,0,0,KCP109C,/Users/lopezama/PycharmProjects/sci-cluster/review_outputs/rmelts_parity_audit_v2/2026-02-26/kcp109c_phase7_parity_20260225_222731/runs/kcp109c_phase7_parity_liam_exact/runs/20260225_222731/parallel-results/Parallel_MELTS_KCP109C_dP25.0_02-25_11cores.xlsx,feldspar,feldspar
1030,897,50,0,1.212379761224419,2.580148924688619,-20.18285782653552,-16.9975491090251,2.722137091407449,1.475617112032215,0.04698875129352205,2.895896617873745e-05,1.745228436133411e-06,1.932183722826652e-10,4.111889700327441e-13,3.81856984238787e-13,Success,62.39606272673813,0,23.52665966149941,0,0,0,0,0,0,0,4.85058804200149,8.3891048418861,0.8375847278748421,0,0,0,0,0,0,KCP109C,/Users/lopezama/PycharmProjects/sci-cluster/review_outputs/rmelts_parity_audit_v2/2026-02-26/kcp109c_phase7_parity_20260225_222731/runs/kcp109c_phase7_parity_liam_exact/runs/20260225_222731/parallel-results/Parallel_MELTS_KCP109C_dP25.0_02-25_11cores.xlsx,feldspar,feldspar
1031,896,50,0,1.421774192346549,2.579751384854115,-23.66457558231906,-19.93350114264732,3.191270957252486,1.730415908177334,0.05511283764373093,2.898453071907868e-05,1.746645933917442e-06,2.239297650049049e-10,4.826767645653662e-13,4.556978326335366e-13,Success,62.45366038075141,0,23.48573394775384,0,0,0,0,0,0,0,4.803384395800792,8.41016435278695,0.8470569229070108,0,0,0,0,0,0,KCP109C,/Users/lopezama/PycharmProjects/sci-cluster/review_outputs/rmelts_parity_audit_v2/2026-02-26/kcp109c_phase7_parity_20260225_222731/runs/kcp109c_phase7_parity_liam_exact/runs/20260225_222731/parallel-results/Parallel_MELTS_KCP109C_dP25.0_02-25_11cores.xlsx,feldspar,feldspar
1032,895,50,0,1.632307252009949,2.579356277714298,-27.16401711428763,-22.88548836758325,3.662653551944861,1.986581987214079,0.06328351248383654,2.90098788640636e-05,1.748052294097943e-06,2.539878487949128e-10,5.546859861069829e-13,5.323823723208228e-13,Success,62.51083157939373,0,23.44507229160376,0,0,0,0,0,0,0,4.756498106522834,8.430965776312457,0.8566322461672143,0,0,0,0,0,0,KCP109C,/Users/lopezama/PycharmProjects/sci-cluster/review_outputs/rmelts_parity_audit_v2/2026-02-26/kcp109c_phase7_parity_20260225_222731/runs/kcp109c_phase7_parity_liam_exact/runs/20260225_222731/parallel-results/Parallel_MELTS_KCP109C_dP25.0_02-25_11cores.xlsx,feldspar,feldspar
1033,894,50,0,1.843974806456938,2.578963649572538,-30.68110095424181,-25.85345294696884,4.136270408493315,2.244109861435225,0.07150061253335524,2.903500535531869e-05,1.749447293288487e-06,2.833664954875876e-10,6.272147541793744e-13,6.119885048946169e-13,Success,62.56756715275687,0,23.40468008467895,0,0,0,0,0,0,0,4.709935761972319,8.451502812125181,0.8663141884666925,0,0,0,0,0,0,KCP109C,/Users/lopezama/PycharmProjects/sci-cluster/review_outputs/rmelts_parity_audit_v2/2026-02-26/kcp109c_phase7_parity_20260225_222731/runs/kcp109c_phase7_parity_liam_exact/runs/20260225_222731/parallel-results/Parallel_MELTS_KCP109C_dP25.0_02-25_11cores.xlsx,feldspar,feldspar
1034,893,50,0,2.056779906755544,2.578573613449801,-34.21586644287071,-28.83743909061435,4.612123099306571,2.503002857455539,0.07976425012756708,2.905990808899435e-05,1.75083071816119e-06,3.120399244327723e-10,7.002634784879086e-13,6.945988723004807e-13,Success,62.62385669206827,0,23.36456660032431,0,0,0,0,0,0,0,4.66370744147831,8.4717765777829,0.8760926883462191,0,0,0,0,0,0,KCP109C,/Users/lopezama/PycharmProjects/sci-cluster/review_outputs/rmelts_parity_audit_v2/2026-02-26/kcp109c_phase7_parity_20260225_222731/runs/kcp109c_phase7_parity_liam_exact/runs/20260225_222731/parallel-results/Parallel_MELTS_KCP109C_dP25.0_02-25_11cores.xlsx,feldspar,feldspar
1035,892,50,0,2.270709684962182,2.578186144130625,-37.76808575574206,-31.837265442775,5.090177499006181,2.76324477305852,0.08807392321658274,2.908458021631223e-05,1.752202385281897e-06,3.399796000658172e-10,7.738272731765089e-13,7.802916672778476e-13,Success,62.67969406593703,0,23.32473257499403,0,0,0,0,0,0,0,4.617815183287391,8.491775338070441,0.8859828377110968,0,0,0,0,0,0,KCP109C,/Users/lopezama/PycharmProjects/sci-cluster/review_outputs/rmelts_parity_audit_v2/2026-02-26/kcp109c_phase7_parity_20260225_222731/runs/kcp109c_phase7_parity_liam_exact/runs/20260225_222731/parallel-results/Parallel_MELTS_KCP109C_dP25.0_02-25_11cores.xlsx,feldspar,feldspar
1036,891,50,0,2.485765102608589,2.577801371067102,-41.33776390272634,-34.85294737932863,5.570430377011306,3.02483639233534,0.09642966019447752,2.910901971134862e-05,1.753562065535077e-06,3.671581725225619e-10,8.479056710212886e-13,8.691526641132177e-13,Success,62.73506791911489,0,23.28518837038475,0,0,0,0,0,0,0,4.572270185475277,8.511500954960574,0.8959725700645041,0,0,0,0,0,0,KCP109C,/Users/lopezama/PycharmProjects/sci-cluster/review_outputs/rmelts_parity_audit_v2/2026-02-26/kcp109c_phase7_parity_20260225_222731/runs/kcp109c_phase7_parity_liam_exact/runs/20260225_222731/parallel-results/Parallel_MELTS_KCP109C_dP25.0_02-25_11cores.xlsx,feldspar,feldspar
1037,890,50,0,2.701934931640401,2.577419362883964,-44.92470208018256,-37.88432827571183,6.052851140842308,3.287763579212414,0.104831017045558,2.913322154672885e-05,1.754909517944303e-06,3.93546015172262e-10,9.224940531695822e-13,9.612647900931917e-13,Success,62.78996791570839,0,23.24594081377116,0,0,0,0,0,0,0,4.527080492332873,8.530948293985611,0.9060624842019569,0,0,0,0,0,0,KCP109C,/Users/lopezama/PycharmProjects/sci-cluster/review_outputs/rmelts_parity_audit_v2/2026-02-26/kcp109c_phase7_parity_20260225_222731/runs/kcp109c_phase7_parity_liam_exact/runs/20260225_222731/parallel-results/Parallel_MELTS_KCP109C_dP25.0_02-25_11cores.xlsx,feldspar,feldspar
1038,889,50,0,2.919222785805683,2.577040082358409,-48.52894733741637,-40.9314584539791,6.537442570612463,3.552030237992068,0.1132781288808718,2.915718455674404e-05,1.756244731602282e-06,4.191149502587239e-10,9.975930109973542e-13,1.056718209202609e-12,Success,62.84439410011834,0,23.2069883005903,0,0,0,0,0,0,0,4.482244769719065,8.550113246375854,0.9162595831964345,0,0,0,0,0,0,KCP109C,/Users/lopezama/PycharmProjects/sci-cluster/review_outputs/rmelts_parity_audit_v2/2026-02-26/kcp109c_phase7_parity_20260225_222731/runs/kcp109c_phase7_parity_liam_exact/runs/20260225_222731/parallel-results/Parallel_MELTS_KCP109C_dP25.0_02-25_11cores.xlsx,feldspar,feldspar
1039,888,50,0,3.137583046143334,2.576663804045182,-52.14973170711508,-43.99370183501132,7.024096690439444,3.817580418846631,0.1217692056378309,2.918089794734771e-05,1.757567068348717e-06,4.438293381472773e-10,1.07318559501607e-12,1.155587060441962e-12,Success,62.89831763528907,0,23.16835353722673,0,0,0,0,0,0,0,4.437788479310321,8.568991080496113,0.9265492676777756,0,0,0,0,0,0,KCP109C,/Users/lopezama/PycharmProjects/sci-cluster/review_outputs/rmelts_parity_audit_v2/2026-02-26/kcp109c_phase7_parity_20260225_222731/runs/kcp109c_phase7_parity_liam_exact/runs/20260225_222731/parallel-results/Parallel_MELTS_KCP109C_dP25.0_02-25_11cores.xlsx,feldspar,feldspar
1040,887,50,0,3.357053017406996,2.576290344496923,-55.78766142223797,-47.07157985764375,7.512891923108412,4.084459031699968,0.1303056941768159,2.920436746911128e-05,1.758876879482476e-06,4.676642634778184e-10,1.149284094990653e-12,1.257978134450797e-12,Success,62.95175442787998,0,23.1300228321256,0,0,0,0,0,0,0,4.393696613863085,8.587581347089616,0.9369447790417216,0,0,0,0,0,0,KCP109C,/Users/lopezama/PycharmProjects/sci-cluster/review_outputs/rmelts_parity_audit_v2/2026-02-26/kcp109c_phase7_parity_20260225_222731/runs/kcp109c_phase7_parity_liam_exact/runs/20260225_222731/parallel-results/Parallel_MELTS_KCP109C_dP25.0_02-25_11cores.xlsx,feldspar,feldspar
1041,886,50,0,3.577596543124946,2.575919918176913,-59.44212587895575,-50.16458889176686,8.003741523693126,4.352621643657899,0.1388861710288324,2.92275848914551e-05,1.76017366951415e-06,4.905840788470743e-10,1.225874741691365e-12,1.363973018732043e-12,Success,63.00468193275989,0,23.09201393286839,0,0,0,0,0,0,0,4.349989075868173,8.605880335050882,0.9474347234526744,0,0,0,0,0,0,KCP109C,/Users/lopezama/PycharmProjects/sci-cluster/review_outputs/rmelts_parity_audit_v2/2026-02-26/kcp109c_phase7_parity_20260225_222731/runs/kcp109c_phase7_parity_liam_exact/runs/20260225_222731/parallel-results/Parallel_MELTS_KCP109C_dP25.0_02-25_11cores.xlsx,feldspar,feldspar
1042,885,50,0,3.799199698064569,2.575552452862815,-63.11287991373076,-53.27253225386381,8.496608953820276,4.622050728111552,0.1475100883246089,2.925054790768637e-05,1.761457435460406e-06,5.125557034599678e-10,1.302951955859549e-12,1.473662630537418e-12,Success,63.05710128111687,0,23.05432310545996,0,0,0,0,0,0,0,4.30666252079627,8.623880773856232,0.9580323187706606,0,0,0,0,0,0,KCP109C,/Users/lopezama/PycharmProjects/sci-cluster/review_outputs/rmelts_parity_audit_v2/2026-02-26/kcp109c_phase7_parity_20260225_222731/runs/kcp109c_phase7_parity_liam_exact/runs/20260225_222731/parallel-results/Parallel_MELTS_KCP109C_dP25.0_02-25_11cores.xlsx,feldspar,feldspar
1043,884,50,0,4.021823651091619,2.575188193924523,-66.7992706185534,-56.39487039099891,8.991401484297175,4.892698666613112,0.1561759121364431,2.927324983630046e-05,1.76272769322718e-06,5.335419849717182e-10,1.380500711519112e-12,1.58713107722416e-12,Success,63.1089895543092,0,23.01696969652865,0,0,0,0,0,0,0,4.2637382575211,8.641582313141068,0.9687201784999709,0,0,0,0,0,0,KCP109C,/Users/lopezama/PycharmProjects/sci-cluster/review_outputs/rmelts_parity_audit_v2/2026-02-26/kcp109c_phase7_parity_20260225_222731/runs/kcp109c_phase7_parity_liam_exact/runs/20260225_222731/parallel-results/Parallel_MELTS_KCP109C_dP25.0_02-25_11cores.xlsx,feldspar,feldspar
1044,883,50,0,4.245504893944833,2.574827039657482,-70.50189171453664,-59.53211453187172,9.488195461371728,5.164609398672205,0.1648850516386372,2.929569443718897e-05,1.763984645060854e-06,5.535147900188651e-10,1.458532680825357e-12,1.704494241138553e-12,Success,63.16035560958741,0,22.9799461962022,0,0,0,0,0,0,0,4.221208023620015,8.658985001562726,0.9795051690276315,0,0,0,0,0,0,KCP109C,/Users/lopezama/PycharmProjects/sci-cluster/review_outputs/rmelts_parity_audit_v2/2026-02-26/kcp109c_phase7_parity_20260225_222731/runs/kcp109c_phase7_parity_liam_exact/runs/20260225_222731/parallel-results/Parallel_MELTS_KCP109C_dP25.0_02-25_11cores.xlsx,feldspar,feldspar
1045,882,50,0,4.470198287129004,2.57446906851171,-74.21998236515645,-62.6836330017002,9.986884269104657,5.437727472958919,0.1736357349095364,2.931787577828779e-05,1.765228016647093e-06,5.724349344721677e-10,1.537030965741418e-12,1.825836937399347e-12,Success,63.21118768216229,0,22.94326021716227,0,0,0,0,0,0,0,4.179080844763192,8.676082579357317,0.9903886765549289,0,0,0,0,0,0,KCP109C,/Users/lopezama/PycharmProjects/sci-cluster/review_outputs/rmelts_parity_audit_v2/2026-02-26/kcp109c_phase7_parity_20260225_222731/runs/kcp109c_phase7_parity_liam_exact/runs/20260225_222731/parallel-results/Parallel_MELTS_KCP109C_dP25.0_02-25_11cores.xlsx,feldspar,feldspar
1046,881,50,0,4.695848616894045,2.574114475591599,-77.95261815298296,-65.84865622804323,10.48733866909825,5.711985317423932,0.1824257880300687,2.933978765677024e-05,1.766457397673397e-06,5.902614022563284e-10,1.615974693786018e-12,1.951241814606577e-12,Success,63.26146654594549,0,22.9069273574645,0,0,0,0,0,0,0,4.137374075613828,8.692873096521167,1.00135892445502,0,0,0,0,0,0,KCP109C,/Users/lopezama/PycharmProjects/sci-cluster/review_outputs/rmelts_parity_audit_v2/2026-02-26/kcp109c_phase7_parity_20260225_222731/runs/kcp109c_phase7_parity_liam_exact/runs/20260225_222731/parallel-results/Parallel_MELTS_KCP109C_dP25.0_02-25_11cores.xlsx,feldspar,feldspar
1047,880,50,0,4.922479122991032,2.573763162001564,-81.70017260995522,-69.02750919839927,10.9896053519108,5.987410707561119,0.1912561029571547,2.936143247447729e-05,1.767672948652099e-06,6.069622087154734e-10,1.695370821007677e-12,2.08082572509126e-12,Success,63.31119955998353,0,22.87094066926615,0,0,0,0,0,0,0,4.096080267011903,8.709354736156717,1.012424767581698,0,0,0,0,0,0,KCP109C,/Users/lopezama/PycharmProjects/sci-cluster/review_outputs/rmelts_parity_audit_v2/2026-02-26/kcp109c_phase7_parity_20260225_222731/runs/kcp109c_phase7_parity_liam_exact/runs/20260225_222731/parallel-results/Parallel_MELTS_KCP109C_dP25.0_02-25_11cores.xlsx,feldspar,feldspar
1048,879,50,0,5.150047752265295,2.573415241228525,-85.46193907830093,-72.21960546824998,11.4935846982172,6.263952057260009,0.2001250194588382,2.93828062113591e-05,1.768874412864564e-06,6.224966139279566e-10,1.775203088774079e-12,2.214680639701542e-12,Success,63.3603747035802,0,22.835309500347,0,0,0,0,0,0,0,4.055209935813222,8.725525218146313,1.023580642113262,0,0,0,0,0,0,KCP109C,/Users/lopezama/PycharmProjects/sci-cluster/review_outputs/rmelts_parity_audit_v2/2026-02-26/kcp109c_phase7_parity_20260225_222731/runs/kcp109c_phase7_parity_liam_exact/runs/20260225_222731/parallel-results/Parallel_MELTS_KCP109C_dP25.0_02-25_11cores.xlsx,feldspar,feldspar
1049,878,50,0,5.378528144209877,2.573070762027877,-89.23747082955683,-75.42457754677149,11.99921233791021,6.541576861997403,0.2090314896731008,2.940390694979499e-05,1.770061665531321e-06,6.368251537452993e-10,1.855460752809684e-12,2.352906914638086e-12,Success,63.4089860212184,0,22.80003815374796,0,0,0,0,0,0,0,4.014768021697541,8.741382552147574,1.03482525118852,0,0,0,0,0,0,KCP109C,/Users/lopezama/PycharmProjects/sci-cluster/review_outputs/rmelts_parity_audit_v2/2026-02-26/kcp109c_phase7_parity_20260225_222731/runs/kcp109c_phase7_parity_liam_exact/runs/20260225_222731/parallel-results/Parallel_MELTS_KCP109C_dP25.0_02-25_11cores.xlsx,feldspar,feldspar
1050,877,50,0,5.607910459055615,2.57272974414192,-93.02659510584098,-78.64228912964818,12.5064608757056,6.820272717208975,0.2179751088051425,2.942473392731246e-05,1.771234646819076e-06,6.499095375842869e-10,1.936138801986121e-12,2.495614332265482e-12,Success,63.45703047773791,0,22.76512861103165,0,0,0,0,0,0,0,3.974756867681551,8.756925169354718,1.046158874194185,0,0,0,0,0,0,KCP109C,/Users/lopezama/PycharmProjects/sci-cluster/review_outputs/rmelts_parity_audit_v2/2026-02-26/kcp109c_phase7_parity_20260225_222731/runs/kcp109c_phase7_parity_liam_exact/runs/20260225_222731/parallel-results/Parallel_MELTS_KCP109C_dP25.0_02-25_11cores.xlsx,feldspar,feldspar
1051,876,50,0,5.838122704058756,2.572392320610299,-96.82811096026313,-81.8717351873315,13.01516405424151,7.099951685977466,0.2269530451200253,2.944528332165077e-05,1.772393086953553e-06,6.617036922205435e-10,2.017210240438801e-12,2.642887119905058e-12,Success,63.50449511538294,0,22.73059135360105,0,0,0,0,0,0,0,3.935188144520048,8.772151673771242,1.05757371272471,0,0,0,0,0,0,KCP109C,/Users/lopezama/PycharmProjects/sci-cluster/review_outputs/rmelts_parity_audit_v2/2026-02-26/kcp109c_phase7_parity_20260225_222731/runs/kcp109c_phase7_parity_liam_exact/runs/20260225_222731/parallel-results/Parallel_MELTS_KCP109C_dP25.0_02-25_11cores.xlsx,feldspar,feldspar
1052,875,50,0,6.069188128391338,2.572058430139126,-100.6423935733848,-85.11324163856816,13.52536857972968,7.380641590277554,0.2359661840210624,2.94655566753566e-05,1.773537080664164e-06,6.721716411892651e-10,2.098681641569526e-12,2.79485394958938e-12,Success,63.55138414070296,0,22.69642217897348,0,0,0,0,0,0,0,3.896057403589152,8.787060421106952,1.069075855627454,0,0,0,0,0,0,KCP109C,/Users/lopezama/PycharmProjects/sci-cluster/review_outputs/rmelts_parity_audit_v2/2026-02-26/kcp109c_phase7_parity_20260225_222731/runs/kcp109c_phase7_parity_liam_exact/runs/20260225_222731/parallel-results/Parallel_MELTS_KCP109C_dP25.0_02-25_11cores.xlsx,feldspar,feldspar
1053,874,50,0,6.301038753800546,2.571728192688883,-104.4683096962169,-88.36585995136979,14.03691735592306,7.662259422097327,0.2450118473528287,2.948555123412437e-05,1.774666404051799e-06,6.812664042892535e-10,2.180527257029344e-12,2.951604791964048e-12,Success,63.59768647611443,0,22.6626303024921,0,0,0,0,0,0,0,3.857374832422487,8.801650886083356,1.080657502887628,0,0,0,0,0,0,KCP109C,/Users/lopezama/PycharmProjects/sci-cluster/review_outputs/rmelts_parity_audit_v2/2026-02-26/kcp109c_phase7_parity_20260225_222731/runs/kcp109c_phase7_parity_liam_exact/runs/20260225_222731/parallel-results/Parallel_MELTS_KCP109C_dP25.0_02-25_11cores.xlsx,feldspar,feldspar
1054,873,50,0,6.533668201132072,2.571401596938158,-108.3057448744702,-91.62950191716514,14.54979100231649,7.944797015774768,0.2540897621325234,2.950526730773568e-05,1.775781062835112e-06,6.889471154170307e-10,2.262743093551577e-12,3.113259542120642e-12,Success,63.64340207487218,0,22.62921520577691,0,0,0,0,0,0,0,3.819140014258507,8.815921605131496,1.092321099960895,0,0,0,0,0,0,KCP109C,/Users/lopezama/PycharmProjects/sci-cluster/review_outputs/rmelts_parity_audit_v2/2026-02-26/kcp109c_phase7_parity_20260225_222731/runs/kcp109c_phase7_parity_liam_exact/runs/20260225_222731/parallel-results/Parallel_MELTS_KCP109C_dP25.0_02-25_11cores.xlsx,feldspar,feldspar
1055,872,50,0,6.767021714168474,2.571078721991008,-112.1537856312203,-94.90340381489881,15.063862215711,8.22818747530134,0.2631977642803635,2.952470371974255e-05,1.776880923450285e-06,6.951669038404833e-10,2.345307950202219e-12,3.279918028325727e-12,Success,63.68852393447668,0,22.59618282498275,0,0,0,0,0,0,0,3.781359480409678,8.829872536861906,1.104061223268989,0,0,0,0,0,0,KCP109C,/Users/lopezama/PycharmProjects/sci-cluster/review_outputs/rmelts_parity_audit_v2/2026-02-26/kcp109c_phase7_parity_20260225_222731/runs/kcp109c_phase7_parity_liam_exact/runs/20260225_222731/parallel-results/Parallel_MELTS_KCP109C_dP25.0_02-25_11cores.xlsx,feldspar,feldspar
1056,871,50,0,7.001078564226159,2.570759579256908,-116.0120812310695,-98.18727713074087,15.57907975381607,8.512405244087523,0.272335018051352,2.954386065410125e-05,1.777965964079376e-06,6.998818094645887e-10,2.42821262503336e-12,3.451697969047068e-12,Success,63.73305051596489,0,22.56353414972035,0,0,0,0,0,0,0,3.744034406407972,8.843502846141014,1.115878081765772,0,0,0,0,0,0,KCP109C,/Users/lopezama/PycharmProjects/sci-cluster/review_outputs/rmelts_parity_audit_v2/2026-02-26/kcp109c_phase7_parity_20260225_222731/runs/kcp109c_phase7_parity_liam_exact/runs/20260225_222731/parallel-results/Parallel_MELTS_KCP109C_dP25.0_02-25_11cores.xlsx,feldspar,feldspar
1057,870,50,0,7.235797065548546,2.570444212977045,-119.8799351905224,-101.4805407187121,16.09534573049062,8.797399343620054,0.2814998679612722,2.956273802426663e-05,1.779036120384762e-06,7.030448877597767e-10,2.511440432194762e-12,3.628709456191218e-12,Success,63.77697802989386,0,22.53127240730328,0,0,0,0,0,0,0,3.707168339027486,8.856812549720361,1.127768674055011,0,0,0,0,0,0,KCP109C,/Users/lopezama/PycharmProjects/sci-cluster/review_outputs/rmelts_parity_audit_v2/2026-02-26/kcp109c_phase7_parity_20260225_222731/runs/kcp109c_phase7_parity_liam_exact/runs/20260225_222731/parallel-results/Parallel_MELTS_KCP109C_dP25.0_02-25_11cores.xlsx,feldspar,feldspar
1058,869,50,0,7.471140661826428,2.570132654429579,-123.7567363022354,-104.7826851022777,16.61257383002028,9.083125048013017,0.2906908578804306,2.958133615315882e-05,1.780091353844885e-06,7.046089749894656e-10,2.594976444668953e-12,3.811067149016998e-12,Success,63.82030388516333,0,22.49939981292105,0,0,0,0,0,0,0,3.67076371041504,8.869801681227212,1.139730910273357,0,0,0,0,0,0,KCP109C,/Users/lopezama/PycharmProjects/sci-cluster/review_outputs/rmelts_parity_audit_v2/2026-02-26/kcp109c_phase7_parity_20260225_222731/runs/kcp109c_phase7_parity_liam_exact/runs/20260225_222731/parallel-results/Parallel_MELTS_KCP109C_dP25.0_02-25_11cores.xlsx,feldspar,feldspar
1059,868,50,0,7.70705643231802,2.569824953800063,-127.6416038635051,-108.0929723829453,17.13064144114249,9.369517809458088,0.2999058912912105,2.959965566732359e-05,1.78113161509232e-06,7.04524516808037e-10,2.678799877717127e-12,3.998879869519483e-12,Success,63.86302466077685,0,22.46791970140923,0,0,0,0,0,0,0,3.634824070080234,8.88247136061673,1.151760207116955,0,0,0,0,0,0,KCP109C,/Users/lopezama/PycharmProjects/sci-cluster/review_outputs/rmelts_parity_audit_v2/2026-02-26/kcp109c_phase7_parity_20260225_222731/runs/kcp109c_phase7_parity_liam_exact/runs/20260225_222731/parallel-results/Parallel_MELTS_KCP109C_dP25.0_02-25_11cores.xlsx,feldspar,feldspar
1060,867,50,0,7.943545779634347,2.569521077315712,-131.5345539402388,-111.4114228986382,17.64954702591822,9.656578993713264,0.3091449939742347,2.961769748437478e-05,1.782156951223175e-06,7.027464691700545e-10,2.762909183469428e-12,4.192285498137858e-12,Success,63.90514228047197,0,22.43682978574396,0,0,0,0,0,0,0,3.59934708233084,8.894819878379588,1.163860973073627,0,0,0,0,0,0,KCP109C,/Users/lopezama/PycharmProjects/sci-cluster/review_outputs/rmelts_parity_audit_v2/2026-02-26/kcp109c_phase7_parity_20260225_222731/runs/kcp109c_phase7_parity_liam_exact/runs/20260225_222731/parallel-results/Parallel_MELTS_KCP109C_dP25.0_02-25_11cores.xlsx,feldspar,feldspar
1061,866,50,0,8.180529466244854,2.569221104639851,-135.4342727138267,-114.7369314186124,18.16910968284625,9.944212192071122,0.3184050392343163,2.963546279286184e-05,1.783167298449327e-06,6.992211035500066e-10,2.847274138795719e-12,4.391384381104244e-12,Success,63.94665211643225,0,22.40613511015501,0,0,0,0,0,0,0,3.564337988536784,8.906850147190715,1.176024637685256,0,0,0,0,0,0,KCP109C,/Users/lopezama/PycharmProjects/sci-cluster/review_outputs/rmelts_parity_audit_v2/2026-02-26/kcp109c_phase7_parity_20260225_222731/runs/kcp109c_phase7_parity_liam_exact/runs/20260225_222731/parallel-results/Parallel_MELTS_KCP109C_dP25.0_02-25_11cores.xlsx,feldspar,feldspar
1062,865,50,0,8.417979925675056,2.568925041561142,-139.3402995833857,-118.0691141360722,18.68926367114478,10.23238370016488,0.3276849183796904,2.965295292216383e-05,1.784162674466607e-06,6.938989087215247e-10,2.93188278818128e-12,4.596304727663972e-12,Success,63.98755412802171,0,22.37583580739319,0,0,0,0,0,0,0,3.529796907700622,8.918562424595363,1.188250732289114,0,0,0,0,0,0,KCP109C,/Users/lopezama/PycharmProjects/sci-cluster/review_outputs/rmelts_parity_audit_v2/2026-02-26/kcp109c_phase7_parity_20260225_222731/runs/kcp109c_phase7_parity_liam_exact/runs/20260225_222731/parallel-results/Parallel_MELTS_KCP109C_dP25.0_02-25_11cores.xlsx,feldspar,feldspar
1063,864,50,0,8.655854069731799,2.568632907086861,-143.2519183354368,-121.4073704443754,19.20990888718402,10.52104102191143,0.3369829159258331,2.967016965325589e-05,1.785143096160041e-06,6.867280142507433e-10,3.016717649142946e-12,4.807169417084285e-12,Success,64.02784792855444,0,22.34593271243518,0,0,0,0,0,0,0,3.495724618913773,8.929958038302855,1.200536701793752,0,0,0,0,0,0,KCP109C,/Users/lopezama/PycharmProjects/sci-cluster/review_outputs/rmelts_parity_audit_v2/2026-02-26/kcp109c_phase7_parity_20260225_222731/runs/kcp109c_phase7_parity_liam_exact/runs/20260225_222731/parallel-results/Parallel_MELTS_KCP109C_dP25.0_02-25_11cores.xlsx,feldspar,feldspar
1064,863,50,0,8.894125294686148,2.568344692856472,-147.1686847499269,-124.7513295346434,19.73098201406811,10.81015166058433,0.34629796068355,2.968711469837925e-05,1.786108606533007e-06,6.776571595661726e-10,3.101767080659202e-12,5.024112285101954e-12,Success,64.06753469593221,0,22.31642488931992,0,0,0,0,0,0,0,3.462120075153789,8.941037159354009,1.212883180240073,0,0,0,0,0,0,KCP109C,/Users/lopezama/PycharmProjects/sci-cluster/review_outputs/rmelts_parity_audit_v2/2026-02-26/kcp109c_phase7_parity_20260225_222731/runs/kcp109c_phase7_parity_liam_exact/runs/20260225_222731/parallel-results/Parallel_MELTS_KCP109C_dP25.0_02-25_11cores.xlsx,feldspar,feldspar
1065,862,50,0,9.132705558604476,2.568060466639991,-151.0891433786136,-128.0997637881956,20.25228347832274,11.0996087426627,0.3556265780047446,2.970379140577738e-05,1.787059217494679e-06,6.666287295634666e-10,3.186997527629671e-12,5.247237671817328e-12,Success,64.10661269073037,0,22.28731578721499,0,0,0,0,0,0,0,3.428986527886854,8.951804955634518,1.225280038533253,0,0,0,0,0,0,KCP109C,/Users/lopezama/PycharmProjects/sci-cluster/review_outputs/rmelts_parity_audit_v2/2026-02-26/kcp109c_phase7_parity_20260225_222731/runs/kcp109c_phase7_parity_liam_exact/runs/20260225_222731/parallel-results/Parallel_MELTS_KCP109C_dP25.0_02-25_11cores.xlsx,feldspar,feldspar
1066,861,50,0,9.371606981854761,2.56778017659803,-155.01348930079,-131.4528429283046,20.77383624078413,11.38942675675705,0.3649692083171584,2.972020080278933e-05,1.787994996531139e-06,6.535930531160849e-10,3.27241099074142e-12,5.476704818438608e-12,Success,64.14508499546493,0,22.25860184650006,0,0,0,0,0,0,0,3.39632032113273,8.962258963273008,1.237733873629278,0,0,0,0,0,0,KCP109C,/Users/lopezama/PycharmProjects/sci-cluster/review_outputs/rmelts_parity_audit_v2/2026-02-26/kcp109c_phase7_parity_20260225_222731/runs/kcp109c_phase7_parity_liam_exact/runs/20260225_222731/parallel-results/Parallel_MELTS_KCP109C_dP25.0_02-25_11cores.xlsx,feldspar,feldspar
1067,860,50,0,9.610758225767123,2.567503858648681,-158.9405432966558,-134.8095721671933,21.29547820629443,11.67951913993117,0.3743230294822388,2.973634646879613e-05,1.788915994625214e-06,6.384921557117217e-10,3.357979811313323e-12,5.712631868714275e-12,Success,64.18295199274615,0,22.2302843437512,0,0,0,0,0,0,0,3.364122418803621,8.972403382719897,1.250237861979114,0,0,0,0,0,0,KCP109C,/Users/lopezama/PycharmProjects/sci-cluster/review_outputs/rmelts_parity_audit_v2/2026-02-26/kcp109c_phase7_parity_20260225_222731/runs/kcp109c_phase7_parity_liam_exact/runs/20260225_222731/parallel-results/Parallel_MELTS_KCP109C_dP25.0_02-25_11cores.xlsx,feldspar,feldspar
1068,859,50,0,9.850115974218731,2.567231521929232,-162.869588793127,-138.1693480973066,21.81710965492242,11.9698333303662,0.3836863130605584,2.975223142207291e-05,1.789822273811234e-06,6.212695543032453e-10,3.443686201162288e-12,5.955154406955931e-12,Success,64.22021509942236,0,22.20236298663434,0,0,0,0,0,0,0,3.332392249121504,8.98224060543113,1.262789059390648,0,0,0,0,0,0,KCP109C,/Users/lopezama/PycharmProjects/sci-cluster/review_outputs/rmelts_parity_audit_v2/2026-02-26/kcp109c_phase7_parity_20260225_222731/runs/kcp109c_phase7_parity_liam_exact/runs/20260225_222731/parallel-results/Parallel_MELTS_KCP109C_dP25.0_02-25_11cores.xlsx,feldspar,feldspar
1069,858,50,0,10.08963571196975,2.566963151802645,-166.7998890579871,-141.5315494591775,22.33862847439293,12.26031532115273,0.3930572865794478,2.976785917875834e-05,1.790713934330208e-06,6.018677347635919e-10,3.529512060868052e-12,6.204409809245855e-12,Success,64.25687762789444,0,22.17483577906373,0,0,0,0,0,0,0,3.301127392398152,8.991772780078493,1.2753864205652,0,0,0,0,0,0,KCP109C,/Users/lopezama/PycharmProjects/sci-cluster/review_outputs/rmelts_parity_audit_v2/2026-02-26/kcp109c_phase7_parity_20260225_222731/runs/kcp109c_phase7_parity_liam_exact/runs/20260225_222731/parallel-results/Parallel_MELTS_KCP109C_dP25.0_02-25_11cores.xlsx,feldspar,feldspar
1070,857,50,0,10.32929024094935,2.566698745009874,-170.7309941541179,-144.8957979535878,22.85997097777298,12.55093214615106,0.4024348498642996,2.978323234737774e-05,1.791591037989129e-06,5.802294175631785e-10,3.615445229543551e-12,6.460548358660781e-12,Success,64.29294129799729,0,22.14770175204111,0,0,0,0,0,0,0,3.270326647903461,9.001001199000372,1.288029103057746,0,0,0,0,0,0,KCP109C,/Users/lopezama/PycharmProjects/sci-cluster/review_outputs/rmelts_parity_audit_v2/2026-02-26/kcp109c_phase7_parity_20260225_222731/runs/kcp109c_phase7_parity_liam_exact/runs/20260225_222731/parallel-results/Parallel_MELTS_KCP109C_dP25.0_02-25_11cores.xlsx,feldspar,feldspar
1071,856,50,0,10.56902076373435,2.566438316213807,-174.6619346455913,-148.2612742672059,23.38100374475082,12.84161264982428,0.4118166681413379,2.979835536518714e-05,1.792453681155643e-06,5.562937143660245e-10,3.70146234702068e-12,6.72370592398009e-12,Success,64.32840858079524,0,22.12096046508132,0,0,0,0,0,0,0,3.23998907564838,9.009930214924669,1.300711663550394,0,0,0,0,0,0,KCP109C,/Users/lopezama/PycharmProjects/sci-cluster/review_outputs/rmelts_parity_audit_v2/2026-02-26/kcp109c_phase7_parity_20260225_222731/runs/kcp109c_phase7_parity_liam_exact/runs/20260225_222731/parallel-results/Parallel_MELTS_KCP109C_dP25.0_02-25_11cores.xlsx,feldspar,feldspar
1072,855,50,0,10.80878161278851,2.566181821680082,-178.5919554578117,-151.6273397097672,23.90162278778923,13.13230152283273,0.421200926663567,2.981323258695058e-05,1.793302016035041e-06,5.299999423782982e-10,3.787544997423203e-12,6.994027593713762e-12,Success,64.36328529750583,0,22.09460776530904,0,0,0,0,0,0,0,3.210109891178026,9.018561912636885,1.313435133370223,0,0,0,0,0,0,KCP109C,/Users/lopezama/PycharmProjects/sci-cluster/review_outputs/rmelts_parity_audit_v2/2026-02-26/kcp109c_phase7_parity_20260225_222731/runs/kcp109c_phase7_parity_liam_exact/runs/20260225_222731/parallel-results/Parallel_MELTS_KCP109C_dP25.0_02-25_11cores.xlsx,feldspar,feldspar
1073,854,50,0,11.04853964291805,2.565929289751612,-182.5205124474695,-154.9935349801557,24.42175173429787,13.4229588198989,0.4305862864984706,2.98278673898162e-05,1.794136093366326e-06,5.012867762581054e-10,3.87367861584113e-12,7.271670538245003e-12,Success,64.39757202566054,0,22.06864442214288,0,0,0,0,0,0,0,3.180689594512678,9.02689959710596,1.32619436057794,0,0,0,0,0,0,KCP109C,/Users/lopezama/PycharmProjects/sci-cluster/review_outputs/rmelts_parity_audit_v2/2026-02-26/kcp109c_phase7_parity_20260225_222731/runs/kcp109c_phase7_parity_liam_exact/runs/20260225_222731/parallel-results/Parallel_MELTS_KCP109C_dP25.0_02-25_11cores.xlsx,feldspar,feldspar
1074,853,50,0,11.28824354660668,2.565680720069356,-186.4467615246679,-158.3591453554411,24.94127440325606,13.71352261487197,0.4399707047844025,2.984226471101576e-05,1.794956037575514e-06,4.700904894245243e-10,3.959842443768078e-12,7.556784254592333e-12,Success,64.43127257764338,0,22.04306883759456,0,0,0,0,0,0,0,3.151725977735349,9.034947575386141,1.338985031640565,0,0,0,0,0,0,KCP109C,/Users/lopezama/PycharmProjects/sci-cluster/review_outputs/rmelts_parity_audit_v2/2026-02-26/kcp109c_phase7_parity_20260225_222731/runs/kcp109c_phase7_parity_liam_exact/runs/20260225_222731/parallel-results/Parallel_MELTS_KCP109C_dP25.0_02-25_11cores.xlsx,feldspar,feldspar
1075,852,50,0,11.52785376395254,2.565436035724563,-190.3700483836838,-161.7236157588827,25.46010098635832,14.00394507362992,0.4493526092026184,2.985642920732428e-05,1.795762040369409e-06,4.363474378623559e-10,4.046020364295851e-12,7.849526562432029e-12,Success,64.46439495905514,0,22.01787465125197,0,0,0,0,0,0,0,3.123211925458965,9.042707012158642,1.351811452075282,0,0,0,0,0,0,KCP109C,/Users/lopezama/PycharmProjects/sci-cluster/review_outputs/rmelts_parity_audit_v2/2026-02-26/kcp109c_phase7_parity_20260225_222731/runs/kcp109c_phase7_parity_liam_exact/runs/20260225_222731/parallel-results/Parallel_MELTS_KCP109C_dP25.0_02-25_11cores.xlsx,feldspar,feldspar
1076,851,50,0,11.76732915773387,2.565195239117469,-194.2896979489507,-165.0863739515233,25.97813814653503,14.29417669396894,0.4587303523057492,2.987036552454758e-05,1.796554213059839e-06,3.999920784974293e-10,4.132195120381583e-12,8.150059947834468e-12,Success,64.49694247501878,0,21.9930605481548,0,0,0,0,0,0,0,3.095145581628959,9.050181826026964,1.364669569170508,0,0,0,0,0,0,KCP109C,/Users/lopezama/PycharmProjects/sci-cluster/review_outputs/rmelts_parity_audit_v2/2026-02-26/kcp109c_phase7_parity_20260225_222731/runs/kcp109c_phase7_parity_liam_exact/runs/20260225_222731/parallel-results/Parallel_MELTS_KCP109C_dP25.0_02-25_11cores.xlsx,feldspar,feldspar
1077,850,50,0,12.0066220294395,2.564958371930585,-198.2049305262701,-168.4467588389611,26.49527817950316,14.58416021240525,0.4681020230516411,2.988407896694154e-05,1.797332646646136e-06,3.609567631457179e-10,4.218346822732396e-12,8.458547974985783e-12,Success,64.52891676946685,0,21.96862745915013,0,0,0,0,0,0,0,3.067527330617729,9.057378122219829,1.377550318545476,0,0,0,0,0,0,KCP109C,/Users/lopezama/PycharmProjects/sci-cluster/review_outputs/rmelts_parity_audit_v2/2026-02-26/kcp109c_phase7_parity_20260225_222731/runs/kcp109c_phase7_parity_liam_exact/runs/20260225_222731/parallel-results/Parallel_MELTS_KCP109C_dP25.0_02-25_11cores.xlsx,feldspar,feldspar
1078,849,50,0,12.38753611909511,2.564539263298655,-204.4481283611096,-173.7851276344532,27.32522454810534,15.04603298254963,0.483031642228069,2.990269825194143e-05,1.798429735412631e-06,3.222880882851849e-10,4.355851025785781e-12,8.877130070623405e-12,Success,64.57631292499434,0,21.93110793724463,0,0,0,0,0,0,0,3.025514187961435,9.064631423985071,1.402433525814535,0,0,0,0,0,0,KCP109C,/Users/lopezama/PycharmProjects/sci-cluster/review_outputs/rmelts_parity_audit_v2/2026-02-26/kcp109c_phase7_parity_20260225_222731/runs/kcp109c_phase7_parity_liam_exact/runs/20260225_222731/parallel-results/Parallel_MELTS_KCP109C_dP25.0_02-25_11cores.xlsx,feldspar,feldspar
1079,848,50,0,13.04660090061385,2.563765945146307,-215.2610900326746,-183.0061458732355,28.76951715599082,15.84539828559774,0.508884242156096,2.99298680761275e-05,1.800117112627513e-06,2.849991578801664e-10,4.594493904004408e-12,9.509767771978586e-12,Success,64.65271639740497,0,21.86856689131905,0,0,0,0,0,0,0,2.956089627273643,9.070924740843385,1.45170234315895,0,0,0,0,0,0,KCP109C,/Users/lopezama/PycharmProjects/sci-cluster/review_outputs/rmelts_parity_audit_v2/2026-02-26/kcp109c_phase7_parity_20260225_222731/runs/kcp109c_phase7_parity_liam_exact/runs/20260225_222731/parallel-results/Parallel_MELTS_KCP109C_dP25.0_02-25_11cores.xlsx,feldspar,feldspar
1080,847,50,0,13.71771866186833,2.562990865331095,-226.2648038286874,-192.3923804865375,30.23918523603968,16.65914954484845,0.5352230804808674,2.995527573472696e-05,1.801746040326628e-06,2.4219431920763e-10,4.838029610243182e-12,1.0168249996034e-11,Success,64.72718852702674,0,21.80677755733855,0,0,0,0,0,0,0,2.887735885323948,9.074884480383846,1.503413549926916,0,0,0,0,0,0,KCP109C,/Users/lopezama/PycharmProjects/sci-cluster/review_outputs/rmelts_parity_audit_v2/2026-02-26/kcp109c_phase7_parity_20260225_222731/runs/kcp109c_phase7_parity_liam_exact/runs/20260225_222731/parallel-results/Parallel_MELTS_KCP109C_dP25.0_02-25_11cores.xlsx,feldspar,feldspar
1081,846,50,0,14.40163732038257,2.562212873390415,-237.4710579227095,-201.9539270889612,31.73580917102113,17.48816211905499,0.5620780954599526,2.997885526033954e-05,1.803315586541769e-06,1.937588163239846e-10,5.086741511923084e-12,1.085349837328792e-11,Success,64.79972437746781,0,21.74569940772451,0,0,0,0,0,0,0,2.820420678275001,9.07639336196032,1.557762174572356,0,0,0,0,0,0,KCP109C,/Users/lopezama/PycharmProjects/sci-cluster/review_outputs/rmelts_parity_audit_v2/2026-02-26/kcp109c_phase7_parity_20260225_222731/runs/kcp109c_phase7_parity_liam_exact/runs/20260225_222731/parallel-results/Parallel_MELTS_KCP109C_dP25.0_02-25_11cores.xlsx,feldspar,feldspar
1082,845,50,0,15.09929353126034,2.561430559416071,-248.8946743613344,-211.70346294522,33.26137943577729,18.33353606849633,0.589486741139784,3.000053294696682e-05,1.804824835402819e-06,1.39588633598512e-10,5.340984863382341e-12,1.156654721772715e-11,Success,64.87032614732377,0,21.68527902242296,0,0,0,0,0,0,0,2.754099421027326,9.075316199670473,1.61497920955547,0,0,0,0,0,0,KCP109C,/Users/lopezama/PycharmProjects/sci-cluster/review_outputs/rmelts_parity_audit_v2/2026-02-26/kcp109c_phase7_parity_20260225_222731/runs/kcp109c_phase7_parity_liam_exact/runs/20260225_222731/parallel-results/Parallel_MELTS_KCP109C_dP25.0_02-25_11cores.xlsx,feldspar,feldspar
1083,844,50,0,15.81180149864073,2.56064227495466,-260.5533135294951,-221.6560826310722,34.8182705083676,19.19658204819774,0.6174935739089403,3.002022773425193e-05,1.80627287347874e-06,7.958982058895373e-11,5.601183684618231e-12,1.230853606769903e-11,Success,64.93900222478307,0,21.62545147355343,0,0,0,0,0,0,0,2.688716590161923,9.071501426177342,1.675328285324232,0,0,0,0,0,0,KCP109C,/Users/lopezama/PycharmProjects/sci-cluster/review_outputs/rmelts_parity_audit_v2/2026-02-26/kcp109c_phase7_parity_20260225_222731/runs/kcp109c_phase7_parity_liam_exact/runs/20260225_222731/parallel-results/Parallel_MELTS_KCP109C_dP25.0_02-25_11cores.xlsx,feldspar,feldspar
1084,843,50,0,16.54051206865425,2.559846076168306,-272.468426027521,-231.8301084876929,36.40936929608745,20.07889183805841,0.646152603574229,3.003784826258836e-05,1.807658753985593e-06,1.368161758006484e-11,5.867853260067998e-12,1.308074596929334e-11,Success,65.00576740625775,0,21.56613804108194,0,0,0,0,0,0,0,2.624203788332986,9.064775589702922,1.739115174624404,0,0,0,0,0,0,KCP109C,/Users/lopezama/PycharmProjects/sci-cluster/review_outputs/rmelts_parity_audit_v2/2026-02-26/kcp109c_phase7_parity_20260225_222731/runs/kcp109c_phase7_parity_liam_exact/runs/20260225_222731/parallel-results/Parallel_MELTS_KCP109C_dP25.0_02-25_11cores.xlsx,feldspar,feldspar
1085,842,50,0,17.28707276830198,2.559039661848322,-284.6662148035222,-242.2479104025369,38.03820508540129,20.98240976386152,0.6755296928776794,3.00532901328298e-05,1.808981470510855e-06,-5.820045856547626e-11,6.141623389863519e-12,1.388463632432785e-11,Success,65.07064357925616,0,21.50724360671214,0,0,0,0,0,0,0,2.560477434863738,9.054938041959309,1.806697337208669,0,0,0,0,0,0,KCP109C,/Users/lopezama/PycharmProjects/sci-cluster/review_outputs/rmelts_parity_audit_v2/2026-02-26/kcp109c_phase7_parity_20260225_222731/runs/kcp109c_phase7_parity_liam_exact/runs/20260225_222731/parallel-results/Parallel_MELTS_KCP109C_dP25.0_02-25_11cores.xlsx,feldspar,feldspar
1086,841,50,0,18.05354420173343,2.558220345519696,-297.1795183399948,-252.9375106135601,39.70920228554026,21.90957193039709,0.7057071621430601,3.006642977576308e-05,1.81023979949613e-06,-1.360997061900477e-10,6.423281651090063e-12,1.472192109312262e-11,Success,65.13365505190282,0,21.44865734902159,0,0,0,0,0,0,0,2.497440429024604,9.041752350855878,1.878494819195097,0,0,0,0,0,0,KCP109C,/Users/lopezama/PycharmProjects/sci-cluster/review_outputs/rmelts_parity_audit_v2/2026-02-26/kcp109c_phase7_parity_20260225_222731/runs/kcp109c_phase7_parity_liam_exact/runs/20260225_222731/parallel-results/Parallel_MELTS_KCP109C_dP25.0_02-25_11cores.xlsx,feldspar,feldspar
1087,840,50,0,18.84242416095804,2.557384873509374,-310.048158491457,-263.9328806474298,41.4277301747538,22.86333306786727,0.7367848443985476,3.007712388370117e-05,1.811432447197452e-06,-2.200342127136084e-10,6.713786173902243e-12,1.559457242535196e-11,Success,65.19483819789568,0,21.39024218341546,0,0,0,0,0,0,0,2.4349711873867,9.024940106258141,1.955008325044022,0,0,0,0,0,0,KCP109C,/Users/lopezama/PycharmProjects/sci-cluster/review_outputs/rmelts_parity_audit_v2/2026-02-26/kcp109c_phase7_parity_20260225_222731/runs/kcp109c_phase7_parity_liam_exact/runs/20260225_222731/parallel-results/Parallel_MELTS_KCP109C_dP25.0_02-25_11cores.xlsx,feldspar,feldspar
1088,839,50,0,19.656865319351,2.556529439258418,-323.3224709351987,-275.2769508284986,43.20057555788338,23.84742730925506,0.7688886745248253,3.008519897312228e-05,1.812557726109873e-06,-3.099887974902908e-10,7.014345661260516e-12,1.650496733895982e-11,Success,65.25423004905022,0,21.33183961769975,0,0,0,0,0,0,0,2.372930311471157,9.004168226575382,2.036831795203488,0,0,0,0,0,0,KCP109C,/Users/lopezama/PycharmProjects/sci-cluster/review_outputs/rmelts_parity_audit_v2/2026-02-26/kcp109c_phase7_parity_20260225_222731/runs/kcp109c_phase7_parity_liam_exact/runs/20260225_222731/parallel-results/Parallel_MELTS_KCP109C_dP25.0_02-25_11cores.xlsx,feldspar,feldspar
1089,838,50,0,20.50084384143721,2.555649354430743,-337.0659774693589,-287.0238857641386,45.03630626397908,24.86656708325139,0.8021774898772709,3.009044127585372e-05,1.813613556272007e-06,-4.059005562534645e-10,7.326486974947918e-12,1.745597197667786e-11,Success,65.31187663806847,0,21.27325383191654,0,0,0,0,0,0,0,2.311145506795325,8.979025805887497,2.124698217332173,0,0,0,0,0,0,KCP109C,/Users/lopezama/PycharmProjects/sci-cluster/review_outputs/rmelts_parity_audit_v2/2026-02-26/kcp109c_phase7_parity_20260225_222731/runs/kcp109c_phase7_parity_liam_exact/runs/20260225_222731/parallel-results/Parallel_MELTS_KCP109C_dP25.0_02-25_11cores.xlsx,feldspar,feldspar
1090,837,50,0,21.37937394945511,2.554739113178327,-351.3588368115928,-299.242031860419,46.94573251468158,25.92669872882721,0.8368515532240487,3.009259107096982e-05,1.814597236674091e-06,-5.076519877711262e-10,7.65213604071511e-12,1.845108796324815e-11,Success,65.36782363997311,0,21.21425785364433,0,0,0,0,0,0,0,2.249418861234009,8.949019448166247,2.219480196982297,0,0,0,0,0,0,KCP109C,/Users/lopezama/PycharmProjects/sci-cluster/review_outputs/rmelts_parity_audit_v2/2026-02-26/kcp109c_phase7_parity_20260225_222731/runs/kcp109c_phase7_parity_liam_exact/runs/20260225_222731/parallel-results/Parallel_MELTS_KCP109C_dP25.0_02-25_11cores.xlsx,feldspar,feldspar
1091,836,50,0,22.29891226485403,2.553791880125025,-366.3043031407968,-312.0194179627012,48.94278066816542,27.03548176443947,0.8731687354163862,3.009131972298532e-05,1.815505238405292e-06,-6.150398824617506e-10,7.99377516378291e-12,1.949466908816378e-11,Success,65.42212219717453,0,21.15457126014174,0,0,0,0,0,0,0,2.187507089871289,8.913527778032142,2.322271674780278,0,0,0,0,0,0,KCP109C,/Users/lopezama/PycharmProjects/sci-cluster/review_outputs/rmelts_parity_audit_v2/2026-02-26/kcp109c_phase7_parity_20260225_222731/runs/kcp109c_phase7_parity_liam_exact/runs/20260225_222731/parallel-results/Parallel_MELTS_KCP109C_dP25.0_02-25_11cores.xlsx,feldspar,feldspar
1092,835,50,0,23.26777610593521,2.552799425367783,-382.0354221827271,-325.4694714942381,51.04539158822275,28.20278531361187,0.9114611933361354,3.008621512842562e-05,1.816332841907772e-06,-7.277519659697278e-10,8.354603157711807e-12,2.059217465795551e-11,Success,65.47481823491292,0,21.09386152504041,0,0,0,0,0,0,0,2.125125139110675,8.871781157097766,2.434413943838226,0,0,0,0,0,0,KCP109C,/Users/lopezama/PycharmProjects/sci-cluster/review_outputs/rmelts_parity_audit_v2/2026-02-26/kcp109c_phase7_parity_20260225_222731/runs/kcp109c_phase7_parity_liam_exact/runs/20260225_222731/parallel-results/Parallel_MELTS_KCP109C_dP25.0_02-25_11cores.xlsx,feldspar,feldspar
1093,834,50,0,24.29690482688996,2.551751451034017,-398.727196709158,-339.7413869030795,53.27716190767148,29.44159057419922,0.9521658081959513,3.007674624657732e-05,1.817073719885866e-06,-8.45309839267942e-10,8.738830280937386e-12,2.175058336765319e-11,Success,65.52595520710096,0,21.03171626482884,0,0,0,0,0,0,0,2.061922649040622,8.82279502465476,2.55761085437482,0,0,0,0,0,0,KCP109C,/Users/lopezama/PycharmProjects/sci-cluster/review_outputs/rmelts_parity_audit_v2/2026-02-26/kcp109c_phase7_parity_20260225_222731/runs/kcp109c_phase7_parity_liam_exact/runs/20260225_222731/parallel-results/Parallel_MELTS_KCP109C_dP25.0_02-25_11cores.xlsx,feldspar,feldspar
1094,833,50,0,25.40060844227732,2.55063561199997,-416.6085323735289,-355.0303293570086,55.66894455229428,30.76887643501928,0.9958540656601487,3.006223811284923e-05,1.8177192280233e-06,-9.670142639218952e-10,9.151965968941542e-12,2.297880729450204e-11,Success,65.57554939783365,0,20.96765205600867,0,0,0,0,0,0,0,1.997496990685786,8.765337968116476,2.69396358735541,0,0,0,0,0,0,KCP109C,/Users/lopezama/PycharmProjects/sci-cluster/review_outputs/rmelts_parity_audit_v2/2026-02-26/kcp109c_phase7_parity_20260225_222731/runs/kcp109c_phase7_parity_liam_exact/runs/20260225_222731/parallel-results/Parallel_MELTS_KCP109C_dP25.0_02-25_11cores.xlsx,feldspar,feldspar
1095,832,50,0,26.59780068258883,2.549437017942739,-435.981901253991,-371.5942137183087,58.26149168500409,32.20707780370008,1.043281339974103,3.004182724538317e-05,1.81825762759447e-06,-1.091842054398426e-09,9.601295989027507e-12,2.428833132403211e-11,Success,65.62357591710686,0,20.90109783795652,0,0,0,0,0,0,0,1.931382840878551,8.697856984797506,2.84608641926056,0,0,0,0,0,0,KCP109C,/Users/lopezama/PycharmProjects/sci-cluster/review_outputs/rmelts_parity_audit_v2/2026-02-26/kcp109c_phase7_parity_20260225_222731/runs/kcp109c_phase7_parity_liam_exact/runs/20260225_222731/parallel-results/Parallel_MELTS_KCP109C_dP25.0_02-25_11cores.xlsx,feldspar,feldspar
1096,831,50,0,27.91309850993767,2.548138774435754,-457.2407745059725,-389.7686179501353,61.10778114915296,33.78537811951128,1.09543086075124,3.001443779137851e-05,1.818673072811227e-06,-1.21832884236404e-09,1.009630849017971e-11,2.569370851966854e-11,Success,65.6699203886024,0,20.83142889263637,0,0,0,0,0,0,0,1.863091488770731,8.618458904134538,3.017100325855955,0,0,0,0,0,0,KCP109C,/Users/lopezama/PycharmProjects/sci-cluster/review_outputs/rmelts_parity_audit_v2/2026-02-26/kcp109c_phase7_parity_20260225_222731/runs/kcp109c_phase7_parity_liam_exact/runs/20260225_222731/parallel-results/Parallel_MELTS_KCP109C_dP25.0_02-25_11cores.xlsx,feldspar,feldspar
1097,830,50,0,29.84898409949829,2.546271341987962,-488.5098981168856,-416.4703198013912,65.3035202062225,36.10592561038764,1.172262500358432,2.996714467617058e-05,1.81899603921331e-06,-1.337311821625447e-09,1.082739150634697e-11,2.755665577060128e-11,Success,65.72752219672032,0,20.7359130616241,0,0,0,0,0,0,0,1.770849467571451,8.496372926191032,3.269342347893107,0,0,0,0,0,0,KCP109C,/Users/lopezama/PycharmProjects/sci-cluster/review_outputs/rmelts_parity_audit_v2/2026-02-26/kcp109c_phase7_parity_20260225_222731/runs/kcp109c_phase7_parity_liam_exact/runs/20260225_222731/parallel-results/Parallel_MELTS_KCP109C_dP25.0_02-25_11cores.xlsx,feldspar,feldspar
1098,829,50,0,32.95795040306728,2.543443472397157,-538.6630599432137,-459.2581960179948,72.0454238762591,39.82658675890828,1.295800388754263,2.987936296223211e-05,1.818969002806146e-06,-1.419853435873361e-09,1.20063065065466e-11,3.021659429859749e-11,Success,65.79748635816443,0,20.59897058789301,0,0,0,0,0,0,0,1.64154547981407,8.293206382472365,3.66879119165612,0,0,0,0,0,0,KCP109C,/Users/lopezama/PycharmProjects/sci-cluster/review_outputs/rmelts_parity_audit_v2/2026-02-26/kcp109c_phase7_parity_20260225_222731/runs/kcp109c_phase7_parity_liam_exact/runs/20260225_222731/parallel-results/Parallel_MELTS_KCP109C_dP25.0_02-25_11cores.xlsx,feldspar,feldspar
1099,828,50,0,33.17280891135059,2.541538786154391,-541.5730656453311,-461.7949172561698,72.44984642343118,40.05044988238554,1.305225365517417,2.978588599332313e-05,1.818017925878012e-06,-1.385463999299819e-09,1.211848114871836e-11,3.025802996651462e-11,Success,65.81223453963086,0,20.51621268200302,0,0,0,0,0,0,0,1.569828102193933,8.109058362149682,3.992666314022515,0,0,0,0,0,0,KCP109C,/Users/lopezama/PycharmProjects/sci-cluster/review_outputs/rmelts_parity_audit_v2/2026-02-26/kcp109c_phase7_parity_20260225_222731/runs/kcp109c_phase7_parity_liam_exact/runs/20260225_222731/parallel-results/Parallel_MELTS_KCP109C_dP25.0_02-25_11cores.xlsx,feldspar,feldspar
1100,827,50,0,27.06010791694814,2.543743152035731,-442.0166302165658,-377.0258103816073,59.07450787161612,32.68259758506517,1.06379089002332,2.98014781454353e-05,1.816707621439584e-06,-1.344811515777975e-09,9.851235792326164e-12,2.536073862957033e-11,Success,65.71029257642304,0,20.6330730952957,0,0,0,0,0,0,0,1.690025705250679,8.1882862012522,3.778322421778379,0,0,0,0,0,0,KCP109C,/Users/lopezama/PycharmProjects/sci-cluster/review_outputs/rmelts_parity_audit_v2/2026-02-26/kcp109c_phase7_parity_20260225_222731/runs/kcp109c_phase7_parity_liam_exact/runs/20260225_222731/parallel-results/Parallel_MELTS_KCP109C_dP25.0_02-25_11cores.xlsx,feldspar,feldspar
1101,826,50,0,24.01105162460307,2.545347749016803,-392.3413817965309,-334.7535572431951,52.39305331695927,29.00672656822221,0.9433308919725356,2.980844196014797e-05,1.815634785655981e-06,-1.364756801041373e-09,8.71885001791422e-12,2.304073902051746e-11,Success,65.6318506499598,0,20.71903883616121,0,0,0,0,0,0,0,1.779251520541217,8.238877207232354,3.630981786105398,0,0,0,0,0,0,KCP109C,/Users/lopezama/PycharmProjects/sci-cluster/review_outputs/rmelts_parity_audit_v2/2026-02-26/kcp109c_phase7_parity_20260225_222731/runs/kcp109c_phase7_parity_liam_exact/runs/20260225_222731/parallel-results/Parallel_MELTS_KCP109C_dP25.0_02-25_11cores.xlsx,feldspar,feldspar
1102,825,50,0,22.36546731823078,2.546527389812599,-365.5244421459547,-311.9588843085883,48.7779973932217,27.02282440898857,0.8782731891164409,2.981267684558075e-05,1.814829538947575e-06,-1.422665494074259e-09,8.105807973397613e-12,2.193252214445226e-11,Success,65.57344186922582,0,20.78188350556751,0,0,0,0,0,0,0,1.844727793350653,8.273489064610695,3.52645776724531,0,0,0,0,0,0,KCP109C,/Users/lopezama/PycharmProjects/sci-cluster/review_outputs/rmelts_parity_audit_v2/2026-02-26/kcp109c_phase7_parity_20260225_222731/runs/kcp109c_phase7_parity_liam_exact/runs/20260225_222731/parallel-results/Parallel_MELTS_KCP109C_dP25.0_02-25_11cores.xlsx,feldspar,feldspar
1103,824,50,0,35.02464050431617,2.520938640127787,-565.8111410509383,-482.5298741864859,75.90691050854701,41.92658638026284,1.389349187116302,2.893630389217602e-05,1.812581816942037e-06,1.574605749364849e-10,1.320558813560895e-11,2.674586424277873e-11,Success,66.14846434176236,0,19.55215504631125,0,0,0,0,0,0,0,0.6960167066819223,6.330389328701377,7.272974576543084,0,0,0,0,0,0,KCP109C,/Users/lopezama/PycharmProjects/sci-cluster/review_outputs/rmelts_parity_audit_v2/2026-02-26/kcp109c_phase7_parity_20260225_222731/runs/kcp109c_phase7_parity_liam_exact/runs/20260225_222731/parallel-results/Parallel_MELTS_KCP109C_dP25.0_02-25_11cores.xlsx,feldspar,feldspar
1104,823,50,0,36.78086193053383,2.52070860743023,-593.987595971564,-506.6681946154541,79.66008425499246,44.01948368501531,1.459147710374607,2.891671818369961e-05,1.812395998815911e-06,5.617892302252448e-11,1.387318264131233e-11,2.841430486032998e-11,Success,66.14733921719595,0,19.53855047765255,0,0,0,0,0,0,0,0.685055328490308,6.292205472374061,7.336849504287123,0,0,0,0,0,0,KCP109C,/Users/lopezama/PycharmProjects/sci-cluster/review_outputs/rmelts_parity_audit_v2/2026-02-26/kcp109c_phase7_parity_20260225_222731/runs/kcp109c_phase7_parity_liam_exact/runs/20260225_222731/parallel-results/Parallel_MELTS_KCP109C_dP25.0_02-25_11cores.xlsx,feldspar,feldspar
1105,822,50,0,37.89717017287994,2.520529075643866,-611.8378020061413,-522.0072021564306,82.0258410717351,45.34749218556066,1.503540289976586,2.890169115115568e-05,1.812281950152984e-06,-6.846154757108053e-11,1.429859834622263e-11,2.965632419804012e-11,Success,66.14739877762091,0,19.52696681551395,0,0,0,0,0,0,0,0.6754847911234705,6.261961737044479,7.388187878697206,0,0,0,0,0,0,KCP109C,/Users/lopezama/PycharmProjects/sci-cluster/review_outputs/rmelts_parity_audit_v2/2026-02-26/kcp109c_phase7_parity_20260225_222731/runs/kcp109c_phase7_parity_liam_exact/runs/20260225_222731/parallel-results/Parallel_MELTS_KCP109C_dP25.0_02-25_11cores.xlsx,feldspar,feldspar
