Index,T_C,P_MPa,deltaQFM,Mass_g,Density_g_cm3,G_kJ,H_kJ,S_J_per_K,Cp_J_per_K,V_cm3,alpha_1_per_K,beta_1_per_bar,d2V/dT2,d2V/dP2,d2V/dTdP,Outcome,SiO2_wt_pct,TiO2_wt_pct,Al2O3_wt_pct,Fe2O3_wt_pct,Cr2O3_wt_pct,FeO_wt_pct,MnO_wt_pct,MgO_wt_pct,NiO_wt_pct,CoO_wt_pct,CaO_wt_pct,Na2O_wt_pct,K2O_wt_pct,P2O5_wt_pct,H2O_wt_pct,CO2_wt_pct,SO3_wt_pct,Cl2O-1_wt_pct,F2O-1_wt_pct,sample_label,source_excel,phase,phase_sheet_name
1,776,400,0,108.2548177557766,2.173500526443985,-1786.973370446545,-1468.685693533915,303.3767115404186,149.8128431248086,4.98066673730647,0.0001880621731589288,1.810998585772237e-05,5.058173859422575e-07,1.320843063202619e-08,-6.346120662832447e-08,,70.03826545518638,0.07574700299822328,11.96248401008526,0.1733839992420553,0,0.4462367926376628,0.02863606210908441,0.08313695451024505,0,0,0.6466207573019059,4.036761013441899,3.704213195400918,0.008313695451024504,8.796201061635314,0,0,0,0,KCP109C,/Users/lopezama/PycharmProjects/sci-cluster/review_outputs/rmelts_parity_audit_v2/2026-02-26/kcp109c_phase7_parity_20260225_224621/runs/kcp109c_phase7_parity_liam_exact/runs/20260225_224621/parallel-results/Parallel_MELTS_KCP109C_dP25.0_02-25_11cores.xlsx,liquid,liquid
2,775,400,0,108.259313248694,2.173812992251157,-1786.767074391001,-1468.893107023411,303.2714471856025,149.8091473467692,4.980157614044934,0.0001880513385042132,1.810438072889976e-05,5.066860985339269e-07,1.32022430371828e-08,-6.34781204058928e-08,,70.03535710788258,0.07574385759491398,11.96198726651385,0.1736606976081739,0,0.4459628079136969,0.02863487299319918,0.0831335022383202,0,0,0.646593906298046,4.036593386460659,3.704059377507378,0.00831335022383202,8.799959866765331,0,0,0,0,KCP109C,/Users/lopezama/PycharmProjects/sci-cluster/review_outputs/rmelts_parity_audit_v2/2026-02-26/kcp109c_phase7_parity_20260225_224621/runs/kcp109c_phase7_parity_liam_exact/runs/20260225_224621/parallel-results/Parallel_MELTS_KCP109C_dP25.0_02-25_11cores.xlsx,liquid,liquid
3,774,400,0,108.2637892593731,2.174126032062873,-1786.560423802272,-1469.100279894364,303.1658729961395,149.8053753794849,4.979646426322827,0.0001880400451277626,1.809874882590954e-05,5.075543584925184e-07,1.319601817311721e-08,-6.349486972855928e-08,,70.0324616045227,0.0757407260824435,11.96149271667858,0.1739386371732644,0,0.4456878167885747,0.02863368912872864,0.08313006521243799,0,0,0.6465671738745177,4.036426499759489,3.703906238909737,0.008313006521243798,8.803701825348277,0,0,0,0,KCP109C,/Users/lopezama/PycharmProjects/sci-cluster/review_outputs/rmelts_parity_audit_v2/2026-02-26/kcp109c_phase7_parity_20260225_224621/runs/kcp109c_phase7_parity_liam_exact/runs/20260225_224621/parallel-results/Parallel_MELTS_KCP109C_dP25.0_02-25_11cores.xlsx,liquid,liquid
4,773,400,0,108.2682450759201,2.17443965909803,-1786.353403959298,-1469.307202853989,303.0599828947186,149.8015254672871,4.979133112428164,0.000188028284288063,1.809308961493467e-05,5.084221239241433e-07,1.318975517371513e-08,-6.351144931330845e-08,,70.02957940241338,0.07573760895539307,11.96100043868707,0.1742178253109702,0,0.4454118165597295,0.0286325107026486,0.0831266439754314,0,0,0.6465405642533554,4.036260379695947,3.703753803794221,0.00831266439754314,8.807426341254295,0,0,0,0,KCP109C,/Users/lopezama/PycharmProjects/sci-cluster/review_outputs/rmelts_parity_audit_v2/2026-02-26/kcp109c_phase7_parity_20260225_224621/runs/kcp109c_phase7_parity_liam_exact/runs/20260225_224621/parallel-results/Parallel_MELTS_KCP109C_dP25.0_02-25_11cores.xlsx,liquid,liquid
5,772,400,0,108.2726801797728,2.174753882360064,-1786.146004339639,-1469.513869076619,302.9537724374682,149.7975963240335,4.978617629240612,0.0001880160496522862,1.808740272534328e-05,5.092893630674337e-07,1.318345343151099e-08,-6.352785534252708e-08,,70.02671083368543,0.07573450657296506,11.96051048926704,0.1744982689843569,0,0.445134803817666,0.02863133785075508,0.083123238921547,0,0,0.6465140805009211,4.036095045412893,3.703602089726705,0.008312323892154699,8.81113298136756,0,0,0,0,KCP109C,/Users/lopezama/PycharmProjects/sci-cluster/review_outputs/rmelts_parity_audit_v2/2026-02-26/kcp109c_phase7_parity_20260225_224621/runs/kcp109c_phase7_parity_liam_exact/runs/20260225_224621/parallel-results/Parallel_MELTS_KCP109C_dP25.0_02-25_11cores.xlsx,liquid,liquid
6,771,400,0,108.2770967297138,2.175068653518578,-1785.938272225836,-1469.720306006951,302.8472597029983,149.7935931533925,4.978100187989719,0.0001880033679868336,1.808169000539234e-05,5.101561871395118e-07,1.31771158700932e-08,-6.3544104222354e-08,,70.02385449891528,0.07573141742167053,11.96002262939797,0.1747799689849703,0,0.4448567658166876,0.02863017000087544,0.08311984838963837,0,0,0.6464877096971873,4.035930416252441,3.703451022693887,0.008311984838963836,8.814823567590405,0,0,0,0,KCP109C,/Users/lopezama/PycharmProjects/sci-cluster/review_outputs/rmelts_parity_audit_v2/2026-02-26/kcp109c_phase7_parity_20260225_224621/runs/kcp109c_phase7_parity_liam_exact/runs/20260225_224621/parallel-results/Parallel_MELTS_KCP109C_dP25.0_02-25_11cores.xlsx,liquid,liquid
7,770,400,0,108.2814897053402,2.175384077877964,-1785.730099933237,-1469.926449184666,302.7404023856315,149.7895037575511,4.977580318182996,0.0001879901773320865,1.807594735759419e-05,5.110223236933296e-07,1.317073594989039e-08,-6.356015813688219e-08,,70.02101364160895,0.07572834500938987,11.95953741306828,0.1750629427737493,0,0.4445777147357211,0.02862900847915958,0.08311647622981813,0,0,0.6464614817874744,4.035766679158947,3.703300774239675,0.008311647622981812,8.818493875285835,0,0,0,0,KCP109C,/Users/lopezama/PycharmProjects/sci-cluster/review_outputs/rmelts_parity_audit_v2/2026-02-26/kcp109c_phase7_parity_20260225_224621/runs/kcp109c_phase7_parity_liam_exact/runs/20260225_224621/parallel-results/Parallel_MELTS_KCP109C_dP25.0_02-25_11cores.xlsx,liquid,liquid
8,769,400,0,108.2858622921791,2.175700085085589,-1785.521556924036,-1470.132339193329,302.6332272040557,149.7853358291107,4.977058328695121,0.0001879765171578006,1.807017748254029e-05,5.118879386827759e-07,1.316431795042726e-08,-6.357604125036674e-08,,70.0181861982548,0.07572528710441702,11.95905448783171,0.1753471888262043,0,0.4442976342026601,0.02862785244191375,0.08311311999265282,0,0,0.646435377720633,4.035603715198809,3.703151235228198,0.008311311999265282,8.822146591198724,0,0,0,0,KCP109C,/Users/lopezama/PycharmProjects/sci-cluster/review_outputs/rmelts_parity_audit_v2/2026-02-26/kcp109c_phase7_parity_20260225_224621/runs/kcp109c_phase7_parity_liam_exact/runs/20260225_224621/parallel-results/Parallel_MELTS_KCP109C_dP25.0_02-25_11cores.xlsx,liquid,liquid
9,768,400,0,108.2902129324973,2.176016706230672,-1785.312610294974,-1470.337955888805,302.525720987532,149.7810855644466,4.976534078181745,0.0001879623683282719,1.806437915500631e-05,5.127529444137466e-07,1.315785990206512e-08,-6.359174190704603e-08,,70.01537317278552,0.07572224479251409,11.95857402515924,0.175632716650036,0,0.444016524295053,0.02862670229960898,0.08310978086983252,0,0,0.6464094067653641,4.035441582235201,3.703002458755871,0.00831097808698325,8.825780407304782,0,0,0,0,KCP109C,/Users/lopezama/PycharmProjects/sci-cluster/review_outputs/rmelts_parity_audit_v2/2026-02-26/kcp109c_phase7_parity_20260225_224621/runs/kcp109c_phase7_parity_liam_exact/runs/20260225_224621/parallel-results/Parallel_MELTS_KCP109C_dP25.0_02-25_11cores.xlsx,liquid,liquid
10,767,400,0,108.2945414001518,2.176333943891562,-1785.10325589118,-1470.54329617188,302.4178817663799,149.7767523874768,4.976007551787177,0.0001879477281694975,1.805855225318788e-05,5.136173243114451e-07,1.315136159119048e-08,-6.36072585093023e-08,,70.01257470795451,0.07571921822807011,11.95809604943302,0.1759195326971896,0,0.4437343804348858,0.02862555811061187,0.08310645903080864,0,0,0.6463835702396228,4.035280288495931,3.702854452372697,0.008310645903080864,8.829395137099565,0,0,0,0,KCP109C,/Users/lopezama/PycharmProjects/sci-cluster/review_outputs/rmelts_parity_audit_v2/2026-02-26/kcp109c_phase7_parity_20260225_224621/runs/kcp109c_phase7_parity_liam_exact/runs/20260225_224621/parallel-results/Parallel_MELTS_KCP109C_dP25.0_02-25_11cores.xlsx,liquid,liquid
11,766,400,0,108.298845574537,2.176651840905749,-1784.893448756045,-1470.748332662997,302.3096916643872,149.7723311341553,4.975478555609135,0.0001879325706616494,1.805269509737246e-05,5.14480959845021e-07,1.31448203206907e-08,-6.362257517010362e-08,,70.00979217115898,0.07571620888993724,11.9576207942035,0.1762076478746355,0,0.4434512045660109,0.02862442043400066,0.08310315609871159,0,0,0.6463578807677569,4.035119912792997,3.70270728839815,0.00831031560987116,8.832988999205426,0,0,0,0,KCP109C,/Users/lopezama/PycharmProjects/sci-cluster/review_outputs/rmelts_parity_audit_v2/2026-02-26/kcp109c_phase7_parity_20260225_224621/runs/kcp109c_phase7_parity_liam_exact/runs/20260225_224621/parallel-results/Parallel_MELTS_KCP109C_dP25.0_02-25_11cores.xlsx,liquid,liquid
12,765,400,0,108.303130776456,2.176970281861054,-1784.683304239439,-1470.953133343679,302.2011952952466,149.7678346623319,4.974947599370514,0.0001879169615192462,1.804681213181394e-05,5.153441326585288e-07,1.313824315441331e-08,-6.363773213882331e-08,,70.0070221192753,0.07571321305434689,11.95714767138771,0.1764970557521434,0,0.4431669728674635,0.02862328786200918,0.08309986798647828,0,0,0.6463323065614978,4.034960256676778,3.702560784730865,0.008309986798647827,8.83656647704674,0,0,0,0,KCP109C,/Users/lopezama/PycharmProjects/sci-cluster/review_outputs/rmelts_parity_audit_v2/2026-02-26/kcp109c_phase7_parity_20260225_224621/runs/kcp109c_phase7_parity_liam_exact/runs/20260225_224621/parallel-results/Parallel_MELTS_KCP109C_dP25.0_02-25_11cores.xlsx,liquid,liquid
13,764,400,0,108.3073902594744,2.177289407853487,-1784.472677770935,-1471.157611543075,302.0923359474139,149.7632466059927,4.974414052114957,0.0001879008177276535,1.804089787450483e-05,5.162064751571381e-07,1.313162133326808e-08,-6.365267864003497e-08,,70.00426890989866,0.07571023543407669,11.95667742525967,0.1767877781064618,0,0.4428817032146604,0.02862216217629729,0.08309659986666953,0,0,0.6463068878518742,4.034801571303843,3.702415171837165,0.008309659986666952,8.840121895063952,0,0,0,0,KCP109C,/Users/lopezama/PycharmProjects/sci-cluster/review_outputs/rmelts_parity_audit_v2/2026-02-26/kcp109c_phase7_parity_20260225_224621/runs/kcp109c_phase7_parity_liam_exact/runs/20260225_224621/parallel-results/Parallel_MELTS_KCP109C_dP25.0_02-25_11cores.xlsx,liquid,liquid
14,763,400,0,108.3116263490324,2.177609167094979,-1784.261620198168,-1471.361796849634,301.9831330874232,149.7585725692184,4.973878140562965,0.0001878841680967718,1.803495430767064e-05,5.170681077015721e-07,1.312495799591802e-08,-6.366743233198514e-08,,70.00153103615843,0.07570727439943281,11.95620979844701,0.1770798155675734,0,0.4425953820833585,0.02862104276076119,0.08309334995059699,0,0,0.6462816107268654,4.034643769823432,3.702270370021044,0.008309334995059698,8.843657215066433,0,0,0,0,KCP109C,/Users/lopezama/PycharmProjects/sci-cluster/review_outputs/rmelts_parity_audit_v2/2026-02-26/kcp109c_phase7_parity_20260225_224621/runs/kcp109c_phase7_parity_liam_exact/runs/20260225_224621/parallel-results/Parallel_MELTS_KCP109C_dP25.0_02-25_11cores.xlsx,liquid,liquid
15,762,400,0,108.3158379389709,2.177929580648133,-1784.050108484922,-1471.565674863418,301.8735773767128,149.7538098467996,4.973339767337062,0.0001878669991649974,1.802898059445895e-05,5.179289657865346e-07,1.31182517859944e-08,-6.368198499421517e-08,,69.99880920933182,0.07570433071966784,11.95574491243535,0.1773731768202272,0,0.442308007775102,0.02861992990621589,0.08309011908256225,0,0,0.646256481753262,4.034486893231079,3.702126416900829,0.008309011908256225,8.847171510135595,0,0,0,0,KCP109C,/Users/lopezama/PycharmProjects/sci-cluster/review_outputs/rmelts_parity_audit_v2/2026-02-26/kcp109c_phase7_parity_20260225_224621/runs/kcp109c_phase7_parity_liam_exact/runs/20260225_224621/parallel-results/Parallel_MELTS_KCP109C_dP25.0_02-25_11cores.xlsx,liquid,liquid
16,761,400,0,108.3200254555417,2.178250637079454,-1783.83815257742,-1471.769250831363,301.7636723357897,149.7489594432176,4.972798979679151,0.0001878493163408263,1.802297715553788e-05,5.187890675434215e-07,1.311150335282107e-08,-6.369633996037082e-08,,69.99610315025824,0.07570140409286708,11.95528271954425,0.177667866992128,0,0.4420195732754611,0.02861882349852292,0.08308690693119555,0,0,0.6462314983537432,4.034330925436939,3.701983297712157,0.008308690693119555,8.85066514321135,0,0,0,0,KCP109C,/Users/lopezama/PycharmProjects/sci-cluster/review_outputs/rmelts_parity_audit_v2/2026-02-26/kcp109c_phase7_parity_20260225_224621/runs/kcp109c_phase7_parity_liam_exact/runs/20260225_224621/parallel-results/Parallel_MELTS_KCP109C_dP25.0_02-25_11cores.xlsx,liquid,liquid
17,760,400,0,108.3241877080576,2.17857235912824,-1783.62572765853,-1471.972509258045,301.6534079276823,149.7440184498175,4.972255672582007,0.0001878311051520483,1.801694308930332e-05,5.19648343604269e-07,1.310471123521006e-08,-6.371048838063187e-08,,69.99341362466258,0.07569849534716877,11.95482335055897,0.1779638950410689,0,0.4417300771084804,0.02861772385075892,0.08308371440542914,0,0,0.6462066675977821,4.034175910574725,3.701841052953009,0.008308371440542913,8.85413711645948,0,0,0,0,KCP109C,/Users/lopezama/PycharmProjects/sci-cluster/review_outputs/rmelts_parity_audit_v2/2026-02-26/kcp109c_phase7_parity_20260225_224621/runs/kcp109c_phase7_parity_liam_exact/runs/20260225_224621/parallel-results/Parallel_MELTS_KCP109C_dP25.0_02-25_11cores.xlsx,liquid,liquid
18,759,400,0,108.32832455982,2.178894747194088,-1783.412831592965,-1472.175448162181,301.5427829586625,149.7389865092156,4.971709840474019,0.0001878123641031441,1.801087835865306e-05,5.205067814640811e-07,1.309787535099038e-08,-6.372442935137211e-08,,69.99074071707773,0.07569560457399603,11.95436681991766,0.178261267487401,0,0.4414395141339633,0.0286166309974863,0.08308054160560538,0,0,0.6461819902658197,4.034021853516617,3.701699687094195,0.008308054160560538,8.857587319168962,0,0,0,0,KCP109C,/Users/lopezama/PycharmProjects/sci-cluster/review_outputs/rmelts_parity_audit_v2/2026-02-26/kcp109c_phase7_parity_20260225_224621/runs/kcp109c_phase7_parity_liam_exact/runs/20260225_224621/parallel-results/Parallel_MELTS_KCP109C_dP25.0_02-25_11cores.xlsx,liquid,liquid
19,758,400,0,108.3324355253148,2.179217809008227,-1783.199454759548,-1472.37806108371,301.4317933141035,149.7338624202546,4.971161445060758,0.0001877930874205545,1.800478264285157e-05,5.213643496348139e-07,1.309099516474567e-08,-6.373815934347723e-08,,69.98808473738498,0.07569273210848819,11.95391318054783,0.1785599917068883,0,0.4411478803797435,0.02861554506540407,0.08307738889956019,0,0,0.6461574692188015,4.033868772123089,3.701559216524849,0.008307738889956019,8.861015347150394,0,0,0,0,KCP109C,/Users/lopezama/PycharmProjects/sci-cluster/review_outputs/rmelts_parity_audit_v2/2026-02-26/kcp109c_phase7_parity_20260225_224621/runs/kcp109c_phase7_parity_liam_exact/runs/20260225_224621/parallel-results/Parallel_MELTS_KCP109C_dP25.0_02-25_11cores.xlsx,liquid,liquid
20,757,400,0,108.3365203066135,2.179541548309112,-1782.985591579822,-1472.580343966007,301.3204364547055,149.7286454358703,4.970610465795476,0.0001877732716454998,1.799865577572012e-05,5.222210267007382e-07,1.308407038740521e-08,-6.375167624330495e-08,,69.98544587421489,0.07568987815465085,11.95346246466742,0.1788600746697033,0,0.4408551711959918,0.02861446613163629,0.08307425651120214,0,0,0.6461331061982388,4.033716677266148,3.70141965122134,0.008307425651120214,8.864420954117637,0,0,0,0,KCP109C,/Users/lopezama/PycharmProjects/sci-cluster/review_outputs/rmelts_parity_audit_v2/2026-02-26/kcp109c_phase7_parity_20260225_224621/runs/kcp109c_phase7_parity_liam_exact/runs/20260225_224621/parallel-results/Parallel_MELTS_KCP109C_dP25.0_02-25_11cores.xlsx,liquid,liquid
21,756,400,0,108.3405782897117,2.179865975444465,-1782.77122970327,-1472.782288690595,301.2087071978572,149.7233340448992,4.970056852583404,0.0001877529094510794,1.799249733542155e-05,5.230767739567144e-07,1.307710032088139e-08,-6.37649755604793e-08,,69.98282452033446,0.07568704313726499,11.95301473936075,0.1791615241285298,0,0.4405613829841087,0.02861339435677091,0.08307114490675425,0,0,0.6461089048303108,4.033565591583512,3.701281011956495,0.008307114490675425,8.867803627930341,0,0,0,0,KCP109C,/Users/lopezama/PycharmProjects/sci-cluster/review_outputs/rmelts_parity_audit_v2/2026-02-26/kcp109c_phase7_parity_20260225_224621/runs/kcp109c_phase7_parity_liam_exact/runs/20260225_224621/parallel-results/Parallel_MELTS_KCP109C_dP25.0_02-25_11cores.xlsx,liquid,liquid
22,755,400,0,108.3446092464341,2.180191092607668,-1782.556365075172,-1472.983892088335,301.0966035956209,149.717927669591,4.969500591658963,0.0001877319982561526,1.798630721569367e-05,5.239315735680314e-07,1.307008477084164e-08,-6.377805571197425e-08,,69.98022081921017,0.0756842272114909,11.95257002913179,0.1794643469612098,0,0.4402665107889852,0.02861232979946607,0.0830680542565144,0,0,0.6460848664395564,4.033415523344088,3.70114330631803,0.008306805425651438,8.87116318111303,0,0,0,0,KCP109C,/Users/lopezama/PycharmProjects/sci-cluster/review_outputs/rmelts_parity_audit_v2/2026-02-26/kcp109c_phase7_parity_20260225_224621/runs/kcp109c_phase7_parity_liam_exact/runs/20260225_224621/parallel-results/Parallel_MELTS_KCP109C_dP25.0_02-25_11cores.xlsx,liquid,liquid
23,754,400,0,108.2937493740999,2.180515678963879,-1781.43357984052,-1472.418356864135,300.8472209281842,149.6439518754691,4.966428373748641,0.0001877484022053731,1.798119340344176e-05,5.246191765945665e-07,1.30587650985504e-08,-6.377921168700472e-08,,69.96523614144445,0.07571977231438522,11.95818355452791,0.1798729105550015,0,0.4401814929381261,0.02862576758226758,0.08310706717432523,0,0,0.6463883002447518,4.035309817242236,3.702881548544935,0.008310706717432522,8.876182920714179,0,0,0,0,KCP109C,/Users/lopezama/PycharmProjects/sci-cluster/review_outputs/rmelts_parity_audit_v2/2026-02-26/kcp109c_phase7_parity_20260225_224621/runs/kcp109c_phase7_parity_liam_exact/runs/20260225_224621/parallel-results/Parallel_MELTS_KCP109C_dP25.0_02-25_11cores.xlsx,liquid,liquid
24,753,400,0,108.0341855035126,2.180834704995921,-1776.860078924778,-1468.935440077027,300.0776093629108,149.3095975728283,4.953799811421962,0.0001879100329971012,1.798034026454392e-05,5.246768306523849e-07,1.303133033391908e-08,-6.373629517079944e-08,,69.90285373458038,0.07590169826325403,11.98691454279439,0.1806823800239889,0,0.4408995810784156,0.02869454446537652,0.08330674199625442,0,0,0.6479413266375343,4.045005139151464,3.711778171166447,0.008330674199625441,8.887691465642865,0,0,0,0,KCP109C,/Users/lopezama/PycharmProjects/sci-cluster/review_outputs/rmelts_parity_audit_v2/2026-02-26/kcp109c_phase7_parity_20260225_224621/runs/kcp109c_phase7_parity_liam_exact/runs/20260225_224621/parallel-results/Parallel_MELTS_KCP109C_dP25.0_02-25_11cores.xlsx,liquid,liquid
25,752,400,0,107.7759253002759,2.181151861972394,-1772.310032943103,-1465.469973659382,299.3123535909103,148.9770719659403,4.941238947150394,0.0001880730526684705,1.797955470427048e-05,5.247428638853871e-07,1.300416062087725e-08,-6.369451656952048e-08,,69.84036956386167,0.07608358018674856,12.01563857827309,0.1814949751069457,0,0.441614506719687,0.0287633047047464,0.08350636849765083,0,0,0.649493977203951,4.05469811483038,3.720672640839776,0.008350636849765083,8.89931375292557,0,0,0,0,KCP109C,/Users/lopezama/PycharmProjects/sci-cluster/review_outputs/rmelts_parity_audit_v2/2026-02-26/kcp109c_phase7_parity_20260225_224621/runs/kcp109c_phase7_parity_liam_exact/runs/20260225_224621/parallel-results/Parallel_MELTS_KCP109C_dP25.0_02-25_11cores.xlsx,liquid,liquid
26,751,400,0,107.5189541719494,2.181467146360849,-1767.7831876671,-1462.02175965571,298.5514114254656,148.6463561285889,4.928745058173984,0.0001882374692744009,1.797883690834349e-05,5.248172582920148e-07,1.297725393243772e-08,-6.365387053347629e-08,,69.7777819760051,0.07626542150240831,12.04435620068521,0.1823107204610145,0,0.4423262748473608,0.02883204959237387,0.08370595042947253,0,0,0.6510462811181197,4.064388926408832,3.729565124690942,0.008370595042947251,8.911050479216186,0,0,0,0,KCP109C,/Users/lopezama/PycharmProjects/sci-cluster/review_outputs/rmelts_parity_audit_v2/2026-02-26/kcp109c_phase7_parity_20260225_224621/runs/kcp109c_phase7_parity_liam_exact/runs/20260225_224621/parallel-results/Parallel_MELTS_KCP109C_dP25.0_02-25_11cores.xlsx,liquid,liquid
27,750,400,0,107.2632604744363,2.181780498832029,-1763.27935070553,-1458.590638285563,297.7947636416623,148.3174379242798,4.916317683280121,0.0001884033235045504,1.797818921723846e-05,5.24900142156269e-07,1.295061169821582e-08,-6.361437174060095e-08,,69.7150876167544,0.07644722366119863,12.0730676391771,0.1831296342008049,0,0.4430348806980541,0.0289007796767946,0.0839054893842424,0,0,0.6525982507663297,4.074077651212659,3.738455693675689,0.008390548938424239,8.922904591854289,0,0,0,0,KCP109C,/Users/lopezama/PycharmProjects/sci-cluster/review_outputs/rmelts_parity_audit_v2/2026-02-26/kcp109c_phase7_parity_20260225_224621/runs/kcp109c_phase7_parity_liam_exact/runs/20260225_224621/parallel-results/Parallel_MELTS_KCP109C_dP25.0_02-25_11cores.xlsx,liquid,liquid
28,749,400,0,107.0088306089349,2.182091902396883,-1758.798287609428,-1455.176424655481,297.0423743618324,147.9903004303675,4.903956175786766,0.0001885706313947836,1.797761233509633e-05,5.249915337588989e-07,1.292423274496933e-08,-6.357601973151407e-08,,69.65228440539067,0.07662898960969221,12.10177335909163,0.1839517396188925,0,0.4437403267404745,0.02896949607195681,0.08410498859600363,0,0,0.6541499113022504,4.083764446272621,3.747344491888606,0.008410498859600362,8.934877346557576,0,0,0,0,KCP109C,/Users/lopezama/PycharmProjects/sci-cluster/review_outputs/rmelts_parity_audit_v2/2026-02-26/kcp109c_phase7_parity_20260225_224621/runs/kcp109c_phase7_parity_liam_exact/runs/20260225_224621/parallel-results/Parallel_MELTS_KCP109C_dP25.0_02-25_11cores.xlsx,liquid,liquid
29,748,400,0,106.7556524211319,2.182401309643454,-1754.33979495214,-1451.778952399754,296.2942198035408,147.6649302205641,4.891660023727395,0.0001887394269808366,1.797710814472537e-05,5.250915307010649e-07,1.289811776224596e-08,-6.353882489824393e-08,,69.5893692756847,0.07681072137851215,12.13047368111869,0.1847770568994367,0,0.4444426109577808,0.02903819954553508,0.08430445029348894,0,0,0.6557012800604696,4.093449419806074,3.756231618632119,0.008430445029348893,8.946971240593824,0,0,0,0,KCP109C,/Users/lopezama/PycharmProjects/sci-cluster/review_outputs/rmelts_parity_audit_v2/2026-02-26/kcp109c_phase7_parity_20260225_224621/runs/kcp109c_phase7_parity_liam_exact/runs/20260225_224621/parallel-results/Parallel_MELTS_KCP109C_dP25.0_02-25_11cores.xlsx,liquid,liquid
30,747,400,0,106.5037123930574,2.182708705291459,-1749.903639450552,-1448.398037737218,295.5502638958324,147.3413103947074,4.879428580408573,0.0001889097255294111,1.797667728587467e-05,5.25200147476739e-07,1.287226548409041e-08,-6.350278621251939e-08,,69.52634014387269,0.0769924220888104,12.15916909817189,0.1856056100981393,0,0.4451417365200571,0.0291068912774771,0.08450387790235286,0,0,0.6572523836849667,4.103132738147578,3.765117226538166,0.008450387790235285,8.95918748390764,0,0,0,0,KCP109C,/Users/lopezama/PycharmProjects/sci-cluster/review_outputs/rmelts_parity_audit_v2/2026-02-26/kcp109c_phase7_parity_20260225_224621/runs/kcp109c_phase7_parity_liam_exact/runs/20260225_224621/parallel-results/Parallel_MELTS_KCP109C_dP25.0_02-25_11cores.xlsx,liquid,liquid
31,746,400,0,106.2529982273301,2.183014048504755,-1745.489613991811,-1445.033512551974,294.8104807337846,147.0194269970291,4.867261312409215,0.0001890815574589931,1.797632138836295e-05,5.253174652671953e-07,1.284667620523544e-08,-6.34679117464188e-08,,69.46319409251699,0.07717409409952122,12.18785998279024,0.1864374206894319,0,0.4458377028597989,0.02917557215957509,0.08470327401166962,0,0,0.6588032423129859,4.11281452701107,3.774001430964391,0.00847032740116696,8.971528333183162,0,0,0,0,KCP109C,/Users/lopezama/PycharmProjects/sci-cluster/review_outputs/rmelts_parity_audit_v2/2026-02-26/kcp109c_phase7_parity_20260225_224621/runs/kcp109c_phase7_parity_liam_exact/runs/20260225_224621/parallel-results/Parallel_MELTS_KCP109C_dP25.0_02-25_11cores.xlsx,liquid,liquid
32,745,400,0,106.0034978353458,2.183317298587229,-1741.097514957966,-1441.68521161426,294.074844908614,146.6992663286827,4.855157695307873,0.0001892549531382898,1.797604207433101e-05,5.254435656690733e-07,1.282135022204695e-08,-6.343420954864291e-08,,69.39992821224894,0.0773557397258971,12.21654670061424,0.1872725101363695,0,0.4465305090724334,0.02924424306710744,0.08490264116256997,0,0,0.6603538757088776,4.122494909782564,3.782884345132285,0.008490264116256996,8.983996049232445,0,0,0,0,KCP109C,/Users/lopezama/PycharmProjects/sci-cluster/review_outputs/rmelts_parity_audit_v2/2026-02-26/kcp109c_phase7_parity_20260225_224621/runs/kcp109c_phase7_parity_liam_exact/runs/20260225_224621/parallel-results/Parallel_MELTS_KCP109C_dP25.0_02-25_11cores.xlsx,liquid,liquid
33,744,400,0,105.7551973705259,2.183618440795233,-1736.727103846657,-1438.352946415221,293.3433195019771,146.3808110750294,4.843117066368601,0.0001894299282580684,1.797583997614988e-05,5.255784611130178e-07,1.279628621153487e-08,-6.340167834465115e-08,,69.33654022339837,0.07753736267887795,12.24522983770085,0.1881109045236807,0,0.4472201611915925,0.02931290540299044,0.08510198342803676,0,0,0.6619043155513971,4.132174084228007,3.79176615051586,0.008510198342803674,8.996591873037511,0,0,0,0,KCP109C,/Users/lopezama/PycharmProjects/sci-cluster/review_outputs/rmelts_parity_audit_v2/2026-02-26/kcp109c_phase7_parity_20260225_224621/runs/kcp109c_phase7_parity_liam_exact/runs/20260225_224621/parallel-results/Parallel_MELTS_KCP109C_dP25.0_02-25_11cores.xlsx,liquid,liquid
34,743,400,0,105.0173573586511,2.184003182552306,-1724.153945813863,-1428.251537289581,291.1995360175969,145.3619324036904,4.808480051568603,0.0001894894263013943,1.796726974315366e-05,5.228178289633454e-07,1.270172151787789e-08,-6.303057422824484e-08,,69.28655120492994,0.07808213334590004,12.26385941632851,0.1898622711367244,0,0.4499756273856977,0.02951885528930367,0.08569990245281711,0,0,0.6486453275344213,4.141200967955919,3.81662260655894,0.00856999024528171,9.001411696836534,0,0,0,0,KCP109C,/Users/lopezama/PycharmProjects/sci-cluster/review_outputs/rmelts_parity_audit_v2/2026-02-26/kcp109c_phase7_parity_20260225_224621/runs/kcp109c_phase7_parity_liam_exact/runs/20260225_224621/parallel-results/Parallel_MELTS_KCP109C_dP25.0_02-25_11cores.xlsx,liquid,liquid
35,742,400,0,104.1602724759474,2.184418302227813,-1709.586128693823,-1416.50164379302,288.7105205150007,144.1720238330246,4.768329965452033,0.0001895160620731974,1.795634673523049e-05,5.193231309734633e-07,1.258992678092023e-08,-6.257372150189822e-08,,69.240027400259,0.07872463598406153,12.28001587259491,0.1918651613294024,0,0.4532818177047049,0.02976175262812082,0.08640508827518947,0,0,0.6320479725658114,4.149576235493485,3.845629475613855,0.008640508827518946,9.004024078723932,0,0,0,0,KCP109C,/Users/lopezama/PycharmProjects/sci-cluster/review_outputs/rmelts_parity_audit_v2/2026-02-26/kcp109c_phase7_parity_20260225_224621/runs/kcp109c_phase7_parity_liam_exact/runs/20260225_224621/parallel-results/Parallel_MELTS_KCP109C_dP25.0_02-25_11cores.xlsx,liquid,liquid
36,741,400,0,103.3017064550834,2.184844861386321,-1694.99761811598,-1404.731679395254,286.2159825673979,142.9795438364651,4.728102588919594,0.0001895371887717407,1.794505240559547e-05,5.15787935174917e-07,1.247760353889623e-08,-6.21122454686956e-08,,69.19374988339315,0.07937893818018193,12.29611888173411,0.1939048234497214,0,0.4566487362187059,0.03000911077543463,0.087123224831907,0,0,0.6157199467789294,4.157386749874883,3.874973267773729,0.008712322483190699,9.006274114506068,0,0,0,0,KCP109C,/Users/lopezama/PycharmProjects/sci-cluster/review_outputs/rmelts_parity_audit_v2/2026-02-26/kcp109c_phase7_parity_20260225_224621/runs/kcp109c_phase7_parity_liam_exact/runs/20260225_224621/parallel-results/Parallel_MELTS_KCP109C_dP25.0_02-25_11cores.xlsx,liquid,liquid
37,740,400,0,102.4407938011623,2.185283484811294,-1680.374026447334,-1392.929765158288,283.7134296886404,141.7832665156432,4.687757653099563,0.000189552450246963,1.793336353810344e-05,5.122068913551032e-07,1.236462865064996e-08,-6.164551432502551e-08,,69.14773933828971,0.08004604127512241,12.31216021675157,0.1959839134717395,0,0.4600819545185815,0.03026130828693652,0.08785541115562215,0,0,0.5996603757878395,4.164612378726014,3.904676783113786,0.008785541115562213,9.008136737507515,0,0,0,0,KCP109C,/Users/lopezama/PycharmProjects/sci-cluster/review_outputs/rmelts_parity_audit_v2/2026-02-26/kcp109c_phase7_parity_20260225_224621/runs/kcp109c_phase7_parity_liam_exact/runs/20260225_224621/parallel-results/Parallel_MELTS_KCP109C_dP25.0_02-25_11cores.xlsx,liquid,liquid
38,739,400,0,101.5765962157914,2.185734853809948,-1665.699770544941,-1381.083025620975,281.2001629441942,140.5818633985388,4.647251519951449,0.0001895614611711612,1.792125500153844e-05,5.085741894171056e-07,1.225086906142053e-08,-6.117284235409196e-08,,69.10201791509749,0.08072706268068436,12.32813093498029,0.1981053921417068,0,0.4635876928152106,0.03051876759879531,0.08860287367392185,0,0,0.5838684700855892,4.171231091559913,3.93476470968303,0.008860287367392184,9.009584802315992,0,0,0,0,KCP109C,/Users/lopezama/PycharmProjects/sci-cluster/review_outputs/rmelts_parity_audit_v2/2026-02-26/kcp109c_phase7_parity_20260225_224621/runs/kcp109c_phase7_parity_liam_exact/runs/20260225_224621/parallel-results/Parallel_MELTS_KCP109C_dP25.0_02-25_11cores.xlsx,liquid,liquid
39,738,400,0,100.7080961629254,2.186199714498422,-1650.957966367054,-1369.177500994721,278.6732585396168,139.3738943568564,4.606536882017243,0.000189563802986361,1.790869948436062e-05,5.048835155262071e-07,1.213618087069518e-08,-6.069348472355595e-08,,69.05660940185655,0.08142325002078644,12.34402133169212,0.2002725625646999,0,0.4671728985523388,0.03078196037371195,0.08936698173013145,0,0,0.5683435800167237,4.17721874121013,3.965263796971024,0.008936698173013145,9.010588796838793,0,0,0,0,KCP109C,/Users/lopezama/PycharmProjects/sci-cluster/review_outputs/rmelts_parity_audit_v2/2026-02-26/kcp109c_phase7_parity_20260225_224621/runs/kcp109c_phase7_parity_liam_exact/runs/20260225_224621/parallel-results/Parallel_MELTS_KCP109C_dP25.0_02-25_11cores.xlsx,liquid,liquid
40,737,400,0,99.83418869437813,2.186678882577346,-1636.130297900567,-1357.198036599297,276.1295464052563,138.1577966236128,4.565562391891204,0.0001895590234303078,1.789566746711408e-05,5.011280137234728e-07,1.202040852299374e-08,-6.020663295172406e-08,,69.01153904945164,0.08213599816306438,12.35982101397932,0.2024891147936728,0,0.4708453416997826,0.03105141393969507,0.09014926627653407,0,0,0.5530854170341835,4.182548908075213,3.996202760912857,0.009014926627653406,9.011116789046373,0,0,0,0,KCP109C,/Users/lopezama/PycharmProjects/sci-cluster/review_outputs/rmelts_parity_audit_v2/2026-02-26/kcp109c_phase7_parity_20260225_224621/runs/kcp109c_phase7_parity_liam_exact/runs/20260225_224621/parallel-results/Parallel_MELTS_KCP109C_dP25.0_02-25_11cores.xlsx,liquid,liquid
41,736,400,0,98.95360431837386,2.187173270993048,-1621.195732508134,-1345.127220519113,273.5653886825762,136.9317751453824,4.524269093387635,0.0001895466155963048,1.788212576477198e-05,4.9729982483665e-07,1.190337401151838e-08,-5.971136062092569e-08,,68.9668353311245,0.08286692581801658,12.37551768058108,0.2047593206844457,0,0.4746140484456083,0.03132774024827455,0.09095150394660355,0,0,0.5380926876150016,4.187192120850143,4.027614508170167,0.009095150394660355,9.011132982121522,0,0,0,0,KCP109C,/Users/lopezama/PycharmProjects/sci-cluster/review_outputs/rmelts_parity_audit_v2/2026-02-26/kcp109c_phase7_parity_20260225_224621/runs/kcp109c_phase7_parity_liam_exact/runs/20260225_224621/parallel-results/Parallel_MELTS_KCP109C_dP25.0_02-25_11cores.xlsx,liquid,liquid
42,735,400,0,98.06502497672761,2.187683858546928,-1606.132469035638,-1332.946987099307,270.9770192296094,135.6939694739196,4.482595809883745,0.0001895260535526154,1.786804000637376e-05,4.933908083671268e-07,1.178489413688441e-08,-5.920670848583205e-08,,68.92252602648972,0.08361779587511575,12.39109966969552,0.2070878365742209,0,0.4784888453561618,0.03161160575766571,0.09177562961902948,0,0,0.5233664022584366,4.191116603118522,4.05953192965564,0.009177562961902946,9.010600092638054,0,0,0,0,KCP109C,/Users/lopezama/PycharmProjects/sci-cluster/review_outputs/rmelts_parity_audit_v2/2026-02-26/kcp109c_phase7_parity_20260225_224621/runs/kcp109c_phase7_parity_liam_exact/runs/20260225_224621/parallel-results/Parallel_MELTS_KCP109C_dP25.0_02-25_11cores.xlsx,liquid,liquid
43,734,400,0,97.16689570233294,2.188211763506621,-1590.914788743417,-1320.636019356657,268.35999541951,134.4421835292475,4.440470402490774,0.0001894967269218021,1.785337021939394e-05,4.893913625487353e-07,1.166475279919557e-08,-5.869154492380694e-08,,68.87864488888232,0.0843906912713364,12.40655187437223,0.2094801499132004,0,0.4824813557883283,0.03190379791965156,0.0926239294441497,0,0,0.5089053218710323,4.194286560965718,4.091994085632239,0.009262392944414968,9.009474950995362,0,0,0,0,KCP109C,/Users/lopezama/PycharmProjects/sci-cluster/review_outputs/rmelts_parity_audit_v2/2026-02-26/kcp109c_phase7_parity_20260225_224621/runs/kcp109c_phase7_parity_liam_exact/runs/20260225_224621/parallel-results/Parallel_MELTS_KCP109C_dP25.0_02-25_11cores.xlsx,liquid,liquid
44,733,400,0,96.25751085733589,2.188758200929216,-1575.514524152981,-1308.170947241625,265.7094637095424,133.1740140793019,4.397813829616752,0.0001894579962071539,1.783807442750111e-05,4.852910653193113e-07,1.154271627536528e-08,-5.816464243621028e-08,,68.83522456772906,0.08518796802196889,12.42185948322892,0.2119424626461865,0,0.4866047313812303,0.03220520742293945,0.09349898929240487,0,0,0.4947103342706828,4.196662738884892,4.125041543646347,0.009349898929240485,9.007712074546125,0,0,0,0,KCP109C,/Users/lopezama/PycharmProjects/sci-cluster/review_outputs/rmelts_parity_audit_v2/2026-02-26/kcp109c_phase7_parity_20260225_224621/runs/kcp109c_phase7_parity_liam_exact/runs/20260225_224621/parallel-results/Parallel_MELTS_KCP109C_dP25.0_02-25_11cores.xlsx,liquid,liquid
45,732,400,0,95.33493159789035,2.189324524548244,-1559.899685464316,-1295.525211948858,263.0199209227059,131.8867326699866,4.35453632062895,0.0001894091613836789,1.782210656607136e-05,4.810781542589032e-07,1.141852121786357e-08,-5.762461597575552e-08,,68.79229955320777,0.08601235542081115,12.43700624513414,0.2144819494895289,0,0.4908742163279376,0.03251686607372128,0.09440380473015857,0,0,0.480782777882864,4.198201514971902,4.1587187995089,0.009440380473015856,9.005261536779248,0,0,0,0,KCP109C,/Users/lopezama/PycharmProjects/sci-cluster/review_outputs/rmelts_parity_audit_v2/2026-02-26/kcp109c_phase7_parity_20260225_224621/runs/kcp109c_phase7_parity_liam_exact/runs/20260225_224621/parallel-results/Parallel_MELTS_KCP109C_dP25.0_02-25_11cores.xlsx,liquid,liquid
46,731,400,0,94.39688024004423,2.18991228744787,-1544.032703475757,-1282.667614642052,260.2849064718471,130.5771336171797,4.310532471145437,0.0001893494127034246,1.78054133861511e-05,4.767388362188393e-07,1.129185884251525e-08,-5.706984022536719e-08,,68.74991167784512,0.08686708997128798,12.45197149109112,0.2171071031992863,0,0.4953079015595405,0.03283999742816984,0.09534192801726728,0,0,0.4671220368947671,4.198853696748949,4.193077172737365,0.009534192801726725,9.002065711705383,0,0,0,0,KCP109C,/Users/lopezama/PycharmProjects/sci-cluster/review_outputs/rmelts_parity_audit_v2/2026-02-26/kcp109c_phase7_parity_20260225_224621/runs/kcp109c_phase7_parity_liam_exact/runs/20260225_224621/parallel-results/Parallel_MELTS_KCP109C_dP25.0_02-25_11cores.xlsx,liquid,liquid
47,730,400,0,93.44077723837337,2.190523199164062,-1527.871094150518,-1269.562839551204,257.4971386126844,129.2415965950338,4.265683069416103,0.0001892779018098682,1.778793878344688e-05,4.72257731357953e-07,1.116238552144691e-08,-5.649850422277371e-08,,68.70809945599134,0.08775593273193102,12.46673518033257,0.2198277814497011,0,0.4999268204739059,0.03317602334987636,0.09631748714480233,0,0,0.4537307255454083,4.198564741659401,4.228170396415657,0.009631748714480231,8.998063706190921,0,0,0,0,KCP109C,/Users/lopezama/PycharmProjects/sci-cluster/review_outputs/rmelts_parity_audit_v2/2026-02-26/kcp109c_phase7_parity_20260225_224621/runs/kcp109c_phase7_parity_liam_exact/runs/20260225_224621/parallel-results/Parallel_MELTS_KCP109C_dP25.0_02-25_11cores.xlsx,liquid,liquid
48,729,400,0,92.4635232688915,2.191159231974095,-1511.363837064111,-1256.16846023881,254.6478838749699,127.8757744913904,4.219844998922682,0.0001891936561354578,1.776961835914284e-05,4.676164948224378e-07,1.102969104289168e-08,-5.59084465669095e-08,,68.66690763361795,0.08868343482820167,12.48127243498815,0.2226558879837875,0,0.5047564470615153,0.03352666438627136,0.09733547725046524,0,0,0.4406101140016223,4.19727260716022,4.264060077035261,0.009733547725046523,8.99318567396147,0,0,0,0,KCP109C,/Users/lopezama/PycharmProjects/sci-cluster/review_outputs/rmelts_parity_audit_v2/2026-02-26/kcp109c_phase7_parity_20260225_224621/runs/kcp109c_phase7_parity_liam_exact/runs/20260225_224621/parallel-results/Parallel_MELTS_KCP109C_dP25.0_02-25_11cores.xlsx,liquid,liquid
49,728,400,0,91.46144971948466,2.191822627772619,-1494.450601924093,-1242.434274362899,251.726841693247,126.474531558797,4.172849050857273,0.0001890956107976448,1.775038125548043e-05,4.62793695580836e-07,1.089329626038055e-08,-5.529714232248962e-08,,68.62638083740646,0.08965507488200619,12.49555618455749,0.225605729326967,0,0.509827467605838,0.03389399172368526,0.09840191145586044,0,0,0.4277632631640673,4.194907143740072,4.300813566011489,0.009840191145586043,8.987354638980491,0,0,0,0,KCP109C,/Users/lopezama/PycharmProjects/sci-cluster/review_outputs/rmelts_parity_audit_v2/2026-02-26/kcp109c_phase7_parity_20260225_224621/runs/kcp109c_phase7_parity_liam_exact/runs/20260225_224621/parallel-results/Parallel_MELTS_KCP109C_dP25.0_02-25_11cores.xlsx,liquid,liquid
50,727,400,0,87.91935438197459,2.191874916949982,-1436.22652342865,-1194.10662546405,242.0835854267854,121.6247154800856,4.011148341635997,0.0001896360103412399,1.777111626865302e-05,4.470999642196652e-07,1.049939785927414e-08,-5.339487528802492e-08,,68.52876687478789,0.09326709873118107,12.51443266220124,0.2351444427231598,0,0.5299629243063556,0.03525951293495869,0.1023663278756865,0,0,0.4093159466802488,4.230800494724561,4.288680070587495,0.01023663278756865,9.021767011659659,0,0,0,0,KCP109C,/Users/lopezama/PycharmProjects/sci-cluster/review_outputs/rmelts_parity_audit_v2/2026-02-26/kcp109c_phase7_parity_20260225_224621/runs/kcp109c_phase7_parity_liam_exact/runs/20260225_224621/parallel-results/Parallel_MELTS_KCP109C_dP25.0_02-25_11cores.xlsx,liquid,liquid
51,726,400,0,80.80074844623968,2.191047681844227,-1319.816678062224,-1097.056919014442,222.9492659238173,111.9122261934107,3.687767688297356,0.0001911764067326766,1.785396285082412e-05,4.158091864033765e-07,9.738062424573752e-09,-4.964185281384595e-08,,68.33735413426557,0.1014839934585463,12.5404632898504,0.2561907280359604,0,0.5763561699149795,0.03836589996603577,0.1113848708691361,0,0,0.383463877040909,4.323777465474572,4.201179494699308,0.01113848708691361,9.118841589337645,0,0,0,0,KCP109C,/Users/lopezama/PycharmProjects/sci-cluster/review_outputs/rmelts_parity_audit_v2/2026-02-26/kcp109c_phase7_parity_20260225_224621/runs/kcp109c_phase7_parity_liam_exact/runs/20260225_224621/parallel-results/Parallel_MELTS_KCP109C_dP25.0_02-25_11cores.xlsx,liquid,liquid
52,725,400,0,72.21757389317106,2.18925704303935,-1179.932944938455,-980.500882179505,199.8016958963586,100.1766873793984,3.298725205557007,0.0001930001809466214,1.795704958937631e-05,3.769960716183827e-07,8.803998082071087e-09,-4.500017235999938e-08,,68.14331814810838,0.09794155518353709,12.58426592235797,0.2664042734578391,0,0.5978891067990122,0.04288145896558027,0.1234698668125538,0,0,0.3533341273224666,4.437063121791601,4.101543650799423,0.01246231329906468,9.23942645510259,0,0,0,0,KCP109C,/Users/lopezama/PycharmProjects/sci-cluster/review_outputs/rmelts_parity_audit_v2/2026-02-26/kcp109c_phase7_parity_20260225_224621/runs/kcp109c_phase7_parity_liam_exact/runs/20260225_224621/parallel-results/Parallel_MELTS_KCP109C_dP25.0_02-25_11cores.xlsx,liquid,liquid
53,724,400,0,63.1987707176164,2.187165402863804,-1033.012581044161,-858.1724766954502,175.3398228438159,87.80668586769728,2.88952863989463,0.0001948742881565682,1.806432975234786e-05,3.348043178823657e-07,7.796384075347042e-09,-3.995651198622052e-08,,67.95059584933053,0.09411122043686014,12.63876633290331,0.2700151548075982,0,0.6043611564588497,0.04895015335934228,0.1352058044701447,0,0,0.3233413985696381,4.552913666561496,4.002144304601915,0.01424075120119736,9.365354207299143,0,0,0,0,KCP109C,/Users/lopezama/PycharmProjects/sci-cluster/review_outputs/rmelts_parity_audit_v2/2026-02-26/kcp109c_phase7_parity_20260225_224621/runs/kcp109c_phase7_parity_liam_exact/runs/20260225_224621/parallel-results/Parallel_MELTS_KCP109C_dP25.0_02-25_11cores.xlsx,liquid,liquid
54,723,400,0,53.54757159232972,2.184880188683629,-875.6354169545043,-727.2011416201428,149.0079559648261,74.51870450316095,2.450824162792727,0.000196881156219245,1.818087010718839e-05,2.881132397369287e-07,6.689785919557745e-09,-3.437896435156986e-08,,67.74021640038626,0.0907653608995794,12.70770263964331,0.2739101670035507,0,0.6114744632065372,0.05768574827660024,0.1336340922195589,0,0,0.2941235571260281,4.671276301145552,3.901683669944428,0.01680744583209543,9.50072015431652,0,0,0,0,KCP109C,/Users/lopezama/PycharmProjects/sci-cluster/review_outputs/rmelts_parity_audit_v2/2026-02-26/kcp109c_phase7_parity_20260225_224621/runs/kcp109c_phase7_parity_liam_exact/runs/20260225_224621/parallel-results/Parallel_MELTS_KCP109C_dP25.0_02-25_11cores.xlsx,liquid,liquid
55,722,400,0,43.92679417230802,2.182761967698688,-718.6003748527546,-596.6080193990924,122.5869019280131,61.22895824506339,2.01244088097341,0.0001988518039075777,1.829514295174767e-05,2.399347353418469e-07,5.555232520393013e-09,-2.862310871333129e-08,,67.52057183672193,0.08766076484917104,12.78606873703666,0.2774757639258966,0,0.6180141878198182,0.07018936832713595,0.1321484317175195,0,0,0.2688672522039413,4.777862229969982,3.807052924089136,0.02048858492985657,9.633599918408938,0,0,0,0,KCP109C,/Users/lopezama/PycharmProjects/sci-cluster/review_outputs/rmelts_parity_audit_v2/2026-02-26/kcp109c_phase7_parity_20260225_224621/runs/kcp109c_phase7_parity_liam_exact/runs/20260225_224621/parallel-results/Parallel_MELTS_KCP109C_dP25.0_02-25_11cores.xlsx,liquid,liquid
56,721,400,0,34.41640323909184,2.180932669397631,-563.2193609784533,-467.4809846026068,96.30174156399585,48.04871333177235,1.578058952576357,0.0002007484604513524,1.84052030028991e-05,1.906989787579913e-07,4.402868600590156e-09,-2.274019457130691e-08,,67.28817395994959,0.0848412640430598,12.87976359534293,0.2805171784500902,0,0.6237119347219446,0.08936218927967012,0.130788710974147,0,0,0.2489340539672219,4.865969837057933,3.720650816565703,0.02615025742828318,9.76113620221942,0,0,0,0,KCP109C,/Users/lopezama/PycharmProjects/sci-cluster/review_outputs/rmelts_parity_audit_v2/2026-02-26/kcp109c_phase7_parity_20260225_224621/runs/kcp109c_phase7_parity_liam_exact/runs/20260225_224621/parallel-results/Parallel_MELTS_KCP109C_dP25.0_02-25_11cores.xlsx,liquid,liquid
57,720,400,0,25.4798746313472,2.179617209507688,-417.0885796549391,-346.1190668141751,71.45900703898101,35.6264873369626,1.169006856809612,0.0002024977923305587,1.85072050514972e-05,1.430368142724332e-07,3.293373986838894e-09,-1.704451490630435e-08,,67.03741093524874,0.08240150543368145,12.99909678174341,0.2826725889892311,0,0.6280509635095307,0.1202758601513816,0.1296320185886039,0,0,0.236905050753428,4.923417039429376,3.646994990537417,0.0353219071898845,9.877820358425318,0,0,0,0,KCP109C,/Users/lopezama/PycharmProjects/sci-cluster/review_outputs/rmelts_parity_audit_v2/2026-02-26/kcp109c_phase7_parity_20260225_224621/runs/kcp109c_phase7_parity_liam_exact/runs/20260225_224621/parallel-results/Parallel_MELTS_KCP109C_dP25.0_02-25_11cores.xlsx,liquid,liquid
58,719,400,0,18.06537070674014,2.179094752067994,-295.7621459118983,-245.410007331186,50.75053024312082,25.29467504463919,0.8290309858988844,0.0002040018081257517,1.859594114508781e-05,1.025449744685526e-07,2.354796087174101e-09,-1.220505259477662e-08,,66.76296706469124,0.08046441465021095,13.15581471484409,0.2834958233669069,0,0.6303748022805771,0.168797455492007,0.1287692065142556,0,0,0.2359578956906664,4.935447912924853,3.591739440008687,0.04981894697135596,9.976352322565155,0,0,0,0,KCP109C,/Users/lopezama/PycharmProjects/sci-cluster/review_outputs/rmelts_parity_audit_v2/2026-02-26/kcp109c_phase7_parity_20260225_224621/runs/kcp109c_phase7_parity_liam_exact/runs/20260225_224621/parallel-results/Parallel_MELTS_KCP109C_dP25.0_02-25_11cores.xlsx,liquid,liquid
59,718,400,0,12.88790351726885,2.179416175864936,-211.0009482189274,-175.0784735789299,36.24322720072394,18.06787780001367,0.5913466028191737,0.0002052267935714652,1.866952551285987e-05,7.381373941905211e-08,1.690691127088206e-09,-8.770791518223713e-09,,66.46769098238721,0.07904841981605915,13.34973528927037,0.2828982647972911,0,0.6305076168745456,0.235165368167443,0.1282161994888327,0,0,0.2464712838257466,4.900204351587663,3.55589111305409,0.06983274966049835,10.05433836107023,0,0,0,0,KCP109C,/Users/lopezama/PycharmProjects/sci-cluster/review_outputs/rmelts_parity_audit_v2/2026-02-26/kcp109c_phase7_parity_20260225_224621/runs/kcp109c_phase7_parity_liam_exact/runs/20260225_224621/parallel-results/Parallel_MELTS_KCP109C_dP25.0_02-25_11cores.xlsx,liquid,liquid
60,717,400,0,9.64697753458003,2.180290496618542,-157.9284458053474,-131.0508490764311,27.14497473000687,13.53971397545926,0.4424629447104287,0.0002062520833101831,1.873207277746288e-05,5.566540240121096e-08,1.271833609949341e-09,-6.60131700455194e-09,,66.16274708144135,0.07800218213259111,13.56518458710937,0.2813522333039631,0,0.6290983999659279,0.3121540600736433,0.1278625395823862,0,0,0.2647421868114961,4.83434387041441,3.533385963558809,0.09329323535587132,10.11783366025017,0,0,0,0,KCP109C,/Users/lopezama/PycharmProjects/sci-cluster/review_outputs/rmelts_parity_audit_v2/2026-02-26/kcp109c_phase7_parity_20260225_224621/runs/kcp109c_phase7_parity_liam_exact/runs/20260225_224621/parallel-results/Parallel_MELTS_KCP109C_dP25.0_02-25_11cores.xlsx,liquid,liquid
61,754,375,0,107.756089842769,2.183350449390721,-1770.863704997161,-1466.583744789997,296.2371223357477,148.4073906572412,4.935354737616175,0.0001826466377683118,1.804716374513661e-05,4.963942795376152e-07,1.259233854609557e-08,-6.21966680219045e-08,,70.36242294721798,0.07609758219034399,12.01784987030432,0.1823652563876738,0,0.440942745235669,0.02876859814513004,0.08352173655037755,0,0,0.6496135065029365,4.055444319168332,3.721357372966822,0.008352173655037754,8.373263891675354,0,0,0,0,KCP109C,/Users/lopezama/PycharmProjects/sci-cluster/review_outputs/rmelts_parity_audit_v2/2026-02-26/kcp109c_phase7_parity_20260225_224621/runs/kcp109c_phase7_parity_liam_exact/runs/20260225_224621/parallel-results/Parallel_MELTS_KCP109C_dP25.0_02-25_11cores.xlsx,liquid,liquid
62,753,375,0,107.5971304138518,2.183705224180035,-1767.949995392284,-1464.505281711668,295.7118488336168,148.1971173558137,4.927273572569928,0.0001827173816097338,1.804303887212611e-05,4.966437984255976e-07,1.257155990446993e-08,-6.216410842762283e-08,,70.32448361341687,0.07621000612151319,12.03560462528775,0.1829933353815951,0,0.4412714535566391,0.0288110998752062,0.08364512866995348,0,0,0.650573222988527,4.061435692085519,3.726855177405705,0.008364512866995346,8.379752132343716,0,0,0,0,KCP109C,/Users/lopezama/PycharmProjects/sci-cluster/review_outputs/rmelts_parity_audit_v2/2026-02-26/kcp109c_phase7_parity_20260225_224621/runs/kcp109c_phase7_parity_liam_exact/runs/20260225_224621/parallel-results/Parallel_MELTS_KCP109C_dP25.0_02-25_11cores.xlsx,liquid,liquid
63,752,375,0,107.345369864046,2.184063882601701,-1763.502710163621,-1461.127755601174,294.956791262203,147.8712663634827,4.914937274461679,0.0001828512884503399,1.804073525566269e-05,4.96619381196005e-07,1.254370136063145e-08,-6.21117656418405e-08,,70.26535483843976,0.07638874484388748,12.06383226497979,0.1838072374191553,0,0.4419602122076552,0.02887867183122576,0.08384130531646186,0,0,0.652099041350259,4.07096115814376,3.735595936877912,0.008384130531646185,8.388896458058461,0,0,0,0,KCP109C,/Users/lopezama/PycharmProjects/sci-cluster/review_outputs/rmelts_parity_audit_v2/2026-02-26/kcp109c_phase7_parity_20260225_224621/runs/kcp109c_phase7_parity_liam_exact/runs/20260225_224621/parallel-results/Parallel_MELTS_KCP109C_dP25.0_02-25_11cores.xlsx,liquid,liquid
64,751,375,0,107.0948694119003,2.184421294078532,-1759.077986305184,-1457.767132736831,294.2057838874706,147.5471500173972,4.90266551155723,0.0001829861560869947,1.803847751491784e-05,4.966014948018987e-07,1.251607080600509e-08,-6.206035941648118e-08,,70.20616273608685,0.07656742302399407,12.09205034342345,0.1846242558085245,0,0.442645685371254,0.02894622089931483,0.08403741551413982,0,0,0.6536243428877542,4.080483397742122,3.744333735685563,0.008403741551413981,8.398120702005608,0,0,0,0,KCP109C,/Users/lopezama/PycharmProjects/sci-cluster/review_outputs/rmelts_parity_audit_v2/2026-02-26/kcp109c_phase7_parity_20260225_224621/runs/kcp109c_phase7_parity_liam_exact/runs/20260225_224621/parallel-results/Parallel_MELTS_KCP109C_dP25.0_02-25_11cores.xlsx,liquid,liquid
65,750,375,0,106.8456165593642,2.18477738520913,-1754.675621266547,-1454.423240016778,293.4588098028327,147.2247559439621,4.890457823424272,0.0001831220339545816,1.803626870335022e-05,4.965902936867057e-07,1.248867060501383e-08,-6.20099099648796e-08,,70.14690333735498,0.0767460428914602,12.1202592127367,0.1854444104655212,0,0.4433278728542931,0.02901374792238129,0.08423346171013923,0,0,0.6551491466344163,4.090002529703427,3.75306868286287,0.008423346171013922,8.407428208692757,0,0,0,0,KCP109C,/Users/lopezama/PycharmProjects/sci-cluster/review_outputs/rmelts_parity_audit_v2/2026-02-26/kcp109c_phase7_parity_20260225_224621/runs/kcp109c_phase7_parity_liam_exact/runs/20260225_224621/parallel-results/Parallel_MELTS_KCP109C_dP25.0_02-25_11cores.xlsx,liquid,liquid
66,749,375,0,106.3771376850907,2.185164041516181,-1746.603238034314,-1448.045414062237,292.0880731517652,146.5906497112352,4.86815340468813,0.0001832124177260283,1.803055358504224e-05,4.953774928485266e-07,1.243151841640675e-08,-6.181442791467709e-08,,70.09299992445641,0.07708402948511459,12.14412145608557,0.1866651335817865,0,0.4449167181359557,0.02914152334193356,0.08460442260561356,0,0,0.6502536617274419,4.099169777189329,3.768841837412812,0.008460442260561354,8.413741073717471,0,0,0,0,KCP109C,/Users/lopezama/PycharmProjects/sci-cluster/review_outputs/rmelts_parity_audit_v2/2026-02-26/kcp109c_phase7_parity_20260225_224621/runs/kcp109c_phase7_parity_liam_exact/runs/20260225_224621/parallel-results/Parallel_MELTS_KCP109C_dP25.0_02-25_11cores.xlsx,liquid,liquid
67,748,375,0,105.4892861401111,2.185618398412623,-1731.510854853483,-1435.864800317996,289.5226504778806,145.3600481805504,4.826518948446179,0.0001832111345820062,1.801784534936275e-05,4.918464491488522e-07,1.23171655361907e-08,-6.133900044145604e-08,,70.04953332305024,0.07773281014821742,12.15970109442164,0.1886664145484566,0,0.4482742718041993,0.02938679408042366,0.08531649894316545,0,0,0.6333382284988565,4.107286883622448,3.79823200265314,0.008531649894316545,8.414000028334888,0,0,0,0,KCP109C,/Users/lopezama/PycharmProjects/sci-cluster/review_outputs/rmelts_parity_audit_v2/2026-02-26/kcp109c_phase7_parity_20260225_224621/runs/kcp109c_phase7_parity_liam_exact/runs/20260225_224621/parallel-results/Parallel_MELTS_KCP109C_dP25.0_02-25_11cores.xlsx,liquid,liquid
68,747,375,0,104.6001440434177,2.186084210615587,-1716.401331397574,-1423.666673741993,286.9525635010352,144.1272111852066,4.784817690712976,0.000183204411140971,1.800475783508225e-05,4.882790143583048e-07,1.220236041280511e-08,-6.085932615357202e-08,,70.00628752075484,0.07839357167081236,12.17523129407945,0.1907046917970581,0,0.4516937932840504,0.02963659416823394,0.08604172500455015,0,0,0.6167066573297227,4.114815176312128,3.82797464925194,0.008604172500455014,8.413910153846771,0,0,0,0,KCP109C,/Users/lopezama/PycharmProjects/sci-cluster/review_outputs/rmelts_parity_audit_v2/2026-02-26/kcp109c_phase7_parity_20260225_224621/runs/kcp109c_phase7_parity_liam_exact/runs/20260225_224621/parallel-results/Parallel_MELTS_KCP109C_dP25.0_02-25_11cores.xlsx,liquid,liquid
69,746,375,0,103.7088435859052,2.186562054693316,-1701.260251178364,-1411.439109280831,284.3753538709043,142.8909186254241,4.74300939062309,0.0001831919266215958,1.799126904274536e-05,4.846702900435376e-07,1.208698620267529e-08,-6.037480814114988e-08,,69.9632792102227,0.07906730848034747,12.19070426613845,0.1927825913356378,0,0.4551808261629399,0.02989129954744843,0.08678119223452771,0,0,0.6003584104396499,4.121733886946091,3.858093394597882,0.00867811922345277,8.413449494670868,0,0,0,0,KCP109C,/Users/lopezama/PycharmProjects/sci-cluster/review_outputs/rmelts_parity_audit_v2/2026-02-26/kcp109c_phase7_parity_20260225_224621/runs/kcp109c_phase7_parity_liam_exact/runs/20260225_224621/parallel-results/Parallel_MELTS_KCP109C_dP25.0_02-25_11cores.xlsx,liquid,liquid
70,745,375,0,102.8144440451255,2.187052560874448,-1686.071999082579,-1399.169181531774,281.788358837897,141.6498480629564,4.70105044041636,0.0001831733319066725,1.797735499943919e-05,4.810149489416608e-07,1.197091648417798e-08,-5.988479764040097e-08,,69.92052646329074,0.07975513018457464,12.20611139846201,0.1949030405221554,0,0.4587415586464247,0.03015132970392456,0.08753611849526484,0,0,0.5842928260884764,4.128020289214814,3.888614087976285,0.008753611849526482,8.412594145565777,0,0,0,0,KCP109C,/Users/lopezama/PycharmProjects/sci-cluster/review_outputs/rmelts_parity_audit_v2/2026-02-26/kcp109c_phase7_parity_20260225_224621/runs/kcp109c_phase7_parity_liam_exact/runs/20260225_224621/parallel-results/Parallel_MELTS_KCP109C_dP25.0_02-25_11cores.xlsx,liquid,liquid
71,744,375,0,101.9159397409078,2.187556414828688,-1670.819898788895,-1386.843076659616,279.1887353185663,140.4025864536015,4.658894236969382,0.0001831482513771437,1.79629899163929e-05,4.77307283449813e-07,1.185401654122193e-08,-5.9388599801628e-08,,69.87804839282398,0.0804582642818216,12.22144352326101,0.1970692765555831,0,0.462382837466647,0.03041714869190816,0.08830785104102369,0,0,0.5685095950574665,4.133649678813677,3.91956428330335,0.008830785104102368,8.411318363599419,0,0,0,0,KCP109C,/Users/lopezama/PycharmProjects/sci-cluster/review_outputs/rmelts_parity_audit_v2/2026-02-26/kcp109c_phase7_parity_20260225_224621/runs/kcp109c_phase7_parity_liam_exact/runs/20260225_224621/parallel-results/Parallel_MELTS_KCP109C_dP25.0_02-25_11cores.xlsx,liquid,liquid
72,743,375,0,101.0122503357835,2.188074359851996,-1655.486057267226,-1374.445960552925,276.573435727305,139.1476175862064,4.616490745891106,0.0001831162861455515,1.794814636729078e-05,4.735411749984867e-07,1.173614266957439e-08,-5.88854702268706e-08,,69.83586433408118,0.08117807329774548,12.23669126220841,0.1992848906222143,0,0.4661122644099789,0.03068927161256232,0.08909788532679382,0,0,0.5530091806451989,4.138595149294645,3.950973164656304,0.008909788532679382,8.409594735312282,0,0,0,0,KCP109C,/Users/lopezama/PycharmProjects/sci-cluster/review_outputs/rmelts_parity_audit_v2/2026-02-26/kcp109c_phase7_parity_20260225_224621/runs/kcp109c_phase7_parity_liam_exact/runs/20260225_224621/parallel-results/Parallel_MELTS_KCP109C_dP25.0_02-25_11cores.xlsx,liquid,liquid
73,742,375,0,100.1021748798039,2.188607218711387,-1640.05059444481,-1361.961343304332,273.9390741668502,137.8832556966728,4.573784369528958,0.000183076992760367,1.793279382925485e-05,4.697098075812553e-07,1.161713530437995e-08,-5.83745798981754e-08,,69.79399625871493,0.08191610344435875,12.25184358029164,0.2015539530847462,0,0.4699384705489178,0.0309682830094527,0.08990791841454009,0,0,0.5377913161394532,4.142827074427759,3.982873439816482,0.008990791841454007,8.407392810266257,0,0,0,0,KCP109C,/Users/lopezama/PycharmProjects/sci-cluster/review_outputs/rmelts_parity_audit_v2/2026-02-26/kcp109c_phase7_parity_20260225_224621/runs/kcp109c_phase7_parity_liam_exact/runs/20260225_224621/parallel-results/Parallel_MELTS_KCP109C_dP25.0_02-25_11cores.xlsx,liquid,liquid
74,741,375,0,99.18439646414174,2.18915589648377,-1624.491729986059,-1349.371147160658,271.2819433273202,136.6076533332096,4.530714172684187,0.0001830298878608158,1.791689901080413e-05,4.65805712823373e-07,1.149682025645334e-08,-5.785502063507764e-08,,69.75246781563129,0.08267409652074116,12.26688835227141,0.2038810456268899,0,0.4738711819382482,0.03125484136759726,0.0907398620349598,0,0,0.5228558476367244,4.14631298143029,4.015300620791104,0.00907398620349598,8.404679368547244,0,0,0,0,KCP109C,/Users/lopezama/PycharmProjects/sci-cluster/review_outputs/rmelts_parity_audit_v2/2026-02-26/kcp109c_phase7_parity_20260225_224621/runs/kcp109c_phase7_parity_liam_exact/runs/20260225_224621/parallel-results/Parallel_MELTS_KCP109C_dP25.0_02-25_11cores.xlsx,liquid,liquid
75,740,375,0,98.25748251844408,2.189721375945981,-1608.785802477373,-1336.655715410586,268.5980230635023,135.3188043570129,4.487213925835468,0.0001829744618735116,1.790042673443058e-05,4.618208253181339e-07,1.137501014204118e-08,-5.732581224499777e-08,,69.71130212262233,0.0834540069041475,12.28181342047301,0.2062713054983799,0,0.477921314895874,0.03154968553693381,0.09159586123625944,0,0,0.5082039925487145,4.149017441154017,4.048292025785637,0.009159586123625944,8.401419237221099,0,0,0,0,KCP109C,/Users/lopezama/PycharmProjects/sci-cluster/review_outputs/rmelts_parity_audit_v2/2026-02-26/kcp109c_phase7_parity_20260225_224621/runs/kcp109c_phase7_parity_liam_exact/runs/20260225_224621/parallel-results/Parallel_MELTS_KCP109C_dP25.0_02-25_11cores.xlsx,liquid,liquid
76,739,375,0,97.31982201455017,2.190304751109053,-1592.906219400763,-1323.792945370091,265.8827980345527,134.0144534366132,4.443209191107888,0.0001829101490418385,1.788333789967236e-05,4.577460905972886e-07,1.125149504177531e-08,-5.678585435483284e-08,,69.67052504354845,0.0842580752465448,12.29660467665572,0.2087306155775895,0,0.4821013909291548,0.03185366259320595,0.09247837527059793,0,0,0.4938364620326272,4.150901312040919,4.081889187350174,0.009247837527059793,8.397573361227947,0,0,0,0,KCP109C,/Users/lopezama/PycharmProjects/sci-cluster/review_outputs/rmelts_parity_audit_v2/2026-02-26/kcp109c_phase7_parity_20260225_224621/runs/kcp109c_phase7_parity_liam_exact/runs/20260225_224621/parallel-results/Parallel_MELTS_KCP109C_dP25.0_02-25_11cores.xlsx,liquid,liquid
77,738,375,0,96.3696100481419,2.190907233056482,-1576.823215534226,-1310.758081365909,263.1312210535702,132.6920765306039,4.398616636711677,0.0001828363331301171,1.786558983893358e-05,4.535714222585175e-07,1.112604163382292e-08,-5.623392134215147e-08,,69.63016382921106,0.08508886928399392,12.31124665039879,0.2112657103007775,0,0.4864257658860261,0.03216774326590013,0.09339022238487137,0,0,0.4797543440379263,4.151921444947454,4.11613729345211,0.009339022238487135,8.393099104592599,0,0,0,0,KCP109C,/Users/lopezama/PycharmProjects/sci-cluster/review_outputs/rmelts_parity_audit_v2/2026-02-26/kcp109c_phase7_parity_20260225_224621/runs/kcp109c_phase7_parity_liam_exact/runs/20260225_224621/parallel-results/Parallel_MELTS_KCP109C_dP25.0_02-25_11cores.xlsx,liquid,liquid
78,737,375,0,95.40481410575876,2.191530159434131,-1560.503308325374,-1297.523255556526,260.3376258663043,131.3488358540023,4.353342512538955,0.0001827523516507231,1.784713653014785e-05,4.492855675965459e-07,1.099839010925107e-08,-5.566864625609992e-08,,69.59024573088547,0.08594934647500575,12.32572295739441,0.2138843370287492,0,0.4909109827808332,0.03249304561859973,0.09433464857012826,0,0,0.4659598034147031,4.152030213381739,4.15108503543667,0.009433464857012824,8.387950434156657,0,0,0,0,KCP109C,/Users/lopezama/PycharmProjects/sci-cluster/review_outputs/rmelts_parity_audit_v2/2026-02-26/kcp109c_phase7_parity_20260225_224621/runs/kcp109c_phase7_parity_liam_exact/runs/20260225_224621/parallel-results/Parallel_MELTS_KCP109C_dP25.0_02-25_11cores.xlsx,liquid,liquid
79,736,375,0,94.42309087244863,2.19217504690047,-1543.907913152194,-1284.056342820282,257.4954866292543,129.9814602539549,4.307278791716657,0.0001826574526152619,1.782792573332759e-05,4.448755845054078e-07,1.086824187216819e-08,-5.508845603628417e-08,,69.55080275621022,0.0868429705355691,12.34001364318037,0.2165955578917589,0,0.4955764267382087,0.03283087910491027,0.0953154554658685,0,0,0.4524537842558159,4.151174538631049,4.186787301199066,0.00953154554658685,8.38207514124057,0,0,0,0,KCP109C,/Users/lopezama/PycharmProjects/sci-cluster/review_outputs/rmelts_parity_audit_v2/2026-02-26/kcp109c_phase7_parity_20260225_224621/runs/kcp109c_phase7_parity_liam_exact/runs/20260225_224621/parallel-results/Parallel_MELTS_KCP109C_dP25.0_02-25_11cores.xlsx,liquid,liquid
80,735,375,0,93.42175966889738,2.192843568516726,-1526.992950594986,-1270.320610428026,254.5973715885135,128.5862172859854,4.260302057574007,0.0001825508474723503,1.780790230359785e-05,4.403269074912216e-07,1.073526125018489e-08,-5.449158119823394e-08,,69.51186332166422,0.08777379069335792,12.35409884134486,0.2194099509999241,0,0.5004447740764448,0.03318277453041579,0.09633708734636844,0,0,0.4392400332528609,4.149295562366909,4.223302162579648,0.009633708734636842,8.375417992410364,0,0,0,0,KCP109C,/Users/lopezama/PycharmProjects/sci-cluster/review_outputs/rmelts_parity_audit_v2/2026-02-26/kcp109c_phase7_parity_20260225_224621/runs/kcp109c_phase7_parity_liam_exact/runs/20260225_224621/parallel-results/Parallel_MELTS_KCP109C_dP25.0_02-25_11cores.xlsx,liquid,liquid
81,734,375,0,92.39766461086208,2.193537636419469,-1509.706556206219,-1256.272822337077,251.6345468590998,127.1587157666276,4.212267119413716,0.0001824316451281512,1.778700382213468e-05,4.356224983857593e-07,1.059905552227563e-08,-5.387595059872627e-08,,69.47345945010193,0.08874663986947341,12.36795466885778,0.2223401226686708,0,0.505543107105717,0.03355055897504482,0.0974048486372269,0,0,0.4263216051471521,4.146327174411803,4.260694860944805,0.00974048486372269,8.367916478416669,0,0,0,0,KCP109C,/Users/lopezama/PycharmProjects/sci-cluster/review_outputs/rmelts_parity_audit_v2/2026-02-26/kcp109c_phase7_parity_20260225_224621/runs/kcp109c_phase7_parity_liam_exact/runs/20260225_224621/parallel-results/Parallel_MELTS_KCP109C_dP25.0_02-25_11cores.xlsx,liquid,liquid
82,733,375,0,91.34706301677048,2.19425942329459,-1491.987277814328,-1241.861720344595,248.5966878395195,125.6937567800893,4.163001969913686,0.0001822988713727267,1.776516167274863e-05,4.307424078552579e-07,1.045916471907737e-08,-5.323913865121061e-08,,69.43562202221639,0.08976733666124835,12.38155469886498,0.2254012242217784,0,0.5109040550288344,0.03393643215242315,0.09852512560380916,0,0,0.4137030164469302,4.142194937937434,4.299036847811251,0.009852512560380914,8.359501790494512,0,0,0,0,KCP109C,/Users/lopezama/PycharmProjects/sci-cluster/review_outputs/rmelts_parity_audit_v2/2026-02-26/kcp109c_phase7_parity_20260225_224621/runs/kcp109c_phase7_parity_liam_exact/runs/20260225_224621/parallel-results/Parallel_MELTS_KCP109C_dP25.0_02-25_11cores.xlsx,liquid,liquid
83,732,375,0,90.26540688832065,2.195011444068359,-1473.760491478347,-1227.025033830821,245.47128055268,124.1850306432656,4.112297780143581,0.0001821514344950547,1.77422986101517e-05,4.25662662724803e-07,1.031503547337116e-08,-5.257822861791344e-08,,69.39838253974716,0.09084302770150822,12.39486779650342,0.2286118293925016,0,0.5165677264776577,0.03434309583837505,0.09970576211141145,0,0,0.4013892085715405,4.13681414085139,4.338407919194611,0.009970576211141145,8.350096377399286,0,0,0,0,KCP109C,/Users/lopezama/PycharmProjects/sci-cluster/review_outputs/rmelts_parity_audit_v2/2026-02-26/kcp109c_phase7_parity_20260225_224621/runs/kcp109c_phase7_parity_liam_exact/runs/20260225_224621/parallel-results/Parallel_MELTS_KCP109C_dP25.0_02-25_11cores.xlsx,liquid,liquid
84,731,375,0,89.1471048732187,2.195796627507523,-1454.934527355108,-1211.686231504544,242.2429874526352,122.6247927583956,4.059898068720996,0.0001819881259951614,1.771832848323134e-05,4.203541833149037e-07,1.016599572260016e-08,-5.188968056665e-08,,69.3617690456384,0.09198260759067146,12.40785848104744,0.2319950100584033,0,0.5225840803531505,0.03477391262574164,0.1009565205263467,0,0,0.3893871605770035,4.130087802945484,4.378896171644948,0.01009565205263467,8.339613554939774,0,0,0,0,KCP109C,/Users/lopezama/PycharmProjects/sci-cluster/review_outputs/rmelts_parity_audit_v2/2026-02-26/kcp109c_phase7_parity_20260225_224621/runs/kcp109c_phase7_parity_liam_exact/runs/20260225_224621/parallel-results/Parallel_MELTS_KCP109C_dP25.0_02-25_11cores.xlsx,liquid,liquid
85,730,375,0,82.87857210461846,2.195737532140849,-1352.284728172632,-1126.134123652208,225.4404670492193,114.0821849455621,3.774520902041132,0.0001828933534242966,1.776379937701209e-05,3.937756261064848e-07,9.499751176885793e-09,-4.858336391240592e-08,,69.22580374833768,0.09893972218729316,12.42655141966689,0.2499009037976304,0,0.5617868191467504,0.03740404131470839,0.1085923780104437,0,0,0.3674036928025688,4.192039236278803,4.327366448060458,0.01085923780104437,8.393352352595691,0,0,0,0,KCP109C,/Users/lopezama/PycharmProjects/sci-cluster/review_outputs/rmelts_parity_audit_v2/2026-02-26/kcp109c_phase7_parity_20260225_224621/runs/kcp109c_phase7_parity_liam_exact/runs/20260225_224621/parallel-results/Parallel_MELTS_KCP109C_dP25.0_02-25_11cores.xlsx,liquid,liquid
86,729,375,0,73.2817239156994,2.194692852847814,-1195.843538759357,-995.6774583255698,199.7366466435043,100.9949175065488,3.339042354861167,0.0001843163486099118,1.784528646363237e-05,3.522716863996769e-07,8.47551276515715e-09,-4.344213032246374e-08,,69.06246556336757,0.1055821250758101,12.4614890655687,0.2607981110799095,0,0.5849619025753184,0.04230240728993337,0.1220691538707491,0,0,0.3382300219392965,4.293520219731156,4.234215186312843,0.01228134405191614,8.482084899136808,0,0,0,0,KCP109C,/Users/lopezama/PycharmProjects/sci-cluster/review_outputs/rmelts_parity_audit_v2/2026-02-26/kcp109c_phase7_parity_20260225_224621/runs/kcp109c_phase7_parity_liam_exact/runs/20260225_224621/parallel-results/Parallel_MELTS_KCP109C_dP25.0_02-25_11cores.xlsx,liquid,liquid
87,728,375,0,62.48437137527038,2.193116508037393,-1020.027688024153,-849.1365515990468,170.6948373621399,86.23580122134668,2.849113175076471,0.0001858570251262503,1.793625871017874e-05,3.042428224891587e-07,7.299732587436958e-09,-3.75023373520859e-08,,68.90096562417004,0.1045641754427105,12.51083972969981,0.2627570950361861,0,0.5878318269625974,0.04957511474644281,0.1411772383887532,0,0,0.307929339766164,4.402547242963047,4.135937787265703,0.01440356974540483,8.581471255813133,0,0,0,0,KCP109C,/Users/lopezama/PycharmProjects/sci-cluster/review_outputs/rmelts_parity_audit_v2/2026-02-26/kcp109c_phase7_parity_20260225_224621/runs/kcp109c_phase7_parity_liam_exact/runs/20260225_224621/parallel-results/Parallel_MELTS_KCP109C_dP25.0_02-25_11cores.xlsx,liquid,liquid
88,727,375,0,50.23220384424867,2.191270307396062,-820.3211032397182,-682.7233839039451,137.5770827733572,69.42732358156292,2.292378246294076,0.0001875984596555955,1.804216237908126e-05,2.480941268660659e-07,5.935722401072181e-09,-3.056875577946415e-08,,68.71278087137269,0.1009345682540612,12.58247964212372,0.2665032310655172,0,0.5948177039036379,0.06153858584701545,0.1409541634282265,0,0,0.2778735660807022,4.51679079108899,4.033004046814272,0.01791675195670623,8.694406078064457,0,0,0,0,KCP109C,/Users/lopezama/PycharmProjects/sci-cluster/review_outputs/rmelts_parity_audit_v2/2026-02-26/kcp109c_phase7_parity_20260225_224621/runs/kcp109c_phase7_parity_liam_exact/runs/20260225_224621/parallel-results/Parallel_MELTS_KCP109C_dP25.0_02-25_11cores.xlsx,liquid,liquid
89,726,375,0,38.02136007212832,2.189738730226003,-621.1081948532521,-516.8191430408615,104.3777729193721,52.62497705969716,1.736342310947943,0.0001892612976131746,1.814354951961626e-05,1.90327276130521e-07,4.540974304283297e-09,-2.343710670027351e-08,,68.50920826044623,0.09770209986773964,12.6725375465158,0.2696922910916965,0,0.6009192215983662,0.08106605717587141,0.1394848245034279,0,0,0.2539501258942646,4.610332249890612,3.939616067260626,0.02367084919298874,8.80182040656236,0,0,0,0,KCP109C,/Users/lopezama/PycharmProjects/sci-cluster/review_outputs/rmelts_parity_audit_v2/2026-02-26/kcp109c_phase7_parity_20260225_224621/runs/kcp109c_phase7_parity_liam_exact/runs/20260225_224621/parallel-results/Parallel_MELTS_KCP109C_dP25.0_02-25_11cores.xlsx,liquid,liquid
90,725,375,0,26.74310372791279,2.1888430790613,-436.9635336447183,-363.5457412677491,73.5538670309766,37.06426593722206,1.221791730240514,0.0001907388029573341,1.823425927550632e-05,1.354624244519572e-07,3.223254604426036e-09,-1.666473306130416e-08,,68.28256032851193,0.09498838631402205,12.79405561365573,0.2717824459922172,0,0.6053103317045486,0.114756165768964,0.1382764414440973,0,0,0.2400320321925798,4.665286774098404,3.863186872764966,0.03365345503988171,8.896111152512683,0,0,0,0,KCP109C,/Users/lopezama/PycharmProjects/sci-cluster/review_outputs/rmelts_parity_audit_v2/2026-02-26/kcp109c_phase7_parity_20260225_224621/runs/kcp109c_phase7_parity_liam_exact/runs/20260225_224621/parallel-results/Parallel_MELTS_KCP109C_dP25.0_02-25_11cores.xlsx,liquid,liquid
91,724,375,0,17.99531885515801,2.18891278440816,-294.0490002886255,-244.6393822226637,49.55083795413105,24.97001816012931,0.8221121911910071,0.0001919162633884725,1.830786490476703e-05,9.200744017765018e-08,2.183634709487262e-09,-1.130122104192664e-08,,68.02549103454346,0.09297709009804418,12.96122898397656,0.2721986286747682,0,0.6071027142499167,0.1694941665905151,0.1374591356579848,0,0,0.2401591307135493,4.663153697509253,3.811574077818273,0.05001288534979354,8.969148454817885,0,0,0,0,KCP109C,/Users/lopezama/PycharmProjects/sci-cluster/review_outputs/rmelts_parity_audit_v2/2026-02-26/kcp109c_phase7_parity_20260225_224621/runs/kcp109c_phase7_parity_liam_exact/runs/20260225_224621/parallel-results/Parallel_MELTS_KCP109C_dP25.0_02-25_11cores.xlsx,liquid,liquid
92,723,375,0,12.49578993898987,2.189867854523855,-204.1682454625019,-169.8776894617255,34.42308487755509,17.35686176847198,0.570618446824356,0.0001927968527668541,1.836440754297968e-05,6.433571745093193e-08,1.523144350612852e-09,-7.885858401397374e-09,,67.74553466801106,0.09162533118457171,13.16710959138765,0.2710502260430092,0,0.6063881194849413,0.2423217542544624,0.137000725221725,0,0,0.2530552921964435,4.609403782427426,3.783137403661552,0.07202408350021801,9.021349022626957,0,0,0,0,KCP109C,/Users/lopezama/PycharmProjects/sci-cluster/review_outputs/rmelts_parity_audit_v2/2026-02-26/kcp109c_phase7_parity_20260225_224621/runs/kcp109c_phase7_parity_liam_exact/runs/20260225_224621/parallel-results/Parallel_MELTS_KCP109C_dP25.0_02-25_11cores.xlsx,liquid,liquid
93,721,375,0,7.381735098174984,2.192831304630715,-120.5678808061319,-100.3529749898661,20.33385889077682,10.27186848637357,0.336630322751531,0.0001941312063448409,1.845198124695782e-05,3.841212018756882e-08,9.050924605041342e-10,-4.686102811116059e-09,,67.17521070120199,0.08991106872266949,13.61240723691234,0.2667596141415863,0,0.6013675119645231,0.4044713304763009,0.1365182483913752,0,0,0.2957043407455683,4.441179840074696,3.757821529740844,0.1219222620915741,9.096726315536536,0,0,0,0,KCP109C,/Users/lopezama/PycharmProjects/sci-cluster/review_outputs/rmelts_parity_audit_v2/2026-02-26/kcp109c_phase7_parity_20260225_224621/runs/kcp109c_phase7_parity_liam_exact/runs/20260225_224621/parallel-results/Parallel_MELTS_KCP109C_dP25.0_02-25_11cores.xlsx,liquid,liquid
94,775,350,0,107.1766564112071,2.178203277839852,-1765.794157566286,-1457.070232481976,294.5417402893765,147.4211563501618,4.920415716089424,0.0001787130822251846,1.82570804302287e-05,4.564927556034009e-07,1.232654330252654e-08,-6.065246106951984e-08,,70.74282508969951,0.07650899046894441,12.08282227527841,0.1785056426363736,0,0.4476866950473155,0.02892413054313752,0.08397328222201214,0,0,0.6531255283934277,4.077369370113257,3.741476241225207,0.008397328222201213,7.878385426150204,0,0,0,0,KCP109C,/Users/lopezama/PycharmProjects/sci-cluster/review_outputs/rmelts_parity_audit_v2/2026-02-26/kcp109c_phase7_parity_20260225_224621/runs/kcp109c_phase7_parity_liam_exact/runs/20260225_224621/parallel-results/Parallel_MELTS_KCP109C_dP25.0_02-25_11cores.xlsx,liquid,liquid
95,774,350,0,107.1786186218006,2.178547448137148,-1765.542064484605,-1457.242764822773,294.4175138822829,147.4118350306231,4.919728450874359,0.0001786781790677192,1.824989401901713e-05,4.571570156924384e-07,1.231849796159528e-08,-6.065333211870849e-08,,70.74152994383441,0.07650758975724647,12.08260106532124,0.1787966024064128,0,0.447413749457256,0.0289236010057883,0.08397174485551441,0,0,0.6531135710984454,4.077294722428866,3.741407743006809,0.00839717448555144,7.880042492342442,0,0,0,0,KCP109C,/Users/lopezama/PycharmProjects/sci-cluster/review_outputs/rmelts_parity_audit_v2/2026-02-26/kcp109c_phase7_parity_20260225_224621/runs/kcp109c_phase7_parity_liam_exact/runs/20260225_224621/parallel-results/Parallel_MELTS_KCP109C_dP25.0_02-25_11cores.xlsx,liquid,liquid
96,773,350,0,107.1805528827244,2.178892305185896,-1765.28947234872,-1457.414937066826,294.2929171551818,147.4024169760617,4.919038569626784,0.0001786427295953101,1.824267475733282e-05,4.578200096008713e-07,1.231040877589084e-08,-6.065396579617905e-08,,70.7402532924021,0.07650620904744102,12.08238301419953,0.1790888728939111,0,0.4471397835003337,0.02892307903013014,0.0839702294423133,0,0,0.6531017845513257,4.07722114069899,3.741340222929737,0.008397022944231329,7.881675348359937,0,0,0,0,KCP109C,/Users/lopezama/PycharmProjects/sci-cluster/review_outputs/rmelts_parity_audit_v2/2026-02-26/kcp109c_phase7_parity_20260225_224621/runs/kcp109c_phase7_parity_liam_exact/runs/20260225_224621/parallel-results/Parallel_MELTS_KCP109C_dP25.0_02-25_11cores.xlsx,liquid,liquid
97,772,350,0,107.1824587620989,2.179237856333941,-1765.0363726557,-1457.586743467233,294.1679464081396,147.3929011007801,4.918346037839501,0.0001786067282998567,1.823542231742587e-05,4.584817082724975e-07,1.230227525330979e-08,-6.065435870521284e-08,,70.73899541843653,0.07650484864563177,12.08216817025526,0.1793824611779618,0,0.4468647932404737,0.02892256473188518,0.08396873631837633,0,0,0.6530901713651492,4.077148641236717,3.741273695963212,0.008396873631837632,7.883283624996941,0,0,0,0,KCP109C,/Users/lopezama/PycharmProjects/sci-cluster/review_outputs/rmelts_parity_audit_v2/2026-02-26/kcp109c_phase7_parity_20260225_224621/runs/kcp109c_phase7_parity_liam_exact/runs/20260225_224621/parallel-results/Parallel_MELTS_KCP109C_dP25.0_02-25_11cores.xlsx,liquid,liquid
98,771,350,0,107.1843355549469,2.179584115197247,-1764.782751001135,-1457.758174790068,294.0425956146784,147.383285649852,4.917650794369409,0.0001785701660298165,1.822813611085932e-05,4.591420676982995e-07,1.229409652601419e-08,-6.06545052161314e-08,,70.73775678519479,0.07650350905283539,12.08195661261242,0.1796773750397608,0,0.4465887756595556,0.02892205830046215,0.0839672660335998,0,0,0.6530787358168874,4.077077250742568,3.741208186608169,0.008396726603359978,7.884866718335571,0,0,0,0,KCP109C,/Users/lopezama/PycharmProjects/sci-cluster/review_outputs/rmelts_parity_audit_v2/2026-02-26/kcp109c_phase7_parity_20260225_224621/runs/kcp109c_phase7_parity_liam_exact/runs/20260225_224621/parallel-results/Parallel_MELTS_KCP109C_dP25.0_02-25_11cores.xlsx,liquid,liquid
99,770,350,0,107.1861840963366,2.179931059765205,-1764.528626352787,-1457.929241438233,293.9168718923975,147.3735726445787,4.916952929139024,0.0001785330542472528,1.822081703088658e-05,4.598011274578424e-07,1.228587385898753e-08,-6.065441231041146e-08,,70.73653683956377,0.07650218967085512,12.08174824679968,0.1799736185370116,0,0.4463117223502679,0.02892155950971352,0.08396581793142634,0,0,0.6530674727999826,4.077006937337035,3.741143665611329,0.008396581793142633,7.886425348095774,0,0,0,0,KCP109C,/Users/lopezama/PycharmProjects/sci-cluster/review_outputs/rmelts_parity_audit_v2/2026-02-26/kcp109c_phase7_parity_20260225_224621/runs/kcp109c_phase7_parity_liam_exact/runs/20260225_224621/parallel-results/Parallel_MELTS_KCP109C_dP25.0_02-25_11cores.xlsx,liquid,liquid
100,769,350,0,107.1880039717428,2.180278696933684,-1764.273990601358,-1458.099937881083,293.7907716933983,147.36376104178,4.916252409496574,0.00017849538769166,1.821346476866824e-05,4.60458859293184e-07,1.227760678688968e-08,-6.065407673711829e-08,,70.73533585316409,0.07650089079345108,12.08154311920965,0.1802711988043154,0,0.4460336292284469,0.02892106847069492,0.08396439233427556,0,0,0.6530563848221433,4.07693771667538,3.741080147338278,0.008396439233427555,7.887959159925822,0,0,0,0,KCP109C,/Users/lopezama/PycharmProjects/sci-cluster/review_outputs/rmelts_parity_audit_v2/2026-02-26/kcp109c_phase7_parity_20260225_224621/runs/kcp109c_phase7_parity_liam_exact/runs/20260225_224621/parallel-results/Parallel_MELTS_KCP109C_dP25.0_02-25_11cores.xlsx,liquid,liquid
101,768,350,0,107.1897918574407,2.180627100563437,-1764.018772705383,-1458.270221461189,293.6642666706945,147.35384266892,4.915548918462249,0.0001784571222353642,1.820607623004807e-05,4.611150761947667e-07,1.22692908316621e-08,-6.065347144475544e-08,,70.73415601737446,0.07649961479061872,12.0813416041282,0.1805701301422853,0,0.4457545022696143,0.02892058607938024,0.08396299184336199,0,0,0.6530454921150377,4.076869715061021,3.741017747687573,0.008396299184336199,7.889465299324097,0,0,0,0,KCP109C,/Users/lopezama/PycharmProjects/sci-cluster/review_outputs/rmelts_parity_audit_v2/2026-02-26/kcp109c_phase7_parity_20260225_224621/runs/kcp109c_phase7_parity_liam_exact/runs/20260225_224621/parallel-results/Parallel_MELTS_KCP109C_dP25.0_02-25_11cores.xlsx,liquid,liquid
102,767,350,0,107.1915507389051,2.180976199013566,-1763.763038194597,-1458.44013001181,293.5373822840805,147.3438248180617,4.914842756531996,0.0001784182981032447,1.8198654372649e-05,4.617699347360213e-07,1.226093023108836e-08,-6.065262101670281e-08,,70.73299536004617,0.07649835952946177,12.08114336471378,0.1808704114442025,0,0.4454743255113665,0.02892011152943067,0.08396161411770194,0,0,0.653034776471015,4.076802818826194,3.740956362355386,0.008396161411770192,7.8909463340435,0,0,0,0,KCP109C,/Users/lopezama/PycharmProjects/sci-cluster/review_outputs/rmelts_parity_audit_v2/2026-02-26/kcp109c_phase7_parity_20260225_224621/runs/kcp109c_phase7_parity_liam_exact/runs/20260225_224621/parallel-results/Parallel_MELTS_KCP109C_dP25.0_02-25_11cores.xlsx,liquid,liquid
103,766,350,0,107.1932792680996,2.181326020545673,-1763.506758806499,-1458.609646077118,293.4101070388112,147.3337041593954,4.914133800195741,0.0001783788975925011,1.819119799896424e-05,4.624233553967909e-07,1.225252323835662e-08,-6.06515145732324e-08,,70.73185476879705,0.07649712596994676,12.08094855257086,0.181172052243295,0,0.4451930980081062,0.02891964518376036,0.08396026021091717,0,0,0.6530242460849113,4.076737079130089,3.74089603828642,0.008396026021091716,7.892401107493543,0,0,0,0,KCP109C,/Users/lopezama/PycharmProjects/sci-cluster/review_outputs/rmelts_parity_audit_v2/2026-02-26/kcp109c_phase7_parity_20260225_224621/runs/kcp109c_phase7_parity_liam_exact/runs/20260225_224621/parallel-results/Parallel_MELTS_KCP109C_dP25.0_02-25_11cores.xlsx,liquid,liquid
104,765,350,0,107.1949767046843,2.181676579332128,-1763.249919457528,-1458.778759946879,293.2824346295325,147.3234788534771,4.913421985650119,0.0001783389111418826,1.818370649745727e-05,4.630752915581852e-07,1.224406894983391e-08,-6.06501462130876e-08,,70.7307347301866,0.0764959146382921,12.08075725080345,0.181475060626966,0,0.4449108166665586,0.02891918724130555,0.0839589307005645,0,0,0.653013905448835,4.076672524016298,3.74083680121404,0.008395893070056448,7.893828985387016,0,0,0,0,KCP109C,/Users/lopezama/PycharmProjects/sci-cluster/review_outputs/rmelts_parity_audit_v2/2026-02-26/kcp109c_phase7_parity_20260225_224621/runs/kcp109c_phase7_parity_liam_exact/runs/20260225_224621/parallel-results/Parallel_MELTS_KCP109C_dP25.0_02-25_11cores.xlsx,liquid,liquid
105,764,350,0,107.1966430494998,2.18202787247678,-1762.992521100597,-1458.947471368857,293.1543650694115,147.3131488770034,4.91270732155327,0.0001782983390962703,1.817617996661265e-05,4.637257370184701e-07,1.223556748474393e-08,-6.064851609940642e-08,,70.72963524170912,0.07649472553178784,12.08056945898356,0.1817794428972636,0,0.4446274757945254,0.02891873770104174,0.08395762558366957,0,0,0.6530037545396522,4.0766091533404,3.740778651005721,0.008395762558366956,7.895229970354861,0,0,0,0,KCP109C,/Users/lopezama/PycharmProjects/sci-cluster/review_outputs/rmelts_parity_audit_v2/2026-02-26/kcp109c_phase7_parity_20260225_224621/runs/kcp109c_phase7_parity_liam_exact/runs/20260225_224621/parallel-results/Parallel_MELTS_KCP109C_dP25.0_02-25_11cores.xlsx,liquid,liquid
106,763,350,0,107.1982778036302,2.182379908530745,-1762.734553896456,-1459.115773707545,293.025894116596,147.3027129825351,4.91198976789517,0.000178257175136763,1.816861802877007e-05,4.643746581579033e-07,1.222701827579164e-08,-6.06466203105936e-08,,70.72855663062956,0.07649355900437389,12.08038523300783,0.1820852066210322,0,0.4443430713973837,0.02891829669677549,0.08395634524870305,0,0,0.6529937963788014,4.076546985964804,3.740721604969991,0.008395634524870304,7.896603635555872,0,0,0,0,KCP109C,/Users/lopezama/PycharmProjects/sci-cluster/review_outputs/rmelts_parity_audit_v2/2026-02-26/kcp109c_phase7_parity_20260225_224621/runs/kcp109c_phase7_parity_liam_exact/runs/20260225_224621/parallel-results/Parallel_MELTS_KCP109C_dP25.0_02-25_11cores.xlsx,liquid,liquid
107,762,350,0,107.1998804188105,2.182732697123873,-1762.476006957365,-1459.283659692108,292.8970171137099,147.2921698022529,4.911269280020629,0.0001782154122986633,1.816102026140161e-05,4.650220185134164e-07,1.221842069048783e-08,-6.064445452526031e-08,,70.7274992567681,0.07649241544519902,12.08020463433326,0.1823923595258002,0,0.444057599615864,0.02891786437562402,0.08395509012277941,0,0,0.6529840342882842,4.076486042628289,3.740665682137171,0.00839550901227794,7.897949511747337,0,0,0,0,KCP109C,/Users/lopezama/PycharmProjects/sci-cluster/review_outputs/rmelts_parity_audit_v2/2026-02-26/kcp109c_phase7_parity_20260225_224621/runs/kcp109c_phase7_parity_liam_exact/runs/20260225_224621/parallel-results/Parallel_MELTS_KCP109C_dP25.0_02-25_11cores.xlsx,liquid,liquid
108,761,350,0,107.2014517503927,2.183086215762433,-1762.216899699735,-1459.451139982045,292.7677413505689,147.2815214050347,4.910545949874593,0.0001781730623348543,1.815338757846602e-05,4.656678586681474e-07,1.220977602370273e-08,-6.064202589317039e-08,,70.726462553902,0.07649129424188829,12.08002756624943,0.1827009059034803,0,0.4437710517191826,0.02891744050607972,0.08395385953377982,0,0,0.6529744630405097,4.076426290695753,3.740610852560634,0.00839538595337798,7.899268335693878,0,0,0,0,KCP109C,/Users/lopezama/PycharmProjects/sci-cluster/review_outputs/rmelts_parity_audit_v2/2026-02-26/kcp109c_phase7_parity_20260225_224621/runs/kcp109c_phase7_parity_liam_exact/runs/20260225_224621/parallel-results/Parallel_MELTS_KCP109C_dP25.0_02-25_11cores.xlsx,liquid,liquid
109,760,350,0,107.2029888328551,2.183440529240705,-1761.957169100271,-1459.618176412172,292.6380416087682,147.270760505753,4.909819498043992,0.0001781300860852282,1.814571726243422e-05,4.663120090492983e-07,1.22010803318043e-08,-6.063931034877916e-08,,70.72544847666458,0.07649019750839489,12.07985436260627,0.1830108595384951,0,0.4434834321115934,0.02891702588732002,0.08395265580189683,0,0,0.6529651006814198,4.076367842825435,3.740557219617847,0.008395265580189682,7.900557561176545,0,0,0,0,KCP109C,/Users/lopezama/PycharmProjects/sci-cluster/review_outputs/rmelts_parity_audit_v2/2026-02-26/kcp109c_phase7_parity_20260225_224621/runs/kcp109c_phase7_parity_liam_exact/runs/20260225_224621/parallel-results/Parallel_MELTS_KCP109C_dP25.0_02-25_11cores.xlsx,liquid,liquid
110,759,350,0,107.204493632891,2.183795589616771,-1761.696858574472,-1459.784793837265,292.5079346385765,147.2598918942249,4.909090124671607,0.0001780865101278962,1.813801128610724e-05,4.669545711986374e-07,1.219233643652561e-08,-6.063632412547996e-08,,70.72445572565634,0.07648912383940683,12.07968480146729,0.1833222220436557,0,0.4431947281685096,0.02891661998806843,0.0839514773847148,0,0,0.6529559352144484,4.076310624124485,3.740504714585626,0.008395147738471479,7.901818879788965,0,0,0,0,KCP109C,/Users/lopezama/PycharmProjects/sci-cluster/review_outputs/rmelts_parity_audit_v2/2026-02-26/kcp109c_phase7_parity_20260225_224621/runs/kcp109c_phase7_parity_liam_exact/runs/20260225_224621/parallel-results/Parallel_MELTS_KCP109C_dP25.0_02-25_11cores.xlsx,liquid,liquid
111,758,350,0,107.2059642662912,2.184151436836305,-1761.435928478282,-1459.950967895421,292.3774044347187,147.2489109339813,4.908357655894807,0.0001780423097455233,1.813026796575166e-05,4.675954346326423e-07,1.218354188409647e-08,-6.063305200178618e-08,,70.7234855420868,0.07648807457730314,12.07951909483019,0.1836350046107973,0,0.4429049404923885,0.02891622331580972,0.08395032575557661,0,0,0.6529469780989292,4.076254706131887,3.74045340310958,0.00839503257555766,7.903050674415158,0,0,0,0,KCP109C,/Users/lopezama/PycharmProjects/sci-cluster/review_outputs/rmelts_parity_audit_v2/2026-02-26/kcp109c_phase7_parity_20260225_224621/runs/kcp109c_phase7_parity_liam_exact/runs/20260225_224621/parallel-results/Parallel_MELTS_KCP109C_dP25.0_02-25_11cores.xlsx,liquid,liquid
112,757,350,0,107.2074015161376,2.184508049991126,-1761.174396692421,-1460.116708316019,292.2464576774279,147.2378195168137,4.907622176836246,0.0001779974957492975,1.812248814960657e-05,4.682346357629024e-07,1.217469787403643e-08,-6.062950054206061e-08,,70.72253740751796,0.07648704916138853,12.07935715414611,0.1839492118491919,0,0.4426140604777775,0.02891583565857371,0.08394920029908497,0,0,0.6529382245484386,4.076200058966681,3.740403257770341,0.008394920029908496,7.904253619574529,0,0,0,0,KCP109C,/Users/lopezama/PycharmProjects/sci-cluster/review_outputs/rmelts_parity_audit_v2/2026-02-26/kcp109c_phase7_parity_20260225_224621/runs/kcp109c_phase7_parity_liam_exact/runs/20260225_224621/parallel-results/Parallel_MELTS_KCP109C_dP25.0_02-25_11cores.xlsx,liquid,liquid
113,756,350,0,107.208804368036,2.184865449088969,-1760.91224236324,-1460.282001845389,292.1150857677218,147.2266151360152,4.906883598380817,0.0001779520550303681,1.811467098353611e-05,4.688721117601879e-07,1.2165803148682e-08,-6.062566163578356e-08,,70.72161198933301,0.07648604831344384,12.07919909340363,0.1842648528715735,0,0.4423220856636766,0.02891545728922877,0.08394810180743835,0,0,0.6529296807245205,4.076146721094506,3.740354313864753,0.008394810180743834,7.905426845453456,0,0,0,0,KCP109C,/Users/lopezama/PycharmProjects/sci-cluster/review_outputs/rmelts_parity_audit_v2/2026-02-26/kcp109c_phase7_parity_20260225_224621/runs/kcp109c_phase7_parity_liam_exact/runs/20260225_224621/parallel-results/Parallel_MELTS_KCP109C_dP25.0_02-25_11cores.xlsx,liquid,liquid
114,755,350,0,107.1426154283259,2.185231840578864,-1759.511211026648,-1459.517480451647,291.7801201916073,147.1133242071945,4.903031954721288,0.0001778615960944369,1.81045208208776e-05,4.690789586842576e-07,1.214598332554567e-08,-6.056271880253835e-08,,70.73162706599406,0.07653329876783273,12.07272003446698,0.1846935934965711,0,0.4423119792611615,0.02893332026588798,0.08399996206225542,0,0,0.6496888012483937,4.074448120495544,3.742315315031159,0.008399996206225542,7.904328512703919,0,0,0,0,KCP109C,/Users/lopezama/PycharmProjects/sci-cluster/review_outputs/rmelts_parity_audit_v2/2026-02-26/kcp109c_phase7_parity_20260225_224621/runs/kcp109c_phase7_parity_liam_exact/runs/20260225_224621/parallel-results/Parallel_MELTS_KCP109C_dP25.0_02-25_11cores.xlsx,liquid,liquid
115,754,350,0,106.925220431888,2.185619617523137,-1755.563416256122,-1456.67277345006,290.9902573198288,146.771884635808,4.89221544200182,0.0001776706598745967,1.808916344962107e-05,4.683205954539359e-07,1.21017810589498e-08,-6.036766912866802e-08,,70.7659778092434,0.0766889026341137,12.05220034701136,0.1853751969564611,0,0.4429358409075445,0.02899214611777469,0.08417074679353942,0,0,0.6393705121578529,4.068963466923845,3.748766696697744,0.008417074679353941,7.898141259876992,0,0,0,0,KCP109C,/Users/lopezama/PycharmProjects/sci-cluster/review_outputs/rmelts_parity_audit_v2/2026-02-26/kcp109c_phase7_parity_20260225_224621/runs/kcp109c_phase7_parity_liam_exact/runs/20260225_224621/parallel-results/Parallel_MELTS_KCP109C_dP25.0_02-25_11cores.xlsx,liquid,liquid
116,753,350,0,106.1639102849217,2.186084683967166,-1742.56888922754,-1446.251465781443,288.7661876393283,145.7096383838465,4.856349393211167,0.0001776105175612461,1.807467013564846e-05,4.653919363595771e-07,1.200158921906768e-08,-5.994241029487296e-08,,70.7415410118168,0.07723884685281356,12.0593717994794,0.187102383247255,0,0.4457541987206545,0.02920005185899049,0.08477434410674657,0,0,0.6239217353029124,4.07351736164641,3.773505307897564,0.008477434410674656,7.895595524659768,0,0,0,0,KCP109C,/Users/lopezama/PycharmProjects/sci-cluster/review_outputs/rmelts_parity_audit_v2/2026-02-26/kcp109c_phase7_parity_20260225_224621/runs/kcp109c_phase7_parity_liam_exact/runs/20260225_224621/parallel-results/Parallel_MELTS_KCP109C_dP25.0_02-25_11cores.xlsx,liquid,liquid
117,752,350,0,105.2471415119891,2.186581253810056,-1726.992708361212,-1433.665013228548,286.1314882043249,144.441004043045,4.813319483490448,0.0001775832614532756,1.806010527369152e-05,4.618197557951114e-07,1.188517990731744e-08,-5.944852807104341e-08,,70.70052898977774,0.07791164803807386,12.07438131799863,0.1891595095360319,0,0.4492524846326164,0.0294544035265889,0.08551278443203228,0,0,0.6072606137490953,4.080410196907803,3.803762309056624,0.008551278443203227,7.893814463901538,0,0,0,0,KCP109C,/Users/lopezama/PycharmProjects/sci-cluster/review_outputs/rmelts_parity_audit_v2/2026-02-26/kcp109c_phase7_parity_20260225_224621/runs/kcp109c_phase7_parity_liam_exact/runs/20260225_224621/parallel-results/Parallel_MELTS_KCP109C_dP25.0_02-25_11cores.xlsx,liquid,liquid
118,751,350,0,104.3279165810046,2.187089972230738,-1711.380381884688,-1421.044957608939,283.4891610367127,143.1685689491119,4.770170313322528,0.0001775502921498194,1.804512815600077e-05,4.582079315123468e-07,1.176821506047148e-08,-5.894987779830485e-08,,70.65972585145774,0.0785981236526258,12.0893350380401,0.1912578624463956,0,0.4528223970926347,0.02971392479550488,0.08626623327727222,0,0,0.5908957317438948,4.086662280740114,3.834421244087035,0.008626623327727222,7.891674689338954,0,0,0,0,KCP109C,/Users/lopezama/PycharmProjects/sci-cluster/review_outputs/rmelts_parity_audit_v2/2026-02-26/kcp109c_phase7_parity_20260225_224621/runs/kcp109c_phase7_parity_liam_exact/runs/20260225_224621/parallel-results/Parallel_MELTS_KCP109C_dP25.0_02-25_11cores.xlsx,liquid,liquid
119,750,350,0,103.4052238449044,2.187611456328733,-1695.715127539105,-1408.377382393225,280.8363828821588,141.8909193875471,4.726855107005149,0.0001775112737555997,1.802971449636764e-05,4.545511786973567e-07,1.165056517910908e-08,-5.844579641958794e-08,,70.61914736871027,0.0792994630944151,12.10422373953778,0.1934005644073628,0,0.4564705831754262,0.02997906531618132,0.08703599607923608,0,0,0.5748257047531099,4.092249431211789,3.865510694259179,0.008703599607923607,7.889153789847325,0,0,0,0,KCP109C,/Users/lopezama/PycharmProjects/sci-cluster/review_outputs/rmelts_parity_audit_v2/2026-02-26/kcp109c_phase7_parity_20260225_224621/runs/kcp109c_phase7_parity_liam_exact/runs/20260225_224621/parallel-results/Parallel_MELTS_KCP109C_dP25.0_02-25_11cores.xlsx,liquid,liquid
120,749,350,0,102.4780399185005,2.188146366886349,-1679.979993483999,-1395.648217839862,278.1703034233105,140.6066270384368,4.683326557552133,0.0001774658580306284,1.801383917902099e-05,4.508441420265505e-07,1.153210002120312e-08,-5.79356122859508e-08,,70.57880867172217,0.0800169381246892,12.11903871953248,0.1955909588219681,0,0.4602041459753765,0.03025030587640689,0.08782346867343935,0,0,0.5590510004841333,4.097145490067787,3.897059474023722,0.008782346867343934,7.886228479830493,0,0,0,0,KCP109C,/Users/lopezama/PycharmProjects/sci-cluster/review_outputs/rmelts_parity_audit_v2/2026-02-26/kcp109c_phase7_parity_20260225_224621/runs/kcp109c_phase7_parity_liam_exact/runs/20260225_224621/parallel-results/Parallel_MELTS_KCP109C_dP25.0_02-25_11cores.xlsx,liquid,liquid
121,748,350,0,101.5452554099888,2.188695424480637,-1664.156619556461,-1382.842214638675,275.4878371618137,139.3141443198283,4.639533407627278,0.0001774136686268145,1.799747501903929e-05,4.470810148709737e-07,1.141267899685567e-08,-5.741859754938171e-08,,70.53872579565623,0.08075196814141494,12.13377050034125,0.1978327747066481,0,0.4640310154384023,0.03052818307785199,0.08863020893569931,0,0,0.5435721829956792,4.101321969923693,3.929098814541636,0.00886302089356993,7.882873565347906,0,0,0,0,KCP109C,/Users/lopezama/PycharmProjects/sci-cluster/review_outputs/rmelts_parity_audit_v2/2026-02-26/kcp109c_phase7_parity_20260225_224621/runs/kcp109c_phase7_parity_liam_exact/runs/20260225_224621/parallel-results/Parallel_MELTS_KCP109C_dP25.0_02-25_11cores.xlsx,liquid,liquid
122,747,350,0,100.605647080741,2.189259418669921,-1648.224779033799,-1369.942561978779,272.7855874675485,138.0117658731116,4.595419173387125,0.0001773542966431801,1.798059242194761e-05,4.43255405773877e-07,1.129214789318885e-08,-5.689395129542043e-08,,70.49891588519803,0.08150615518775742,12.14840858525442,0.2001302161565138,0,0.4679601462056908,0.03081330257098146,0.0894579752060752,0,0,0.5283897054183097,4.104747838143894,3.961662756389618,0.008945797520607519,7.879061636748084,0,0,0,0,KCP109C,/Users/lopezama/PycharmProjects/sci-cluster/review_outputs/rmelts_parity_audit_v2/2026-02-26/kcp109c_phase7_parity_20260225_224621/runs/kcp109c_phase7_parity_liam_exact/runs/20260225_224621/parallel-results/Parallel_MELTS_KCP109C_dP25.0_02-25_11cores.xlsx,liquid,liquid
123,746,350,0,99.65789477427123,2.189839211480707,-1632.162662778621,-1356.93112129503,270.0598945038426,136.6976523879789,4.550922928578184,0.0001772873009711874,1.796315943389619e-05,4.393604218734934e-07,1.11703411182771e-08,-5.636081023638417e-08,,70.45939695148914,0.08228128599304488,12.16294164513688,0.2024879707656712,0,0.4720015262643161,0.03110633982663891,0.09030872852895168,0,0,0.5135044100864156,4.107389164945598,3.994788013303664,0.009030872852895167,7.874763090806786,0,0,0,0,KCP109C,/Users/lopezama/PycharmProjects/sci-cluster/review_outputs/rmelts_parity_audit_v2/2026-02-26/kcp109c_phase7_parity_20260225_224621/runs/kcp109c_phase7_parity_liam_exact/runs/20260225_224621/parallel-results/Parallel_MELTS_KCP109C_dP25.0_02-25_11cores.xlsx,liquid,liquid
124,745,350,0,98.70054348279824,2.190435747880678,-1615.946257567241,-1343.787907119494,267.3067332394509,135.3697786933072,4.505977569910207,0.0001772122057406436,1.794514151482898e-05,4.353884985950178e-07,1.10470775032928e-08,-5.581822715509507e-08,,70.42018764911823,0.0830793804539494,12.17735745521157,0.2049113330101683,0,0.4761664513903021,0.03140805846429794,0.09118468586409079,0,0,0.4989174918692874,4.109208951349047,4.028514156220421,0.009118468586409077,7.869945918462213,0,0,0,0,KCP109C,/Users/lopezama/PycharmProjects/sci-cluster/review_outputs/rmelts_parity_audit_v2/2026-02-26/kcp109c_phase7_parity_20260225_224621/runs/kcp109c_phase7_parity_liam_exact/runs/20260225_224621/parallel-results/Parallel_MELTS_KCP109C_dP25.0_02-25_11cores.xlsx,liquid,liquid
125,744,350,0,97.73198494038823,2.191050067662411,-1599.549044063819,-1330.490834255632,264.5216632828855,134.0259081272331,4.460508976166693,0.0001771284941399138,1.792650108663488e-05,4.313313059067796e-07,1.092215811067473e-08,-5.526515922195649e-08,,70.38130763857751,0.08390272922331841,12.19164256656978,0.2074063024185864,0,0.4804677356750999,0.03171932446247403,0.09208836134266654,0,0,0.4846303486166799,4.110166678763499,4.062884183033558,0.009208836134266653,7.864575295182559,0,0,0,0,KCP109C,/Users/lopezama/PycharmProjects/sci-cluster/review_outputs/rmelts_parity_audit_v2/2026-02-26/kcp109c_phase7_parity_20260225_224621/runs/kcp109c_phase7_parity_liam_exact/runs/20260225_224621/parallel-results/Parallel_MELTS_KCP109C_dP25.0_02-25_11cores.xlsx,liquid,liquid
126,743,350,0,96.75043159145822,2.191683315169061,-1582.941575406245,-1317.015363066687,261.6997611962381,132.6635575611283,4.414434828327154,0.0001770356085411094,1.790719750730465e-05,4.271796432217874e-07,1.079536374318863e-08,-5.470045481459775e-08,,70.34277698484392,0.08475394274205515,12.20578244120703,0.2099797098997538,0,0.4849199876974238,0.03204112469516719,0.09302262008274345,0,0,0.470644937976486,4.110217961593148,4.097944490428107,0.009302262008274345,7.858613536825875,0,0,0,0,KCP109C,/Users/lopezama/PycharmProjects/sci-cluster/review_outputs/rmelts_parity_audit_v2/2026-02-26/kcp109c_phase7_parity_20260225_224621/runs/kcp109c_phase7_parity_liam_exact/runs/20260225_224621/parallel-results/Parallel_MELTS_KCP109C_dP25.0_02-25_11cores.xlsx,liquid,liquid
127,742,350,0,95.75387717350013,2.192336756404587,-1566.09083168855,-1303.333959420558,258.8355142274463,131.2799431207372,4.367662809728905,0.0001769329437966899,1.7887186556449e-05,4.229232538105462e-07,1.066645049044023e-08,-5.412283017878285e-08,,70.30461631081735,0.08563601868444595,12.21976111054589,0.2126393917675619,0,0.489539990178428,0.03237459242948566,0.09399075221463579,0,0,0.4569636459864459,4.109314026923338,4.133745457737525,0.009399075221463578,7.852019627493409,0,0,0,0,KCP109C,/Users/lopezama/PycharmProjects/sci-cluster/review_outputs/rmelts_parity_audit_v2/2026-02-26/kcp109c_phase7_parity_20260225_224621/runs/kcp109c_phase7_parity_liam_exact/runs/20260225_224621/parallel-results/Parallel_MELTS_KCP109C_dP25.0_02-25_11cores.xlsx,liquid,liquid
128,741,350,0,94.74004831889263,2.193011799206684,-1548.959428998099,-1289.415432365153,255.9226905615009,129.8719137876486,4.320088398665461,0.000176819840449734,1.786641990883917e-05,4.185506018159282e-07,1.053514438351496e-08,-5.353084132778569e-08,,70.26684681973262,0.08655242678130085,12.23356084091414,0.2153944083414131,0,0.4943471776948379,0.03272103939293081,0.09499656597947653,0,0,0.4435892269982668,4.107401141262473,4.170341968974002,0.009499656597947652,7.844748727330606,0,0,0,0,KCP109C,/Users/lopezama/PycharmProjects/sci-cluster/review_outputs/rmelts_parity_audit_v2/2026-02-26/kcp109c_phase7_parity_20260225_224621/runs/kcp109c_phase7_parity_liam_exact/runs/20260225_224621/parallel-results/Parallel_MELTS_KCP109C_dP25.0_02-25_11cores.xlsx,liquid,liquid
129,740,350,0,93.70634633688961,2.193710012547053,-1531.504673351933,-1275.224139382977,252.954186417565,128.4358726282655,4.271592225085843,0.0001766955842536417,1.78448450225978e-05,4.140486290456166e-07,1.0401135566967e-08,-5.292285349026637e-08,,70.22948928401837,0.087507214849793,12.24716221384195,0.2182553160782943,0,0.499364234834055,0.03308199585784857,0.09604450410343134,0,0,0.430525291029163,4.104419934491522,4.207793519535024,0.009604450410343131,7.836752040950193,0,0,0,0,KCP109C,/Users/lopezama/PycharmProjects/sci-cluster/review_outputs/rmelts_parity_audit_v2/2026-02-26/kcp109c_phase7_parity_20260225_224621/runs/kcp109c_phase7_parity_liam_exact/runs/20260225_224621/parallel-results/Parallel_MELTS_KCP109C_dP25.0_02-25_11cores.xlsx,liquid,liquid
130,739,350,0,92.64976059667214,2.194433161444829,-1513.677142569622,-1260.718800278573,249.9217925120281,126.9676575092775,4.222036115042617,0.0001765593927419871,1.782240411682608e-05,4.094023474831042e-07,1.026406848776383e-08,-5.229698962279552e-08,,70.19256444511767,0.08850515771772056,12.26054333471722,0.2212345505883307,0,0.5046179356202595,0.03345926694206509,0.0971398072511567,0,0,0.417775923822799,4.100304529238549,4.24616519880271,0.00971398072511567,7.827975869456408,0,0,0,0,KCP109C,/Users/lopezama/PycharmProjects/sci-cluster/review_outputs/rmelts_parity_audit_v2/2026-02-26/kcp109c_phase7_parity_20260225_224621/runs/kcp109c_phase7_parity_liam_exact/runs/20260225_224621/parallel-results/Parallel_MELTS_KCP109C_dP25.0_02-25_11cores.xlsx,liquid,liquid
131,738,350,0,91.56675620861498,2.195183239846235,-1495.418858416183,-1245.850963155717,246.8158979977907,125.4623888226205,4.171257986418889,0.0001764104155199782,1.779903404496195e-05,4.045943664994496e-07,1.01235304870635e-08,-5.165107088973441e-08,,70.15609117510562,0.08955195436272724,12.27367990907573,0.2243469306635341,0,0.5101402573992255,0.03385500713712859,0.09828873039811525,0,0,0.4053464552892542,4.094981426263609,4.285527836013748,0.009828873039811524,7.818361445251507,0,0,0,0,KCP109C,/Users/lopezama/PycharmProjects/sci-cluster/review_outputs/rmelts_parity_audit_v2/2026-02-26/kcp109c_phase7_parity_20260225_224621/runs/kcp109c_phase7_parity_liam_exact/runs/20260225_224621/parallel-results/Parallel_MELTS_KCP109C_dP25.0_02-25_11cores.xlsx,liquid,liquid
132,737,350,0,90.45311520543875,2.19596252824829,-1476.660690503216,-1230.562831506286,243.6250645913275,123.9142516274236,4.119064603419841,0.000176247717346447,1.777466495485243e-05,3.996041652488782e-07,9.979034247011707e-09,-5.098252461541293e-08,,70.12008633683195,0.09065450383499768,12.28654419654552,0.2276103655177471,0,0.5159699382634837,0.0342718246205479,0.09949884567255841,0,0,0.3932431829335581,4.088368129828638,4.325959128694876,0.00994988456725584,7.807843662688848,0,0,0,0,KCP109C,/Users/lopezama/PycharmProjects/sci-cluster/review_outputs/rmelts_parity_audit_v2/2026-02-26/kcp109c_phase7_parity_20260225_224621/runs/kcp109c_phase7_parity_liam_exact/runs/20260225_224621/parallel-results/Parallel_MELTS_KCP109C_dP25.0_02-25_11cores.xlsx,liquid,liquid
133,736,350,0,89.30369841596001,2.196773665500407,-1457.318468764659,-1214.784008086537,240.33539184276,122.3161703771386,4.06522072885544,0.0001760702664426545,1.774921922373523e-05,3.944070392446669e-07,9.829992287176383e-09,-5.028825115247059e-08,,70.08456313955746,0.09182131018735934,12.29910406527792,0.231046888773998,0,0.5221547661792546,0.03471293433912365,0.1007794867910041,0,0,0.3814736459078247,4.080371205164261,4.367544587603558,0.01007794867910041,7.796350021539127,0,0,0,0,KCP109C,/Users/lopezama/PycharmProjects/sci-cluster/review_outputs/rmelts_parity_audit_v2/2026-02-26/kcp109c_phase7_parity_20260225_224621/runs/kcp109c_phase7_parity_liam_exact/runs/20260225_224621/parallel-results/Parallel_MELTS_KCP109C_dP25.0_02-25_11cores.xlsx,liquid,liquid
134,735,350,0,88.11210799438568,2.197619746789098,-1437.287481354411,-1198.426883411089,236.9296215278701,120.6593495594385,4.009433757733779,0.0001758769296101149,1.772261070960282e-05,3.889726376770697e-07,9.675681531785e-09,-4.956443900312712e-08,,70.04952688022455,0.09306306592803887,12.31132263889693,0.234684145618435,0,0.5287548797478564,0.03518237858255128,0.1021423894332134,0,0,0.3700480397987524,4.070883591088978,4.410377948101322,0.01021423894332134,7.783799803636033,0,0,0,0,KCP109C,/Users/lopezama/PycharmProjects/sci-cluster/review_outputs/rmelts_parity_audit_v2/2026-02-26/kcp109c_phase7_parity_20260225_224621/runs/kcp109c_phase7_parity_liam_exact/runs/20260225_224621/parallel-results/Parallel_MELTS_KCP109C_dP25.0_02-25_11cores.xlsx,liquid,liquid
135,734,350,0,86.69912047017013,2.198485060369621,-1413.6487974837,-1179.04569083868,232.9376027851072,118.7012321243293,3.943584699893016,0.0001756952709009778,1.769669026621868e-05,3.825898718294135e-07,9.49835549464669e-09,-4.872061721564849e-08,,70.01225569441117,0.09457977410576685,12.32325620537144,0.2390222455657307,0,0.5369104600927739,0.03575576825949722,0.1038070691404758,0,0,0.358671628453949,4.061796920079387,4.451798747640992,0.01038070691404758,7.771764779964752,0,0,0,0,KCP109C,/Users/lopezama/PycharmProjects/sci-cluster/review_outputs/rmelts_parity_audit_v2/2026-02-26/kcp109c_phase7_parity_20260225_224621/runs/kcp109c_phase7_parity_liam_exact/runs/20260225_224621/parallel-results/Parallel_MELTS_KCP109C_dP25.0_02-25_11cores.xlsx,liquid,liquid
136,733,350,0,76.49879464013688,2.198187304626399,-1247.139230861303,-1040.021373130243,205.8518687383197,104.8404410962535,3.480085363023172,0.0001768921403022423,1.776493646955888e-05,3.409714256782276e-07,8.443076267135467e-09,-4.339382504264316e-08,,69.85322818287679,0.1040693598523409,12.34632029591136,0.2593756742011052,0,0.5816841745129206,0.04052342887926617,0.1172677391210182,0,0,0.331757824259137,4.151444555197149,4.36181608971784,0.01176486644881921,7.840747809022249,0,0,0,0,KCP109C,/Users/lopezama/PycharmProjects/sci-cluster/review_outputs/rmelts_parity_audit_v2/2026-02-26/kcp109c_phase7_parity_20260225_224621/runs/kcp109c_phase7_parity_liam_exact/runs/20260225_224621/parallel-results/Parallel_MELTS_KCP109C_dP25.0_02-25_11cores.xlsx,liquid,liquid
137,732,350,0,63.55155477266675,2.196952365347143,-1036.435923548717,-864.2163534473824,171.3371836057644,87.20598993082234,2.892714278883552,0.0001781912459176717,1.784409874591948e-05,2.865037279869755e-07,7.075309438955145e-09,-3.643712528162922e-08,,69.71535247858577,0.1096884357925306,12.39269392485126,0.2587376537731257,0,0.578747616760625,0.04877918806698438,0.1391650768239127,0,0,0.300306255369155,4.257065133867623,4.264083946172327,0.01416169976138256,7.921218590175322,0,0,0,0,KCP109C,/Users/lopezama/PycharmProjects/sci-cluster/review_outputs/rmelts_parity_audit_v2/2026-02-26/kcp109c_phase7_parity_20260225_224621/runs/kcp109c_phase7_parity_liam_exact/runs/20260225_224621/parallel-results/Parallel_MELTS_KCP109C_dP25.0_02-25_11cores.xlsx,liquid,liquid
138,731,350,0,49.26991195356548,2.195648374779895,-803.7909408594587,-670.1357713878589,133.1027928811431,67.6955044273866,2.243980070738994,0.0001795998333645126,1.793224381599027e-05,2.248369525728618e-07,5.537312605104162e-09,-2.857394994137918e-08,,69.55439651059599,0.1113406083922702,12.46013136174401,0.2598074569745653,0,0.5798936485103996,0.06282643218498404,0.1488030921093917,0,0,0.2708940980338376,4.359771326821295,4.165054868286346,0.01826668525950927,8.008813911087401,0,0,0,0,KCP109C,/Users/lopezama/PycharmProjects/sci-cluster/review_outputs/rmelts_parity_audit_v2/2026-02-26/kcp109c_phase7_parity_20260225_224621/runs/kcp109c_phase7_parity_liam_exact/runs/20260225_224621/parallel-results/Parallel_MELTS_KCP109C_dP25.0_02-25_11cores.xlsx,liquid,liquid
139,730,350,0,34.34846849648911,2.194592385423459,-560.503347063207,-467.2381828994301,92.97230141432176,47.25447614462207,1.565141149884259,0.0001810348779811396,1.802441609774342e-05,1.586701365728929e-07,3.897112657458947e-09,-2.014610240461637e-08,,69.35741802305085,0.1079490506891311,12.56379234885828,0.2626570941196933,0,0.5856591608638625,0.0897506644045706,0.1473699641212162,0,0,0.2483349660470632,4.440285961116022,4.072816962975355,0.02620198099255256,8.0977638227614,0,0,0,0,KCP109C,/Users/lopezama/PycharmProjects/sci-cluster/review_outputs/rmelts_parity_audit_v2/2026-02-26/kcp109c_phase7_parity_20260225_224621/runs/kcp109c_phase7_parity_liam_exact/runs/20260225_224621/parallel-results/Parallel_MELTS_KCP109C_dP25.0_02-25_11cores.xlsx,liquid,liquid
140,729,350,0,22.1651960837281,2.194524379811486,-361.7280779009569,-301.5316653221312,60.06726795272726,30.52840172152477,1.010022777037097,0.0001821715622440087,1.8098673387984e-05,1.033780409105426e-07,2.532520051383721e-09,-1.310554553038023e-08,,69.12549866815883,0.1053933272525347,12.7154153829185,0.2637534429097079,0,0.588657678686944,0.1382138826078204,0.1463633053679007,0,0,0.2411689771497751,4.459918699620149,4.008632315882268,0.04060410219595043,8.16638021724961,0,0,0,0,KCP109C,/Users/lopezama/PycharmProjects/sci-cluster/review_outputs/rmelts_parity_audit_v2/2026-02-26/kcp109c_phase7_parity_20260225_224621/runs/kcp109c_phase7_parity_liam_exact/runs/20260225_224621/parallel-results/Parallel_MELTS_KCP109C_dP25.0_02-25_11cores.xlsx,liquid,liquid
141,728,350,0,14.54210816536322,2.195534543912429,-237.3016993294644,-197.8334470771246,39.42291589905585,20.04842179566426,0.662349321976473,0.0001829580968434117,1.815184321433949e-05,6.82764375340218e-08,1.668550537921732e-09,-8.636620485890095e-09,,68.86100680306681,0.1037494852616182,12.91613291378101,0.2628823856553152,0,0.5884736032189668,0.2089963349069089,0.1458293867794516,0,0,0.2503723288598939,4.413885804843876,3.975470051131127,0.06188909277826142,8.21131180971675,0,0,0,0,KCP109C,/Users/lopezama/PycharmProjects/sci-cluster/review_outputs/rmelts_parity_audit_v2/2026-02-26/kcp109c_phase7_parity_20260225_224621/runs/kcp109c_phase7_parity_liam_exact/runs/20260225_224621/parallel-results/Parallel_MELTS_KCP109C_dP25.0_02-25_11cores.xlsx,liquid,liquid
142,727,350,0,10.39356566781926,2.197132152474247,-169.5729242847688,-141.3963534377867,28.17234499523284,14.34115100243518,0.4730514573788746,0.0001835276448970257,1.819161229591972e-05,4.903693340134818e-08,1.195574324360865e-09,-6.187244615483447e-09,,68.58475325153458,0.1026681569066055,13.13914548275481,0.2609602958910492,0,0.5864997496615748,0.2900516892054359,0.1454741177963834,0,0,0.2689648747499702,4.332406069886345,3.960636928549276,0.0865918318653693,8.241847551198617,0,0,0,0,KCP109C,/Users/lopezama/PycharmProjects/sci-cluster/review_outputs/rmelts_parity_audit_v2/2026-02-26/kcp109c_phase7_parity_20260225_224621/runs/kcp109c_phase7_parity_liam_exact/runs/20260225_224621/parallel-results/Parallel_MELTS_KCP109C_dP25.0_02-25_11cores.xlsx,liquid,liquid
143,725,350,0,6.569951763280295,2.200682717690714,-107.14197421324,-89.37992288820594,17.79497202327717,9.079130024024693,0.2985415257940714,0.0001844451393465304,1.825633446063199e-05,3.124737917706594e-08,7.583649575082096e-10,-3.922277567359464e-09,,68.04496754096367,0.1012195790653075,13.58407728511837,0.256002655605013,0,0.5800187327933604,0.452293610917645,0.1451932816882325,0,0,0.3143031017270513,4.14785715608936,3.947881184085186,0.136986990756356,8.289198881190458,0,0,0,0,KCP109C,/Users/lopezama/PycharmProjects/sci-cluster/review_outputs/rmelts_parity_audit_v2/2026-02-26/kcp109c_phase7_parity_20260225_224621/runs/kcp109c_phase7_parity_liam_exact/runs/20260225_224621/parallel-results/Parallel_MELTS_KCP109C_dP25.0_02-25_11cores.xlsx,liquid,liquid
144,775,325,0,106.6871248151959,2.179831070916753,-1756.38884517435,-1451.838411737165,290.5599708411814,146.3335214956745,4.89428406809191,0.0001742700235396622,1.83012832379568e-05,4.335066719715174e-07,1.190876267324774e-08,-5.916473180366109e-08,,71.0674261498285,0.07686004938388213,12.1382638966009,0.1808769255175431,0,0.4483441894561718,0.02905684793780909,0.08435859078718769,0,0,0.6561223727892376,4.096078241555669,3.758643878406918,0.008435859078718768,7.455532998657446,0,0,0,0,KCP109C,/Users/lopezama/PycharmProjects/sci-cluster/review_outputs/rmelts_parity_audit_v2/2026-02-26/kcp109c_phase7_parity_20260225_224621/runs/kcp109c_phase7_parity_liam_exact/runs/20260225_224621/parallel-results/Parallel_MELTS_KCP109C_dP25.0_02-25_11cores.xlsx,liquid,liquid
145,774,325,0,106.6882982747335,2.18018309775327,-1756.123673054273,-1451.999778384423,290.430114758965,146.3225002474488,4.893547628393152,0.0001742277862015533,1.829358022253413e-05,4.340962590379806e-07,1.190028198743978e-08,-5.916035933634546e-08,,71.06664448470308,0.07685920400614162,12.1381303887748,0.1811733646471582,0,0.4480707288298464,0.02905652834378524,0.08435766293357005,0,0,0.6561151561499893,4.09603318910779,3.75860253737351,0.008435766293357004,7.456520988836963,0,0,0,0,KCP109C,/Users/lopezama/PycharmProjects/sci-cluster/review_outputs/rmelts_parity_audit_v2/2026-02-26/kcp109c_phase7_parity_20260225_224621/runs/kcp109c_phase7_parity_liam_exact/runs/20260225_224621/parallel-results/Parallel_MELTS_KCP109C_dP25.0_02-25_11cores.xlsx,liquid,liquid
146,773,325,0,106.6894430713358,2.180535816972172,-1755.857997588312,-1452.160772798205,290.2998850930621,146.3113802001534,4.892808558379086,0.0001741849942514167,1.828584325860876e-05,4.34684423970797e-07,1.189175752093383e-08,-5.91557372686966e-08,,71.06588192910833,0.07685837929552741,12.13800014484244,0.181471135387343,0,0.4477962343259516,0.02905621656294329,0.08435675776338374,0,0,0.6561081159374291,4.095989238066521,3.758562207012987,0.008435675776338372,7.457483965920799,0,0,0,0,KCP109C,/Users/lopezama/PycharmProjects/sci-cluster/review_outputs/rmelts_parity_audit_v2/2026-02-26/kcp109c_phase7_parity_20260225_224621/runs/kcp109c_phase7_parity_liam_exact/runs/20260225_224621/parallel-results/Parallel_MELTS_KCP109C_dP25.0_02-25_11cores.xlsx,liquid,liquid
147,772,325,0,106.6905588617047,2.180889234114987,-1755.591812194143,-1452.321390366452,290.1692788859883,146.3001604790539,4.892066831858158,0.0001741416432177021,1.827807208532129e-05,4.35271142227689e-07,1.188318889569634e-08,-5.915086282393004e-08,,71.06513871048006,0.07685757549801334,12.13787320364967,0.1817702447032926,0,0.4475207016328178,0.02905591268827333,0.08435587554659998,0,0,0.6561012542513333,4.095946401540466,3.758522899354066,0.008435587554659998,7.458421633100728,0,0,0,0,KCP109C,/Users/lopezama/PycharmProjects/sci-cluster/review_outputs/rmelts_parity_audit_v2/2026-02-26/kcp109c_phase7_parity_20260225_224621/runs/kcp109c_phase7_parity_liam_exact/runs/20260225_224621/parallel-results/Parallel_MELTS_KCP109C_dP25.0_02-25_11cores.xlsx,liquid,liquid
148,771,325,0,106.6916454562315,2.18124335099717,-1755.325113636655,-1452.48162843008,290.038294504214,146.2888405886675,4.89132243806986,0.0001740977307748504,1.82702666017408e-05,4.358563975926722e-07,1.187457595318946e-08,-5.914573453474984e-08,,71.06441495389836,0.0768567927488746,12.13774958656007,0.1820706992110013,0,0.4472441258728475,0.029055616770916,0.08435501643169162,0,0,0.6560945722464904,4.095904686738804,3.758484621012038,0.008435501643169162,7.459333826865696,0,0,0,0,KCP109C,/Users/lopezama/PycharmProjects/sci-cluster/review_outputs/rmelts_parity_audit_v2/2026-02-26/kcp109c_phase7_parity_20260225_224621/runs/kcp109c_phase7_parity_liam_exact/runs/20260225_224621/parallel-results/Parallel_MELTS_KCP109C_dP25.0_02-25_11cores.xlsx,liquid,liquid
149,770,325,0,106.6927021648817,2.181598181420624,-1755.057887830033,-1452.641477957156,289.906926015315,146.2774187995921,4.890575316459286,0.0001740532476449481,1.826242619241291e-05,4.364401463572753e-07,1.186591782744946e-08,-5.914034667995066e-08,,71.06371111777739,0.07685603154389015,12.13762937187045,0.1823725068127139,0,0.4469665038773553,0.02905532899829993,0.08435418096280625,0,0,0.6560880741551598,4.095864120082926,3.758447396231701,0.008435418096280624,7.460219949591012,0,0,0,0,KCP109C,/Users/lopezama/PycharmProjects/sci-cluster/review_outputs/rmelts_parity_audit_v2/2026-02-26/kcp109c_phase7_parity_20260225_224621/runs/kcp109c_phase7_parity_liam_exact/runs/20260225_224621/parallel-results/Parallel_MELTS_KCP109C_dP25.0_02-25_11cores.xlsx,liquid,liquid
150,769,325,0,106.693729082355,2.181953720311063,-1754.790137730297,-1452.800939901672,289.7751742346354,146.2658953178328,4.889825484801966,0.0001740081954720576,1.825455105214881e-05,4.37022387714213e-07,1.185721476586627e-08,-5.913470021448369e-08,,71.06302713785955,0.07685529181356487,12.13751254860567,0.1826756734834816,0,0.4466878297173821,0.02905504934415257,0.08435336906366876,0,0,0.6560817593840903,4.09582469786925,3.758411221614575,0.008435336906366876,7.461080084338232,0,0,0,0,KCP109C,/Users/lopezama/PycharmProjects/sci-cluster/review_outputs/rmelts_parity_audit_v2/2026-02-26/kcp109c_phase7_parity_20260225_224621/runs/kcp109c_phase7_parity_liam_exact/runs/20260225_224621/parallel-results/Parallel_MELTS_KCP109C_dP25.0_02-25_11cores.xlsx,liquid,liquid
151,768,325,0,106.6947254345338,2.182309983401854,-1754.521847455525,-1452.960004153143,289.643032514414,146.2542682073389,4.889072874432562,0.0001739625638291046,1.824664048252785e-05,4.376030731224092e-07,1.184846578768252e-08,-5.912878870794886e-08,,71.06236352858609,0.07685457411427149,12.1373992046319,0.1829802074091763,0,0.4464081004508013,0.02905477801880995,0.0843525813449321,0,0,0.6560756326828053,4.09578644974837,3.758376124368642,0.008435258134493211,7.461913560509701,0,0,0,0,KCP109C,/Users/lopezama/PycharmProjects/sci-cluster/review_outputs/rmelts_parity_audit_v2/2026-02-26/kcp109c_phase7_parity_20260225_224621/runs/kcp109c_phase7_parity_liam_exact/runs/20260225_224621/parallel-results/Parallel_MELTS_KCP109C_dP25.0_02-25_11cores.xlsx,liquid,liquid
152,767,325,0,106.6956916956468,2.182666956499994,-1754.253028201216,-1453.118676496038,289.5105049321517,146.2425386096186,4.888317540974652,0.0001739163596433144,1.823869506992522e-05,4.381822225390541e-07,1.183967167843766e-08,-5.912261634367301e-08,,71.06171997296998,0.07685387810318577,12.137289285808,0.1832861136790348,0,0.4461273087725329,0.02905451489266779,0.08435181743032583,0,0,0.6560696911247564,4.095749357450265,3.758342087728962,0.008435181743032582,7.462720790297236,0,0,0,0,KCP109C,/Users/lopezama/PycharmProjects/sci-cluster/review_outputs/rmelts_parity_audit_v2/2026-02-26/kcp109c_phase7_parity_20260225_224621/runs/kcp109c_phase7_parity_liam_exact/runs/20260225_224621/parallel-results/Parallel_MELTS_KCP109C_dP25.0_02-25_11cores.xlsx,liquid,liquid
153,766,325,0,106.6966267204629,2.183024664140024,-1753.983656067216,-1453.276942085561,289.3775816596791,146.2307036744394,4.887559379110118,0.0001738695673508676,1.823071373802435e-05,4.387597668108926e-07,1.183083093702822e-08,-5.91161735424391e-08,,71.061097232656,0.0768532046040332,12.13718292222232,0.1835934014843,0,0.4458454529614759,0.0290542602771345,0.08435107822393886,0,0,0.6560639417417468,4.095713464873477,3.758309151977721,0.008435107822393886,7.463500781155441,0,0,0,0,KCP109C,/Users/lopezama/PycharmProjects/sci-cluster/review_outputs/rmelts_parity_audit_v2/2026-02-26/kcp109c_phase7_parity_20260225_224621/runs/kcp109c_phase7_parity_liam_exact/runs/20260225_224621/parallel-results/Parallel_MELTS_KCP109C_dP25.0_02-25_11cores.xlsx,liquid,liquid
154,765,325,0,106.6975303053658,2.183383108274365,-1753.713727580605,-1453.434798065456,289.2442609595428,146.2187628729996,4.886798377298708,0.000173822184480336,1.822269638000454e-05,4.393356884281167e-07,1.182194339510976e-08,-5.910945873148155e-08,,71.06049544215801,0.07685255376229179,12.13708013684974,0.183902077689437,0,0.4455625279975761,0.02905401422720787,0.08435036388544219,0,0,0.6560583857756616,4.095678779770916,3.758277324229147,0.00843503638854422,7.46425335726599,0,0,0,0,KCP109C,/Users/lopezama/PycharmProjects/sci-cluster/review_outputs/rmelts_parity_audit_v2/2026-02-26/kcp109c_phase7_parity_20260225_224621/runs/kcp109c_phase7_parity_liam_exact/runs/20260225_224621/parallel-results/Parallel_MELTS_KCP109C_dP25.0_02-25_11cores.xlsx,liquid,liquid
155,764,325,0,106.6984024223744,2.183742286651376,-1753.443243076511,-1453.592243816339,289.110542602489,146.2067161091768,4.886034541465481,0.0001737742110024184,1.821464306961929e-05,4.399099795277734e-07,1.181300913265711e-08,-5.910247183103867e-08,,71.05991461904678,0.07685192559696441,12.13698093269133,0.184212148749918,0,0.4452785282232167,0.02905377675007191,0.08434967443569262,0,0,0.6560530233887204,4.095645303155298,3.758246605412527,0.008434967443569263,7.464978495105898,0,0,0,0,KCP109C,/Users/lopezama/PycharmProjects/sci-cluster/review_outputs/rmelts_parity_audit_v2/2026-02-26/kcp109c_phase7_parity_20260225_224621/runs/kcp109c_phase7_parity_liam_exact/runs/20260225_224621/parallel-results/Parallel_MELTS_KCP109C_dP25.0_02-25_11cores.xlsx,liquid,liquid
156,763,325,0,106.6849987468796,2.184102920999449,-1752.932318081155,-1453.55326914193,288.9340818792886,146.173152518506,4.884614077529846,0.0001737168010195633,1.820608905692249e-05,4.403987983454156e-07,1.180182832411334e-08,-5.908326934058817e-08,,71.06164355461699,0.07686158112377672,12.13552784874989,0.1845471877691036,0,0.4450538256320606,0.02905742701020827,0.08436027196512078,0,0,0.6553583583913838,4.095257129678776,3.758644896497126,0.008436027196512078,7.465251891369054,0,0,0,0,KCP109C,/Users/lopezama/PycharmProjects/sci-cluster/review_outputs/rmelts_parity_audit_v2/2026-02-26/kcp109c_phase7_parity_20260225_224621/runs/kcp109c_phase7_parity_liam_exact/runs/20260225_224621/parallel-results/Parallel_MELTS_KCP109C_dP25.0_02-25_11cores.xlsx,liquid,liquid
157,762,325,0,106.4709679193622,2.184476074532936,-1749.043408953727,-1450.753470572168,288.1610765411376,145.8380896600735,4.873981874217908,0.0001735339216340269,1.819093364030096e-05,4.397029692336232e-07,1.17596302533993e-08,-5.889549564263117e-08,,71.09552721896043,0.07701609056170386,12.11504571842808,0.1852167319256979,0,0.4456798367862844,0.02911583911479048,0.084529855494553,0,0,0.645077169890086,4.089775463271087,3.765065937951121,0.008452985549455299,7.459497152066704,0,0,0,0,KCP109C,/Users/lopezama/PycharmProjects/sci-cluster/review_outputs/rmelts_parity_audit_v2/2026-02-26/kcp109c_phase7_parity_20260225_224621/runs/kcp109c_phase7_parity_liam_exact/runs/20260225_224621/parallel-results/Parallel_MELTS_KCP109C_dP25.0_02-25_11cores.xlsx,liquid,liquid
158,761,325,0,106.2542150025519,2.184853347964671,-1745.110027604484,-1447.91605301228,287.3799493228286,145.4991042987724,4.863219542928792,0.0001733480659546445,1.817560769243954e-05,4.389846232901906e-07,1.171697698954348e-08,-5.870492350346085e-08,,71.12968464387586,0.07717319947443249,12.09447122984084,0.1858944982387352,0,0.4463191174699664,0.0291752339476513,0.08470229210608443,0,0,0.6349002428714736,4.084071249221608,3.771560433749062,0.008470229210608441,7.453577629993673,0,0,0,0,KCP109C,/Users/lopezama/PycharmProjects/sci-cluster/review_outputs/rmelts_parity_audit_v2/2026-02-26/kcp109c_phase7_parity_20260225_224621/runs/kcp109c_phase7_parity_liam_exact/runs/20260225_224621/parallel-results/Parallel_MELTS_KCP109C_dP25.0_02-25_11cores.xlsx,liquid,liquid
159,760,325,0,106.0346730413419,2.185234799810993,-1741.131084669189,-1445.040095003683,286.5905141223508,145.1561012345765,4.852324018019167,0.0001731591733565595,1.816010829277444e-05,4.382433054842148e-07,1.167385978323434e-08,-5.851149844050533e-08,,71.16412563294904,0.07733298473454969,12.0737996841471,0.1865806955521663,0,0.4469720909619435,0.02923564057037854,0.08487766617206673,0,0,0.6248286388130426,4.078139568402705,3.778129608222181,0.008487766617206672,7.447490022857625,0,0,0,0,KCP109C,/Users/lopezama/PycharmProjects/sci-cluster/review_outputs/rmelts_parity_audit_v2/2026-02-26/kcp109c_phase7_parity_20260225_224621/runs/kcp109c_phase7_parity_liam_exact/runs/20260225_224621/parallel-results/Parallel_MELTS_KCP109C_dP25.0_02-25_11cores.xlsx,liquid,liquid
160,759,325,0,105.8122775125541,2.185620487901623,-1737.105533675344,-1442.124708732262,285.7925930756983,144.8089891575562,4.841292351452227,0.0001729671848493717,1.814443264843909e-05,4.374785782824385e-07,1.163027041753941e-08,-5.831516869167718e-08,,71.19885969179997,0.07749552289186379,12.05302656333962,0.1872755328473203,0,0.4476391778510871,0.02929708792253387,0.0850560617105822,0,0,0.614863607568375,4.071975516878725,3.78477451379911,0.008505606171058219,7.441231117219752,0,0,0,0,KCP109C,/Users/lopezama/PycharmProjects/sci-cluster/review_outputs/rmelts_parity_audit_v2/2026-02-26/kcp109c_phase7_parity_20260225_224621/runs/kcp109c_phase7_parity_liam_exact/runs/20260225_224621/parallel-results/Parallel_MELTS_KCP109C_dP25.0_02-25_11cores.xlsx,liquid,liquid
161,758,325,0,105.5869567864822,2.186010473236923,-1733.032208701952,-1439.168908016193,284.9859871849476,144.4576660706817,4.830121267906592,0.0001727720349302693,1.812857760930914e-05,4.366899573914334e-07,1.158619954264239e-08,-5.811587619696259e-08,,71.23389765868511,0.0776608972043896,12.03214660057066,0.1879792357142245,0,0.4483208371172189,0.02935960747970826,0.08523757010237881,0,0,0.6050061007730767,4.065573844656454,3.791496526794555,0.00852375701023788,7.434797363891992,0,0,0,0,KCP109C,/Users/lopezama/PycharmProjects/sci-cluster/review_outputs/rmelts_parity_audit_v2/2026-02-26/kcp109c_phase7_parity_20260225_224621/runs/kcp109c_phase7_parity_liam_exact/runs/20260225_224621/parallel-results/Parallel_MELTS_KCP109C_dP25.0_02-25_11cores.xlsx,liquid,liquid
162,757,325,0,105.3586458694155,2.186404813260959,-1728.910058868802,-1436.171798716742,284.1705190040866,144.1020403620638,4.818807808617842,0.0001725736638976771,1.811254041776897e-05,4.35877006999969e-07,1.154163914090764e-08,-5.791356993758138e-08,,71.26924936971031,0.07782918765410911,12.01115509906628,0.1886920229571142,0,0.4490175077989937,0.02942322947899246,0.08542227913255876,0,0,0.5952574662873324,4.05892951480402,3.798296566285672,0.008542227913255875,7.428185528911367,0,0,0,0,KCP109C,/Users/lopezama/PycharmProjects/sci-cluster/review_outputs/rmelts_parity_audit_v2/2026-02-26/kcp109c_phase7_parity_20260225_224621/runs/kcp109c_phase7_parity_liam_exact/runs/20260225_224621/parallel-results/Parallel_MELTS_KCP109C_dP25.0_02-25_11cores.xlsx,liquid,liquid
163,756,325,0,105.0884736373766,2.186810696278367,-1724.09238017372,-1432.591719494191,283.2440953014913,143.6906356082563,4.805558790078257,0.0001723805002960792,1.809632655400149e-05,4.348900641076423e-07,1.149263086537221e-08,-5.769175658363562e-08,,71.30083703062502,0.07802927925500723,11.9919896128243,0.1894904249632406,0,0.4498899861150271,0.02949887386469785,0.08564189186525183,0,0,0.5852565956852231,4.052715394957277,3.806500497506677,0.008564189186525182,7.421586223151733,0,0,0,0,KCP109C,/Users/lopezama/PycharmProjects/sci-cluster/review_outputs/rmelts_parity_audit_v2/2026-02-26/kcp109c_phase7_parity_20260225_224621/runs/kcp109c_phase7_parity_liam_exact/runs/20260225_224621/parallel-results/Parallel_MELTS_KCP109C_dP25.0_02-25_11cores.xlsx,liquid,liquid
164,755,325,0,104.1418111482254,2.187349126341215,-1708.022461108013,-1419.585278987702,280.5399816372232,142.3830003455637,4.761096886367823,0.0001723298953929973,1.807993484520716e-05,4.312804951904335e-07,1.137451858796815e-08,-5.718049900134499e-08,,71.26177436543097,0.07873857782257233,12.00642768283432,0.1916409782643459,0,0.4535943889298096,0.02976702332316759,0.08642039029306718,0,0,0.5691867975667476,4.057776362711405,3.837959708004473,0.008642039029306717,7.418071685789803,0,0,0,0,KCP109C,/Users/lopezama/PycharmProjects/sci-cluster/review_outputs/rmelts_parity_audit_v2/2026-02-26/kcp109c_phase7_parity_20260225_224621/runs/kcp109c_phase7_parity_liam_exact/runs/20260225_224621/parallel-results/Parallel_MELTS_KCP109C_dP25.0_02-25_11cores.xlsx,liquid,liquid
165,754,325,0,103.1905919518303,2.18790076379364,-1691.881898000085,-1406.516246680509,277.8227632960869,141.0687138808125,4.71642012560507,0.0001722731543418522,1.806308380269094e-05,4.276241602554847e-07,1.12556426419128e-08,-5.666342578845319e-08,,71.22290884134412,0.07946439879363301,12.02079673498749,0.1938400011210914,0,0.4573865447074025,0.03004141905612955,0.08721702306618256,0,0,0.5534233331608063,4.062124798288935,3.869896040535181,0.008721702306618255,7.414179162632407,0,0,0,0,KCP109C,/Users/lopezama/PycharmProjects/sci-cluster/review_outputs/rmelts_parity_audit_v2/2026-02-26/kcp109c_phase7_parity_20260225_224621/runs/kcp109c_phase7_parity_liam_exact/runs/20260225_224621/parallel-results/Parallel_MELTS_KCP109C_dP25.0_02-25_11cores.xlsx,liquid,liquid
166,753,325,0,102.2336803163669,2.188466296521959,-1675.6518993875,-1393.368994301975,275.0893193836427,139.746200038013,4.671476114521058,0.0001722099266466298,1.804574684236016e-05,4.239155411782439e-07,1.113586519488174e-08,-5.613982507557628e-08,,71.18425343246945,0.08020819144509471,12.03508725230224,0.1960912886179904,0,0.4612745615065434,0.03032260896095043,0.08803338085437222,0,0,0.5379664004182386,4.065731577455779,3.902342223088074,0.008803338085437222,7.409885744795848,0,0,0,0,KCP109C,/Users/lopezama/PycharmProjects/sci-cluster/review_outputs/rmelts_parity_audit_v2/2026-02-26/kcp109c_phase7_parity_20260225_224621/runs/kcp109c_phase7_parity_liam_exact/runs/20260225_224621/parallel-results/Parallel_MELTS_KCP109C_dP25.0_02-25_11cores.xlsx,liquid,liquid
167,752,325,0,101.2698925850386,2.189046462469652,-1659.312906525751,-1380.127240882086,272.3364050564943,138.4138180102728,4.626210284764229,0.000172139845012298,1.80278961179075e-05,4.201488975519808e-07,1.101504371851554e-08,-5.560895684586448e-08,,71.14582080205592,0.08097153704435828,12.04928963389884,0.1983989839029113,0,0.4652672836253768,0.03061119083384276,0.08887119919502737,0,0,0.5228173388376114,4.068565290073811,3.935332243304701,0.008887119919502737,7.405167377308079,0,0,0,0,KCP109C,/Users/lopezama/PycharmProjects/sci-cluster/review_outputs/rmelts_parity_audit_v2/2026-02-26/kcp109c_phase7_parity_20260225_224621/runs/kcp109c_phase7_parity_liam_exact/runs/20260225_224621/parallel-results/Parallel_MELTS_KCP109C_dP25.0_02-25_11cores.xlsx,liquid,liquid
168,751,325,0,100.2979227992676,2.18964206983279,-1642.843356452631,-1366.773025932433,269.5604457552096,137.0697584098664,4.580562466400124,0.00017206251020095,1.800950127748631e-05,4.163179085037826e-07,1.089302176313208e-08,-5.507000658992073e-08,,71.10762445855948,0.08175622076640597,12.06339314766691,0.2007677598909415,0,0.4693746999010178,0.03090783955803152,0.08973243742654312,0,0,0.5079772508878164,4.070591753737593,3.968903316051072,0.008973243742654312,7.39999787181153,0,0,0,0,KCP109C,/Users/lopezama/PycharmProjects/sci-cluster/review_outputs/rmelts_parity_audit_v2/2026-02-26/kcp109c_phase7_parity_20260225_224621/runs/kcp109c_phase7_parity_liam_exact/runs/20260225_224621/parallel-results/Parallel_MELTS_KCP109C_dP25.0_02-25_11cores.xlsx,liquid,liquid
169,750,325,0,99.31634287179901,2.190254002366603,-1626.219691186115,-1353.286714202666,266.7575399339772,135.712044144434,4.534466904956512,0.0001719774911703601,1.799052948831168e-05,4.12415681616285e-07,1.076962931402355e-08,-5.452208642121167e-08,,71.0696784690888,0.08256425020996448,12.07738607542466,0.2032028685748579,0,0.4736080465578439,0.03121331410376706,0.09061929901093661,0,0,0.4934473833451353,4.071773817930076,4.003095643846025,0.00906192990109366,7.39434890200684,0,0,0,0,KCP109C,/Users/lopezama/PycharmProjects/sci-cluster/review_outputs/rmelts_parity_audit_v2/2026-02-26/kcp109c_phase7_parity_20260225_224621/runs/kcp109c_phase7_parity_liam_exact/runs/20260225_224621/parallel-results/Parallel_MELTS_KCP109C_dP25.0_02-25_11cores.xlsx,liquid,liquid
170,749,325,0,98.32362174806244,2.19088321874271,-1609.416685728449,-1339.647263737027,263.9235161095942,134.3385584949856,4.487853159260939,0.0001718843329475818,1.797094605188636e-05,4.084348681275025e-07,1.064468586253277e-08,-5.396425001111825e-08,,71.03199623926712,0.0833978601019642,12.09125643675987,0.2057101550733558,0,0.4779798319709806,0.03152845930684012,0.09153423669727778,0,0,0.479230315052402,4.072071131036661,4.03795143678368,0.009153423669727778,7.388190474280142,0,0,0,0,KCP109C,/Users/lopezama/PycharmProjects/sci-cluster/review_outputs/rmelts_parity_audit_v2/2026-02-26/kcp109c_phase7_parity_20260225_224621/runs/kcp109c_phase7_parity_liam_exact/runs/20260225_224621/parallel-results/Parallel_MELTS_KCP109C_dP25.0_02-25_11cores.xlsx,liquid,liquid
171,748,325,0,97.31801947304541,2.191530782588843,-1592.40568836701,-1325.830763720958,261.0536401567369,132.9468968292586,4.440641228780011,0.0001717825322115837,1.795071244602424e-05,4.043671464428388e-07,1.051798722751276e-08,-5.339542577421751e-08,,70.99459271163003,0.08425962600636523,12.10499015341666,0.2082963474426275,0,0.4825044799673139,0.0318542488560649,0.0924800773240594,0,0,0.4653275838277909,4.071439652348804,4.073517755306017,0.009248007732405939,7.38148935614187,0,0,0,0,KCP109C,/Users/lopezama/PycharmProjects/sci-cluster/review_outputs/rmelts_parity_audit_v2/2026-02-26/kcp109c_phase7_parity_20260225_224621/runs/kcp109c_phase7_parity_liam_exact/runs/20260225_224621/parallel-results/Parallel_MELTS_KCP109C_dP25.0_02-25_11cores.xlsx,liquid,liquid
172,747,325,0,96.29763945466634,2.192197854332002,-1575.155506822507,-1311.811162665607,258.1427673939127,131.5344421328214,4.392743988156569,0.0001716715570549165,1.792978787298641e-05,4.00203519245673e-07,1.038931335104747e-08,-5.281445529136575e-08,,70.95748169954314,0.08515245284541303,12.11857270689876,0.2109690304413266,0,0.4871982621668129,0.0321917809537537,0.09346000922057528,0,0,0.4517422544547351,4.069831414247012,4.109844108679583,0.009346000922057526,7.374210279626831,0,0,0,0,KCP109C,/Users/lopezama/PycharmProjects/sci-cluster/review_outputs/rmelts_parity_audit_v2/2026-02-26/kcp109c_phase7_parity_20260225_224621/runs/kcp109c_phase7_parity_liam_exact/runs/20260225_224621/parallel-results/Parallel_MELTS_KCP109C_dP25.0_02-25_11cores.xlsx,liquid,liquid
173,746,325,0,95.26034084832048,2.192885718357954,-1557.630960515768,-1297.559062071027,255.1851037087195,130.0982433502656,4.344063169860579,0.000171550830313347,1.790812790845322e-05,3.959339039152533e-07,1.025841793530017e-08,-5.222004026750814e-08,,70.9206770529335,0.08607968870920348,12.13198792238771,0.2137369366163743,0,0.4920799409379336,0.03254232134128424,0.09447770711985747,0,0,0.4384775245245922,4.067193967532481,4.146984326978352,0.009447770711985746,7.366314840206743,0,0,0,0,KCP109C,/Users/lopezama/PycharmProjects/sci-cluster/review_outputs/rmelts_parity_audit_v2/2026-02-26/kcp109c_phase7_parity_20260225_224621/runs/kcp109c_phase7_parity_liam_exact/runs/20260225_224621/parallel-results/Parallel_MELTS_KCP109C_dP25.0_02-25_11cores.xlsx,liquid,liquid
174,745,325,0,94.20371336713566,2.193595796713667,-1539.792477659725,-1283.041374425379,252.1741425471164,128.6349820762792,4.294488232894449,0.0001714197298507466,1.788568449218659e-05,3.915470442696513e-07,1.012502639153553e-08,-5.161073111495688e-08,,70.88419189229872,0.08704519687265953,12.14521810357634,0.2166101328978042,0,0.4971711740904378,0.03290733052502982,0.09553741120169948,0,0,0.4255372633643777,4.063469888212386,4.184996410235401,0.009553741120169948,7.357761455604985,0,0,0,0,KCP109C,/Users/lopezama/PycharmProjects/sci-cluster/review_outputs/rmelts_parity_audit_v2/2026-02-26/kcp109c_phase7_parity_20260225_224621/runs/kcp109c_phase7_parity_liam_exact/runs/20260225_224621/parallel-results/Parallel_MELTS_KCP109C_dP25.0_02-25_11cores.xlsx,liquid,liquid
175,744,325,0,93.12499480082333,2.194329674860653,-1521.59474730465,-1268.220193816023,249.1024465306269,127.1408601434622,4.243892605004171,0.0001712775826918623,1.786240540092881e-05,3.870301649888345e-07,9.988827209874502e-09,-5.09848819825522e-08,,70.84803820996856,0.08805349293839453,12.15824361765157,0.2196003713078912,0,0.5024972896995734,0.03328851562305159,0.09664407761531105,0,0,0.412925914036847,4.05859611606467,4.223943086806587,0.009664407761531104,7.348504900526013,0,0,0,0,KCP109C,/Users/lopezama/PycharmProjects/sci-cluster/review_outputs/rmelts_parity_audit_v2/2026-02-26/kcp109c_phase7_parity_20260225_224621/runs/kcp109c_phase7_parity_liam_exact/runs/20260225_224621/parallel-results/Parallel_MELTS_KCP109C_dP25.0_02-25_11cores.xlsx,liquid,liquid
176,743,325,0,92.02098669818618,2.195089125833436,-1502.985352191477,-1253.051645651106,245.9614294546784,125.6114865103971,4.192129860023222,0.0001711236696646353,1.783823448723946e-05,3.823686557384206e-07,9.849464126085453e-09,-5.034060962016387e-08,,70.81222486580738,0.08910990491360014,12.1710432195292,0.2227214968008388,0,0.5080881918674995,0.03368789088197078,0.09780355417346355,0,0,0.4006496184103656,4.052502921015686,4.26389152782309,0.009780355417346355,7.338496453359564,0,0,0,0,KCP109C,/Users/lopezama/PycharmProjects/sci-cluster/review_outputs/rmelts_parity_audit_v2/2026-02-26/kcp109c_phase7_parity_20260225_224621/runs/kcp109c_phase7_parity_liam_exact/runs/20260225_224621/parallel-results/Parallel_MELTS_KCP109C_dP25.0_02-25_11cores.xlsx,liquid,liquid
177,742,325,0,90.8879401535055,2.195876163105555,-1483.902890468577,-1237.484316636142,242.7410469708266,124.0417185772194,4.139028497170155,0.0001709571940200881,1.781310923806347e-05,3.775455226926245e-07,9.706522601964581e-09,-4.967572220077182e-08,,70.7767599951269,0.09022078914742922,12.18359186875663,0.2259900072416662,0,0.5139795737240668,0.03410785931183299,0.0990228173569345,0,0,0.3887138086093758,4.04511345611816,4.304915696213826,0.009902281735693448,7.327681846657464,0,0,0,0,KCP109C,/Users/lopezama/PycharmProjects/sci-cluster/review_outputs/rmelts_parity_audit_v2/2026-02-26/kcp109c_phase7_parity_20260225_224621/runs/kcp109c_phase7_parity_liam_exact/runs/20260225_224621/parallel-results/Parallel_MELTS_KCP109C_dP25.0_02-25_11cores.xlsx,liquid,liquid
178,741,325,0,89.7213615932308,2.196693076954594,-1464.273830461335,-1221.456608659328,239.4292972459766,122.4254032956271,4.084383136383207,0.0001707773107671898,1.778696270980022e-05,3.725407021872826e-07,9.559512566783392e-09,-4.898762952154206e-08,,70.74164444895654,0.09139386492498819,12.19586255934203,0.2294258958556845,0,0.5202148196729764,0.03455133917895895,0.1003103395518163,0,0,0.3771271954017509,4.036341422086524,4.347094330917717,0.01003103395518163,7.316002750155806,0,0,0,0,KCP109C,/Users/lopezama/PycharmProjects/sci-cluster/review_outputs/rmelts_parity_audit_v2/2026-02-26/kcp109c_phase7_parity_20260225_224621/runs/kcp109c_phase7_parity_liam_exact/runs/20260225_224621/parallel-results/Parallel_MELTS_KCP109C_dP25.0_02-25_11cores.xlsx,liquid,liquid
179,740,325,0,88.51577509505668,2.197542524688241,-1444.008616840842,-1204.893479260325,236.0115852346815,120.7550502999975,4.027943673472902,0.0001705830891756848,1.775972050603434e-05,3.673299944479589e-07,9.40784199926294e-09,-4.827320420188727e-08,,70.706873439152,0.09263865474420886,12.20782351908423,0.2330537827881743,0,0.5268474877573258,0.03502193045207896,0.1016765722802292,0,0,0.3658992361585688,4.026089927979898,4.390513611840546,0.01016765722802292,7.303394180534701,0,0,0,0,KCP109C,/Users/lopezama/PycharmProjects/sci-cluster/review_outputs/rmelts_parity_audit_v2/2026-02-26/kcp109c_phase7_parity_20260225_224621/runs/kcp109c_phase7_parity_liam_exact/runs/20260225_224621/parallel-results/Parallel_MELTS_KCP109C_dP25.0_02-25_11cores.xlsx,liquid,liquid
180,739,325,0,87.2643262266826,2.198427636958193,-1422.995213371533,-1187.701025158445,232.4696815818677,119.0212949022027,3.969397252821295,0.0001703735125452498,1.773130032899193e-05,3.618834655836992e-07,9.25077699432401e-09,-4.752857305457654e-08,,70.67243149116601,0.09396718015473551,12.21943759897797,0.236904682245656,0,0.5339452520455,0.03552417786337562,0.1031347099259292,0,0,0.3550418236327053,4.014248451219913,4.435267222054219,0.01031347099259292,7.289783939721414,0,0,0,0,KCP109C,/Users/lopezama/PycharmProjects/sci-cluster/review_outputs/rmelts_parity_audit_v2/2026-02-26/kcp109c_phase7_parity_20260225_224621/runs/kcp109c_phase7_parity_liam_exact/runs/20260225_224621/parallel-results/Parallel_MELTS_KCP109C_dP25.0_02-25_11cores.xlsx,liquid,liquid
181,738,325,0,85.95818306468405,2.199352188284298,-1401.089330833495,-1169.758289165102,228.7801430731272,117.212084163397,3.908340988886347,0.0001701474646340954,1.770161033174276e-05,3.561629818863062e-07,9.087380203563563e-09,-4.674879505162555e-08,,70.63828649999907,0.09539502483935423,12.23066051276305,0.2410187040736003,0,0.5415959240745815,0.03606397280512172,0.1047018565309985,0,0,0.3445705100745844,4.000688773810465,4.481457073401169,0.01047018565309985,7.275090961974884,0,0,0,0,KCP109C,/Users/lopezama/PycharmProjects/sci-cluster/review_outputs/rmelts_parity_audit_v2/2026-02-26/kcp109c_phase7_parity_20260225_224621/runs/kcp109c_phase7_parity_liam_exact/runs/20260225_224621/parallel-results/Parallel_MELTS_KCP109C_dP25.0_02-25_11cores.xlsx,liquid,liquid
182,737,325,0,81.7924515922602,2.200151995035658,-1332.595055060968,-1112.757068271912,217.6290519121474,111.5407639809562,3.717581866017151,0.0001702985513304644,1.769799186363713e-05,3.395659769991745e-07,8.645962970796784e-09,-4.454139373696243e-08,,70.56418317319897,0.1002535434598367,12.24164761776332,0.2537139531088803,0,0.5688017316845017,0.03790072984457239,0.1100343769681134,0,0,0.3303155817011136,4.013910473835232,4.487376470848846,0.01100343769681134,7.280858909889799,0,0,0,0,KCP109C,/Users/lopezama/PycharmProjects/sci-cluster/review_outputs/rmelts_parity_audit_v2/2026-02-26/kcp109c_phase7_parity_20260225_224621/runs/kcp109c_phase7_parity_liam_exact/runs/20260225_224621/parallel-results/Parallel_MELTS_KCP109C_dP25.0_02-25_11cores.xlsx,liquid,liquid
183,736,325,0,66.92873460250027,2.199326293923925,-1090.676121428069,-910.6715208224613,178.3724923010533,91.37451637243825,3.043147112249972,0.000171453771724375,1.776981860490188e-05,2.807714617924942e-07,7.130160120562236e-09,-3.679923798879238e-08,,70.43308595642351,0.1084660247543364,12.28101821338363,0.2575453909319319,0,0.5760829342868313,0.04631782450975571,0.132640997510504,0,0,0.2985675577333647,4.115924196423092,4.388257127602662,0.01344711034154198,7.348646666098851,0,0,0,0,KCP109C,/Users/lopezama/PycharmProjects/sci-cluster/review_outputs/rmelts_parity_audit_v2/2026-02-26/kcp109c_phase7_parity_20260225_224621/runs/kcp109c_phase7_parity_liam_exact/runs/20260225_224621/parallel-results/Parallel_MELTS_KCP109C_dP25.0_02-25_11cores.xlsx,liquid,liquid
184,735,325,0,51.22741206999257,2.198526348048711,-835.0681862672639,-697.2198037885008,136.734000375701,70.0184982479612,2.33007951510152,0.0001725496647100778,1.783885396825232e-05,2.170552065015137e-07,5.497763567260468e-09,-2.842029214975993e-08,,70.29893293456206,0.1182171179963587,12.33808953278329,0.2551728957939146,0,0.5695831290357111,0.06051434280797121,0.1562548510980296,0,0,0.270273553506361,4.205963401519809,4.295802376891769,0.01756868017005616,7.41362718383466,0,0,0,0,KCP109C,/Users/lopezama/PycharmProjects/sci-cluster/review_outputs/rmelts_parity_audit_v2/2026-02-26/kcp109c_phase7_parity_20260225_224621/runs/kcp109c_phase7_parity_liam_exact/runs/20260225_224621/parallel-results/Parallel_MELTS_KCP109C_dP25.0_02-25_11cores.xlsx,liquid,liquid
185,734,325,0,33.4504265698292,2.19783194527088,-545.4027344812934,-455.3358425976084,89.4274853633371,45.7739759617442,1.521973808862191,0.0001737854566690415,1.792207289510895e-05,1.433055872878074e-07,3.620116961566338e-09,-1.874056346191035e-08,,70.1115494725059,0.1184526066407315,12.44941805128587,0.2563875489937391,0,0.571946870024574,0.0922749066094066,0.1556632169190246,0,0,0.2479098718966981,4.277351109466927,4.204915048346987,0.02690542559393376,7.487225871716197,0,0,0,0,KCP109C,/Users/lopezama/PycharmProjects/sci-cluster/review_outputs/rmelts_parity_audit_v2/2026-02-26/kcp109c_phase7_parity_20260225_224621/runs/kcp109c_phase7_parity_liam_exact/runs/20260225_224621/parallel-results/Parallel_MELTS_KCP109C_dP25.0_02-25_11cores.xlsx,liquid,liquid
186,733,325,0,20.3476842665987,2.198302909117265,-331.7686357498165,-276.9946749710061,54.43915994514778,27.87251787314008,0.9256087585659145,0.0001746959777369465,1.798539667664434e-05,8.788139702332082e-08,2.214472166737991e-09,-1.147007106319101e-08,,69.87536418717453,0.1159437386706481,12.62138349861657,0.2568417134442033,0,0.5740596237453491,0.1505214512364789,0.1548035585885666,0,0,0.2449166171765781,4.273477289301973,4.149026665648732,0.04423097618075543,7.539430680215639,0,0,0,0,KCP109C,/Users/lopezama/PycharmProjects/sci-cluster/review_outputs/rmelts_parity_audit_v2/2026-02-26/kcp109c_phase7_parity_20260225_224621/runs/kcp109c_phase7_parity_liam_exact/runs/20260225_224621/parallel-results/Parallel_MELTS_KCP109C_dP25.0_02-25_11cores.xlsx,liquid,liquid
187,732,325,0,13.28730639474163,2.19978492526102,-216.6144045945295,-180.8841251008164,35.54721135523367,18.21650910879062,0.6040275229709103,0.0001752650863607329,1.802697733651313e-05,5.768352659091283e-08,1.450141496914049e-09,-7.509440438384849e-09,,69.60972618965131,0.1144572193856153,12.83746131859775,0.2553400304471992,0,0.5728731188778659,0.2284424646178612,0.1544227702767317,0,0,0.2582910967430331,4.205765243467062,4.125952641317092,0.0677336635168812,7.569534243101607,0,0,0,0,KCP109C,/Users/lopezama/PycharmProjects/sci-cluster/review_outputs/rmelts_parity_audit_v2/2026-02-26/kcp109c_phase7_parity_20260225_224621/runs/kcp109c_phase7_parity_liam_exact/runs/20260225_224621/parallel-results/Parallel_MELTS_KCP109C_dP25.0_02-25_11cores.xlsx,liquid,liquid
188,731,325,0,9.663661566232317,2.201648102615201,-157.5038030980248,-131.5545962605647,25.84196269228711,13.25847290691299,0.438928526077962,0.000175674626725658,1.805796610230711e-05,4.211226263435163e-08,1.056295992652428e-09,-5.467209087739375e-09,,69.33993407774672,0.1134653515883882,13.06481459103994,0.2531072989305197,0,0.5703294331852106,0.3114303514331903,0.15413248438747,0,0,0.27862044283665,4.114073991702025,4.117349668040897,0.09313218885499881,7.589610120253981,0,0,0,0,KCP109C,/Users/lopezama/PycharmProjects/sci-cluster/review_outputs/rmelts_parity_audit_v2/2026-02-26/kcp109c_phase7_parity_20260225_224621/runs/kcp109c_phase7_parity_liam_exact/runs/20260225_224621/parallel-results/Parallel_MELTS_KCP109C_dP25.0_02-25_11cores.xlsx,liquid,liquid
189,776,300,0,106.2221967786243,2.180911616197696,-1747.778841530804,-1446.785998481068,286.892096506444,145.3075690423369,4.870541107200717,0.0001699258461035188,1.832745898292869e-05,4.109480655698439e-07,1.150403192621577e-08,-5.759682325393094e-08,,71.37848306244707,0.0771964601836015,12.19139218753219,0.1829312794436217,0,0.4491703957259338,0.02918402763038593,0.08472782215273333,0,0,0.6589941722990371,4.114006475638274,3.775095187027341,0.008472782215273334,7.050346147704524,0,0,0,0,KCP109C,/Users/lopezama/PycharmProjects/sci-cluster/review_outputs/rmelts_parity_audit_v2/2026-02-26/kcp109c_phase7_parity_20260225_224621/runs/kcp109c_phase7_parity_liam_exact/runs/20260225_224621/parallel-results/Parallel_MELTS_KCP109C_dP25.0_02-25_11cores.xlsx,liquid,liquid
190,775,300,0,106.2228381089441,2.181266576096214,-1747.505805110228,-1446.939555154946,286.7588131043094,145.2954763549608,4.86977792045252,0.0001698792359838137,1.831943793272015e-05,4.114780044002761e-07,1.149540656977835e-08,-5.758893120365147e-08,,71.37805210935787,0.07719599410402732,12.19131858106285,0.1832313306242693,0,0.4488967006619435,0.0291838514295713,0.08472731060198119,0,0,0.6589901935709648,4.113981637007309,3.775072394599384,0.008472731060198118,7.050877165919622,0,0,0,0,KCP109C,/Users/lopezama/PycharmProjects/sci-cluster/review_outputs/rmelts_parity_audit_v2/2026-02-26/kcp109c_phase7_parity_20260225_224621/runs/kcp109c_phase7_parity_liam_exact/runs/20260225_224621/parallel-results/Parallel_MELTS_KCP109C_dP25.0_02-25_11cores.xlsx,liquid,liquid
191,774,300,0,106.223451235791,2.181622219995706,-1747.23228185612,-1447.092743767678,286.6251617136435,145.2832855805694,4.869012162701574,0.0001698320755675866,1.83113824956629e-05,4.120064650673718e-07,1.148673846567517e-08,-5.758078627944845e-08,,71.37764011294946,0.07719554852627092,12.19124821238059,0.183532723651147,0,0.4486219611958882,0.02918368297944388,0.08472682155322417,0,0,0.6589863898584102,4.113957890973218,3.775050604760322,0.008472682155322417,7.051383369016695,0,0,0,0,KCP109C,/Users/lopezama/PycharmProjects/sci-cluster/review_outputs/rmelts_parity_audit_v2/2026-02-26/kcp109c_phase7_parity_20260225_224621/runs/kcp109c_phase7_parity_liam_exact/runs/20260225_224621/parallel-results/Parallel_MELTS_KCP109C_dP25.0_02-25_11cores.xlsx,liquid,liquid
192,773,300,0,106.2240362661766,2.181978542511891,-1746.958274956487,-1447.245565440014,286.4911432552435,145.270996954766,4.868243852842457,0.0001697843667177654,1.830329288558233e-05,4.125334477938397e-07,1.147802787635835e-08,-5.757238956674809e-08,,71.3772470006593,0.07719512337185529,12.19118106909178,0.1838354643870238,0,0.4483461714284281,0.02918352225033553,0.08472635492032897,0,0,0.6589827604914476,4.113935233353751,3.775029813672435,0.008472635492032896,7.051864850881267,0,0,0,0,KCP109C,/Users/lopezama/PycharmProjects/sci-cluster/review_outputs/rmelts_parity_audit_v2/2026-02-26/kcp109c_phase7_parity_20260225_224621/runs/kcp109c_phase7_parity_liam_exact/runs/20260225_224621/parallel-results/Parallel_MELTS_KCP109C_dP25.0_02-25_11cores.xlsx,liquid,liquid
193,772,300,0,106.2245915799535,2.182335581427442,-1746.683750019857,-1447.39799935476,286.356743687602,145.2586064278906,4.867472834332525,0.0001697360863254706,1.829516740915061e-05,4.130588575894554e-07,1.146927255746063e-08,-5.756372690937137e-08,,71.37687386050709,0.07719471981748335,12.19111733702938,0.1841395631364609,0,0.4480693314431409,0.02918336968709736,0.08472591199479879,0,0,0.6589793155151017,4.113913726858563,3.775010078879368,0.008472591199479877,7.052320193932009,0,0,0,0,KCP109C,/Users/lopezama/PycharmProjects/sci-cluster/review_outputs/rmelts_parity_audit_v2/2026-02-26/kcp109c_phase7_parity_20260225_224621/runs/kcp109c_phase7_parity_liam_exact/runs/20260225_224621/parallel-results/Parallel_MELTS_KCP109C_dP25.0_02-25_11cores.xlsx,liquid,liquid
194,771,300,0,106.225120871056,2.18269324172315,-1746.408788275879,-1447.550092193905,286.2219950026092,145.2461231338731,4.866699490359694,0.0001696872881194879,1.828701024068416e-05,4.135828924215562e-07,1.146047797734211e-08,-5.755483104575132e-08,,71.37651820978456,0.07719433517808415,12.19105659214865,0.1844450166593668,0,0.4477914228070217,0.02918322427464156,0.08472548982960454,0,0,0.6589760320080352,4.11389322839302,3.774991269074602,0.008472548982960453,7.052752630859425,0,0,0,0,KCP109C,/Users/lopezama/PycharmProjects/sci-cluster/review_outputs/rmelts_parity_audit_v2/2026-02-26/kcp109c_phase7_parity_20260225_224621/runs/kcp109c_phase7_parity_liam_exact/runs/20260225_224621/parallel-results/Parallel_MELTS_KCP109C_dP25.0_02-25_11cores.xlsx,liquid,liquid
195,770,300,0,106.0784154810244,2.183050635769785,-1743.655461638635,-1445.675564256456,285.653930290158,145.0131963061822,4.859182546795079,0.0001695511375804292,1.827419615838432e-05,4.132993903456615e-07,1.14298144190757e-08,-5.742672275089982e-08,,71.39966393417147,0.07730109431614196,12.17679762260413,0.1849963013429609,0,0.4481441918305761,0.02922358443659025,0.08484266449332653,0,0,0.6518462906312511,4.110064781536501,3.779434920618336,0.008484266449332652,7.049200347569348,0,0,0,0,KCP109C,/Users/lopezama/PycharmProjects/sci-cluster/review_outputs/rmelts_parity_audit_v2/2026-02-26/kcp109c_phase7_parity_20260225_224621/runs/kcp109c_phase7_parity_liam_exact/runs/20260225_224621/parallel-results/Parallel_MELTS_KCP109C_dP25.0_02-25_11cores.xlsx,liquid,liquid
196,769,300,0,105.8655958203831,2.183410847564921,-1739.790407188164,-1442.890847781563,284.891387426571,144.6814401946432,4.848633775839815,0.0001693749437187859,1.825923710869724e-05,4.126488232673419e-07,1.138931833787139e-08,-5.724476530619488e-08,,71.43322004591263,0.07745649149207512,12.15629624416842,0.1856606182233195,0,0.4487819647769911,0.02928233214944303,0.08501322236935073,0,0,0.6417090938161125,4.104398139256567,3.785875969497958,0.008501322236935071,7.043804556100192,0,0,0,0,KCP109C,/Users/lopezama/PycharmProjects/sci-cluster/review_outputs/rmelts_parity_audit_v2/2026-02-26/kcp109c_phase7_parity_20260225_224621/runs/kcp109c_phase7_parity_liam_exact/runs/20260225_224621/parallel-results/Parallel_MELTS_KCP109C_dP25.0_02-25_11cores.xlsx,liquid,liquid
197,768,300,0,105.6501820329624,2.18377480799131,-1735.883073874896,-1440.070249048788,284.1212359661027,144.3459719044253,4.837961388983236,0.0001691960404744379,1.82441199293719e-05,4.119782437593033e-07,1.134840954758132e-08,-5.706024999745316e-08,,71.46702663755546,0.07761442040569312,12.13570511794307,0.1863329037268364,0,0.4494326968203229,0.02934203698264008,0.0851865589818583,0,0,0.6316773774325954,4.09851121522082,3.792387505895558,0.00851865589818583,7.038264873136971,0,0,0,0,KCP109C,/Users/lopezama/PycharmProjects/sci-cluster/review_outputs/rmelts_parity_audit_v2/2026-02-26/kcp109c_phase7_parity_20260225_224621/runs/kcp109c_phase7_parity_liam_exact/runs/20260225_224621/parallel-results/Parallel_MELTS_KCP109C_dP25.0_02-25_11cores.xlsx,liquid,liquid
198,767,300,0,105.4321175675983,2.184142563771849,-1731.932546116829,-1437.212989197882,283.3433225197778,144.0067118537342,4.827162810541313,0.0001690143782112704,1.822884225819794e-05,4.112872940274552e-07,1.130708121225431e-08,-5.687313339637467e-08,,71.50109197238163,0.07777494994907283,12.11502016513756,0.1870133456052957,0,0.4500967667668945,0.02940272498074704,0.08536274994410431,0,0,0.6217523237898771,4.092399519093951,3.79897048560362,0.00853627499441043,7.032578721752838,0,0,0,0,KCP109C,/Users/lopezama/PycharmProjects/sci-cluster/review_outputs/rmelts_parity_audit_v2/2026-02-26/kcp109c_phase7_parity_20260225_224621/runs/kcp109c_phase7_parity_liam_exact/runs/20260225_224621/parallel-results/Parallel_MELTS_KCP109C_dP25.0_02-25_11cores.xlsx,liquid,liquid
199,766,300,0,105.2113439593392,2.184514161261574,-1727.937877904385,-1434.31826328127,282.5574889314479,143.6635778001099,4.816235381993534,0.0001688299061586867,1.821340171052315e-05,4.105756081372332e-07,1.126532633712681e-08,-5.668337103963977e-08,,71.53542471892125,0.07793815173519186,12.0942370745165,0.1877021386180322,0,0.4507745687509079,0.02946442321696277,0.08554187385569836,0,0,0.6119350846184803,4.086058485403475,3.805625810704362,0.008554187385569836,7.026743482273586,0,0,0,0,KCP109C,/Users/lopezama/PycharmProjects/sci-cluster/review_outputs/rmelts_parity_audit_v2/2026-02-26/kcp109c_phase7_parity_20260225_224621/runs/kcp109c_phase7_parity_liam_exact/runs/20260225_224621/parallel-results/Parallel_MELTS_KCP109C_dP25.0_02-25_11cores.xlsx,liquid,liquid
200,765,300,0,104.9877994166287,2.184889648474881,-1723.898067613506,-1431.38522010917,281.7635674077315,143.3164825306735,4.805176292995546,0.000168642570075097,1.819779571151185e-05,4.09842799019282e-07,1.122313742883505e-08,-5.649091563286918e-08,,71.57003425768512,0.07810410122485013,12.07335112980726,0.1883994873429465,0,0.4514665186649953,0.02952716021915066,0.08572401353946964,0,0,0.6022266730327334,4.07948333602496,3.812354558711497,0.008572401353946964,7.020756362393052,0,0,0,0,KCP109C,/Users/lopezama/PycharmProjects/sci-cluster/review_outputs/rmelts_parity_audit_v2/2026-02-26/kcp109c_phase7_parity_20260225_224621/runs/kcp109c_phase7_parity_liam_exact/runs/20260225_224621/parallel-results/Parallel_MELTS_KCP109C_dP25.0_02-25_11cores.xlsx,liquid,liquid
201,764,300,0,104.7614244927632,2.185269071797406,-1719.812155330245,-1428.413041133854,280.9613982513532,142.9653426050697,4.793982848372805,0.0001684523177354289,1.818202185249911e-05,4.090884974150291e-07,1.118050753316176e-08,-5.629572266572314e-08,,71.60492969911299,0.07827287359139946,12.05235777283978,0.1891055964866273,0,0.4521730300005494,0.02959096440650467,0.0859092515027555,0,0,0.5926282685815614,4.07266935342399,3.819157582036247,0.008590925150275548,7.014614682867308,0,0,0,0,KCP109C,/Users/lopezama/PycharmProjects/sci-cluster/review_outputs/rmelts_parity_audit_v2/2026-02-26/kcp109c_phase7_parity_20260225_224621/runs/kcp109c_phase7_parity_liam_exact/runs/20260225_224621/parallel-results/Parallel_MELTS_KCP109C_dP25.0_02-25_11cores.xlsx,liquid,liquid
202,763,300,0,104.5321563085881,2.185652478528109,-1715.67912397186,-1425.400860124418,280.1508119938637,142.610069470148,4.782652198165719,0.0001682590935919698,1.816607755361391e-05,4.083123135118789e-07,1.11374292139066e-08,-5.609774489015496e-08,,71.64012092018535,0.07844454807053644,12.03125199828463,0.1898206811272262,0,0.4528945392154272,0.02965586573398329,0.08609767471156438,0,0,0.5831408848797213,4.065611620688772,3.826035894961533,0.008609767471156438,7.008315604670085,0,0,0,0,KCP109C,/Users/lopezama/PycharmProjects/sci-cluster/review_outputs/rmelts_parity_audit_v2/2026-02-26/kcp109c_phase7_parity_20260225_224621/runs/kcp109c_phase7_parity_liam_exact/runs/20260225_224621/parallel-results/Parallel_MELTS_KCP109C_dP25.0_02-25_11cores.xlsx,liquid,liquid
203,762,300,0,104.2999362288137,2.186039914248206,-1711.498029967167,-1422.347869579394,279.331652792129,142.2505811490723,4.771181694762567,0.000168062845071884,1.814996045087047e-05,4.075138854944537e-07,1.109389584394304e-08,-5.589693932887659e-08,,71.67561727144327,0.07861920228490725,12.01002911349788,0.1905449534915788,0,0.4536314725080818,0.02972189354673322,0.08628936836148356,0,0,0.5737657647295803,4.058305338881355,3.832990239064772,0.008628936836148354,7.001856445354226,0,0,0,0,KCP109C,/Users/lopezama/PycharmProjects/sci-cluster/review_outputs/rmelts_parity_audit_v2/2026-02-26/kcp109c_phase7_parity_20260225_224621/runs/kcp109c_phase7_parity_liam_exact/runs/20260225_224621/parallel-results/Parallel_MELTS_KCP109C_dP25.0_02-25_11cores.xlsx,liquid,liquid
204,761,300,0,104.0647002321919,2.186431425037701,-1707.267840461848,-1419.253187777355,278.5037496344759,141.8867877533409,4.759568447494183,0.0001678635156887523,1.81336679967655e-05,4.066928225412575e-07,1.104990008584074e-08,-5.569325897927763e-08,,71.71142912732078,0.0787969195213217,11.98868382422209,0.191278639786709,0,0.454384288532098,0.02978907933123137,0.08648442386486527,0,0,0.5645039480857766,4.050745473947523,3.840021488759737,0.008648442386486526,6.995234344241358,0,0,0,0,KCP109C,/Users/lopezama/PycharmProjects/sci-cluster/review_outputs/rmelts_parity_audit_v2/2026-02-26/kcp109c_phase7_parity_20260225_224621/runs/kcp109c_phase7_parity_liam_exact/runs/20260225_224621/parallel-results/Parallel_MELTS_KCP109C_dP25.0_02-25_11cores.xlsx,liquid,liquid
205,760,300,0,103.8263951348183,2.186827054373363,-1702.987705974527,-1416.116081938907,277.6669641732758,141.5186156075319,4.747810071545408,0.0001676610551902566,1.811719802039485e-05,4.058487963544439e-07,1.10054363281691e-08,-5.548666621624989e-08,,71.74756548639262,0.07897777654138001,11.96721164312204,0.1920219523147656,0,0.4551534065721529,0.02985745210710708,0.08668292547224635,0,0,0.5553568483249063,4.042927312410137,3.847130160334204,0.008668292547224633,6.988446743861215,0,0,0,0,KCP109C,/Users/lopezama/PycharmProjects/sci-cluster/review_outputs/rmelts_parity_audit_v2/2026-02-26/kcp109c_phase7_parity_20260225_224621/runs/kcp109c_phase7_parity_liam_exact/runs/20260225_224621/parallel-results/Parallel_MELTS_KCP109C_dP25.0_02-25_11cores.xlsx,liquid,liquid
206,759,300,0,103.584948899046,2.187226848088084,-1698.656462160217,-1412.935560110649,276.8211035697988,141.1459632112798,4.735903319291846,0.0001674554015545505,1.810054775478234e-05,4.049813761462514e-07,1.096049629484044e-08,-5.527710860023215e-08,,71.78403834090665,0.07916186614341987,11.94560632194394,0.1927751410887138,0,0.4559393394852832,0.02992704695665873,0.08688497503546083,0,0,0.5463252348824186,4.034845463892733,3.854317226970807,0.008688497503546081,6.981490545190352,0,0,0,0,KCP109C,/Users/lopezama/PycharmProjects/sci-cluster/review_outputs/rmelts_parity_audit_v2/2026-02-26/kcp109c_phase7_parity_20260225_224621/runs/kcp109c_phase7_parity_liam_exact/runs/20260225_224621/parallel-results/Parallel_MELTS_KCP109C_dP25.0_02-25_11cores.xlsx,liquid,liquid
207,758,300,0,102.9890966266585,2.187712618763086,-1688.429820441433,-1404.815306978429,275.0468054725344,140.3038318954642,4.707615421850411,0.0001673134891654835,1.808315984590685e-05,4.027800174886212e-07,1.087967330662907e-08,-5.491468260475722e-08,,71.7851790084175,0.07961986523662133,11.94093431575374,0.1942560672720522,0,0.4582482471225509,0.03010019295530806,0.0873876569670234,0,0,0.5343213419961831,4.031939199266828,3.873818978996836,0.008738765696702339,6.975456360318678,0,0,0,0,KCP109C,/Users/lopezama/PycharmProjects/sci-cluster/review_outputs/rmelts_parity_audit_v2/2026-02-26/kcp109c_phase7_parity_20260225_224621/runs/kcp109c_phase7_parity_liam_exact/runs/20260225_224621/parallel-results/Parallel_MELTS_KCP109C_dP25.0_02-25_11cores.xlsx,liquid,liquid
208,757,300,0,102.0051484807061,2.188299033129469,-1671.750589007279,-1391.286348240226,272.2557304926981,138.9473606264227,4.661389825449464,0.0001672387859513488,1.806474547182274e-05,3.991069220086674e-07,1.0759477094587e-08,-5.438327992327944e-08,,71.74772385928419,0.08038788603814681,11.95473709118612,0.1965627090971386,0,0.4622790887760703,0.03039054228271403,0.0882306066272343,0,0,0.5192213057743389,4.034300031733716,3.907068388550357,0.008823060662723429,6.970275429987251,0,0,0,0,KCP109C,/Users/lopezama/PycharmProjects/sci-cluster/review_outputs/rmelts_parity_audit_v2/2026-02-26/kcp109c_phase7_parity_20260225_224621/runs/kcp109c_phase7_parity_liam_exact/runs/20260225_224621/parallel-results/Parallel_MELTS_KCP109C_dP25.0_02-25_11cores.xlsx,liquid,liquid
209,756,300,0,101.0132033597183,2.188900373594907,-1654.944144833694,-1377.647330705523,269.442563404917,137.5795668297495,4.614792184160523,0.0001671572779889522,1.804580129528507e-05,3.953750369822504e-07,1.063817339101926e-08,-5.384431235928975e-08,,71.71045061109305,0.08117729405410477,11.96844897500875,0.1989303130300531,0,0.4664251216178438,0.03068897702045424,0.08909703005938328,0,0,0.5044395516278231,4.035841517833832,3.940908888108211,0.008909703005938328,6.964682017540539,0,0,0,0,KCP109C,/Users/lopezama/PycharmProjects/sci-cluster/review_outputs/rmelts_parity_audit_v2/2026-02-26/kcp109c_phase7_parity_20260225_224621/runs/kcp109c_phase7_parity_liam_exact/runs/20260225_224621/parallel-results/Parallel_MELTS_KCP109C_dP25.0_02-25_11cores.xlsx,liquid,liquid
210,755,300,0,100.0118774608292,2.189517457003014,-1637.987665330807,-1363.879209458795,266.6035655031001,136.1985438867764,4.567758852113668,0.0001670685801479903,1.802629655613926e-05,3.915781424115874e-07,1.051560425205501e-08,-5.329695684898563e-08,,71.67336915144656,0.08199004944250277,11.98205896844676,0.201363998931873,0,0.4706973235739164,0.03099623820387299,0.08998907865640547,0,0,0.4899772517166827,4.036527202983029,3.975380491356639,0.008998907865640546,6.958651337376105,0,0,0,0,KCP109C,/Users/lopezama/PycharmProjects/sci-cluster/review_outputs/rmelts_parity_audit_v2/2026-02-26/kcp109c_phase7_parity_20260225_224621/runs/kcp109c_phase7_parity_liam_exact/runs/20260225_224621/parallel-results/Parallel_MELTS_KCP109C_dP25.0_02-25_11cores.xlsx,liquid,liquid
211,754,300,0,98.99974326740934,2.190151158672282,-1620.857644627754,-1349.962350219847,263.7348920877247,134.8023281300448,4.5202242263235,0.0001669722938469408,1.800619951077508e-05,3.87709855597859e-07,1.039160858240413e-08,-5.27403688817509e-08,,71.6364882618657,0.08282828598469397,11.99555629391566,0.2038693431276019,0,0.475107642284371,0.03131313250640869,0.09090909437344459,0,0,0.4758378736897478,4.036317624696812,4.010523843282317,0.009090909437344459,6.952157694835909,0,0,0,0,KCP109C,/Users/lopezama/PycharmProjects/sci-cluster/review_outputs/rmelts_parity_audit_v2/2026-02-26/kcp109c_phase7_parity_20260225_224621/runs/kcp109c_phase7_parity_liam_exact/runs/20260225_224621/parallel-results/Parallel_MELTS_KCP109C_dP25.0_02-25_11cores.xlsx,liquid,liquid
212,753,300,0,97.97511868960241,2.190802456039417,-1603.526386191541,-1335.873612933019,260.832016039099,133.3886055588145,4.472111048602899,0.0001668679706537902,1.798547408922948e-05,3.837626789747314e-07,1.026599697038142e-08,-5.217355693045477e-08,,71.59981812633401,0.0836945076690131,12.00892760984719,0.2064528774371201,0,0.4796701090678731,0.03164060655779763,0.09185982549038021,0,0,0.462022186553223,4.035170152116911,4.046385952615001,0.00918598254903802,6.945172063762426,0,0,0,0,KCP109C,/Users/lopezama/PycharmProjects/sci-cluster/review_outputs/rmelts_parity_audit_v2/2026-02-26/kcp109c_phase7_parity_20260225_224621/runs/kcp109c_phase7_parity_liam_exact/runs/20260225_224621/parallel-results/Parallel_MELTS_KCP109C_dP25.0_02-25_11cores.xlsx,liquid,liquid
213,752,300,0,96.93628288902762,2.191472393249619,-1585.965610989832,-1321.589344339936,257.8903249767313,131.9550141688311,4.423340361832526,0.0001667551550475681,1.796408380161973e-05,3.797290126148632e-07,1.013857864197728e-08,-5.159551569525492e-08,,71.56336657490749,0.084591438397551,12.02216040866418,0.2091217109300937,0,0.4843999843186915,0.03197969012590342,0.09284426165584865,0,0,0.448534798368659,4.033038518157817,4.083013310758004,0.009284426165584864,6.937664877550177,0,0,0,0,KCP109C,/Users/lopezama/PycharmProjects/sci-cluster/review_outputs/rmelts_parity_audit_v2/2026-02-26/kcp109c_phase7_parity_20260225_224621/runs/kcp109c_phase7_parity_liam_exact/runs/20260225_224621/parallel-results/Parallel_MELTS_KCP109C_dP25.0_02-25_11cores.xlsx,liquid,liquid
214,751,300,0,95.88121921910336,2.192162135876292,-1568.1421842153,-1307.08182315667,254.9044193317683,130.4987864550417,4.373819693805446,0.0001666333390624724,1.794198759455187e-05,3.755999930379422e-07,1.000913086612832e-08,-5.100507300622349e-08,,71.52714229853163,0.08552227385902487,12.03523947632242,0.2118841711052544,0,0.4893151831585115,0.03233159133694843,0.09386591033307606,0,0,0.4353779454689935,4.02987264890124,4.120458893505202,0.009386591033307606,6.929603016444424,0,0,0,0,KCP109C,/Users/lopezama/PycharmProjects/sci-cluster/review_outputs/rmelts_parity_audit_v2/2026-02-26/kcp109c_phase7_parity_20260225_224621/runs/kcp109c_phase7_parity_liam_exact/runs/20260225_224621/parallel-results/Parallel_MELTS_KCP109C_dP25.0_02-25_11cores.xlsx,liquid,liquid
215,750,300,0,94.80773414971483,2.19287295593474,-1550.020110649404,-1292.320911768226,251.8684443934688,129.0169168600312,4.323448556065659,0.0001665019880274264,1.791914217646993e-05,3.713660661866061e-07,9.877414279898314e-09,-5.040096517984861e-08,,71.49115222658216,0.08649062497861743,12.0481489949185,0.2147496639940412,0,0.4944359516974374,0.03269767529679439,0.09492873473262886,0,0,0.4225555975668327,4.025618216099494,4.158777982392467,0.009492873473262886,6.920951458267766,0,0,0,0,KCP109C,/Users/lopezama/PycharmProjects/sci-cluster/review_outputs/rmelts_parity_audit_v2/2026-02-26/kcp109c_phase7_parity_20260225_224621/runs/kcp109c_phase7_parity_liam_exact/runs/20260225_224621/parallel-results/Parallel_MELTS_KCP109C_dP25.0_02-25_11cores.xlsx,liquid,liquid
216,749,300,0,93.71334833425678,2.193606256257682,-1531.55874759683,-1277.272561486326,248.7758020941193,127.506013433708,4.272113469175315,0.000166360535954487,1.789550152662922e-05,3.670165564692148e-07,9.74316162507583e-09,-4.978177926183131e-08,,71.45540096523602,0.0875006669051771,12.060872047071,0.2177290507713227,0,0.4997857127236428,0.03307952041537183,0.09603731733495047,0,0,0.4100732014629891,4.020215918547443,4.198028981700643,0.009603731733495047,6.911672886097922,0,0,0,0,KCP109C,/Users/lopezama/PycharmProjects/sci-cluster/review_outputs/rmelts_parity_audit_v2/2026-02-26/kcp109c_phase7_parity_20260225_224621/runs/kcp109c_phase7_parity_liam_exact/runs/20260225_224621/parallel-results/Parallel_MELTS_KCP109C_dP25.0_02-25_11cores.xlsx,liquid,liquid
217,748,300,0,92.59521831711015,2.194363601845949,-1512.711512680233,-1261.89773128926,245.618940793197,125.962189374916,4.219684387729405,0.000166208366499971,1.787101518029931e-05,3.625393132699428e-07,9.606068756743813e-09,-4.914590683882959e-08,,71.4198917900088,0.08855728115032079,12.07338929178676,0.220835018476532,0,0.5053918622446507,0.03347897214219444,0.09719701589669352,0,0,0.3979354813555622,4.013601396039062,4.238275784324145,0.009719701589669352,6.901726404985586,0,0,0,0,KCP109C,/Users/lopezama/PycharmProjects/sci-cluster/review_outputs/rmelts_parity_audit_v2/2026-02-26/kcp109c_phase7_parity_20260225_224621/runs/kcp109c_phase7_parity_liam_exact/runs/20260225_224621/parallel-results/Parallel_MELTS_KCP109C_dP25.0_02-25_11cores.xlsx,liquid,liquid
218,747,300,0,91.4500633992046,2.195146738501243,-1493.424713296885,-1246.151398268762,242.3891731883779,124.3809672776954,4.166011401207876,0.0001660448280173396,1.784562945471563e-05,3.579204957658664e-07,9.465789165515263e-09,-4.849151396869978e-08,,71.38462382754471,0.08966621551312501,12.08567985306187,0.2240824821169116,0,0.511286679200387,0.0338982034256936,0.09841413897782011,0,0,0.386149171567563,4.005703921900085,4.279585723697405,0.00984141389778201,6.891068369096631,0,0,0,0,KCP109C,/Users/lopezama/PycharmProjects/sci-cluster/review_outputs/rmelts_parity_audit_v2/2026-02-26/kcp109c_phase7_parity_20260225_224621/runs/kcp109c_phase7_parity_liam_exact/runs/20260225_224621/parallel-results/Parallel_MELTS_KCP109C_dP25.0_02-25_11cores.xlsx,liquid,liquid
219,746,300,0,90.27403205177129,2.195957637415408,-1473.635359310708,-1229.980723375008,239.0763243248788,122.7570968647109,4.110918649506451,0.0001658692196725428,1.781928612158763e-05,3.531440278804961e-07,9.321920052642843e-09,-4.781646876684733e-08,,71.34959179048529,0.09083433216148742,12.09772021117364,0.227489222204756,0,0.5175087242465933,0.03433980850007451,0.09969621822602277,0,0,0.3747217462386156,3.996445811233568,4.322031170000318,0.009969621822602276,6.879651343707015,0,0,0,0,KCP109C,/Users/lopezama/PycharmProjects/sci-cluster/review_outputs/rmelts_parity_audit_v2/2026-02-26/kcp109c_phase7_parity_20260225_224621/runs/kcp109c_phase7_parity_liam_exact/runs/20260225_224621/parallel-results/Parallel_MELTS_KCP109C_dP25.0_02-25_11cores.xlsx,liquid,liquid
220,745,300,0,89.06252507527375,2.196798547038376,-1453.268283127794,-1213.322632285281,235.6682717109593,121.0843161269986,4.054196284649942,0.0001656807887517218,1.779192199546344e-05,3.481909274404326e-07,9.173985161567369e-09,-4.71182512463551e-08,,71.3147839594584,0.09206994450041613,12.10948368516201,0.2310767431668594,0,0.5241047457225181,0.03480693023796219,0.1010523781102128,0,0,0.3636618297045214,3.985741222984448,4.365689623117781,0.01010523781102128,6.867423700023861,0,0,0,0,KCP109C,/Users/lopezama/PycharmProjects/sci-cluster/review_outputs/rmelts_parity_audit_v2/2026-02-26/kcp109c_phase7_parity_20260225_224621/runs/kcp109c_phase7_parity_liam_exact/runs/20260225_224621/parallel-results/Parallel_MELTS_KCP109C_dP25.0_02-25_11cores.xlsx,liquid,liquid
221,744,300,0,87.8099037935929,2.19767207406397,-1432.231384786583,-1196.099824554565,232.1501845666988,119.3549572698752,3.99558718654569,0.0001654787311960515,1.776346871760161e-05,3.430382022958858e-07,9.021406381850156e-09,-4.639380438639722e-08,,71.28017841568285,0.09338333972789828,12.12093998458675,0.2348715962600268,0,0.5311326440166076,0.03530345770201032,0.1024939094574493,0,0,0.3529809726537507,3.973493479339885,4.410643520059963,0.01024939094574493,6.85432928956706,0,0,0,0,KCP109C,/Users/lopezama/PycharmProjects/sci-cluster/review_outputs/rmelts_parity_audit_v2/2026-02-26/kcp109c_phase7_parity_20260225_224621/runs/kcp109c_phase7_parity_liam_exact/runs/20260225_224621/parallel-results/Parallel_MELTS_KCP109C_dP25.0_02-25_11cores.xlsx,liquid,liquid
222,743,300,0,86.50913456893076,2.198581290206692,-1410.409830199508,-1178.215902541916,228.5035946047265,117.5594642479678,3.934770797617309,0.0001652621735957637,1.773385080017839e-05,3.376574510283773e-07,8.86346803196521e-09,-4.563934715493077e-08,,71.24574060741001,0.09478747492390069,12.13205310564694,0.2389071601193922,0,0.5386654038771923,0.03583428930049904,0.1040350334530617,0,0,0.3426917910643142,3.959594125149843,4.456981689125352,0.01040350334530617,6.840305816584165,0,0,0,0,KCP109C,/Users/lopezama/PycharmProjects/sci-cluster/review_outputs/rmelts_parity_audit_v2/2026-02-26/kcp109c_phase7_parity_20260225_224621/runs/kcp109c_phase7_parity_liam_exact/runs/20260225_224621/parallel-results/Parallel_MELTS_KCP109C_dP25.0_02-25_11cores.xlsx,liquid,liquid
223,742,300,0,85.1510727145511,2.199529924876746,-1387.654374418412,-1159.545576163425,224.7045247056954,115.685424861848,3.871330494370186,0.0001650301759376567,1.770298524530236e-05,3.320121330572873e-07,8.699246513014112e-09,-4.4850005852264e-08,,71.21141430477084,0.0962992305165856,12.1427802666113,0.2432268041532981,0,0.5467982140199682,0.03640580665870918,0.1056942773962525,0,0,0.3328123667063212,3.94391651465898,4.504798637186114,0.01056942773962525,6.825284149581988,0,0,0,0,KCP109C,/Users/lopezama/PycharmProjects/sci-cluster/review_outputs/rmelts_parity_audit_v2/2026-02-26/kcp109c_phase7_parity_20260225_224621/runs/kcp109c_phase7_parity_liam_exact/runs/20260225_224621/parallel-results/Parallel_MELTS_KCP109C_dP25.0_02-25_11cores.xlsx,liquid,liquid
224,741,300,0,83.72344740547759,2.200522645578187,-1363.7647963763,-1139.920762889468,220.7208336901169,113.716194993566,3.804707375937013,0.0001647817085273761,1.767077849384825e-05,3.260536171589931e-07,8.527508952930289e-09,-4.401928357362778e-08,,71.17711219330015,0.09794129842481458,12.1530677862435,0.2478886840687357,0,0.5556591643136191,0.03702658842889331,0.1074965470516257,0,0,0.323365534217177,3.926311174345099,4.554195846860715,0.01074965470516257,6.809185528040507,0,0,0,0,KCP109C,/Users/lopezama/PycharmProjects/sci-cluster/review_outputs/rmelts_parity_audit_v2/2026-02-26/kcp109c_phase7_parity_20260225_224621/runs/kcp109c_phase7_parity_liam_exact/runs/20260225_224621/parallel-results/Parallel_MELTS_KCP109C_dP25.0_02-25_11cores.xlsx,liquid,liquid
225,740,300,0,72.80309829200253,2.200709850439389,-1185.695308030688,-991.1427966040739,192.0273517510871,98.93692339566508,3.30816433058937,0.0001653390691096412,1.769932274011422e-05,2.850838884952862e-07,7.438921543469832e-09,-3.845722970054763e-08,,71.08019373537786,0.1056467080175457,12.17579662884621,0.257063304424025,0,0.5749882069967187,0.04258051662643255,0.1226914391084662,0,0,0.3008055286708347,3.979293071778617,4.509888218467146,0.01236208547219009,6.83869055621398,0,0,0,0,KCP109C,/Users/lopezama/PycharmProjects/sci-cluster/review_outputs/rmelts_parity_audit_v2/2026-02-26/kcp109c_phase7_parity_20260225_224621/runs/kcp109c_phase7_parity_liam_exact/runs/20260225_224621/parallel-results/Parallel_MELTS_KCP109C_dP25.0_02-25_11cores.xlsx,liquid,liquid
226,739,300,0,55.10090263079536,2.200172983053506,-897.6557847023955,-750.3644403573614,145.5232370152982,74.9642072024527,2.504389566420531,0.0001662908860936315,1.775994508704862e-05,2.177240910654087e-07,5.666785568773412e-09,-2.933792083340285e-08,,70.95989611389949,0.115391960557009,12.22336440930876,0.2546560221625193,0,0.5684893213356564,0.05626030018787024,0.1586086580478749,0,0,0.272294018702707,4.06533650977323,4.41657389223376,0.01633363553841394,6.892795158252722,0,0,0,0,KCP109C,/Users/lopezama/PycharmProjects/sci-cluster/review_outputs/rmelts_parity_audit_v2/2026-02-26/kcp109c_phase7_parity_20260225_224621/runs/kcp109c_phase7_parity_liam_exact/runs/20260225_224621/parallel-results/Parallel_MELTS_KCP109C_dP25.0_02-25_11cores.xlsx,liquid,liquid
227,738,300,0,35.06867047584501,2.199852359986893,-571.4388774721124,-477.677999065088,92.72697266184484,47.75892212076965,1.594137457299814,0.0001672604115754568,1.782672372259325e-05,1.398352012727538e-07,3.630293594790375e-09,-1.88139657729158e-08,,70.79616364614023,0.129214427865093,12.32823508516125,0.2509083738799517,0,0.5597309727208994,0.0882341454943425,0.1642566497960062,0,0,0.2498400459435406,4.127483814592127,4.332540220727218,0.02566387596754958,6.947728741711801,0,0,0,0,KCP109C,/Users/lopezama/PycharmProjects/sci-cluster/review_outputs/rmelts_parity_audit_v2/2026-02-26/kcp109c_phase7_parity_20260225_224621/runs/kcp109c_phase7_parity_liam_exact/runs/20260225_224621/parallel-results/Parallel_MELTS_KCP109C_dP25.0_02-25_11cores.xlsx,liquid,liquid
228,737,300,0,20.22829166932517,2.200604603833237,-329.6072680750001,-275.5497937727552,53.51430411547285,27.57462082667643,0.9192151845038167,0.0001680411682428806,1.78843345591241e-05,8.125191462844548e-08,2.104239368335378e-09,-1.090757895662365e-08,,70.55935372321443,0.1265802863351302,12.51075007328953,0.2511099906616876,0,0.5615709454438848,0.1516158119566648,0.1634617718314957,0,0,0.2480546055058959,4.112887834835138,4.279454910073196,0.04449204121189713,6.990668005641052,0,0,0,0,KCP109C,/Users/lopezama/PycharmProjects/sci-cluster/review_outputs/rmelts_parity_audit_v2/2026-02-26/kcp109c_phase7_parity_20260225_224621/runs/kcp109c_phase7_parity_liam_exact/runs/20260225_224621/parallel-results/Parallel_MELTS_KCP109C_dP25.0_02-25_11cores.xlsx,liquid,liquid
229,736,300,0,13.05337840291443,2.202323578972503,-212.6540345510779,-177.815220698134,34.52292905211701,17.80777864044332,0.5927093787464466,0.0001684855537771751,1.791935924651249e-05,5.26578775677479e-08,1.360624599482996e-09,-7.049283091386588e-09,,70.29501014053707,0.1250967274849945,12.73374008753011,0.2493480548351919,0,0.5599914390039242,0.2326802419958033,0.1631370988744253,0,0,0.2629792011420768,4.034923031372252,4.261467894068087,0.06894751418881931,7.01267856896725,0,0,0,0,KCP109C,/Users/lopezama/PycharmProjects/sci-cluster/review_outputs/rmelts_parity_audit_v2/2026-02-26/kcp109c_phase7_parity_20260225_224621/runs/kcp109c_phase7_parity_liam_exact/runs/20260225_224621/parallel-results/Parallel_MELTS_KCP109C_dP25.0_02-25_11cores.xlsx,liquid,liquid
230,735,300,0,9.525330183922453,2.204317996803099,-155.1385610310542,-129.7559128426304,25.17745195499053,13.00362801238765,0.4321214179504475,0.0001687982434711976,1.794504320655131e-05,3.85473493503967e-08,9.93832099585159e-10,-5.145297465919743e-09,,70.03073097185077,0.1241091596417468,12.96217066793394,0.2469641003280588,0,0.5571507097965055,0.3160276998779836,0.1629051460111463,0,0,0.2837069682123869,3.93869983423152,4.25624663890482,0.09448470457938062,7.026803398631737,0,0,0,0,KCP109C,/Users/lopezama/PycharmProjects/sci-cluster/review_outputs/rmelts_parity_audit_v2/2026-02-26/kcp109c_phase7_parity_20260225_224621/runs/kcp109c_phase7_parity_liam_exact/runs/20260225_224621/parallel-results/Parallel_MELTS_KCP109C_dP25.0_02-25_11cores.xlsx,liquid,liquid
231,779,275,0,105.7764094672618,2.181239890466791,-1740.119787789065,-1441.701261445021,283.627359543833,144.3433018778522,4.849370760619335,0.0001656579045306753,1.833964070635618e-05,3.881703549785264e-07,1.11139554882649e-08,-5.59326704476202e-08,,71.67930188267508,0.07752179839592936,12.24277181984494,0.1843715023994693,0,0.4504611678257494,0.02930702134480256,0.08508490067845904,0,0,0.6617714497213482,4.131344621831845,3.791005019118009,0.008508490067845903,6.658550326096521,0,0,0,0,KCP109C,/Users/lopezama/PycharmProjects/sci-cluster/review_outputs/rmelts_parity_audit_v2/2026-02-26/kcp109c_phase7_parity_20260225_224621/runs/kcp109c_phase7_parity_liam_exact/runs/20260225_224621/parallel-results/Parallel_MELTS_KCP109C_dP25.0_02-25_11cores.xlsx,liquid,liquid
232,778,275,0,105.7036377351349,2.181587934161386,-1738.613030569362,-1440.843402120756,283.2798634339588,144.2217068877689,4.845261384147139,0.0001655691670241691,1.832933093238395e-05,3.882825593842687e-07,1.109506959775511e-08,-5.586619375659972e-08,,71.6906840654227,0.07757516839702736,12.23557750495766,0.1847935249612487,0,0.4505057617309809,0.02932719780863229,0.08514347750893246,0,0,0.6581966862652021,4.1294011185355,3.793228084600838,0.008514347750893245,6.657053062060375,0,0,0,0,KCP109C,/Users/lopezama/PycharmProjects/sci-cluster/review_outputs/rmelts_parity_audit_v2/2026-02-26/kcp109c_phase7_parity_20260225_224621/runs/kcp109c_phase7_parity_liam_exact/runs/20260225_224621/parallel-results/Parallel_MELTS_KCP109C_dP25.0_02-25_11cores.xlsx,liquid,liquid
233,777,275,0,105.4946551435528,2.181929680305508,-1734.814764668583,-1438.110052169411,282.5355544438148,143.8970562793189,4.834924612638376,0.0001654033523288218,1.831486579647212e-05,3.876979996745697e-07,1.105676948476326e-08,-5.569346462486823e-08,,71.72360006229171,0.07772884330788575,12.21515961634795,0.1854446298306847,0,0.4511417295971262,0.02938529442127388,0.08531214509402094,0,0,0.6481158471636738,4.123763090220372,3.799610978339893,0.008531214509402092,6.652206548876003,0,0,0,0,KCP109C,/Users/lopezama/PycharmProjects/sci-cluster/review_outputs/rmelts_parity_audit_v2/2026-02-26/kcp109c_phase7_parity_20260225_224621/runs/kcp109c_phase7_parity_liam_exact/runs/20260225_224621/parallel-results/Parallel_MELTS_KCP109C_dP25.0_02-25_11cores.xlsx,liquid,liquid
234,776,275,0,105.2832699743054,2.182274805319916,-1730.97743471782,-1435.3434357046,281.7843006369151,143.5689898952888,4.824473513493691,0.0001652351230042287,1.830025691416927e-05,3.870960405445351e-07,1.101810335232084e-08,-5.551845006088105e-08,,71.75673554355632,0.07788490558637894,12.19466011986445,0.186103252637977,0,0.4517899142337193,0.02944429357533837,0.0854834329606598,0,0,0.6381408663667175,4.117912393644203,3.806059913969386,0.008548343296065979,6.647237020308783,0,0,0,0,KCP109C,/Users/lopezama/PycharmProjects/sci-cluster/review_outputs/rmelts_parity_audit_v2/2026-02-26/kcp109c_phase7_parity_20260225_224621/runs/kcp109c_phase7_parity_liam_exact/runs/20260225_224621/parallel-results/Parallel_MELTS_KCP109C_dP25.0_02-25_11cores.xlsx,liquid,liquid
235,775,275,0,105.0694092620925,2.18262334746462,-1727.099845576438,-1432.542547314899,281.0259011224915,143.2374034178034,4.81390476209023,0.0001650644230910158,1.828550150961097e-05,3.864762662664526e-07,1.097906209837884e-08,-5.534109489314553e-08,,71.79010144413544,0.0780434345446303,12.17407307666867,0.1867696015191191,0,0.4524507589529013,0.0295042252546773,0.08565742815874056,0,0,0.6282717476648371,4.111844287129323,3.812576473097268,0.008565742815874054,6.642141780058522,0,0,0,0,KCP109C,/Users/lopezama/PycharmProjects/sci-cluster/review_outputs/rmelts_parity_audit_v2/2026-02-26/kcp109c_phase7_parity_20260225_224621/runs/kcp109c_phase7_parity_liam_exact/runs/20260225_224621/parallel-results/Parallel_MELTS_KCP109C_dP25.0_02-25_11cores.xlsx,liquid,liquid
236,774,275,0,104.8530332316935,2.182975345637884,-1723.181361828539,-1429.706838476037,280.2602524495076,142.9022421478266,4.803216556761186,0.000164891215564612,1.827059786421954e-05,3.858384331475442e-07,1.093964147213657e-08,-5.516137041272975e-08,,71.82370353545086,0.07820448617064006,12.15339570990224,0.1874438324287726,0,0.4531245685746037,0.02956511062548588,0.08583419213850738,0,0,0.6185101160018142,4.105554875683217,3.819161187463244,0.008583419213850738,6.636918966346754,0,0,0,0,KCP109C,/Users/lopezama/PycharmProjects/sci-cluster/review_outputs/rmelts_parity_audit_v2/2026-02-26/kcp109c_phase7_parity_20260225_224621/runs/kcp109c_phase7_parity_liam_exact/runs/20260225_224621/parallel-results/Parallel_MELTS_KCP109C_dP25.0_02-25_11cores.xlsx,liquid,liquid
237,773,275,0,104.6340949668857,2.183330835418769,-1719.221230916615,-1426.83566327203,279.4872318927353,142.5634411014987,4.792406779104394,0.0001647154609665281,1.825554421567768e-05,3.851822686962374e-07,1.089983645559675e-08,-5.497924352800406e-08,,71.85754877005598,0.07836812286810724,12.13262451074229,0.1881261163754768,0,0.4538116853830803,0.02962697327940639,0.08601379339182501,0,0,0.6088573198835928,4.099040168198082,3.825814512325155,0.008601379339182499,6.631566648157806,0,0,0,0,KCP109C,/Users/lopezama/PycharmProjects/sci-cluster/review_outputs/rmelts_parity_audit_v2/2026-02-26/kcp109c_phase7_parity_20260225_224621/runs/kcp109c_phase7_parity_liam_exact/runs/20260225_224621/parallel-results/Parallel_MELTS_KCP109C_dP25.0_02-25_11cores.xlsx,liquid,liquid
238,772,275,0,104.4125301093027,2.183689856115625,-1715.218405170706,-1423.928134218308,278.7066650264539,142.2209090265592,4.78147250704516,0.0001645371064300174,1.824033800389481e-05,3.845074010907444e-07,1.085963934515073e-08,-5.479466641831412e-08,,71.89164714113326,0.07853442135277104,12.11175414420456,0.1888166581294446,0,0.4545125350756956,0.02968984221873051,0.08619631611889503,0,0,0.5993138369808179,4.092295438698303,3.832537771640156,0.008619631611889502,6.626082262835477,0,0,0,0,KCP109C,/Users/lopezama/PycharmProjects/sci-cluster/review_outputs/rmelts_parity_audit_v2/2026-02-26/kcp109c_phase7_parity_20260225_224621/runs/kcp109c_phase7_parity_liam_exact/runs/20260225_224621/parallel-results/Parallel_MELTS_KCP109C_dP25.0_02-25_11cores.xlsx,liquid,liquid
239,771,275,0,104.1882874921208,2.184052444360029,-1711.172061763362,-1420.983546238958,277.9184173963546,141.8745746747362,4.770411432251573,0.0001643561081718264,1.822497724822702e-05,3.83813533908378e-07,1.081904457561823e-08,-5.46076028085106e-08,,71.9260066254181,0.07870344983452365,12.09078049807105,0.1895156437169047,0,0.4552274925875295,0.02975374323012479,0.08638183518423327,0,0,0.5898808247643245,4.085316403354702,3.839331619326885,0.008638183518423326,6.620463680993204,0,0,0,0,KCP109C,/Users/lopezama/PycharmProjects/sci-cluster/review_outputs/rmelts_parity_audit_v2/2026-02-26/kcp109c_phase7_parity_20260225_224621/runs/kcp109c_phase7_parity_liam_exact/runs/20260225_224621/parallel-results/Parallel_MELTS_KCP109C_dP25.0_02-25_11cores.xlsx,liquid,liquid
240,770,275,0,103.9613151244599,2.184418636284195,-1707.081365282575,-1418.001182937127,277.1223528212121,141.5243656918356,4.759221213260808,0.0001641724216835119,1.820945996029886e-05,3.831003680422297e-07,1.077804655758645e-08,-5.441801617792503e-08,,71.9606354852382,0.07887527848550724,12.06969929129532,0.1902232644438248,0,0.4559569437043602,0.029818702842082,0.08657042760604453,0,0,0.5805594192214882,4.078098719002699,3.846196676333988,0.008657042760604451,6.614708749065885,0,0,0,0,KCP109C,/Users/lopezama/PycharmProjects/sci-cluster/review_outputs/rmelts_parity_audit_v2/2026-02-26/kcp109c_phase7_parity_20260225_224621/runs/kcp109c_phase7_parity_liam_exact/runs/20260225_224621/parallel-results/Parallel_MELTS_KCP109C_dP25.0_02-25_11cores.xlsx,liquid,liquid
241,769,275,0,103.7315550475567,2.184788469009325,-1702.945379605485,-1414.980244844225,276.3183176714101,141.1702007047888,4.747899236880949,0.0001639859970972196,1.819378384515978e-05,3.82367569713557e-07,1.073663880698397e-08,-5.422586506094567e-08,,71.99554323649569,0.0790499834201337,12.04850548451389,0.190939726309119,0,0.4567013082369173,0.02988474982956274,0.08676217692453697,0,0,0.5713503967577329,4.070637739281341,3.853133917946829,0.008676217692453697,6.608815062591791,0,0,0,0,KCP109C,/Users/lopezama/PycharmProjects/sci-cluster/review_outputs/rmelts_parity_audit_v2/2026-02-26/kcp109c_phase7_parity_20260225_224621/runs/kcp109c_phase7_parity_liam_exact/runs/20260225_224621/parallel-results/Parallel_MELTS_KCP109C_dP25.0_02-25_11cores.xlsx,liquid,liquid
242,768,275,0,103.4989632175025,2.18516197606951,-1698.763405713172,-1411.920125070045,275.5062004928467,140.8120194113454,4.736443538326066,0.000163796794371741,1.81779472399521e-05,3.816148858167061e-07,1.069481709972594e-08,-5.403112022651177e-08,,72.03073730130897,0.07922763162586907,12.02719530394308,0.1916652150592878,0,0.4574609516527116,0.02995190951709684,0.08695715666253921,0,0,0.5622552085657979,4.062929343698524,3.860143571176806,0.00869571566625392,6.602780691123039,0,0,0,0,KCP109C,/Users/lopezama/PycharmProjects/sci-cluster/review_outputs/rmelts_parity_audit_v2/2026-02-26/kcp109c_phase7_parity_20260225_224621/runs/kcp109c_phase7_parity_liam_exact/runs/20260225_224621/parallel-results/Parallel_MELTS_KCP109C_dP25.0_02-25_11cores.xlsx,liquid,liquid
243,767,275,0,103.2634689600704,2.185539193756496,-1694.534298119046,-1408.819850020929,274.6858127175094,140.4497221074896,4.72485093175481,0.0001636047569690407,1.816194759046106e-05,3.808419244664033e-07,1.065257345408596e-08,-5.383373163100494e-08,,72.06622929161641,0.07940831195334203,12.0057624588152,0.1923999671661454,0,0.4582363676057928,0.03002021549455613,0.08715546433903391,0,0,0.55327430668395,4.054968427470882,3.867226675578153,0.008715546433903392,6.596602966842631,0,0,0,0,KCP109C,/Users/lopezama/PycharmProjects/sci-cluster/review_outputs/rmelts_parity_audit_v2/2026-02-26/kcp109c_phase7_parity_20260225_224621/runs/kcp109c_phase7_parity_liam_exact/runs/20260225_224621/parallel-results/Parallel_MELTS_KCP109C_dP25.0_02-25_11cores.xlsx,liquid,liquid
244,766,275,0,103.0250413805251,2.185920152919403,-1690.257579199771,-1405.678992609201,273.8570818366651,140.0832678209715,4.713120067214262,0.000163409850327169,1.814578356531631e-05,3.800484995416313e-07,1.060990558616713e-08,-5.363368066465313e-08,,72.10202535178988,0.07959208433309393,11.98420392832711,0.193144154505154,0,0.4590278779367555,0.03008969041860868,0.08735716573144456,0,0,0.5444093983533042,4.04675121819254,3.874383206429081,0.008735716573144455,6.590280207409875,0,0,0,0,KCP109C,/Users/lopezama/PycharmProjects/sci-cluster/review_outputs/rmelts_parity_audit_v2/2026-02-26/kcp109c_phase7_parity_20260225_224621/runs/kcp109c_phase7_parity_liam_exact/runs/20260225_224621/parallel-results/Parallel_MELTS_KCP109C_dP25.0_02-25_11cores.xlsx,liquid,liquid
245,765,275,0,102.783618697972,2.186304886463172,-1685.932255472452,-1402.496701585848,273.0198467337125,139.7125702230471,4.701248180634451,0.0001632120226736969,1.8129452955457e-05,3.79234270147661e-07,1.056680700832971e-08,-5.343092532538334e-08,,72.13813624334873,0.07977903397028183,11.96251392493648,0.1938980071160623,0,0.4598359531028599,0.0301603665009602,0.0875623543576264,0,0,0.5356612065566834,4.038272880036986,3.881613810384128,0.008756235435762639,6.583809984253438,0,0,0,0,KCP109C,/Users/lopezama/PycharmProjects/sci-cluster/review_outputs/rmelts_parity_audit_v2/2026-02-26/kcp109c_phase7_parity_20260225_224621/runs/kcp109c_phase7_parity_liam_exact/runs/20260225_224621/parallel-results/Parallel_MELTS_KCP109C_dP25.0_02-25_11cores.xlsx,liquid,liquid
246,764,275,0,102.5391556245635,2.186693424098964,-1681.557610896873,-1399.272352199559,272.1739947908349,139.3375673487614,4.689233273146884,0.0001630112310916499,1.811295406708708e-05,3.783989819084553e-07,1.052327364818657e-08,-5.322543690402409e-08,,72.17457064525229,0.07996923500841512,11.94068789953447,0.1946617309464729,0,0.4606609972907455,0.030232271771474,0.08777111159460195,0,0,0.5270309221985922,4.029529127800806,3.888918673809329,0.008777111159460194,6.577190273633363,0,0,0,0,KCP109C,/Users/lopezama/PycharmProjects/sci-cluster/review_outputs/rmelts_parity_audit_v2/2026-02-26/kcp109c_phase7_parity_20260225_224621/runs/kcp109c_phase7_parity_liam_exact/runs/20260225_224621/parallel-results/Parallel_MELTS_KCP109C_dP25.0_02-25_11cores.xlsx,liquid,liquid
247,763,275,0,102.2916048470656,2.187085794200278,-1677.132896778498,-1396.005291859628,271.3194083085169,138.9581943347851,4.677073259692091,0.0001628074313110068,1.809628517797785e-05,3.775423727979143e-07,1.047930126310089e-08,-5.30171856627495e-08,,72.2113377991881,0.08016276479645884,11.91872095745545,0.1954355401846525,0,0.4615034327579632,0.030305435471832,0.08798352233757677,0,0,0.5185196210862635,4.020515600527816,3.896297966957497,0.008798352233757675,6.570419007002635,0,0,0,0,KCP109C,/Users/lopezama/PycharmProjects/sci-cluster/review_outputs/rmelts_parity_audit_v2/2026-02-26/kcp109c_phase7_parity_20260225_224621/runs/kcp109c_phase7_parity_liam_exact/runs/20260225_224621/parallel-results/Parallel_MELTS_KCP109C_dP25.0_02-25_11cores.xlsx,liquid,liquid
248,762,275,0,102.0409131751237,2.187482024239394,-1672.657267378097,-1392.694787210867,270.4559534050431,138.5743777601795,4.664765792103099,0.0001626005754998871,1.807944442131438e-05,3.766641534357384e-07,1.043488490699391e-08,-5.28061378659311e-08,,72.24844807793723,0.08035970701794015,11.89660751933553,0.19621966443297,0,0.4623637182571506,0.03037988923848957,0.08819967843432455,0,0,0.5101281456334192,4.01122772180423,3.903751936476155,0.008819967843432454,6.563493973589123,0,0,0,0,KCP109C,/Users/lopezama/PycharmProjects/sci-cluster/review_outputs/rmelts_parity_audit_v2/2026-02-26/kcp109c_phase7_parity_20260225_224621/runs/kcp109c_phase7_parity_liam_exact/runs/20260225_224621/parallel-results/Parallel_MELTS_KCP109C_dP25.0_02-25_11cores.xlsx,liquid,liquid
249,761,275,0,101.6919929541129,2.187907902930809,-1666.548527623849,-1388.015023086463,269.3356906999817,138.0603058028145,4.647910125370976,0.0001624065272334158,1.80621371225719e-05,3.75422132859166e-07,1.038057481067797e-08,-5.25517900892668e-08,,72.27660482517163,0.08063543357703995,11.87881375013366,0.1972138883991896,0,0.4636613525952832,0.03048412732790534,0.08850230514553165,0,0,0.501065078452581,4.002966023213878,3.914634013099931,0.008850230514553165,6.556568972368806,0,0,0,0,KCP109C,/Users/lopezama/PycharmProjects/sci-cluster/review_outputs/rmelts_parity_audit_v2/2026-02-26/kcp109c_phase7_parity_20260225_224621/runs/kcp109c_phase7_parity_liam_exact/runs/20260225_224621/parallel-results/Parallel_MELTS_KCP109C_dP25.0_02-25_11cores.xlsx,liquid,liquid
250,760,275,0,100.6738469816433,2.188523695433539,-1649.30819127826,-1374.00520845064,266.4695182961044,136.6602269725909,4.600080282050599,0.0001623180523590886,1.804239713289639e-05,3.717525624604056e-07,1.025954044680602e-08,-5.2009488802544e-08,,72.24016704021898,0.08145092747726879,11.89204367488129,0.19964150226213,0,0.4679607916114254,0.0307924238023821,0.0893973594262706,0,0,0.4867125015217962,4.003177507518441,3.94928633068467,0.008939735942627059,6.550430204652723,0,0,0,0,KCP109C,/Users/lopezama/PycharmProjects/sci-cluster/review_outputs/rmelts_parity_audit_v2/2026-02-26/kcp109c_phase7_parity_20260225_224621/runs/kcp109c_phase7_parity_liam_exact/runs/20260225_224621/parallel-results/Parallel_MELTS_KCP109C_dP25.0_02-25_11cores.xlsx,liquid,liquid
251,759,275,0,99.64522598127995,2.189155427392066,-1631.900054356445,-1359.851072379288,263.5750443028213,135.2455198195765,4.551765705370084,0.0001622225339972714,1.802208659677469e-05,3.680181163101523e-07,1.013719345092229e-08,-5.145859725237037e-08,,72.20387152966596,0.08229173449518115,11.90517040806038,0.2021400808779977,0,0.4723976354154781,0.03111028987012945,0.09032019639715003,0,0,0.4726894009476052,4.002489415427324,3.984614976453743,0.009032019639715002,6.54387231274933,0,0,0,0,KCP109C,/Users/lopezama/PycharmProjects/sci-cluster/review_outputs/rmelts_parity_audit_v2/2026-02-26/kcp109c_phase7_parity_20260225_224621/runs/kcp109c_phase7_parity_liam_exact/runs/20260225_224621/parallel-results/Parallel_MELTS_KCP109C_dP25.0_02-25_11cores.xlsx,liquid,liquid
252,758,275,0,98.60460720349025,2.189803979368636,-1614.299062487454,-1345.531654143443,260.648216403055,133.8141000542437,4.502896520989971,0.0001621195893711514,1.800117340991356e-05,3.642124689724489e-07,1.001336993080711e-08,-5.089825733136474e-08,,72.16772345854662,0.08316019898501949,11.91818257021869,0.2047157380883729,0,0.4769850222080994,0.03143861181140981,0.09127338912989942,0,0,0.4589982922757871,4.000860735826273,4.020663641990429,0.009127338912989941,6.536871002006412,0,0,0,0,KCP109C,/Users/lopezama/PycharmProjects/sci-cluster/review_outputs/rmelts_parity_audit_v2/2026-02-26/kcp109c_phase7_parity_20260225_224621/runs/kcp109c_phase7_parity_liam_exact/runs/20260225_224621/parallel-results/Parallel_MELTS_KCP109C_dP25.0_02-25_11cores.xlsx,liquid,liquid
253,757,275,0,97.55034509894642,2.190470306359388,-1596.478171118988,-1331.024311601222,257.6846668133434,132.3637179230712,4.453397282571582,0.0001620088134150132,1.797962353595519e-05,3.603288283194888e-07,9.887894479169091e-09,-5.032754764696898e-08,,72.13172720475524,0.08405894442007737,11.93106806112253,0.2073753133389798,0,0.4817376565043999,0.03177838142710242,0.09225981704642638,0,0,0.4456424328158329,3.998247328323123,4.057478398729137,0.009225981704642637,6.529400479812495,0,0,0,0,KCP109C,/Users/lopezama/PycharmProjects/sci-cluster/review_outputs/rmelts_parity_audit_v2/2026-02-26/kcp109c_phase7_parity_20260225_224621/runs/kcp109c_phase7_parity_liam_exact/runs/20260225_224621/parallel-results/Parallel_MELTS_KCP109C_dP25.0_02-25_11cores.xlsx,liquid,liquid
254,756,275,0,96.48059564485743,2.191155455602522,-1578.407095881626,-1316.303676873729,254.6795112548191,130.8918546236723,4.403183507503683,0.0001618897708944941,1.79574001335876e-05,3.563596341604169e-07,9.76057208615083e-09,-4.974544288480163e-08,,72.09588620104579,0.08499096910163144,11.9438135350675,0.2101266168653227,0,0.4866723494762313,0.03213073222134847,0.09328277096520524,0,0,0.432624577281107,3.994601848722898,4.095109257442013,0.009328277096520522,6.521432864714425,0,0,0,0,KCP109C,/Users/lopezama/PycharmProjects/sci-cluster/review_outputs/rmelts_parity_audit_v2/2026-02-26/kcp109c_phase7_parity_20260225_224621/runs/kcp109c_phase7_parity_liam_exact/runs/20260225_224621/parallel-results/Parallel_MELTS_KCP109C_dP25.0_02-25_11cores.xlsx,liquid,liquid
255,755,275,0,95.39337739602601,2.19186056128595,-1560.053340326995,-1301.342507287812,251.6275183963265,129.395807824434,4.352164507219352,0.000161762007387466,1.793446475441027e-05,3.522968384214227e-07,9.631195863873252e-09,-4.915085101480282e-08,,72.06020232053778,0.08595963199604044,11.95640505812718,0.212978395059201,0,0.4918079375093176,0.03249693404728358,0.09434593755662973,0,0,0.4199493269055308,3.989873144527499,4.133607771938161,0.009434593755662973,6.512938948039711,0,0,0,0,KCP109C,/Users/lopezama/PycharmProjects/sci-cluster/review_outputs/rmelts_parity_audit_v2/2026-02-26/kcp109c_phase7_parity_20260225_224621/runs/kcp109c_phase7_parity_liam_exact/runs/20260225_224621/parallel-results/Parallel_MELTS_KCP109C_dP25.0_02-25_11cores.xlsx,liquid,liquid
256,754,275,0,94.28644640594315,2.192586872728745,-1541.380129988228,-1286.109959274499,248.5227773097694,127.8725204134952,4.300237658934837,0.0001616250369004003,1.791077595437104e-05,3.481314061476512e-07,9.49953363723483e-09,-4.854254592468565e-08,,72.02467560571561,0.08696880863769592,11.96882725817559,0.2159407290732324,0,0.497166163088423,0.0328784520459582,0.09545357045600769,0,0,0.4076210646724333,3.984006222670956,4.17302951172884,0.009545357045600769,6.503887256689647,0,0,0,0,KCP109C,/Users/lopezama/PycharmProjects/sci-cluster/review_outputs/rmelts_parity_audit_v2/2026-02-26/kcp109c_phase7_parity_20260225_224621/runs/kcp109c_phase7_parity_liam_exact/runs/20260225_224621/parallel-results/Parallel_MELTS_KCP109C_dP25.0_02-25_11cores.xlsx,liquid,liquid
257,753,275,0,93.15729291958154,2.193335762656361,-1522.34637231443,-1270.571547848428,245.3586946021559,126.3185773904994,4.247288285983092,0.0001614783446672832,1.788628953271984e-05,3.43853328618578e-07,9.365328492150343e-09,-4.791916912980853e-08,,71.98930358881194,0.08802295518833403,11.98106343721734,0.2190252022615377,0,0.5027720334554541,0.03327697086388238,0.09661056057256173,0,0,0.3956445444556573,3.976941977108419,4.213433483705191,0.009661056057256171,6.494244190302423,0,0,0,0,KCP109C,/Users/lopezama/PycharmProjects/sci-cluster/review_outputs/rmelts_parity_audit_v2/2026-02-26/kcp109c_phase7_parity_20260225_224621/runs/kcp109c_phase7_parity_liam_exact/runs/20260225_224621/parallel-results/Parallel_MELTS_KCP109C_dP25.0_02-25_11cores.xlsx,liquid,liquid
258,752,275,0,92.00302313231975,2.194108756638718,-1502.904735461036,-1254.687535472488,242.1276886197607,124.730047325558,4.193184264633468,0.0001613213908117024,1.786095901188606e-05,3.394512181505759e-07,9.228287919749426e-09,-4.727917171082088e-08,,71.95408014667392,0.08912729444789384,11.99309548794361,0.222245362157385,0,0.5086548838528886,0.03369446497420377,0.09782264024768834,0,0,0.3840270574019496,3.968615501721716,4.254880670905613,0.009782264024768833,6.48397422564837,0,0,0,0,KCP109C,/Users/lopezama/PycharmProjects/sci-cluster/review_outputs/rmelts_parity_audit_v2/2026-02-26/kcp109c_phase7_parity_20260225_224621/runs/kcp109c_phase7_parity_liam_exact/runs/20260225_224621/parallel-results/Parallel_MELTS_KCP109C_dP25.0_02-25_11cores.xlsx,liquid,liquid
259,751,275,0,90.82035538210049,2.194907546764039,-1483.001576178264,-1238.412863014828,238.8211816271407,123.1024758735514,4.137775894752255,0.0001611535975483009,1.78347338583753e-05,3.349122617453591e-07,9.088083002237044e-09,-4.662081257664011e-08,,71.91899497766624,0.0902879185908254,12.00490321923851,0.2256170100812915,0,0.514848933767532,0.03413323751604375,0.09909649601432055,0,0,0.372774062231449,3.958958022694634,4.297437641407678,0.009909649601432053,6.473038831190037,0,0,0,0,KCP109C,/Users/lopezama/PycharmProjects/sci-cluster/review_outputs/rmelts_parity_audit_v2/2026-02-26/kcp109c_phase7_parity_20260225_224621/runs/kcp109c_phase7_parity_liam_exact/runs/20260225_224621/parallel-results/Parallel_MELTS_KCP109C_dP25.0_02-25_11cores.xlsx,liquid,liquid
260,750,275,0,89.60537331754401,2.195734049494587,-1462.572931596444,-1221.693790473597,235.4289606830345,121.430555082623,4.080884628908922,0.0001609743613241865,1.780756104662828e-05,3.302213825595577e-07,8.944325862633223e-09,-4.594203710760374e-08,,71.88403124589259,0.09151215912586917,12.01646433252713,0.2291591096643333,0,0.5213954109091785,0.03459606015734078,0.1004401746503442,0,0,0.3618950087462882,3.947892652749731,4.341172582263025,0.01004401746503442,6.461397245849149,0,0,0,0,KCP109C,/Users/lopezama/PycharmProjects/sci-cluster/review_outputs/rmelts_parity_audit_v2/2026-02-26/kcp109c_phase7_parity_20260225_224621/runs/kcp109c_phase7_parity_liam_exact/runs/20260225_224621/parallel-results/Parallel_MELTS_KCP109C_dP25.0_02-25_11cores.xlsx,liquid,liquid
261,749,275,0,88.35343978521112,2.196590441911656,-1441.543106534785,-1204.466701097832,231.9389575277143,119.7080060885329,4.02229920058828,0.0001607830393616071,1.777938307318562e-05,3.253608959568326e-07,8.796561018417181e-09,-4.524043431786719e-08,,71.84916400755917,0.09280885428556886,12.02775355202584,0.2328944968192417,0,0.5283440383325843,0.03508627418112969,0.1018633766548926,0,0,0.351398645375856,3.935336546477384,4.386158657448384,0.01018633766548926,6.44900521317446,0,0,0,0,KCP109C,/Users/lopezama/PycharmProjects/sci-cluster/review_outputs/rmelts_parity_audit_v2/2026-02-26/kcp109c_phase7_parity_20260225_224621/runs/kcp109c_phase7_parity_liam_exact/runs/20260225_224621/parallel-results/Parallel_MELTS_KCP109C_dP25.0_02-25_11cores.xlsx,liquid,liquid
262,748,275,0,87.0588385473952,2.197479256089282,-1419.818839583418,-1186.653206657393,228.3363197630363,117.9270970628085,3.961759288792032,0.000160578954725549,1.775013851084999e-05,3.203092453619663e-07,8.64423177100799e-09,-4.45130587626762e-08,,71.81435649495162,0.09418896463314541,12.03874188345235,0.2368514203228118,0,0.5357565427744545,0.0356080232149696,0.1033781319144279,0,0,0.3412973037630136,3.921196383350881,4.43247196737936,0.01033781319144279,6.435815071051526,0,0,0,0,KCP109C,/Users/lopezama/PycharmProjects/sci-cluster/review_outputs/rmelts_parity_audit_v2/2026-02-26/kcp109c_phase7_parity_20260225_224621/runs/kcp109c_phase7_parity_liam_exact/runs/20260225_224621/parallel-results/Parallel_MELTS_KCP109C_dP25.0_02-25_11cores.xlsx,liquid,liquid
263,747,275,0,85.71438606890231,2.198403491138246,-1397.282969464165,-1168.154824687657,224.6024062897695,116.0781192622027,3.898937861699029,0.0001603613882969293,1.771976059777411e-05,3.150395853231238e-07,8.486642984600538e-09,-4.375623626367956e-08,,71.77955547163315,0.09566634723881522,12.04939520349565,0.2410655161431703,0,0.5437110334567059,0.03616654590735697,0.1049996494084557,0,0,0.3316056763007915,3.905367250757816,4.48019270917948,0.01049996494084557,6.421774631537766,0,0,0,0,KCP109C,/Users/lopezama/PycharmProjects/sci-cluster/review_outputs/rmelts_parity_audit_v2/2026-02-26/kcp109c_phase7_parity_20260225_224621/runs/kcp109c_phase7_parity_liam_exact/runs/20260225_224621/parallel-results/Parallel_MELTS_KCP109C_dP25.0_02-25_11cores.xlsx,liquid,liquid
264,746,275,0,84.31078316266478,2.199366791345096,-1373.783864711343,-1148.844099750824,220.7131089246127,114.1485129717309,3.83341166623243,0.0001601295761408482,1.768817623929776e-05,3.095174420733533e-07,8.322899398675152e-09,-4.296524032231245e-08,,71.74468356201686,0.09725900151739139,12.05967230692226,0.2455829642240169,0,0.5523090669886495,0.03676864691511138,0.1067476845922588,0,0,0.322341894586346,3.887729154256474,4.529404792800418,0.01067476845922588,6.406826156720969,0,0,0,0,KCP109C,/Users/lopezama/PycharmProjects/sci-cluster/review_outputs/rmelts_parity_audit_v2/2026-02-26/kcp109c_phase7_parity_20260225_224621/runs/kcp109c_phase7_parity_liam_exact/runs/20260225_224621/parallel-results/Parallel_MELTS_KCP109C_dP25.0_02-25_11cores.xlsx,liquid,liquid
265,745,275,0,82.8354313844761,2.20037376939912,-1349.116112909196,-1128.548394287122,216.6357792290672,112.1212703259345,3.764607292473627,0.0001598827013625116,1.765530423661763e-05,3.036964130852406e-07,8.151791976238448e-09,-4.213369584322631e-08,,71.70962637696485,0.0989912508227302,12.06952128497967,0.2504659952606614,0,0.5616880377405655,0.03742352165249557,0.1086489338298258,0,0,0.3135311969308215,3.868138721279853,4.580195315463372,0.01086489338298258,6.390904471692149,0,0,0,0,KCP109C,/Users/lopezama/PycharmProjects/sci-cluster/review_outputs/rmelts_parity_audit_v2/2026-02-26/kcp109c_phase7_parity_20260225_224621/runs/kcp109c_phase7_parity_liam_exact/runs/20260225_224621/parallel-results/Parallel_MELTS_KCP109C_dP25.0_02-25_11cores.xlsx,liquid,liquid
266,744,275,0,80.42240667134816,2.201403902841635,-1309.189791412515,-1095.451870633108,210.1341206109297,108.8318314310011,3.653232674273749,0.0001596895019590657,1.762630755928387e-05,2.945735555183204e-07,7.892573877995715e-09,-4.084419286242678e-08,,71.6672691616434,0.1016701765557012,12.07911288712536,0.2571858366631041,0,0.5752115226806287,0.03854639290288249,0.1118692650218072,0,0,0.3042139359711146,3.85237591553105,4.623803074003499,0.01119088826212717,6.377550943639289,0,0,0,0,KCP109C,/Users/lopezama/PycharmProjects/sci-cluster/review_outputs/rmelts_parity_audit_v2/2026-02-26/kcp109c_phase7_parity_20260225_224621/runs/kcp109c_phase7_parity_liam_exact/runs/20260225_224621/parallel-results/Parallel_MELTS_KCP109C_dP25.0_02-25_11cores.xlsx,liquid,liquid
267,743,275,0,58.87242207580644,2.200937193218217,-958.6682955970357,-802.1651764642303,154.0157645355561,79.75660702684786,2.674879694759623,0.0001605861814646807,1.768557766002355e-05,2.175534966492641e-07,5.814206777475827e-09,-3.012796729593796e-08,,71.55466018085367,0.1139206669339232,12.12471488073644,0.2543181952249894,0,0.5677082128469909,0.05265612227276485,0.1492200098137826,0,0,0.2733461187275397,3.942186668260875,4.525246845774252,0.01528726130499624,6.426734837249788,0,0,0,0,KCP109C,/Users/lopezama/PycharmProjects/sci-cluster/review_outputs/rmelts_parity_audit_v2/2026-02-26/kcp109c_phase7_parity_20260225_224621/runs/kcp109c_phase7_parity_liam_exact/runs/20260225_224621/parallel-results/Parallel_MELTS_KCP109C_dP25.0_02-25_11cores.xlsx,liquid,liquid
268,742,275,0,37.6900762784514,2.20099164890498,-613.8731183370454,-513.6975259816917,98.68058154494776,51.1083622027854,1.712413415889273,0.0001613252896348353,1.773566981104124e-05,1.402930878147579e-07,3.740294430115469e-09,-1.939601826460053e-08,,71.4126912910921,0.1349905404410699,12.2128694734027,0.2479332572199535,0,0.5530341101055503,0.08224958916923003,0.1720337610013482,0,0,0.2522249151218007,3.993538920301303,4.448416272882167,0.02387891298461517,6.46613895627816,0,0,0,0,KCP109C,/Users/lopezama/PycharmProjects/sci-cluster/review_outputs/rmelts_parity_audit_v2/2026-02-26/kcp109c_phase7_parity_20260225_224621/runs/kcp109c_phase7_parity_liam_exact/runs/20260225_224621/parallel-results/Parallel_MELTS_KCP109C_dP25.0_02-25_11cores.xlsx,liquid,liquid
269,741,275,0,20.79483150416755,2.201960364454082,-338.6793922354501,-283.4473947213825,54.46136914072633,28.22291033669805,0.9443781023425952,0.0001619717512917852,1.778585608251946e-05,7.789971770825272e-08,2.071908415738823e-09,-1.074343280036284e-08,,71.18235511826127,0.1373367058956774,12.39817741127003,0.2463216767819392,0,0.5509254517075474,0.1478234753582469,0.1723223692154363,0,0,0.2506274620328847,3.971751532889007,4.399033333637732,0.04327989054204861,6.500045572408165,0,0,0,0,KCP109C,/Users/lopezama/PycharmProjects/sci-cluster/review_outputs/rmelts_parity_audit_v2/2026-02-26/kcp109c_phase7_parity_20260225_224621/runs/kcp109c_phase7_parity_liam_exact/runs/20260225_224621/parallel-results/Parallel_MELTS_KCP109C_dP25.0_02-25_11cores.xlsx,liquid,liquid
270,740,275,0,13.18421989600988,2.20382567330065,-214.6791791808477,-179.7111166348503,34.51420080540622,17.90674684531976,0.5982424134420756,0.0001623307341469439,1.781644792229777e-05,4.957388151717732e-08,1.315598624923896e-09,-6.816625721148809e-09,,70.91944286540756,0.1357846041400934,12.62525051664118,0.2444369960281908,0,0.5491908047673856,0.2307453991648689,0.1720097517699857,0,0,0.2662322016571683,3.887464083875661,4.384368193636138,0.0682632758646655,6.516811307047101,0,0,0,0,KCP109C,/Users/lopezama/PycharmProjects/sci-cluster/review_outputs/rmelts_parity_audit_v2/2026-02-26/kcp109c_phase7_parity_20260225_224621/runs/kcp109c_phase7_parity_liam_exact/runs/20260225_224621/parallel-results/Parallel_MELTS_KCP109C_dP25.0_02-25_11cores.xlsx,liquid,liquid
271,739,275,0,9.598556340788146,2.205896306277685,-156.251553090547,-130.8362089330081,25.11025456457924,13.04510985433091,0.4351318016840566,0.0001625750180177298,1.783837533729536e-05,3.618945353770638e-08,9.583343851246199e-10,-4.961111324021547e-09,,70.6597266742209,0.1347678659253887,12.85372263389963,0.2419423003696937,0,0.5461204305353073,0.314009828340522,0.1718544977869896,0,0,0.2869487216444384,3.78859844494379,4.38153767445819,0.09376389794004145,6.527007029935124,0,0,0,0,KCP109C,/Users/lopezama/PycharmProjects/sci-cluster/review_outputs/rmelts_parity_audit_v2/2026-02-26/kcp109c_phase7_parity_20260225_224621/runs/kcp109c_phase7_parity_liam_exact/runs/20260225_224621/parallel-results/Parallel_MELTS_KCP109C_dP25.0_02-25_11cores.xlsx,liquid,liquid
272,789,250,0,105.3427677003543,2.17929962123026,-1734.646881082924,-1435.782827749851,281.3765036323244,143.4872175398758,4.833790024745936,0.000161595305432515,1.837047397331193e-05,3.627960713781842e-07,1.07687489758408e-08,-5.417994461021049e-08,,71.97436773407148,0.07784091472162842,12.29316884933034,0.1837409074337738,0,0.4535658156888454,0.02942766288256684,0.0854351503042263,0,0,0.6644956134773157,4.148351186994099,3.806610585777194,0.00854351503042263,6.274452064288094,0,0,0,0,KCP109C,/Users/lopezama/PycharmProjects/sci-cluster/review_outputs/rmelts_parity_audit_v2/2026-02-26/kcp109c_phase7_parity_20260225_224621/runs/kcp109c_phase7_parity_liam_exact/runs/20260225_224621/parallel-results/Parallel_MELTS_KCP109C_dP25.0_02-25_11cores.xlsx,liquid,liquid
273,788,250,0,105.3431152728083,2.179642702893736,-1734.373034170666,-1435.930805225214,281.2441492206116,143.4751503323909,4.833045119411209,0.0001615513959696646,1.83626522009142e-05,3.632516486122413e-07,1.076084090082339e-08,-5.417122579711978e-08,,71.97413026018818,0.07784065789152514,12.29312828896647,0.1840324727393169,0,0.453301420010384,0.0294275657882595,0.08543486841752758,0,0,0.6644934210252145,4.148337499828839,3.806598026158729,0.008543486841752757,6.274732032143786,0,0,0,0,KCP109C,/Users/lopezama/PycharmProjects/sci-cluster/review_outputs/rmelts_parity_audit_v2/2026-02-26/kcp109c_phase7_parity_20260225_224621/runs/kcp109c_phase7_parity_liam_exact/runs/20260225_224621/parallel-results/Parallel_MELTS_KCP109C_dP25.0_02-25_11cores.xlsx,liquid,liquid
274,787,250,0,105.343440893665,2.179986358732031,-1734.098833581822,-1436.0784950811,281.1114828097172,143.4629999982282,4.832298168826022,0.0001615070192479483,1.835480001150218e-05,3.637060528277738e-07,1.075289809747328e-08,-5.416229588390007e-08,,71.97390778583988,0.07784041728355152,12.2930902905121,0.1843253167177733,0,0.4530360027469393,0.0294274748267085,0.08543460433560532,0,0,0.664491367054708,4.148324677184392,3.80658625984197,0.00854346043356053,6.274992343222793,0,0,0,0,KCP109C,/Users/lopezama/PycharmProjects/sci-cluster/review_outputs/rmelts_parity_audit_v2/2026-02-26/kcp109c_phase7_parity_20260225_224621/runs/kcp109c_phase7_parity_liam_exact/runs/20260225_224621/parallel-results/Parallel_MELTS_KCP109C_dP25.0_02-25_11cores.xlsx,liquid,liquid
275,786,250,0,105.3037916066527,2.180325868996955,-1733.15193491979,-1435.675694685654,280.8631829619375,143.3913920711926,4.829727202892706,0.0001614409455508254,1.834576889701776e-05,3.639706080016682e-07,1.073947040867951e-08,-5.412333944554797e-08,,71.98002004108675,0.07786972602283876,12.28909851138603,0.1846858913562592,0,0.4529445817776677,0.02943855495985367,0.0854667724640913,0,0,0.6625267628075727,4.147234432030915,3.807806626708677,0.00854667724640913,6.27436142215292,0,0,0,0,KCP109C,/Users/lopezama/PycharmProjects/sci-cluster/review_outputs/rmelts_parity_audit_v2/2026-02-26/kcp109c_phase7_parity_20260225_224621/runs/kcp109c_phase7_parity_liam_exact/runs/20260225_224621/parallel-results/Parallel_MELTS_KCP109C_dP25.0_02-25_11cores.xlsx,liquid,liquid
276,785,250,0,105.0981773751072,2.180647968505519,-1729.412915287789,-1432.987234838127,280.1357845765367,143.0732185806482,4.819584769894565,0.0001612859326162546,1.833191574815494e-05,3.634482724633961e-07,1.070337752240075e-08,-5.396022888471648e-08,,72.01229348905791,0.07802207068141521,12.26876093417245,0.1853249894824388,0,0.4535807768675654,0.02949614867224233,0.08563398001618742,0,0,0.6525370740831036,4.141579693929853,3.814138219382611,0.008563398001618741,6.270069225652603,0,0,0,0,KCP109C,/Users/lopezama/PycharmProjects/sci-cluster/review_outputs/rmelts_parity_audit_v2/2026-02-26/kcp109c_phase7_parity_20260225_224621/runs/kcp109c_phase7_parity_liam_exact/runs/20260225_224621/parallel-results/Parallel_MELTS_KCP109C_dP25.0_02-25_11cores.xlsx,liquid,liquid
277,784,250,0,104.8903121877219,2.180973126338549,-1725.63737102442,-1430.267577450474,279.40197093501,142.7518637104844,4.809335379744608,0.0001611287520218218,1.831793137035e-05,3.629106913780744e-07,1.066695676541835e-08,-5.379506010525274e-08,,72.04476294398643,0.07817669024902046,12.24834697505011,0.1859712386186053,0,0.4542286247572395,0.02955460241121505,0.08580368441965659,0,0,0.6426524627662784,4.135718764818216,3.820532336459441,0.008580368441965658,6.265671308021806,0,0,0,0,KCP109C,/Users/lopezama/PycharmProjects/sci-cluster/review_outputs/rmelts_parity_audit_v2/2026-02-26/kcp109c_phase7_parity_20260225_224621/runs/kcp109c_phase7_parity_liam_exact/runs/20260225_224621/parallel-results/Parallel_MELTS_KCP109C_dP25.0_02-25_11cores.xlsx,liquid,liquid
278,783,250,0,104.6801564172835,2.181301374530193,-1721.824665487725,-1427.516175878224,278.6616386019994,142.4272726164954,4.798977236230339,0.0001609693698197635,1.830381415478558e-05,3.623576405682116e-07,1.06302038815064e-08,-5.362780506908198e-08,,72.07743412823272,0.07833363790565315,12.2278537102576,0.1866247847906028,0,0.4548884168748086,0.02961393628140545,0.08597594404279002,0,0,0.6328741801160134,4.12964803132872,3.826989578292279,0.008597594404279001,6.261166057473128,0,0,0,0,KCP109C,/Users/lopezama/PycharmProjects/sci-cluster/review_outputs/rmelts_parity_audit_v2/2026-02-26/kcp109c_phase7_parity_20260225_224621/runs/kcp109c_phase7_parity_liam_exact/runs/20260225_224621/parallel-results/Parallel_MELTS_KCP109C_dP25.0_02-25_11cores.xlsx,liquid,liquid
279,782,250,0,104.4676553166576,2.181632742445265,-1717.973909105835,-1424.732275360582,277.9146412787313,142.0993681553974,4.788507858548448,0.0001608077442392305,1.828956210886943e-05,3.617888267221803e-07,1.059311266891612e-08,-5.345842498228766e-08,,72.11031524556175,0.07849297916012841,12.20727666258316,0.1872858024502024,0,0.4555605170944407,0.02967417504834123,0.08615083078550678,0,0,0.6232027756199435,4.123363443320013,3.833510932156644,0.008615083078550677,6.256551553141316,0,0,0,0,KCP109C,/Users/lopezama/PycharmProjects/sci-cluster/review_outputs/rmelts_parity_audit_v2/2026-02-26/kcp109c_phase7_parity_20260225_224621/runs/kcp109c_phase7_parity_liam_exact/runs/20260225_224621/parallel-results/Parallel_MELTS_KCP109C_dP25.0_02-25_11cores.xlsx,liquid,liquid
280,781,250,0,104.2527632296115,2.181967260589373,-1714.084366056645,-1421.915246235726,277.1608592903467,141.7680867498675,4.777925183050258,0.0001606438378386935,1.827517348897556e-05,3.612039994438778e-07,1.055567820828964e-08,-5.328688797923099e-08,,72.14341319612905,0.07865477384901969,12.18661218150288,0.1879544540018729,0,0.4562452550317133,0.02973534133316598,0.08632841032209478,0,0,0.6136392518103351,4.116861153560585,3.840097089133462,0.008632841032209477,6.251826052293619,0,0,0,0,KCP109C,/Users/lopezama/PycharmProjects/sci-cluster/review_outputs/rmelts_parity_audit_v2/2026-02-26/kcp109c_phase7_parity_20260225_224621/runs/kcp109c_phase7_parity_liam_exact/runs/20260225_224621/parallel-results/Parallel_MELTS_KCP109C_dP25.0_02-25_11cores.xlsx,liquid,liquid
281,780,250,0,104.0354311873845,2.182304959024983,-1710.155245636768,-1419.064413077452,276.4001638506542,141.4333599696504,4.76722699809406,0.0001604776109344087,1.826064644794769e-05,3.606028928388546e-07,1.051789518236943e-08,-5.311315992718813e-08,,72.17673554796811,0.07881908543039787,12.16585620586614,0.1886309107778189,0,0.4569429810627478,0.02979745912612602,0.08650875230165618,0,0,0.6041844570093379,4.110137170728389,3.846748832941243,0.008650875230165618,6.246987721557876,0,0,0,0,KCP109C,/Users/lopezama/PycharmProjects/sci-cluster/review_outputs/rmelts_parity_audit_v2/2026-02-26/kcp109c_phase7_parity_20260225_224621/runs/kcp109c_phase7_parity_liam_exact/runs/20260225_224621/parallel-results/Parallel_MELTS_KCP109C_dP25.0_02-25_11cores.xlsx,liquid,liquid
282,779,250,0,103.8156132906007,2.182645866928902,-1706.185810232346,-1416.179142908906,275.6324357966445,141.0951240853257,4.756411237553381,0.0001603090256860586,1.824597928081378e-05,3.599852581321867e-07,1.047975880615908e-08,-5.293720950574579e-08,,72.21028951559839,0.07898597621807076,12.14500489655162,0.1893153422058997,0,0.457654038179404,0.0298605519848804,0.08669192511739472,0,0,0.594839397648319,4.103187591820497,3.853466754520058,0.008669192511739471,6.242034817643726,0,0,0,0,KCP109C,/Users/lopezama/PycharmProjects/sci-cluster/review_outputs/rmelts_parity_audit_v2/2026-02-26/kcp109c_phase7_parity_20260225_224621/runs/kcp109c_phase7_parity_liam_exact/runs/20260225_224621/parallel-results/Parallel_MELTS_KCP109C_dP25.0_02-25_11cores.xlsx,liquid,liquid
283,778,250,0,103.5932631220954,2.182990012781366,-1702.17531494494,-1413.258795820644,274.8575551769928,140.753314750576,4.745475815993603,0.0001601380440175031,1.823117030682632e-05,3.593508461586338e-07,1.044126432428806e-08,-5.275900544195299e-08,,72.24408250568831,0.07915551011229083,12.12405430251419,0.1900079219697605,0,0.4583787781576509,0.02992464406684165,0.08687799890373384,0,0,0.5856050921021625,4.096008483481882,3.860251364840172,0.008687799890373382,6.236965598272625,0,0,0,0,KCP109C,/Users/lopezama/PycharmProjects/sci-cluster/review_outputs/rmelts_parity_audit_v2/2026-02-26/kcp109c_phase7_parity_20260225_224621/runs/kcp109c_phase7_parity_liam_exact/runs/20260225_224621/parallel-results/Parallel_MELTS_KCP109C_dP25.0_02-25_11cores.xlsx,liquid,liquid
284,777,250,0,103.3683291890215,2.183337425613356,-1698.122928932033,-1410.302661023859,274.0753872381799,140.4078599239282,4.734418417253241,0.0001599646232385338,1.82162175708038e-05,3.586993795239892e-07,1.040240623079769e-08,-5.257851233363944e-08,,72.27812302530953,0.07932775614592281,12.1029997908325,0.1907088364345351,0,0.4591175821709113,0.02998976146980008,0.08706704942845186,0,0,0.5764822218651119,4.088595634180071,3.867103525019215,0.008706704942845185,6.231778112201117,0,0,0,0,KCP109C,/Users/lopezama/PycharmProjects/sci-cluster/review_outputs/rmelts_parity_audit_v2/2026-02-26/kcp109c_phase7_parity_20260225_224621/runs/kcp109c_phase7_parity_liam_exact/runs/20260225_224621/parallel-results/Parallel_MELTS_KCP109C_dP25.0_02-25_11cores.xlsx,liquid,liquid
285,776,250,0,103.1407729394679,2.183688132139447,-1694.028041111802,-1407.310206530304,273.2858357541801,140.0587069622212,4.723237325946207,0.0001597887287891826,1.820111963852944e-05,3.580306485755166e-07,1.036318098051e-08,-5.239570543691759e-08,,72.31241772577442,0.07950277472441734,12.08183787236615,0.1914182530585906,0,0.4598707798102408,0.03005592702996265,0.08725914299021414,0,0,0.5674720341473269,4.080945317943097,3.874023479013493,0.008725914299021413,6.226470778843052,0,0,0,0,KCP109C,/Users/lopezama/PycharmProjects/sci-cluster/review_outputs/rmelts_parity_audit_v2/2026-02-26/kcp109c_phase7_parity_20260225_224621/runs/kcp109c_phase7_parity_liam_exact/runs/20260225_224621/parallel-results/Parallel_MELTS_KCP109C_dP25.0_02-25_11cores.xlsx,liquid,liquid
286,775,250,0,102.910535848646,2.184042159965027,-1689.889704996103,-1404.280624835573,272.488746992826,139.7057736517535,4.711929913033086,0.0001596103137041931,1.81858743870583e-05,3.573443452813159e-07,1.032358228476827e-08,-5.221054482525974e-08,,72.34697651250883,0.07968064293298341,12.06056306036215,0.1921363779768175,0,0.4606387984826338,0.0301231698892986,0.08745436419473787,0,0,0.5585749366133732,4.073053041581067,3.881012173757154,0.008745436419473786,6.221041485281487,0,0,0,0,KCP109C,/Users/lopezama/PycharmProjects/sci-cluster/review_outputs/rmelts_parity_audit_v2/2026-02-26/kcp109c_phase7_parity_20260225_224621/runs/kcp109c_phase7_parity_liam_exact/runs/20260225_224621/parallel-results/Parallel_MELTS_KCP109C_dP25.0_02-25_11cores.xlsx,liquid,liquid
287,774,250,0,102.6775816707189,2.184399532842867,-1685.707353180037,-1401.213417257566,271.6840337320068,139.3490113972029,4.700494581093877,0.0001594293466588261,1.81704807000129e-05,3.566402819603633e-07,1.028360728618705e-08,-5.202300921616766e-08,,72.38180574419594,0.0798614220646137,12.03917206410073,0.1928633816810941,0,0.4614219721062331,0.03019151321954908,0.0876527803148199,0,0,0.5497924918767914,4.064915214506011,3.888069299505692,0.008765278031481989,6.215488838397039,0,0,0,0,KCP109C,/Users/lopezama/PycharmProjects/sci-cluster/review_outputs/rmelts_parity_audit_v2/2026-02-26/kcp109c_phase7_parity_20260225_224621/runs/kcp109c_phase7_parity_liam_exact/runs/20260225_224621/parallel-results/Parallel_MELTS_KCP109C_dP25.0_02-25_11cores.xlsx,liquid,liquid
288,773,250,0,102.4418662576272,2.184760276075094,-1681.480280232252,-1398.107972637094,270.8715839938418,138.9883589005813,4.688929370395878,0.0001592457860978072,1.815493676405272e-05,3.559182168223737e-07,1.02432516620283e-08,-5.18330695406483e-08,,72.41691395639523,0.08004518085828263,12.0176602129745,0.1935994536347801,0,0.4622206767299793,0.03026098300739953,0.08785446679567604,0,0,0.5411253160692626,4.056527745080851,3.89519561062129,0.008785446679567604,6.209810951153176,0,0,0,0,KCP109C,/Users/lopezama/PycharmProjects/sci-cluster/review_outputs/rmelts_parity_audit_v2/2026-02-26/kcp109c_phase7_parity_20260225_224621/runs/kcp109c_phase7_parity_liam_exact/runs/20260225_224621/parallel-results/Parallel_MELTS_KCP109C_dP25.0_02-25_11cores.xlsx,liquid,liquid
289,772,250,0,102.203364030573,2.185124410800803,-1677.208096996068,-1394.963937498103,270.0513414322967,138.6237829149682,4.677233182943461,0.0001590596039553438,1.813924164837877e-05,3.551780104222991e-07,1.020251398746783e-08,-5.164071248714429e-08,,72.45230674524531,0.08023197490404091,11.9960246530149,0.1943447535742988,0,0.4630352106069137,0.03033160026860083,0.0880594846507766,0,0,0.5325749740125242,4.047887349250969,3.902390740752661,0.00880594846507766,6.204006565253938,0,0,0,0,KCP109C,/Users/lopezama/PycharmProjects/sci-cluster/review_outputs/rmelts_parity_audit_v2/2026-02-26/kcp109c_phase7_parity_20260225_224621/runs/kcp109c_phase7_parity_liam_exact/runs/20260225_224621/parallel-results/Parallel_MELTS_KCP109C_dP25.0_02-25_11cores.xlsx,liquid,liquid
290,771,250,0,101.9619767139833,2.185491962667318,-1672.88919707691,-1391.77995843721,269.2230413635008,138.25514342727,4.665401587180503,0.0001588707317705484,1.812339224074888e-05,3.544191749330932e-07,1.016138307354833e-08,-5.144587046873599e-08,,72.48800044876232,0.08042191833191271,11.97425597969457,0.195099574535215,0,0.4638662174859364,0.03040340814986944,0.08826795914478223,0,0,0.5241406222232509,4.038988058786043,3.909656299135897,0.008826795914478222,6.198072717835716,0,0,0,0,KCP109C,/Users/lopezama/PycharmProjects/sci-cluster/review_outputs/rmelts_parity_audit_v2/2026-02-26/kcp109c_phase7_parity_20260225_224621/runs/kcp109c_phase7_parity_liam_exact/runs/20260225_224621/parallel-results/Parallel_MELTS_KCP109C_dP25.0_02-25_11cores.xlsx,liquid,liquid
291,770,250,0,101.7177302264255,2.185862946032192,-1668.524055161879,-1388.556389490501,268.3867762751069,137.8824827568994,4.653435862072913,0.0001586791683973484,1.810738913618013e-05,3.536418198905202e-07,1.011986456703589e-08,-5.124856937532114e-08,,72.52399390083612,0.08061502918434887,11.95235543684981,0.1958639932870525,0,0.4647137717409868,0.03047641347213189,0.0884799100803829,0,0,0.5158252548598162,4.02982844810095,3.916990542238189,0.00884799100803829,6.192009308342174,0,0,0,0,KCP109C,/Users/lopezama/PycharmProjects/sci-cluster/review_outputs/rmelts_parity_audit_v2/2026-02-26/kcp109c_phase7_parity_20260225_224621/runs/kcp109c_phase7_parity_liam_exact/runs/20260225_224621/parallel-results/Parallel_MELTS_KCP109C_dP25.0_02-25_11cores.xlsx,liquid,liquid
292,769,250,0,101.4705597292049,2.186237380744648,-1664.111626335633,-1385.292336531702,267.5423785481274,137.505709958067,4.641333124340018,0.0001584848626001384,1.80912302275349e-05,3.52845620553882e-07,1.007795193015759e-08,-5.104876737360265e-08,,72.56029928429608,0.08081139829561701,11.93031612807837,0.1966382521183513,0,0.4655783775636869,0.03055065057517228,0.08869543715372598,0,0,0.5076288775479872,4.020403765373957,3.924394160208131,0.008869543715372597,6.185814125073541,0,0,0,0,KCP109C,/Users/lopezama/PycharmProjects/sci-cluster/review_outputs/rmelts_parity_audit_v2/2026-02-26/kcp109c_phase7_parity_20260225_224621/runs/kcp109c_phase7_parity_liam_exact/runs/20260225_224621/parallel-results/Parallel_MELTS_KCP109C_dP25.0_02-25_11cores.xlsx,liquid,liquid
293,768,250,0,101.2204418443882,2.186615281120971,-1659.651561675395,-1381.987475890907,266.6898004941534,137.1247950904097,4.629092402230786,0.000158287786275351,1.807491473057159e-05,3.520304557209673e-07,1.003564435994685e-08,-5.084645442037966e-08,,72.59692303465333,0.08101108526290667,11.90813464848286,0.197422523364715,0,0.4664603537301751,0.03062614198963544,0.08891460577636096,0,0,0.4995527813811778,4.01071082831843,3.931866576171841,0.008891460577636096,6.179485960290916,0,0,0,0,KCP109C,/Users/lopezama/PycharmProjects/sci-cluster/review_outputs/rmelts_parity_audit_v2/2026-02-26/kcp109c_phase7_parity_20260225_224621/runs/kcp109c_phase7_parity_liam_exact/runs/20260225_224621/parallel-results/Parallel_MELTS_KCP109C_dP25.0_02-25_11cores.xlsx,liquid,liquid
294,767,250,0,100.9673217418094,2.186996662434154,-1655.142986400017,-1378.641051130884,265.8289047436753,136.7396620483624,4.61671128612659,0.0001580878933593821,1.805844091728027e-05,3.511960541273793e-07,9.992936885522538e-09,-5.064159723060623e-08,,72.63387648479159,0.08121417633398578,11.88580460420676,0.1982170408041315,0,0.4673601756235991,0.03070292032138487,0.08913751061047219,0,0,0.4915971538073695,4.000745280163748,3.93940804637469,0.008913751061047219,6.17302285590124,0,0,0,0,KCP109C,/Users/lopezama/PycharmProjects/sci-cluster/review_outputs/rmelts_parity_audit_v2/2026-02-26/kcp109c_phase7_parity_20260225_224621/runs/kcp109c_phase7_parity_liam_exact/runs/20260225_224621/parallel-results/Parallel_MELTS_KCP109C_dP25.0_02-25_11cores.xlsx,liquid,liquid
295,766,250,0,100.7111974083765,2.187381532611756,-1650.585910587507,-1375.253032087794,264.9597060094428,136.3503121907381,4.604189799852898,0.000157885167002233,1.804180869828872e-05,3.503424021085109e-07,9.949831743031197e-09,-5.043420264963846e-08,,72.67116367517683,0.08142071696564908,11.86332401109533,0.1990219464987683,0,0.4682780768329511,0.03078100275530635,0.08936420154766361,0,0,0.4837636877774295,3.990504797577419,3.947017349564304,0.00893642015476636,6.166424114053566,0,0,0,0,KCP109C,/Users/lopezama/PycharmProjects/sci-cluster/review_outputs/rmelts_parity_audit_v2/2026-02-26/kcp109c_phase7_parity_20260225_224621/runs/kcp109c_phase7_parity_liam_exact/runs/20260225_224621/parallel-results/Parallel_MELTS_KCP109C_dP25.0_02-25_11cores.xlsx,liquid,liquid
296,765,250,0,100.4520179283878,2.187769901796174,-1645.979527245401,-1371.822716261868,264.0820796450741,135.9566752562133,4.591525728821665,0.0001576795632715954,1.802501656691309e-05,3.494692538479503e-07,9.906324711334368e-09,-5.022424146586634e-08,,72.70879600729532,0.08163079345096826,11.84068640607221,0.199837476100773,0,0.4692145314151908,0.03086042191439043,0.0895947732998432,0,0,0.4760525018832107,3.979985243702664,3.954694459394828,0.008959477329984318,6.159687908140624,0,0,0,0,KCP109C,/Users/lopezama/PycharmProjects/sci-cluster/review_outputs/rmelts_parity_audit_v2/2026-02-26/kcp109c_phase7_parity_20260225_224621/runs/kcp109c_phase7_parity_liam_exact/runs/20260225_224621/parallel-results/Parallel_MELTS_KCP109C_dP25.0_02-25_11cores.xlsx,liquid,liquid
297,764,250,0,100.1146485758122,2.188184739847906,-1640.073618458018,-1367.30223248944,263.0009024428265,135.4594001638052,4.575237490357914,0.0001574819975827148,1.800772451647252e-05,3.48316768496799e-07,9.855082309233737e-09,-4.997996287716218e-08,,72.7397037887902,0.08190587586763987,11.82129159775233,0.2008263817275436,0,0.4705118298031029,0.03096441648654678,0.08989669302545839,0,0,0.4678776984888283,3.970067621649179,3.965123180458547,0.008989669302545838,6.152841246648091,0,0,0,0,KCP109C,/Users/lopezama/PycharmProjects/sci-cluster/review_outputs/rmelts_parity_audit_v2/2026-02-26/kcp109c_phase7_parity_20260225_224621/runs/kcp109c_phase7_parity_liam_exact/runs/20260225_224621/parallel-results/Parallel_MELTS_KCP109C_dP25.0_02-25_11cores.xlsx,liquid,liquid
298,763,250,0,99.05916582131256,2.188827195220775,-1622.222684557085,-1352.767743944532,260.0539889133354,134.0119981580735,4.525673202416558,0.0001573825853921573,1.798682363834779e-05,3.446632176186502e-07,9.733553043429988e-09,-4.942940446597777e-08,,72.7039721177217,0.0827785918400656,11.83391255025476,0.2033999302145781,0,0.4751349167557705,0.03129434569563455,0.09085455201958419,0,0,0.4543926230601449,3.967843784165667,4.001361811458201,0.009085455201958418,6.145969321611923,0,0,0,0,KCP109C,/Users/lopezama/PycharmProjects/sci-cluster/review_outputs/rmelts_parity_audit_v2/2026-02-26/kcp109c_phase7_parity_20260225_224621/runs/kcp109c_phase7_parity_liam_exact/runs/20260225_224621/parallel-results/Parallel_MELTS_KCP109C_dP25.0_02-25_11cores.xlsx,liquid,liquid
299,762,250,0,97.9904401193946,2.189486673323189,-1604.158669979014,-1338.050654849584,257.0719365593677,132.5462981987039,4.475498358282554,0.0001572759475705473,1.7965312988696e-05,3.409388132792384e-07,9.610499345253953e-09,-4.886920635424567e-08,,72.66833063916562,0.08368141348880229,11.84641741711425,0.2060566673533722,0,0.4799225139950413,0.03163565631893745,0.09184545382917324,0,0,0.4412481820997852,3.964634918244625,4.038368015760724,0.009184545382917322,6.138674577246758,0,0,0,0,KCP109C,/Users/lopezama/PycharmProjects/sci-cluster/review_outputs/rmelts_parity_audit_v2/2026-02-26/kcp109c_phase7_parity_20260225_224621/runs/kcp109c_phase7_parity_liam_exact/runs/20260225_224621/parallel-results/Parallel_MELTS_KCP109C_dP25.0_02-25_11cores.xlsx,liquid,liquid
300,761,250,0,96.9067866839863,2.190164120658624,-1585.853923081191,-1323.127773824476,254.0503304711268,131.0600095149662,4.42463584212331,0.0001571617110977422,1.794315959605378e-05,3.371371208517072e-07,9.485751039088266e-09,-4.829847470753202e-08,,72.63277880312967,0.0846171780720825,11.85879429374325,0.2088039804429216,0,0.4848905328339094,0.03198942097847021,0.09287251251813931,0,0,0.4284477889496294,3.960396107019482,4.07618860799507,0.00928725125181393,6.130933523065547,0,0,0,0,KCP109C,/Users/lopezama/PycharmProjects/sci-cluster/review_outputs/rmelts_parity_audit_v2/2026-02-26/kcp109c_phase7_parity_20260225_224621/runs/kcp109c_phase7_parity_liam_exact/runs/20260225_224621/parallel-results/Parallel_MELTS_KCP109C_dP25.0_02-25_11cores.xlsx,liquid,liquid
301,760,250,0,95.80636748761134,2.190860563507357,-1567.278309774842,-1307.97381052119,250.984367471957,129.550636126922,4.373001599619583,0.0001570394842518778,1.792032868395714e-05,3.332511806934944e-07,9.359124485289727e-09,-4.771624259166671e-08,,72.5973144381099,0.08558908279137045,11.87103047859018,0.2116501897725497,0,0.4900569069087214,0.03235684837234736,0.09393923721004073,0,0,0.4159954182707521,3.955079413011751,4.114872715779779,0.009393923721004073,6.122721347461574,0,0,0,0,KCP109C,/Users/lopezama/PycharmProjects/sci-cluster/review_outputs/rmelts_parity_audit_v2/2026-02-26/kcp109c_phase7_parity_20260225_224621/runs/kcp109c_phase7_parity_liam_exact/runs/20260225_224621/parallel-results/Parallel_MELTS_KCP109C_dP25.0_02-25_11cores.xlsx,liquid,liquid
302,759,250,0,94.68714426692239,2.191577120497553,-1548.398444536131,-1292.560729647994,247.868735056084,128.0154135339998,4.320502499379333,0.0001569088550265344,1.789678340706764e-05,3.292733468898678e-07,9.230418188147293e-09,-4.71214475122742e-08,,72.56193318462209,0.08660076805828956,11.88311231341778,0.2146047620910968,0,0.4954420621363251,0.03273931475374361,0.09504962347861048,0,0,0.4038952871985051,3.948633739613943,4.154472239758994,0.009504962347861048,6.11401174252275,0,0,0,0,KCP109C,/Users/lopezama/PycharmProjects/sci-cluster/review_outputs/rmelts_parity_audit_v2/2026-02-26/kcp109c_phase7_parity_20260225_224621/runs/kcp109c_phase7_parity_liam_exact/runs/20260225_224621/parallel-results/Parallel_MELTS_KCP109C_dP25.0_02-25_11cores.xlsx,liquid,liquid
303,758,250,0,93.54686588891104,2.192315011775612,-1529.177496167463,-1276.857583793164,244.6975826740039,126.451292709262,4.267035776630705,0.0001567693927785537,1.787248511379063e-05,3.251952634887403e-07,9.099412251574362e-09,-4.651292719954995e-08,,72.52662826485651,0.08765638108197928,11.89502511310668,0.217678472636796,0,0.5010692764884566,0.03313838797001655,0.09620822313875772,0,0,0.3921527123177825,3.941004351444597,4.195040972518732,0.009620822313875772,6.10477702212583,0,0,0,0,KCP109C,/Users/lopezama/PycharmProjects/sci-cluster/review_outputs/rmelts_parity_audit_v2/2026-02-26/kcp109c_phase7_parity_20260225_224621/runs/kcp109c_phase7_parity_liam_exact/runs/20260225_224621/parallel-results/Parallel_MELTS_KCP109C_dP25.0_02-25_11cores.xlsx,liquid,liquid
304,757,250,0,92.38298355798948,2.193075577102256,-1509.573796123823,-1260.829344553479,241.4643028397259,124.8548256642155,4.212485174818121,0.0001566206469404639,1.784739286944178e-05,3.210075708278855e-07,8.965860362958712e-09,-4.588937947151559e-08,,72.49138913565594,0.08876071894732956,11.90675296709527,0.2208837732253576,0,0.5069654863691215,0.03355588155325873,0.09742030128365439,0,0,0.3807730071629584,3.932132972544796,4.236635879802012,0.009742030128365439,6.094987846231957,0,0,0,0,KCP109C,/Users/lopezama/PycharmProjects/sci-cluster/review_outputs/rmelts_parity_audit_v2/2026-02-26/kcp109c_phase7_parity_20260225_224621/runs/kcp109c_phase7_parity_liam_exact/runs/20260225_224621/parallel-results/Parallel_MELTS_KCP109C_dP25.0_02-25_11cores.xlsx,liquid,liquid
305,756,250,0,91.19258727336303,2.193860300522629,-1489.539813560977,-1244.436039576809,238.1613700472898,123.2220808453436,4.156718057737715,0.0001564621466204713,1.782146360002259e-05,3.166997034253482e-07,8.82948435511863e-09,-4.524933190162798e-08,,72.45620107117331,0.08991937399221649,11.91827848691753,0.2242351583639362,0,0.5131621130472175,0.03399390967998428,0.09869199584511563,0,0,0.3697627798747759,3.921956879583074,4.279315823993183,0.009869199584511563,6.084613207945138,0,0,0,0,KCP109C,/Users/lopezama/PycharmProjects/sci-cluster/review_outputs/rmelts_parity_audit_v2/2026-02-26/kcp109c_phase7_parity_20260225_224621/runs/kcp109c_phase7_parity_liam_exact/runs/20260225_224621/parallel-results/Parallel_MELTS_KCP109C_dP25.0_02-25_11cores.xlsx,liquid,liquid
306,755,250,0,89.97233031529271,2.194670830447638,-1469.020926998146,-1227.631715484553,234.7801502831231,121.548542206196,4.099581999590408,0.0001562934032699561,1.779465202297083e-05,3.122596490180773e-07,8.689967766052756e-09,-4.45911088109626e-08,,72.421043482184,0.09113891638488614,11.92958262709057,0.2277496351205419,0,0.5196960914999802,0.03445495619428622,0.1000305179834116,0,0,0.3591294776357936,3.910408743639783,4.323142100658127,0.01000305179834116,6.073620399810257,0,0,0,0,KCP109C,/Users/lopezama/PycharmProjects/sci-cluster/review_outputs/rmelts_parity_audit_v2/2026-02-26/kcp109c_phase7_parity_20260225_224621/runs/kcp109c_phase7_parity_liam_exact/runs/20260225_224621/parallel-results/Parallel_MELTS_KCP109C_dP25.0_02-25_11cores.xlsx,liquid,liquid
307,754,250,0,88.71824512586991,2.195509030503585,-1447.952420416013,-1210.36191622409,231.3104261226921,119.8288615460807,4.040896388639339,0.0001561139077029075,1.776691028622536e-05,3.076733199264099e-07,8.546938707822181e-09,-4.39127412346216e-08,,72.38588824776593,0.09242722300870684,11.94064405447483,0.2314475535144656,0,0.526611738116954,0.034941998942316,0.1014445130583368,0,0,0.3488820019168295,3.897415389100378,4.368178161776934,0.01014445130583367,6.061974667018483,0,0,0,0,KCP109C,/Users/lopezama/PycharmProjects/sci-cluster/review_outputs/rmelts_parity_audit_v2/2026-02-26/kcp109c_phase7_parity_20260225_224621/runs/kcp109c_phase7_parity_liam_exact/runs/20260225_224621/parallel-results/Parallel_MELTS_KCP109C_dP25.0_02-25_11cores.xlsx,liquid,liquid
308,753,250,0,87.42557472352321,2.196377028226621,-1426.256739263508,-1192.561371633245,227.7399674806443,118.0566326760384,3.980444777921921,0.000155923132189078,1.773818771891051e-05,3.029239945579813e-07,8.3999548504957e-09,-4.321188862758187e-08,,72.350696746373,0.0937938515092521,11.95143880421122,0.2353535621798184,0,0.5339628647587058,0.035458651180327,0.1029444711686913,0,0,0.3390303726858865,3.88289742453102,4.41448980081802,0.01029444711686913,6.049639003467175,0,0,0,0,KCP109C,/Users/lopezama/PycharmProjects/sci-cluster/review_outputs/rmelts_parity_audit_v2/2026-02-26/kcp109c_phase7_parity_20260225_224621/runs/kcp109c_phase7_parity_liam_exact/runs/20260225_224621/parallel-results/Parallel_MELTS_KCP109C_dP25.0_02-25_11cores.xlsx,liquid,liquid
309,752,250,0,86.08843070988166,2.197277310747679,-1403.83791519425,-1174.149315184963,224.0536506943255,116.223931606624,3.917959298482353,0.0001557205277745914,1.770843049428829e-05,2.979911571298175e-07,8.248471898018266e-09,-4.248567251531973e-08,,72.31541668395501,0.09525068191003881,11.96193894945296,0.2394982244220247,0,0.5418164259727994,0.03600940413672199,0.1045434313646767,0,0,0.3295875577451871,3.866766224878385,4.462144370452232,0.01045434313646767,6.036573702573488,0,0,0,0,KCP109C,/Users/lopezama/PycharmProjects/sci-cluster/review_outputs/rmelts_parity_audit_v2/2026-02-26/kcp109c_phase7_parity_20260225_224621/runs/kcp109c_phase7_parity_liam_exact/runs/20260225_224621/parallel-results/Parallel_MELTS_KCP109C_dP25.0_02-25_11cores.xlsx,liquid,liquid
310,751,250,0,84.69937611959817,2.198212840145745,-1380.574765936563,-1155.023763490825,220.2323902218795,114.3207565529586,3.853101691189396,0.0001555055268499423,1.767758094571663e-05,2.928490897345536e-07,8.091805569725223e-09,-4.17304782561585e-08,,72.27997563551031,0.0968127803444373,11.97211167289082,0.2439202148844031,0,0.550257409772711,0.03659995354484824,0.1062579296463336,0,0,0.3205688575396246,3.848922940085696,4.511211028335185,0.01062579296463336,6.022735784480987,0,0,0,0,KCP109C,/Users/lopezama/PycharmProjects/sci-cluster/review_outputs/rmelts_parity_audit_v2/2026-02-26/kcp109c_phase7_parity_20260225_224621/runs/kcp109c_phase7_parity_liam_exact/runs/20260225_224621/parallel-results/Parallel_MELTS_KCP109C_dP25.0_02-25_11cores.xlsx,liquid,liquid
311,750,250,0,83.24862629160361,2.19918727716459,-1356.307859973683,-1135.050568666708,216.2510788320142,112.3339529866251,3.785426878193656,0.0001552775370790909,1.764557648299428e-05,2.874641416970133e-07,7.929057494017166e-09,-4.094156520491898e-08,,72.24427277218912,0.09849991329887257,11.98191644648264,0.248670134299793,0,0.5593974445342097,0.03723777210079329,0.108109660937787,0,0,0.3119949387099277,3.829252479469388,4.561759660409355,0.01081096609377869,6.00807781147432,0,0,0,0,KCP109C,/Users/lopezama/PycharmProjects/sci-cluster/review_outputs/rmelts_parity_audit_v2/2026-02-26/kcp109c_phase7_parity_20260225_224621/runs/kcp109c_phase7_parity_liam_exact/runs/20260225_224621/parallel-results/Parallel_MELTS_KCP109C_dP25.0_02-25_11cores.xlsx,liquid,liquid
312,749,250,0,81.72286764014473,2.200205302702073,-1330.820253014473,-1114.047227113228,212.0755524152466,110.2456262788733,3.71432918281675,0.0001550359460395826,1.761234823294955e-05,2.817907174198628e-07,7.759006582525643e-09,-4.011249808950156e-08,,72.20816318511505,0.100338902638117,11.9913017387865,0.2538164642715591,0,0.5693881651639089,0.03793299977782471,0.110128063871104,0,0,0.3038929911266074,3.80761829759215,4.61385990330988,0.0110128063871104,5.992546481960173,0,0,0,0,KCP109C,/Users/lopezama/PycharmProjects/sci-cluster/review_outputs/rmelts_parity_audit_v2/2026-02-26/kcp109c_phase7_parity_20260225_224621/runs/kcp109c_phase7_parity_liam_exact/runs/20260225_224621/parallel-results/Parallel_MELTS_KCP109C_dP25.0_02-25_11cores.xlsx,liquid,liquid
313,748,250,0,80.05679381739151,2.201229723138036,-1303.080925322369,-1091.157120908047,207.5344507803178,107.9672402661641,3.636912266624488,0.0001547675848058933,1.757707461113088e-05,2.755859990750079e-07,7.575060719745707e-09,-3.920894116951671e-08,,72.17460270615553,0.1020817738411815,12.00113302430355,0.2580422713209981,0,0.5772284626690541,0.03872243099908808,0.1123713596753343,0,0,0.2961374549814995,3.783481160149642,4.669278627740812,0.01124199609650944,5.975678732066831,0,0,0,0,KCP109C,/Users/lopezama/PycharmProjects/sci-cluster/review_outputs/rmelts_parity_audit_v2/2026-02-26/kcp109c_phase7_parity_20260225_224621/runs/kcp109c_phase7_parity_liam_exact/runs/20260225_224621/parallel-results/Parallel_MELTS_KCP109C_dP25.0_02-25_11cores.xlsx,liquid,liquid
314,747,250,0,61.17195835942722,2.201278051556055,-995.8090835782459,-833.9648298127527,158.6475065093303,82.55450992970715,2.778929191438834,0.000155238619232837,1.760412987963995e-05,2.116784259405795e-07,5.805281642361153e-09,-3.008187680898243e-08,,72.09224380846429,0.1131358930036441,12.03839414410164,0.2541760718630038,0,0.5673667857092427,0.05067670944202501,0.1440346066038173,0,0,0.2720850505785509,3.835552952402523,4.617597319412609,0.01471259306381371,6.000024065354827,0,0,0,0,KCP109C,/Users/lopezama/PycharmProjects/sci-cluster/review_outputs/rmelts_parity_audit_v2/2026-02-26/kcp109c_phase7_parity_20260225_224621/runs/kcp109c_phase7_parity_liam_exact/runs/20260225_224621/parallel-results/Parallel_MELTS_KCP109C_dP25.0_02-25_11cores.xlsx,liquid,liquid
315,746,250,0,38.25468145591808,2.201638095898351,-622.8604818385602,-521.6922052806168,99.26730761707637,51.674190067762,1.737555392377453,0.0001558344614774829,1.764409377587766e-05,1.331881243881861e-07,3.644104974366951e-09,-1.889295060482524e-08,,71.95713519831484,0.1354981959804732,12.1206964407034,0.2472372515231812,0,0.5516103245845807,0.08103566121138138,0.1790352039009039,0,0,0.2531925387768308,3.87509328983568,4.546030445340553,0.02352648228717524,6.029908967540993,0,0,0,0,KCP109C,/Users/lopezama/PycharmProjects/sci-cluster/review_outputs/rmelts_parity_audit_v2/2026-02-26/kcp109c_phase7_parity_20260225_224621/runs/kcp109c_phase7_parity_liam_exact/runs/20260225_224621/parallel-results/Parallel_MELTS_KCP109C_dP25.0_02-25_11cores.xlsx,liquid,liquid
316,745,250,0,20.69329757424332,2.202929455011963,-336.9062405761944,-282.2365591240749,53.69511511282177,27.97364956299818,0.9393536196614586,0.0001562912032029283,1.768128930060671e-05,7.239147217140663e-08,1.976188251608161e-09,-1.024086531919033e-08,,71.73425883351646,0.1482508381108873,12.30775250988826,0.2421729646380367,0,0.54187483349118,0.1488418870923221,0.181422317107886,0,0,0.2539319323086208,3.838103363957091,4.508033712051253,0.04349225009178974,6.051864557746215,0,0,0,0,KCP109C,/Users/lopezama/PycharmProjects/sci-cluster/review_outputs/rmelts_parity_audit_v2/2026-02-26/kcp109c_phase7_parity_20260225_224621/runs/kcp109c_phase7_parity_liam_exact/runs/20260225_224621/parallel-results/Parallel_MELTS_KCP109C_dP25.0_02-25_11cores.xlsx,liquid,liquid
317,744,250,0,13.05757320619341,2.204927569414867,-212.5363078541727,-178.0932852413802,33.86228443473675,17.66354341087369,0.5921996435310829,0.0001565698069576913,1.770733981173475e-05,4.582355962186474e-08,1.248213799443757e-09,-6.462104309851156e-09,,71.47254382034443,0.1466737898673153,12.53825327365441,0.2400985798054972,0,0.5398204556215196,0.2333150820776223,0.1811699535405785,0,0,0.2706114507691149,3.746824627824498,4.497751178005495,0.06892537157189445,6.064012416917642,0,0,0,0,KCP109C,/Users/lopezama/PycharmProjects/sci-cluster/review_outputs/rmelts_parity_audit_v2/2026-02-26/kcp109c_phase7_parity_20260225_224621/runs/kcp109c_phase7_parity_liam_exact/runs/20260225_224621/parallel-results/Parallel_MELTS_KCP109C_dP25.0_02-25_11cores.xlsx,liquid,liquid
318,743,250,0,9.551813019890389,2.207043159307094,-155.4299141971647,-130.2784041218787,24.75176900584168,12.9289950365697,0.4327877766961839,0.0001567583899616726,1.772605860381149e-05,3.359904550036696e-08,9.132953044724757e-10,-4.723329817025593e-09,,71.21774393027806,0.1456157132125039,12.76532555641378,0.2375462840028069,0,0.5366114764614586,0.3159203289917024,0.1810425355082905,0,0,0.2912835849957613,3.646213086536873,4.497231081031891,0.09422275141645275,6.071243671150402,0,0,0,0,KCP109C,/Users/lopezama/PycharmProjects/sci-cluster/review_outputs/rmelts_parity_audit_v2/2026-02-26/kcp109c_phase7_parity_20260225_224621/runs/kcp109c_phase7_parity_liam_exact/runs/20260225_224621/parallel-results/Parallel_MELTS_KCP109C_dP25.0_02-25_11cores.xlsx,liquid,liquid
319,795,225,0,104.9173839039706,2.179198877571178,-1728.15361006009,-1430.569671830102,278.5975174179546,142.5835755222762,4.814493297688647,0.0001570954410659475,1.832092814312796e-05,3.397005277123531e-07,1.036539599594172e-08,-5.217266420600503e-08,,72.26618443702488,0.07815651706457462,12.34301092666148,0.1843276405355048,0,0.4555471593619002,0.02954697596343674,0.08578154311965505,0,0,0.6671897798195393,4.165170482587696,3.822044310109075,0.008578154311965505,5.89446207344028,0,0,0,0,KCP109C,/Users/lopezama/PycharmProjects/sci-cluster/review_outputs/rmelts_parity_audit_v2/2026-02-26/kcp109c_phase7_parity_20260225_224621/runs/kcp109c_phase7_parity_liam_exact/runs/20260225_224621/parallel-results/Parallel_MELTS_KCP109C_dP25.0_02-25_11cores.xlsx,liquid,liquid
320,794,225,0,104.8322352124784,2.179517468435114,-1726.443925329015,-1429.539103438439,278.222201087547,142.4452790509382,4.809882771334133,0.0001570116823761637,1.831107892044983e-05,3.397541412605886e-07,1.034689881708939e-08,-5.210382608053388e-08,,72.27939580751926,0.07821999882214546,12.33442455399038,0.1847577689216678,0,0.4556648561575719,0.02957097516446962,0.08585121821942793,0,0,0.6629901892675049,4.162784896953367,3.82468591126578,0.008585121821942793,5.893068701896475,0,0,0,0,KCP109C,/Users/lopezama/PycharmProjects/sci-cluster/review_outputs/rmelts_parity_audit_v2/2026-02-26/kcp109c_phase7_parity_20260225_224621/runs/kcp109c_phase7_parity_liam_exact/runs/20260225_224621/parallel-results/Parallel_MELTS_KCP109C_dP25.0_02-25_11cores.xlsx,liquid,liquid
321,793,225,0,104.6291447334581,2.179818797425672,-1722.750571161533,-1426.883857136917,277.5094630442393,142.1324567751885,4.799901021911698,0.0001568676928668882,1.829795314058844e-05,3.392889030953774e-07,1.031300796359086e-08,-5.195057290458675e-08,,72.31105419798426,0.07837182802168759,12.31414974224928,0.1853870413798571,0,0.4563057941776302,0.02962837400819896,0.08601786002380343,0,0,0.6531473465680266,4.157028139400651,3.830984740784631,0.008601786002380343,5.889323149399578,0,0,0,0,KCP109C,/Users/lopezama/PycharmProjects/sci-cluster/review_outputs/rmelts_parity_audit_v2/2026-02-26/kcp109c_phase7_parity_20260225_224621/runs/kcp109c_phase7_parity_liam_exact/runs/20260225_224621/parallel-results/Parallel_MELTS_KCP109C_dP25.0_02-25_11cores.xlsx,liquid,liquid
322,792,225,0,104.4239461964617,2.180122902048754,-1719.023089264371,-1424.19936464618,276.7908037536418,141.8166735816537,4.78981923901309,0.0001567217600658677,1.828470815415392e-05,3.388103446187195e-07,1.027882454879576e-08,-5.179547427882401e-08,,72.34288738130275,0.07852583299460877,12.2938036814109,0.1860231389592302,0,0.4569578900276126,0.02968659540040088,0.08618688987213158,0,0,0.6434094476944975,4.151070979582763,3.837342428108586,0.008618688987213156,5.885487045659327,0,0,0,0,KCP109C,/Users/lopezama/PycharmProjects/sci-cluster/review_outputs/rmelts_parity_audit_v2/2026-02-26/kcp109c_phase7_parity_20260225_224621/runs/kcp109c_phase7_parity_liam_exact/runs/20260225_224621/parallel-results/Parallel_MELTS_KCP109C_dP25.0_02-25_11cores.xlsx,liquid,liquid
323,791,225,0,104.2165959270558,2.180429806531831,-1715.260772901434,-1421.485023396721,276.0661086357306,141.4978684616444,4.779635446867315,0.0001565738506627478,1.827134238186984e-05,3.383182433463638e-07,1.024434390759872e-08,-5.163850046322066e-08,,72.37490184919987,0.07868206891200581,12.27338280269685,0.1866662096583653,0,0.4576214491913824,0.02974566019844122,0.08635836831805516,0,0,0.6337772193928066,4.144909894981903,3.843759717330941,0.008635836831805514,5.881558923287566,0,0,0,0,KCP109C,/Users/lopezama/PycharmProjects/sci-cluster/review_outputs/rmelts_parity_audit_v2/2026-02-26/kcp109c_phase7_parity_20260225_224621/runs/kcp109c_phase7_parity_liam_exact/runs/20260225_224621/parallel-results/Parallel_MELTS_KCP109C_dP25.0_02-25_11cores.xlsx,liquid,liquid
324,790,225,0,104.0070538461721,2.180739535430981,-1711.462976619591,-1418.740280274913,275.3352738039574,141.1759857930892,4.769347836197096,0.0001564239328972671,1.825785434705702e-05,3.378123929512799e-07,1.020956189352856e-08,-5.147962448365745e-08,,72.40710364152731,0.07884058919477292,12.25288382988748,0.1873163981876857,0,0.4582967661960016,0.02980558859802391,0.08653235399426296,0,0,0.6242515707013829,4.138541429972888,3.850237217875574,0.008653235399426295,5.877537378465197,0,0,0,0,KCP109C,/Users/lopezama/PycharmProjects/sci-cluster/review_outputs/rmelts_parity_audit_v2/2026-02-26/kcp109c_phase7_parity_20260225_224621/runs/kcp109c_phase7_parity_liam_exact/runs/20260225_224621/parallel-results/Parallel_MELTS_KCP109C_dP25.0_02-25_11cores.xlsx,liquid,liquid
325,789,225,0,103.7952765944468,2.181052112220503,-1707.629000822072,-1415.964537015907,274.5981865143012,140.8509651927571,4.758954451976576,0.0001562719732350503,1.82442425037544e-05,3.372925737632072e-07,1.017447400196279e-08,-5.131881731517718e-08,,72.43949943177824,0.07900145072220308,12.23230309031406,0.1879738576257013,0,0.4589841555358891,0.02986640210229628,0.08670890932924727,0,0,0.6148332608034497,4.13196201761405,3.85677558804825,0.008670890932924726,5.873420945193681,0,0,0,0,KCP109C,/Users/lopezama/PycharmProjects/sci-cluster/review_outputs/rmelts_parity_audit_v2/2026-02-26/kcp109c_phase7_parity_20260225_224621/runs/kcp109c_phase7_parity_liam_exact/runs/20260225_224621/parallel-results/Parallel_MELTS_KCP109C_dP25.0_02-25_11cores.xlsx,liquid,liquid
326,788,225,0,103.5812216196015,2.181367560304068,-1703.758160200206,-1413.157206342176,273.8547367083162,140.5227475190356,4.748453378721875,0.0001561179381398617,1.823050532198608e-05,3.367585697666535e-07,1.013907587610026e-08,-5.115605067125614e-08,,72.4720959057214,0.07916471079003122,12.21163690970862,0.1886387426651452,0,0.4596839335640167,0.02992812237184107,0.08688809720857084,0,0,0.6055230838417279,4.125168073840245,3.863375451288154,0.008688809720857083,5.86920815927936,0,0,0,0,KCP109C,/Users/lopezama/PycharmProjects/sci-cluster/review_outputs/rmelts_parity_audit_v2/2026-02-26/kcp109c_phase7_parity_20260225_224621/runs/kcp109c_phase7_parity_liam_exact/runs/20260225_224621/parallel-results/Parallel_MELTS_KCP109C_dP25.0_02-25_11cores.xlsx,liquid,liquid
327,787,225,0,103.3648481427555,2.181685902369373,-1699.849800490332,-1410.317725542493,273.10482002343,140.191276365655,4.737842786191098,0.0001559617950640595,1.821664136153656e-05,3.362101745657803e-07,1.010336347843809e-08,-5.099129792560322e-08,,72.50489959633038,0.07933042638905165,12.19088171472707,0.189311207931334,0,0.4603964142694946,0.02999077095195855,0.08706998018310545,0,0,0.596321924211817,4.118156067172451,3.870037293262554,0.008706998018310545,5.864897606552454,0,0,0,0,KCP109C,/Users/lopezama/PycharmProjects/sci-cluster/review_outputs/rmelts_parity_audit_v2/2026-02-26/kcp109c_phase7_parity_20260225_224621/runs/kcp109c_phase7_parity_liam_exact/runs/20260225_224621/parallel-results/Parallel_MELTS_KCP109C_dP25.0_02-25_11cores.xlsx,liquid,liquid
328,786,225,0,103.1461118997086,2.182007160985489,-1695.903208845787,-1407.445483361254,272.3483222249285,139.8564901149974,4.727120687043176,0.0001558035086045745,1.820264902129398e-05,3.356471645902789e-07,1.006733230748561e-08,-5.082452987147796e-08,,72.53791779050839,0.07949865826331808,12.17003345883138,0.189991417300108,0,0.4611219331591423,0.03005437080686415,0.08725462492315397,0,0,0.5872304527866616,4.110922279539984,3.876761798474441,0.008725462492315397,5.860487752914248,0,0,0,0,KCP109C,/Users/lopezama/PycharmProjects/sci-cluster/review_outputs/rmelts_parity_audit_v2/2026-02-26/kcp109c_phase7_parity_20260225_224621/runs/kcp109c_phase7_parity_liam_exact/runs/20260225_224621/parallel-results/Parallel_MELTS_KCP109C_dP25.0_02-25_11cores.xlsx,liquid,liquid
329,785,225,0,102.9249736016445,2.182331357405598,-1691.917758128433,-1404.539937680235,271.5851443067601,139.5183347303759,4.716285327265972,0.0001556430467526019,1.81885269513084e-05,3.350693426304627e-07,1.003097866735208e-08,-5.065572159569141e-08,,72.57115708642452,0.07966946445310719,12.14908853551371,0.1906795290838826,0,0.4618608092486079,0.03011894387861369,0.08744209513145909,0,0,0.5782496100344414,4.103463201651436,3.883549292303212,0.008744209513145909,5.855977222763862,0,0,0,0,KCP109C,/Users/lopezama/PycharmProjects/sci-cluster/review_outputs/rmelts_parity_audit_v2/2026-02-26/kcp109c_phase7_parity_20260225_224621/runs/kcp109c_phase7_parity_liam_exact/runs/20260225_224621/parallel-results/Parallel_MELTS_KCP109C_dP25.0_02-25_11cores.xlsx,liquid,liquid
330,784,225,0,102.7013940004527,2.182658512485792,-1687.892821822021,-1401.600546355546,270.8151875008032,139.1767561368835,4.705334957940251,0.000155480376510095,1.817427374799231e-05,3.344765102863377e-07,9.994298864903965e-09,-5.048484818975516e-08,,72.60462434925277,0.07984290408493779,12.1280431662451,0.1913757049105086,0,0.4626133672067724,0.0301845125199155,0.08763245570298048,0,0,0.5693802343032551,4.095775270986676,3.890400191828423,0.008763245570298048,5.851364597388355,0,0,0,0,KCP109C,/Users/lopezama/PycharmProjects/sci-cluster/review_outputs/rmelts_parity_audit_v2/2026-02-26/kcp109c_phase7_parity_20260225_224621/runs/kcp109c_phase7_parity_liam_exact/runs/20260225_224621/parallel-results/Parallel_MELTS_KCP109C_dP25.0_02-25_11cores.xlsx,liquid,liquid
331,783,225,0,102.4753335711846,2.182988646008979,-1683.82777005837,-1398.626763631705,270.0383529107277,138.8316999743955,4.69426782216819,0.000155315464829213,1.815988804511779e-05,3.338684700873347e-07,9.957289265151755e-09,-5.031188497065104e-08,,72.63832662551916,0.08001903765484447,12.10689346358598,0.1920801101191386,0,0.4633799392517995,0.03025109960122169,0.0878257730358049,0,0,0.560623160499805,4.087854920564949,3.897314823796179,0.008782577303580489,5.846648469067532,0,0,0,0,KCP109C,/Users/lopezama/PycharmProjects/sci-cluster/review_outputs/rmelts_parity_audit_v2/2026-02-26/kcp109c_phase7_parity_20260225_224621/runs/kcp109c_phase7_parity_liam_exact/runs/20260225_224621/parallel-results/Parallel_MELTS_KCP109C_dP25.0_02-25_11cores.xlsx,liquid,liquid
332,782,225,0,102.2467594648094,2.183321776621396,-1679.722085772159,-1395.618135534097,269.2545611885147,138.4831217148422,4.68308247367148,0.0001551482818913862,1.814536868438139e-05,3.332450554813963e-07,9.919947166876218e-09,-5.013681236608132e-08,,72.67227020104296,0.08019792161711774,12.08563601173315,0.1927929017350451,0,0.4641608329476558,0.03031872646500792,0.08802210909195848,0,0,0.5519794102338571,4.079698817459387,3.904293288073074,0.008802210909195848,5.841827568691593,0,0,0,0,KCP109C,/Users/lopezama/PycharmProjects/sci-cluster/review_outputs/rmelts_parity_audit_v2/2026-02-26/kcp109c_phase7_parity_20260225_224621/runs/kcp109c_phase7_parity_liam_exact/runs/20260225_224621/parallel-results/Parallel_MELTS_KCP109C_dP25.0_02-25_11cores.xlsx,liquid,liquid
333,781,225,0,102.0156169514042,2.183657922354572,-1675.574885768449,-1392.573906936538,268.4636710448336,138.1309447852039,4.671776467689768,0.0001549787861053257,1.813071388475348e-05,3.326060033509744e-07,9.882267085762537e-09,-4.995959531771776e-08,,72.70646473156242,0.08037963080481135,12.06426529959783,0.193514278757488,0,0.4649564642156084,0.03038742140181892,0.08822154600528075,0,0,0.5434492176637042,4.071302812773172,3.911336281035929,0.008822154600528074,5.836900161581403,0,0,0,0,KCP109C,/Users/lopezama/PycharmProjects/sci-cluster/review_outputs/rmelts_parity_audit_v2/2026-02-26/kcp109c_phase7_parity_20260225_224621/runs/kcp109c_phase7_parity_liam_exact/runs/20260225_224621/parallel-results/Parallel_MELTS_KCP109C_dP25.0_02-25_11cores.xlsx,liquid,liquid
334,780,225,0,101.7818788634347,2.183997099383295,-1671.385750180705,-1389.493701999068,267.665620454481,137.7751331020041,4.660348628309777,0.0001548069502404737,1.811592269903125e-05,3.319511754895001e-07,9.844247209538863e-09,-4.978021904160415e-08,,72.74091610170217,0.08056421972589087,12.04277815853037,0.1942443953633049,0,0.4657671277078278,0.03045720501832459,0.08842414360158753,0,0,0.5350337189724482,4.062663774278451,3.918443636649229,0.008842414360158752,5.831865104090233,0,0,0,0,KCP109C,/Users/lopezama/PycharmProjects/sci-cluster/review_outputs/rmelts_parity_audit_v2/2026-02-26/kcp109c_phase7_parity_20260225_224621/runs/kcp109c_phase7_parity_liam_exact/runs/20260225_224621/parallel-results/Parallel_MELTS_KCP109C_dP25.0_02-25_11cores.xlsx,liquid,liquid
335,779,225,0,101.5455132787541,2.184339322613865,-1667.154179785465,-1386.37707918165,266.8603341765103,137.4156435636762,4.648797566727903,0.0001546327440395496,1.810099403530773e-05,3.312804130507065e-07,9.805885148445762e-09,-4.95986655334143e-08,,72.77563116939011,0.08075174780607866,12.02117080716789,0.1949834175863726,0,0.4665931465075137,0.03052809978034681,0.08862996710423267,0,0,0.5267337799843318,4.05377839317105,3.925615337128982,0.008862996710423265,5.826721137662654,0,0,0,0,KCP109C,/Users/lopezama/PycharmProjects/sci-cluster/review_outputs/rmelts_parity_audit_v2/2026-02-26/kcp109c_phase7_parity_20260225_224621/runs/kcp109c_phase7_parity_liam_exact/runs/20260225_224621/parallel-results/Parallel_MELTS_KCP109C_dP25.0_02-25_11cores.xlsx,liquid,liquid
336,778,225,0,101.3064936276868,2.184684605137281,-1662.879766103396,-1383.223670706147,266.0477528395087,137.0524409747976,4.637122145204152,0.0001544561401138039,1.808592700259856e-05,3.305935835551459e-07,9.767179296850098e-09,-4.941492108509161e-08,,72.81061623312135,0.08094227143799643,11.99943980762865,0.1957315053350417,0,0.4674348250940906,0.03060012700704742,0.08883907840755703,0,0,0.5185503953399053,4.04464358624065,3.932851127828617,0.008883907840755703,5.821467134718328,0,0,0,0,KCP109C,/Users/lopezama/PycharmProjects/sci-cluster/review_outputs/rmelts_parity_audit_v2/2026-02-26/kcp109c_phase7_parity_20260225_224621/runs/kcp109c_phase7_parity_liam_exact/runs/20260225_224621/parallel-results/Parallel_MELTS_KCP109C_dP25.0_02-25_11cores.xlsx,liquid,liquid
337,777,225,0,101.0648016005046,2.185032958107475,-1658.56223916171,-1380.033222074024,265.2278408681477,136.6855021359694,4.625321610161889,0.0001542771148223639,1.807072093716649e-05,3.298905919525633e-07,9.728129149307748e-09,-4.922897811323955e-08,,72.84587673203,0.0811358415844084,11.9775822413533,0.1964888071535233,0,0.4682924350008252,0.03067330596483732,0.08905153344630189,0,0,0.510484678268917,4.035256593492247,3.940150552486808,0.008905153344630188,5.816102125874187,0,0,0,0,KCP109C,/Users/lopezama/PycharmProjects/sci-cluster/review_outputs/rmelts_parity_audit_v2/2026-02-26/kcp109c_phase7_parity_20260225_224621/runs/kcp109c_phase7_parity_liam_exact/runs/20260225_224621/parallel-results/Parallel_MELTS_KCP109C_dP25.0_02-25_11cores.xlsx,liquid,liquid
338,776,225,0,100.8203469457685,2.185384393407333,-1654.200127456763,-1376.80449033034,264.4003594590126,136.3146990622407,4.613391916310653,0.0001540956081713506,1.805537327952478e-05,3.291710289732393e-07,9.688725142969402e-09,-4.904077841468694e-08,,72.88142842287647,0.08133256835404401,11.95558882092883,0.1972556050706,0,0.4691665979081123,0.03074767828018737,0.08926745307151171,0,0,0.5025356395568455,4.025611970980499,3.947514783196821,0.00892674530715117,5.810623714468934,0,0,0,0,KCP109C,/Users/lopezama/PycharmProjects/sci-cluster/review_outputs/rmelts_parity_audit_v2/2026-02-26/kcp109c_phase7_parity_20260225_224621/runs/kcp109c_phase7_parity_liam_exact/runs/20260225_224621/parallel-results/Parallel_MELTS_KCP109C_dP25.0_02-25_11cores.xlsx,liquid,liquid
339,775,225,0,100.5731813203202,2.185738915910057,-1649.794332551896,-1373.538182514289,263.5654725350446,135.9401106187177,4.601335529520249,0.0001539116318489878,1.803988534049069e-05,3.284351124988982e-07,9.648975849024356e-09,-4.885036496916768e-08,,72.91726745111194,0.08153244909888056,11.93346234581474,0.1980319288426542,0,0.47005726598692,0.03082324295201582,0.08948683437682013,0,0,0.4947062392862678,4.015709650929886,3.954941541617331,0.008948683437682011,5.805032366544856,0,0,0,0,KCP109C,/Users/lopezama/PycharmProjects/sci-cluster/review_outputs/rmelts_parity_audit_v2/2026-02-26/kcp109c_phase7_parity_20260225_224621/runs/kcp109c_phase7_parity_liam_exact/runs/20260225_224621/parallel-results/Parallel_MELTS_KCP109C_dP25.0_02-25_11cores.xlsx,liquid,liquid
340,774,225,0,100.3232120510368,2.186096533938325,-1645.343343927654,-1370.233022058507,262.7229354621092,135.5616052708795,4.589148305829897,0.0001537251237753686,1.802425451996338e-05,3.27682425302019e-07,9.608871529089916e-09,-4.865767850044683e-08,,72.95341057225113,0.08173559883671204,11.91119289562729,0.1988180733777735,0,0.4709650883597161,0.03090004346265942,0.08970980360126929,0,0,0.4869951944155421,4.005544125284616,3.962431997886886,0.008970980360126928,5.799325626536275,0,0,0,0,KCP109C,/Users/lopezama/PycharmProjects/sci-cluster/review_outputs/rmelts_parity_audit_v2/2026-02-26/kcp109c_phase7_parity_20260225_224621/runs/kcp109c_phase7_parity_liam_exact/runs/20260225_224621/parallel-results/Parallel_MELTS_KCP109C_dP25.0_02-25_11cores.xlsx,liquid,liquid
341,773,225,0,100.0704989242627,2.18645724688676,-1640.848200698162,-1366.889828294013,261.8729363897613,135.1792738171232,4.576833096862538,0.0001535361007950974,1.800848251146264e-05,3.269132291597766e-07,9.568421990593898e-09,-4.846276889587431e-08,,72.98985320458848,0.08194201018366849,11.8887836913479,0.199614058797326,0,0.4718899882133646,0.03097807702065516,0.08993635264061176,0,0,0.4794055373152721,3.995115793327108,3.969983439703196,0.008993635264061174,5.793504211598358,0,0,0,0,KCP109C,/Users/lopezama/PycharmProjects/sci-cluster/review_outputs/rmelts_parity_audit_v2/2026-02-26/kcp109c_phase7_parity_20260225_224621/runs/kcp109c_phase7_parity_liam_exact/runs/20260225_224621/parallel-results/Parallel_MELTS_KCP109C_dP25.0_02-25_11cores.xlsx,liquid,liquid
342,772,225,0,99.81495196181127,2.186821058778296,-1636.307438912678,-1363.507361455606,261.0152393982409,134.7929886286391,4.564385895276431,0.0001533445014825634,1.799256682986944e-05,3.261271221671183e-07,9.527617980599319e-09,-4.826557950515997e-08,,73.02661241832614,0.08215179899112242,11.86622459967356,0.2004201837430532,0,0.4728326179383701,0.03105738742347311,0.09016660864879289,0,0,0.4719358142074769,3.984419307795813,3.97759688152391,0.009016660864879289,5.787565720863389,0,0,0,0,KCP109C,/Users/lopezama/PycharmProjects/sci-cluster/review_outputs/rmelts_parity_audit_v2/2026-02-26/kcp109c_phase7_parity_20260225_224621/runs/kcp109c_phase7_parity_liam_exact/runs/20260225_224621/parallel-results/Parallel_MELTS_KCP109C_dP25.0_02-25_11cores.xlsx,liquid,liquid
343,771,225,0,99.55662330111554,2.187187964039536,-1631.721970675691,-1360.086335809182,260.1500118436131,134.4028292788687,4.551809215209997,0.0001531503389884005,1.79765090575245e-05,3.253243381516615e-07,9.48646847528195e-09,-4.806615562680007e-08,,73.06368529226404,0.08236496604763006,11.84351778286776,0.201236488003286,0,0.473792948002411,0.031137974969226,0.09040057249130129,0,0,0.4645885647178928,3.973454921185656,3.985269670114846,0.009040057249130127,5.781510762086832,0,0,0,0,KCP109C,/Users/lopezama/PycharmProjects/sci-cluster/review_outputs/rmelts_parity_audit_v2/2026-02-26/kcp109c_phase7_parity_20260225_224621/runs/kcp109c_phase7_parity_liam_exact/runs/20260225_224621/parallel-results/Parallel_MELTS_KCP109C_dP25.0_02-25_11cores.xlsx,liquid,liquid
344,770,225,0,99.29543605440614,2.18755796096462,-1627.090552423655,-1356.625691377117,259.2770560768238,134.0086872032358,4.539099663929411,0.0001529535582904374,1.79603071477986e-05,3.245045380229676e-07,9.444966057852584e-09,-4.786445081560308e-08,,73.10108776281336,0.08258161958068576,11.82065377730206,0.2020632548812439,0,0.4747715839817968,0.03121988057318607,0.09063836295441118,0,0,0.4573624355083825,3.962217881480059,3.993002377923645,0.009063836295441116,5.775337226705722,0,0,0,0,KCP109C,/Users/lopezama/PycharmProjects/sci-cluster/review_outputs/rmelts_parity_audit_v2/2026-02-26/kcp109c_phase7_parity_20260225_224621/runs/kcp109c_phase7_parity_liam_exact/runs/20260225_224621/parallel-results/Parallel_MELTS_KCP109C_dP25.0_02-25_11cores.xlsx,liquid,liquid
345,769,225,0,99.03142386055018,2.187931039504004,-1622.413787970951,-1353.12588809333,258.3964879121251,133.6106149061411,4.526258920985016,0.0001527541627329804,1.794396224189534e-05,3.236678784498001e-07,9.40311747505608e-09,-4.766049792713667e-08,,73.13882022524007,0.08280177781141626,11.79763267214321,0.2029005649749139,0,0.4757685982261912,0.0313031111238281,0.09088000003692027,0,0,0.4502591205949407,3.950707874870496,4.000792688543692,0.009088000003692026,5.769045366430616,0,0,0,0,KCP109C,/Users/lopezama/PycharmProjects/sci-cluster/review_outputs/rmelts_parity_audit_v2/2026-02-26/kcp109c_phase7_parity_20260225_224621/runs/kcp109c_phase7_parity_liam_exact/runs/20260225_224621/parallel-results/Parallel_MELTS_KCP109C_dP25.0_02-25_11cores.xlsx,liquid,liquid
346,768,225,0,98.76458306725425,2.188307188218626,-1617.691658395715,-1349.586873069957,257.5083180384751,133.2086104813839,4.513286964416216,0.0001525521361681767,1.792747448209571e-05,3.228143531715077e-07,9.360924799737102e-09,-4.745430369753776e-08,,73.17688877069845,0.08302549080710148,11.77445102401644,0.2037485715705259,0,0.4767842508821188,0.03138768554902616,0.09112553869072111,0,0,0.4432790639201029,3.938923202971914,4.008639173116374,0.00911255386907211,5.762634673908168,0,0,0,0,KCP109C,/Users/lopezama/PycharmProjects/sci-cluster/review_outputs/rmelts_parity_audit_v2/2026-02-26/kcp109c_phase7_parity_20260225_224621/runs/kcp109c_phase7_parity_liam_exact/runs/20260225_224621/parallel-results/Parallel_MELTS_KCP109C_dP25.0_02-25_11cores.xlsx,liquid,liquid
347,767,225,0,98.0588355393017,2.188833777104805,-1605.668343341139,-1339.925806893884,255.4848208885782,132.2263967499124,4.479958074706121,0.0001524018527098711,1.790826104220706e-05,3.205006817807379e-07,9.276754074796545e-09,-4.706412388896085e-08,,73.17591411837422,0.08362304226993117,11.7699994283801,0.2055856479351424,0,0.479882244295197,0.03161358915082763,0.0917813878572415,0,0,0.4332838422004385,3.931015092221791,4.032340323325606,0.00917813878572415,5.755783145203779,0,0,0,0,KCP109C,/Users/lopezama/PycharmProjects/sci-cluster/review_outputs/rmelts_parity_audit_v2/2026-02-26/kcp109c_phase7_parity_20260225_224621/runs/kcp109c_phase7_parity_liam_exact/runs/20260225_224621/parallel-results/Parallel_MELTS_KCP109C_dP25.0_02-25_11cores.xlsx,liquid,liquid
348,766,225,0,96.95962616854804,2.189503351404602,-1587.104733634013,-1324.778153597967,252.4434201376576,130.7236092675743,4.428384460172069,0.0001522930849698149,1.788627924382507e-05,3.168660187263312e-07,9.154862977476095e-09,-4.650682387086983e-08,,73.14060275043897,0.08457106079243114,11.781937199547,0.2083514777938776,0,0.4849310302182982,0.03197198639713859,0.0928218959916927,0,0,0.4208412210676999,3.925875576857119,4.07050281997428,0.00928218959916927,5.748310791322331,0,0,0,0,KCP109C,/Users/lopezama/PycharmProjects/sci-cluster/review_outputs/rmelts_parity_audit_v2/2026-02-26/kcp109c_phase7_parity_20260225_224621/runs/kcp109c_phase7_parity_liam_exact/runs/20260225_224621/parallel-results/Parallel_MELTS_KCP109C_dP25.0_02-25_11cores.xlsx,liquid,liquid
349,765,225,0,95.84389012005937,2.190191221917023,-1568.274431890205,-1309.402513324657,249.3588773930046,129.1981958462453,4.376051239771177,0.0001521769554966609,1.786364864708109e-05,3.13154174462913e-07,9.031216324500485e-09,-4.593874924416901e-08,,73.10531246889849,0.08555557088442597,11.79374419363707,0.2112167996930736,0,0.4901804294486056,0.03234417923679518,0.09390245584876021,0,0,0.408750798006333,3.919656708511505,4.109532627984677,0.00939024558487602,5.740413522265391,0,0,0,0,KCP109C,/Users/lopezama/PycharmProjects/sci-cluster/review_outputs/rmelts_parity_audit_v2/2026-02-26/kcp109c_phase7_parity_20260225_224621/runs/kcp109c_phase7_parity_liam_exact/runs/20260225_224621/parallel-results/Parallel_MELTS_KCP109C_dP25.0_02-25_11cores.xlsx,liquid,liquid
350,764,225,0,94.70975332128758,2.190898405896955,-1549.146772176795,-1293.773099115528,246.2263636516089,127.6476269741664,4.322872893894564,0.0001520531163783112,1.784033661480201e-05,3.09358637398239e-07,8.90563830993361e-09,-4.535897445701681e-08,,73.07003497032814,0.08658009074786971,11.80540810995043,0.214190755949269,0,0.495650188165516,0.03273149772175562,0.09502692886961309,0,0,0.3970169737499084,3.912310748616453,4.149477693467106,0.009502692886961307,5.732069349546975,0,0,0,0,KCP109C,/Users/lopezama/PycharmProjects/sci-cluster/review_outputs/rmelts_parity_audit_v2/2026-02-26/kcp109c_phase7_parity_20260225_224621/runs/kcp109c_phase7_parity_liam_exact/runs/20260225_224621/parallel-results/Parallel_MELTS_KCP109C_dP25.0_02-25_11cores.xlsx,liquid,liquid
351,763,225,0,93.55514296882886,2.191626007756566,-1529.687870635245,-1277.861402257274,243.0405524084067,126.069108550366,4.268754917021429,0.0001519212073285392,1.781630907537529e-05,3.054722828613731e-07,8.777936751743187e-09,-4.476648607169105e-08,,73.03475915023422,0.08764862182911975,11.81691576490317,0.2172837358551287,0,0.5013627726874309,0.03313545459393551,0.09619970688561924,0,0,0.3856446394870902,3.903787190642429,4.190387726132288,0.009619970688561923,5.723255266060993,0,0,0,0,KCP109C,/Users/lopezama/PycharmProjects/sci-cluster/review_outputs/rmelts_parity_audit_v2/2026-02-26/kcp109c_phase7_parity_20260225_224621/runs/kcp109c_phase7_parity_liam_exact/runs/20260225_224621/parallel-results/Parallel_MELTS_KCP109C_dP25.0_02-25_11cores.xlsx,liquid,liquid
352,762,225,0,92.37773028163335,2.192375234414483,-1509.85969151033,-1261.635406142977,239.7954744407612,124.459505411718,4.213591215205669,0.0001517808562796553,1.779153038670537e-05,3.014871943972077e-07,8.647898103726159e-09,-4.416015719581264e-08,,72.99947000147822,0.08876576245500434,11.82825308927572,0.2205076665083323,0,0.5073440112788944,0.03355778824518457,0.09742583684085841,0,0,0.374638930610216,3.89403278385299,4.232314385281291,0.009742583684085841,5.713947160489203,0,0,0,0,KCP109C,/Users/lopezama/PycharmProjects/sci-cluster/review_outputs/rmelts_parity_audit_v2/2026-02-26/kcp109c_phase7_parity_20260225_224621/runs/kcp109c_phase7_parity_liam_exact/runs/20260225_224621/parallel-results/Parallel_MELTS_KCP109C_dP25.0_02-25_11cores.xlsx,liquid,liquid
353,761,225,0,91.17489867814815,2.19314740773707,-1489.619539873538,-1245.059156013958,236.4844402258662,122.815299503303,4.157262679038255,0.0001516316812389497,1.776596364154104e-05,2.973945816556497e-07,8.515285248195158e-09,-4.353873454075825e-08,,72.96414841997755,0.08993681489896484,11.83940478494958,0.2238762840481906,0,0.5136237013508822,0.0340005031935111,0.09871113830374188,0,0,0.3640060384744487,3.882990950159003,4.275310307391543,0.009871113830374187,5.70411994342223,0,0,0,0,KCP109C,/Users/lopezama/PycharmProjects/sci-cluster/review_outputs/rmelts_parity_audit_v2/2026-02-26/kcp109c_phase7_parity_20260225_224621/runs/kcp109c_phase7_parity_liam_exact/runs/20260225_224621/parallel-results/Parallel_MELTS_KCP109C_dP25.0_02-25_11cores.xlsx,liquid,liquid
354,760,225,0,89.94363773037819,2.193943991746472,-1468.918328880882,-1228.091302091849,233.0997694323503,121.1324478431048,4.09963235473387,0.000151473290828678,1.7739570417803e-05,2.931844434991105e-07,8.379828070586335e-09,-4.290079006292645e-08,,72.92876944766994,0.0911679861318019,11.85035420139157,0.2274056448180842,0,0.5202367456411787,0.03446594597665681,0.1000624238031972,0,0,0.3537528524480641,3.870601626170182,4.31942949942711,0.01000624238031972,5.693747384141915,0,0,0,0,KCP109C,/Users/lopezama/PycharmProjects/sci-cluster/review_outputs/rmelts_parity_audit_v2/2026-02-26/kcp109c_phase7_parity_20260225_224621/runs/kcp109c_phase7_parity_liam_exact/runs/20260225_224621/parallel-results/Parallel_MELTS_KCP109C_dP25.0_02-25_11cores.xlsx,liquid,liquid
355,759,225,0,88.68042750929308,2.194766625485056,-1447.698697941021,-1210.683515625362,229.6324975203783,119.4062279860861,4.040540186804336,0.0001513052854968112,1.771231076040254e-05,2.888452092034103e-07,8.241213484743419e-09,-4.224466846835511e-08,,72.89330074011282,0.09246663426439715,11.86108295582723,0.2311147500346365,0,0.5272245495481166,0.03495689831946721,0.1014877693145822,0,0,0.3438873139477098,3.856800637012629,4.364726935083103,0.01014877693145822,5.682802039603846,0,0,0,0,KCP109C,/Users/lopezama/PycharmProjects/sci-cluster/review_outputs/rmelts_parity_audit_v2/2026-02-26/kcp109c_phase7_parity_20260225_224621/runs/kcp109c_phase7_parity_liam_exact/runs/20260225_224621/parallel-results/Parallel_MELTS_KCP109C_dP25.0_02-25_11cores.xlsx,liquid,liquid
356,758,225,0,87.3810732733575,2.195617169555458,-1425.892320333751,-1192.778223464808,226.0719554564737,117.6310169117358,3.979795498276658,0.0001511272588797852,1.768414309480868e-05,2.843632206208916e-07,8.099071032594938e-09,-4.156841166341086e-08,,72.85770035758662,0.09384161464356941,11.87157040573939,0.2350264221484452,0,0.5346369843120863,0.03547670797500795,0.1029968941209908,0,0,0.3344188177525751,3.841518793621682,4.411258189716124,0.01029968941209908,5.671255122971391,0,0,0,0,KCP109C,/Users/lopezama/PycharmProjects/sci-cluster/review_outputs/rmelts_parity_audit_v2/2026-02-26/kcp109c_phase7_parity_20260225_224621/runs/kcp109c_phase7_parity_liam_exact/runs/20260225_224621/parallel-results/Parallel_MELTS_KCP109C_dP25.0_02-25_11cores.xlsx,liquid,liquid
357,757,225,0,86.04045908148518,2.196497774822117,-1403.41588674224,-1174.305229559567,222.4051421469433,115.7999612258798,3.91716577488694,0.0001509387993759313,1.765502398295352e-05,2.797219529344578e-07,7.952951205354106e-09,-4.08696454252393e-08,,72.8219133160996,0.09530378440857776,11.88179298828973,0.23916858205598,0,0.5425352493964023,0.03602947947153549,0.1046017145947805,0,0,0.3253585357100973,3.824680765166059,4.459079160907067,0.01046017145947804,5.65907625244068,0,0,0,0,KCP109C,/Users/lopezama/PycharmProjects/sci-cluster/review_outputs/rmelts_parity_audit_v2/2026-02-26/kcp109c_phase7_parity_20260225_224621/runs/kcp109c_phase7_parity_liam_exact/runs/20260225_224621/parallel-results/Parallel_MELTS_KCP109C_dP25.0_02-25_11cores.xlsx,liquid,liquid
358,756,225,0,84.6521570738851,2.197410991949961,-1380.164733858951,-1155.17635921143,218.6157262279753,113.9044535090501,3.852358861587636,0.0001507394893066256,1.76249077152252e-05,2.749007686574681e-07,7.802290741644283e-09,-4.014539714245309e-08,,72.78586722419973,0.0968667782743237,11.89172277468646,0.243576204336817,0,0.5509962812440085,0.03662036739639066,0.1063171956669406,0,0,0.3167206578427844,3.806202440320711,4.508245368385544,0.01063171956669406,5.646232988079586,0,0,0,0,KCP109C,/Users/lopezama/PycharmProjects/sci-cluster/review_outputs/rmelts_parity_audit_v2/2026-02-26/kcp109c_phase7_parity_20260225_224621/runs/kcp109c_phase7_parity_liam_exact/runs/20260225_224621/parallel-results/Parallel_MELTS_KCP109C_dP25.0_02-25_11cores.xlsx,liquid,liquid
359,755,225,0,83.20788950541669,2.198359922330189,-1356.004073455053,-1135.27808005238,214.6826760712663,111.9334122707858,3.784998473644801,0.0001505289104568221,1.759374579427353e-05,2.698732112756947e-07,7.646365233996677e-09,-3.939184842771118e-08,,72.74946400574842,0.09854813234002947,11.90132628882729,0.2482941607211129,0,0.5601191298774084,0.03725600125049894,0.1081625842756421,0,0,0.3085227011232903,3.785988968455066,4.558811451979111,0.01081625842756421,5.632690316974529,0,0,0,0,KCP109C,/Users/lopezama/PycharmProjects/sci-cluster/review_outputs/rmelts_parity_audit_v2/2026-02-26/kcp109c_phase7_parity_20260225_224621/runs/kcp109c_phase7_parity_liam_exact/runs/20260225_224621/parallel-results/Parallel_MELTS_KCP109C_dP25.0_02-25_11cores.xlsx,liquid,liquid
360,754,225,0,81.69657454816175,2.199348485194203,-1330.753428613179,-1114.458419983873,210.577820794729,109.8720028837464,3.714580708702374,0.0001503066438563712,1.756148598308497e-05,2.646039524454256e-07,7.48420414231014e-09,-3.860388915959954e-08,,72.71256872003276,0.1003711910751239,11.9105611879144,0.2533820200356809,0,0.5700358019265996,0.03794520638205901,0.1101635023995262,0,0,0.300788233234807,3.763928784619021,4.610829439273512,0.01101635023995261,5.618409562866542,0,0,0,0,KCP109C,/Users/lopezama/PycharmProjects/sci-cluster/review_outputs/rmelts_parity_audit_v2/2026-02-26/kcp109c_phase7_parity_20260225_224621/runs/kcp109c_phase7_parity_liam_exact/runs/20260225_224621/parallel-results/Parallel_MELTS_KCP109C_dP25.0_02-25_11cores.xlsx,liquid,liquid
361,753,225,0,80.10276181996076,2.200381853887561,-1304.161116022105,-1092.505513708366,206.2618548104467,107.6995412730499,3.640402763658402,0.0001500722772501316,1.752807094890607e-05,2.590437942673568e-07,7.314451749877467e-09,-3.777438938775168e-08,,72.67498908649812,0.1023682917566913,11.91937157057345,0.2589220677611271,0,0.5809293633833623,0.03870020785923696,0.1123554421719783,0,0,0.2935501000605853,3.739885498249596,4.66434602136975,0.01123554421719783,5.603346806098914,0,0,0,0,KCP109C,/Users/lopezama/PycharmProjects/sci-cluster/review_outputs/rmelts_parity_audit_v2/2026-02-26/kcp109c_phase7_parity_20260225_224621/runs/kcp109c_phase7_parity_liam_exact/runs/20260225_224621/parallel-results/Parallel_MELTS_KCP109C_dP25.0_02-25_11cores.xlsx,liquid,liquid
362,752,225,0,78.1628780197198,2.201256336899017,-1272.090281057273,-1065.988916461317,201.0450808134964,105.0592475531584,3.550830346720566,0.000149765324447774,1.748972579608912e-05,2.522570940502359e-07,7.110979259381536e-09,-3.676791551153699e-08,,72.65161675612381,0.1032517090433661,11.93225990592412,0.2581355254150024,0,0.577368534368879,0.03966069040621178,0.1149010594347535,0,0,0.2861455956326854,3.711499494380873,4.72809421683361,0.01151439398890019,5.585552118447787,0,0,0,0,KCP109C,/Users/lopezama/PycharmProjects/sci-cluster/review_outputs/rmelts_parity_audit_v2/2026-02-26/kcp109c_phase7_parity_20260225_224621/runs/kcp109c_phase7_parity_liam_exact/runs/20260225_224621/parallel-results/Parallel_MELTS_KCP109C_dP25.0_02-25_11cores.xlsx,liquid,liquid
363,751,225,0,57.26572474469988,2.201585007390528,-932.0712330986141,-781.1899663234593,147.323406507987,77.02044849809546,2.601113495616288,0.0001501152520800076,1.750790903709959e-05,1.855785797882955e-07,5.219975598208998e-09,-2.701415634059109e-08,,72.56998596831043,0.1167179725936689,11.97089509797443,0.2531723311850479,0,0.5652518920423507,0.05413349132374649,0.1530528319237566,0,0,0.2655571079878577,3.748465648370674,4.684854909425796,0.01571617490044253,5.602196573961812,0,0,0,0,KCP109C,/Users/lopezama/PycharmProjects/sci-cluster/review_outputs/rmelts_parity_audit_v2/2026-02-26/kcp109c_phase7_parity_20260225_224621/runs/kcp109c_phase7_parity_liam_exact/runs/20260225_224621/parallel-results/Parallel_MELTS_KCP109C_dP25.0_02-25_11cores.xlsx,liquid,liquid
364,750,225,0,33.34625053551228,2.202415327108187,-542.817679878138,-455.0292105271021,85.802149588072,44.88657420768211,1.514076392634651,0.0001505344985758916,1.753614282729518e-05,1.085528770181775e-07,3.046571394010985e-09,-1.57672131923792e-08,,72.42363072930758,0.1448280829627252,12.07095816074296,0.2442615753230309,0,0.545542856218018,0.09296378017818113,0.1881000832414237,0,0,0.2530293662274334,3.759495452317681,4.629089552258054,0.02698948456785904,5.621110876655069,0,0,0,0,KCP109C,/Users/lopezama/PycharmProjects/sci-cluster/review_outputs/rmelts_parity_audit_v2/2026-02-26/kcp109c_phase7_parity_20260225_224621/runs/kcp109c_phase7_parity_liam_exact/runs/20260225_224621/parallel-results/Parallel_MELTS_KCP109C_dP25.0_02-25_11cores.xlsx,liquid,liquid
365,749,225,0,18.30052072088504,2.204160450990881,-297.8565547101982,-249.7459106744287,47.0680859323676,24.65014887178105,0.830271712418124,0.0001508109794263166,1.756113044065693e-05,5.97637434952091e-08,1.673693380700656e-09,-8.653979558121652e-09,,72.19043597443789,0.1593926321076601,12.27440690069902,0.2382206123295991,0,0.5340444823418194,0.1682579381174727,0.190898358921519,0,0,0.2607583944406249,3.693012123559776,4.608840358530271,0.04917882556118441,5.632553398953181,0,0,0,0,KCP109C,/Users/lopezama/PycharmProjects/sci-cluster/review_outputs/rmelts_parity_audit_v2/2026-02-26/kcp109c_phase7_parity_20260225_224621/runs/kcp109c_phase7_parity_liam_exact/runs/20260225_224621/parallel-results/Parallel_MELTS_KCP109C_dP25.0_02-25_11cores.xlsx,liquid,liquid
366,748,225,0,12.03213982105407,2.206285174819062,-195.7786827117206,-164.2014944183211,30.92316338774858,16.21694909794754,0.5453574160938115,0.000151000212739013,1.758131400567481e-05,3.938953868849758e-08,1.100796309318379e-09,-5.685009533724744e-09,,71.93211124105339,0.1579204272814256,12.50584211126072,0.2358668917947735,0,0.5314160370494443,0.2531118692881466,0.1907156610904768,0,0,0.2793989430202117,3.593434664497212,4.605465541367012,0.07479950751601301,5.639917104781184,0,0,0,0,KCP109C,/Users/lopezama/PycharmProjects/sci-cluster/review_outputs/rmelts_parity_audit_v2/2026-02-26/kcp109c_phase7_parity_20260225_224621/runs/kcp109c_phase7_parity_liam_exact/runs/20260225_224621/parallel-results/Parallel_MELTS_KCP109C_dP25.0_02-25_11cores.xlsx,liquid,liquid
367,747,225,0,9.044343701726845,2.208403896454591,-147.1210326642917,-123.4280073507832,23.22504074254622,12.19690293208629,0.4095421003488894,0.000151139425943933,1.759685475314088e-05,2.966766394634039e-08,8.273950031470096e-10,-4.268174412875658e-09,,71.68520977605426,0.1568551987316942,12.72802822434845,0.2332697678171757,0,0.5280213477076743,0.3335700496878959,0.1906065317154819,0,0,0.3000094175261825,3.492772903962281,4.607389877709392,0.0995095036878345,5.644757401051667,0,0,0,0,KCP109C,/Users/lopezama/PycharmProjects/sci-cluster/review_outputs/rmelts_parity_audit_v2/2026-02-26/kcp109c_phase7_parity_20260225_224621/runs/kcp109c_phase7_parity_liam_exact/runs/20260225_224621/parallel-results/Parallel_MELTS_KCP109C_dP25.0_02-25_11cores.xlsx,liquid,liquid
368,804,200,0,104.4890641625234,2.178870410886452,-1722.35602589066,-1424.918150511527,276.1341274466258,141.6940605264451,4.79556120641489,0.0001522984244326395,1.823049932553138e-05,3.152687744169517e-07,9.94481734845392e-09,-4.988805707652788e-08,,72.56241589113851,0.07847689399991249,12.39360704023008,0.1841203050726387,0,0.4582809765246463,0.02966809407313765,0.08613317634136737,0,0,0.6699247048773017,4.182244229019727,3.837711523654257,0.008613317634136735,5.508803847434254,0,0,0,0,KCP109C,/Users/lopezama/PycharmProjects/sci-cluster/review_outputs/rmelts_parity_audit_v2/2026-02-26/kcp109c_phase7_parity_20260225_224621/runs/kcp109c_phase7_parity_liam_exact/runs/20260225_224621/parallel-results/Parallel_MELTS_KCP109C_dP25.0_02-25_11cores.xlsx,liquid,liquid
369,803,200,0,104.4321208491095,2.17917614369856,-1721.12405701948,-1424.27492386108,275.8436399743525,141.5984067439728,4.792275335387271,0.0001522360371922748,1.822205022198097e-05,3.154435209640514e-07,9.931104477077788e-09,-4.984343366901249e-08,,72.57107916604559,0.07851968486542668,12.38775957426117,0.1844960663458125,0,0.4582830842062775,0.02968427110766131,0.0861801419254683,0,0,0.6671011420719136,4.180593914856419,3.839489085638088,0.00861801419254683,5.508195854483628,0,0,0,0,KCP109C,/Users/lopezama/PycharmProjects/sci-cluster/review_outputs/rmelts_parity_audit_v2/2026-02-26/kcp109c_phase7_parity_20260225_224621/runs/kcp109c_phase7_parity_liam_exact/runs/20260225_224621/parallel-results/Parallel_MELTS_KCP109C_dP25.0_02-25_11cores.xlsx,liquid,liquid
370,802,200,0,104.232229263133,2.179453078090227,-1717.487368665021,-1421.662340394765,275.1476801099907,141.2919689025173,4.782494760312428,0.0001521048223157625,1.820987342664359e-05,3.150406200263556e-07,9.899655407623942e-09,-4.970178237515017e-08,,72.60202880709663,0.07867026637754891,12.36757746757759,0.1851123916443269,0,0.4589257521042266,0.02974119826468312,0.08634541431682197,0,0,0.6573828821283771,4.174794160143426,3.845731722274404,0.008634541431682196,5.50505539664027,0,0,0,0,KCP109C,/Users/lopezama/PycharmProjects/sci-cluster/review_outputs/rmelts_parity_audit_v2/2026-02-26/kcp109c_phase7_parity_20260225_224621/runs/kcp109c_phase7_parity_liam_exact/runs/20260225_224621/parallel-results/Parallel_MELTS_KCP109C_dP25.0_02-25_11cores.xlsx,liquid,liquid
371,801,200,0,104.0303825086921,2.179732510917772,-1713.819103418263,-1419.022602799284,274.4463069580401,140.9828022205436,4.772621502300312,0.0001519718897281293,1.819759009940635e-05,3.146262439940748e-07,9.867948572028594e-09,-4.955850007323224e-08,,72.63313154841863,0.07882290794427722,12.34733017305837,0.1857351681367788,0,0.4595789942385943,0.02979890422283651,0.08651294774371888,0,0,0.6477687513368492,4.168801309257176,3.852029273390438,0.008651294774371888,5.50183872747797,0,0,0,0,KCP109C,/Users/lopezama/PycharmProjects/sci-cluster/review_outputs/rmelts_parity_audit_v2/2026-02-26/kcp109c_phase7_parity_20260225_224621/runs/kcp109c_phase7_parity_liam_exact/runs/20260225_224621/parallel-results/Parallel_MELTS_KCP109C_dP25.0_02-25_11cores.xlsx,liquid,liquid
372,800,200,0,103.8265461354083,2.180014462255675,-1710.118706928955,-1416.355235320286,273.7394321471079,140.6708590529944,4.762654006798575,0.0001518372127359115,1.818519899554061e-05,3.142002256100194e-07,9.835980534709465e-09,-4.941356431818838e-08,,72.66439255980964,0.07897765640887866,12.32701483244568,0.1863645226008916,0,0.4602430689750548,0.02985740669116144,0.08668279361950096,0,0,0.6382595883126432,4.162612297911482,3.85838226900966,0.008668279361950096,5.498544724853459,0,0,0,0,KCP109C,/Users/lopezama/PycharmProjects/sci-cluster/review_outputs/rmelts_parity_audit_v2/2026-02-26/kcp109c_phase7_parity_20260225_224621/runs/kcp109c_phase7_parity_liam_exact/runs/20260225_224621/parallel-results/Parallel_MELTS_KCP109C_dP25.0_02-25_11cores.xlsx,liquid,liquid
373,799,200,0,103.6206794291392,2.180298949927224,-1706.385520480521,-1413.659675950962,273.0269500811998,140.3560826135767,4.752590438691811,0.000151700761770262,1.817269874675053e-05,3.137623738107699e-07,9.803747160696709e-09,-4.926694877457923e-08,,72.69581809106192,0.07913456421216801,12.30662789194275,0.1870005947756498,0,0.4609182675216058,0.029916725494844,0.08685500950116,0,0,0.6288559319820599,4.156223871270968,3.864791380260419,0.008685500950115999,5.495172171026342,0,0,0,0,KCP109C,/Users/lopezama/PycharmProjects/sci-cluster/review_outputs/rmelts_parity_audit_v2/2026-02-26/kcp109c_phase7_parity_20260225_224621/runs/kcp109c_phase7_parity_liam_exact/runs/20260225_224621/parallel-results/Parallel_MELTS_KCP109C_dP25.0_02-25_11cores.xlsx,liquid,liquid
374,798,200,0,103.4127470162349,2.18058599233237,-1702.618976089231,-1410.935436314177,272.3087707371091,140.0384240604023,4.742429208472716,0.0001515625097029185,1.816008814032639e-05,3.133125198050199e-07,9.771245029481563e-09,-4.911863093529551e-08,,72.7274136695095,0.07929368061536064,12.28616627060679,0.1876435178903637,0,0.4616048616633471,0.02997687925702658,0.08702964945588361,0,0,0.6195585810909089,4.149632923697609,3.871257057235062,0.00870296494558836,5.491719944032543,0,0,0,0,KCP109C,/Users/lopezama/PycharmProjects/sci-cluster/review_outputs/rmelts_parity_audit_v2/2026-02-26/kcp109c_phase7_parity_20260225_224621/runs/kcp109c_phase7_parity_liam_exact/runs/20260225_224621/parallel-results/Parallel_MELTS_KCP109C_dP25.0_02-25_11cores.xlsx,liquid,liquid
375,797,200,0,103.2027120382596,2.180875607466723,-1698.818481293456,-1408.182007410679,271.5848001521061,139.7178323843885,4.732168661290066,0.0001514224282449461,1.814736591092825e-05,3.128504885506152e-07,9.738470561435298e-09,-4.896858736809874e-08,,72.75918518535426,0.07945505689975087,12.26562665991333,0.1882934302728712,0,0.4623031346589214,0.03003788736453996,0.08720676976801923,0,0,0.6103682518341481,4.142836266561909,3.877779801207503,0.008720676976801922,5.488186879187931,0,0,0,0,KCP109C,/Users/lopezama/PycharmProjects/sci-cluster/review_outputs/rmelts_parity_audit_v2/2026-02-26/kcp109c_phase7_parity_20260225_224621/runs/kcp109c_phase7_parity_liam_exact/runs/20260225_224621/parallel-results/Parallel_MELTS_KCP109C_dP25.0_02-25_11cores.xlsx,liquid,liquid
376,796,200,0,102.9905347274579,2.181167812804742,-1694.983394866821,-1405.398839757639,270.8549362663637,139.3942522571013,4.721807011952162,0.0001512804869535125,1.813453067633169e-05,3.123760921137075e-07,9.705419819323336e-09,-4.881679264924752e-08,,72.7911391552065,0.07961874751822161,12.24500535104602,0.1889504780090483,0,0.4630133880028836,0.03009977040323012,0.08738643020292615,0,0,0.6012854821103392,4.135830561845594,3.884360264894644,0.008738643020292614,5.484571727740337,0,0,0,0,KCP109C,/Users/lopezama/PycharmProjects/sci-cluster/review_outputs/rmelts_parity_audit_v2/2026-02-26/kcp109c_phase7_parity_20260225_224621/runs/kcp109c_phase7_parity_liam_exact/runs/20260225_224621/parallel-results/Parallel_MELTS_KCP109C_dP25.0_02-25_11cores.xlsx,liquid,liquid
377,795,200,0,102.7761855377542,2.181462624952309,-1691.113249978102,-1402.585525657655,270.1191071670149,139.067643688779,4.711342947716148,0.0001511366617543944,1.812158148881296e-05,3.118891897701774e-07,9.672090323026378e-09,-4.866322919228673e-08,,72.82328055745457,0.07978479997701217,12.22429963045075,0.1896147920453531,0,0.4637358815809977,0.03016254633277289,0.08756868290159871,0,0,0.5923113368949554,4.128612906898443,3.890998485033445,0.008756868290159871,5.480873512139943,0,0,0,0,KCP109C,/Users/lopezama/PycharmProjects/sci-cluster/review_outputs/rmelts_parity_audit_v2/2026-02-26/kcp109c_phase7_parity_20260225_224621/runs/kcp109c_phase7_parity_liam_exact/runs/20260225_224621/parallel-results/Parallel_MELTS_KCP109C_dP25.0_02-25_11cores.xlsx,liquid,liquid
378,794,200,0,102.5596200525927,2.181760060148207,-1687.207328004914,-1399.741451046508,269.3771981056144,138.7379444974252,4.700774476805935,0.0001509909187849901,1.810851679690958e-05,3.113895737352184e-07,9.638477597696878e-09,-4.850786853564795e-08,,72.8556169674415,0.0799532742603574,12.20350511711386,0.1902865321433662,0,0.464470948560968,0.03022623783013511,0.08775359370039225,0,0,0.5834460723935858,4.121179731053769,3.897695310874248,0.008775359370039223,5.477090855257795,0,0,0,0,KCP109C,/Users/lopezama/PycharmProjects/sci-cluster/review_outputs/rmelts_parity_audit_v2/2026-02-26/kcp109c_phase7_parity_20260225_224621/runs/kcp109c_phase7_parity_liam_exact/runs/20260225_224621/parallel-results/Parallel_MELTS_KCP109C_dP25.0_02-25_11cores.xlsx,liquid,liquid
379,793,200,0,102.3408113742087,2.182060133766943,-1683.265207879263,-1396.866244490363,268.6291454194057,138.4051186276759,4.690100414305967,0.0001508432347163187,1.809533573639387e-05,3.108771151819525e-07,9.604579580765378e-09,-4.835069528865949e-08,,72.88815330318756,0.08012421774695473,12.18261913949081,0.1909658302391498,0,0.4652188469240419,0.03029086280677557,0.08794121460031616,0,0,0.5746907903377492,4.113528195772487,3.904450659001771,0.008794121460031615,5.473222818432346,0,0,0,0,KCP109C,/Users/lopezama/PycharmProjects/sci-cluster/review_outputs/rmelts_parity_audit_v2/2026-02-26/kcp109c_phase7_parity_20260225_224621/runs/kcp109c_phase7_parity_liam_exact/runs/20260225_224621/parallel-results/Parallel_MELTS_KCP109C_dP25.0_02-25_11cores.xlsx,liquid,liquid
380,792,200,0,102.1197218404724,2.182362860279,-1679.286287193522,-1393.959385562531,267.8748548382769,138.0691140812006,4.679319085709564,0.0001506935796099014,1.808203706166208e-05,3.103516386970997e-07,9.570392830098343e-09,-4.819168648112412e-08,,72.92089635427685,0.08029768718788909,12.16163783043612,0.191652839962909,0,0.4659798896488588,0.0303564427173727,0.08813160788914655,0,0,0.566046050326568,4.105655010623181,3.91126492326841,0.008813160788914653,5.469268202873788,0,0,0,0,KCP109C,/Users/lopezama/PycharmProjects/sci-cluster/review_outputs/rmelts_parity_audit_v2/2026-02-26/kcp109c_phase7_parity_20260225_224621/runs/kcp109c_phase7_parity_liam_exact/runs/20260225_224621/parallel-results/Parallel_MELTS_KCP109C_dP25.0_02-25_11cores.xlsx,liquid,liquid
381,791,200,0,101.8963193709704,2.182668253344977,-1675.270058096394,-1391.020430678038,267.1142483844911,137.7298870805751,4.668429075962987,0.0001505419261858918,1.806861970543522e-05,3.098129930270498e-07,9.535914660792391e-09,-4.803082326113686e-08,,72.95385227442536,0.08047373600990218,12.14055772689068,0.1923477082027413,0,0.4667543693494786,0.03042299775984107,0.08832483220599019,0,0,0.5575125812351556,4.097557090776281,3.918138279562037,0.008832483220599019,5.465225920361922,0,0,0,0,KCP109C,/Users/lopezama/PycharmProjects/sci-cluster/review_outputs/rmelts_parity_audit_v2/2026-02-26/kcp109c_phase7_parity_20260225_224621/runs/kcp109c_phase7_parity_liam_exact/runs/20260225_224621/parallel-results/Parallel_MELTS_KCP109C_dP25.0_02-25_11cores.xlsx,liquid,liquid
382,790,200,0,101.6705682325752,2.182976325474347,-1671.215952012142,-1388.048885819037,266.3472381066683,137.3873885079832,4.657428806997386,0.0001503882449859095,1.805508250221707e-05,3.092610124293084e-07,9.501141977623326e-09,-4.786808446621102e-08,,72.98702795775611,0.08065242157716207,12.11937489628346,0.1930505913099902,0,0.4675426014305349,0.03049054962063443,0.08852095051151933,0,0,0.5490909219196457,4.089231207973101,3.925071000624655,0.008852095051151932,5.461094805942032,0,0,0,0,KCP109C,/Users/lopezama/PycharmProjects/sci-cluster/review_outputs/rmelts_parity_audit_v2/2026-02-26/kcp109c_phase7_parity_20260225_224621/runs/kcp109c_phase7_parity_liam_exact/runs/20260225_224621/parallel-results/Parallel_MELTS_KCP109C_dP25.0_02-25_11cores.xlsx,liquid,liquid
383,789,200,0,101.4424472248247,2.183287088280722,-1667.123645406696,-1385.044457302252,265.5737778133442,137.041590603261,4.646317370232232,0.0001502325140710497,1.804142474858504e-05,3.086955934941485e-07,9.466073580467128e-09,-4.770345933493685e-08,,73.02042833799328,0.08083379079776268,12.09808665013156,0.1937616229069011,0,0.4683448386143523,0.03055911603330052,0.08872001429022733,0,0,0.5407821122389668,4.080674710670843,3.93206280790511,0.008872001429022731,5.456873996988643,0,0,0,0,KCP109C,/Users/lopezama/PycharmProjects/sci-cluster/review_outputs/rmelts_parity_audit_v2/2026-02-26/kcp109c_phase7_parity_20260225_224621/runs/kcp109c_phase7_parity_liam_exact/runs/20260225_224621/parallel-results/Parallel_MELTS_KCP109C_dP25.0_02-25_11cores.xlsx,liquid,liquid
384,788,200,0,101.2119362745352,2.183600552107932,-1662.99283329331,-1382.00686636793,264.793824553908,136.6924670931437,4.635093912979213,0.0001500747112060118,1.8027645728368e-05,3.081166366447446e-07,9.43070840167326e-09,-4.753693787577866e-08,,73.05405851507868,0.08101789062603015,12.07669018158764,0.1944809375371358,0,0.469161333161737,0.03062871474886505,0.08892207507735016,0,0,0.5325870599613963,4.071884980789509,3.939113484439423,0.008892207507735015,5.452562619484486,0,0,0,0,KCP109C,/Users/lopezama/PycharmProjects/sci-cluster/review_outputs/rmelts_parity_audit_v2/2026-02-26/kcp109c_phase7_parity_20260225_224621/runs/kcp109c_phase7_parity_liam_exact/runs/20260225_224621/parallel-results/Parallel_MELTS_KCP109C_dP25.0_02-25_11cores.xlsx,liquid,liquid
385,787,200,0,100.9789815256232,2.18391672515008,-1658.822646667746,-1378.935370204292,264.0072409219957,136.3399426887876,4.623756041736613,0.0001499147982591118,1.801374392140247e-05,3.075239078104287e-07,9.395041356696685e-09,-4.736848767616774e-08,,73.08792845062396,0.08120479614327065,12.05517963350742,0.1952087327850088,0,0.4699925042409461,0.03069937415172427,0.08912721527919948,0,0,0.524505665709451,4.062858158646647,3.946223527179347,0.008912721527919948,5.448159220205092,0,0,0,0,KCP109C,/Users/lopezama/PycharmProjects/sci-cluster/review_outputs/rmelts_parity_audit_v2/2026-02-26/kcp109c_phase7_parity_20260225_224621/runs/kcp109c_phase7_parity_liam_exact/runs/20260225_224621/parallel-results/Parallel_MELTS_KCP109C_dP25.0_02-25_11cores.xlsx,liquid,liquid
386,786,200,0,100.7435766915975,2.18423561516756,-1654.61301270315,-1375.829879510025,263.2140236917576,135.9840112113841,4.612303544179189,0.0001497527592743465,1.799971901298141e-05,3.069173661060844e-07,9.35907317776504e-09,-4.719810866377027e-08,,73.12204176344142,0.08139454549338386,12.03355312463868,0.1959451250125243,0,0.4708385504228624,0.03077110866213292,0.08933547676103105,0,0,0.5165391183456515,4.053592175523221,3.953392281845612,0.008933547676103104,5.443663182177365,0,0,0,0,KCP109C,/Users/lopezama/PycharmProjects/sci-cluster/review_outputs/rmelts_parity_audit_v2/2026-02-26/kcp109c_phase7_parity_20260225_224621/runs/kcp109c_phase7_parity_liam_exact/runs/20260225_224621/parallel-results/Parallel_MELTS_KCP109C_dP25.0_02-25_11cores.xlsx,liquid,liquid
387,785,200,0,100.505667019485,2.184557227464842,-1650.363048687385,-1372.689638826598,262.4140337955745,135.6245960625004,4.600733995699479,0.0001495885549630157,1.798556947878697e-05,3.062967755589423e-07,9.322798776881087e-09,-4.702576831733091e-08,,73.15640907108886,0.08158721698236888,12.01180437773351,0.1966903205812449,0,0.4716999086167818,0.03084394788357848,0.08954694546845364,0,0,0.5086871219505731,4.044083143329937,3.96062022522054,0.008954694546845363,5.439073026597301,0,0,0,0,KCP109C,/Users/lopezama/PycharmProjects/sci-cluster/review_outputs/rmelts_parity_audit_v2/2026-02-26/kcp109c_phase7_parity_20260225_224621/runs/kcp109c_phase7_parity_liam_exact/runs/20260225_224621/parallel-results/Parallel_MELTS_KCP109C_dP25.0_02-25_11cores.xlsx,liquid,liquid
388,784,200,0,100.2653032728378,2.184881566891446,-1646.073637703554,-1369.515343607259,261.6074295003503,135.2617740881219,4.589049804447337,0.0001494221974338682,1.797129659478215e-05,3.056623327571948e-07,9.286225979526278e-09,-4.685150600520701e-08,,73.19102636240416,0.08178280444507016,11.98993629552366,0.1974443382402827,0,0.4725765129340994,0.0309178894853314,0.0897616146348331,0,0,0.5009524277603703,4.034331295918351,3.967905072601783,0.008976161463483309,5.434389224588591,0,0,0,0,KCP109C,/Users/lopezama/PycharmProjects/sci-cluster/review_outputs/rmelts_parity_audit_v2/2026-02-26/kcp109c_phase7_parity_20260225_224621/runs/kcp109c_phase7_parity_liam_exact/runs/20260225_224621/parallel-results/Parallel_MELTS_KCP109C_dP25.0_02-25_11cores.xlsx,liquid,liquid
389,783,200,0,100.0223716459646,2.185208634602921,-1641.742911151229,-1366.305426572632,260.7939067164673,134.8953829231888,4.577245854794082,0.000149253618514219,1.795689736812265e-05,3.050135645305753e-07,9.249342661881228e-09,-4.667524989716911e-08,,73.22591304647483,0.08198143657850235,11.96793707946313,0.1982074981033559,0,0.4734690985777902,0.03099298212114113,0.08997962551299038,0,0,0.4933328698289821,4.02433051352638,3.97524864893121,0.008997962551299036,5.429609238330376,0,0,0,0,KCP109C,/Users/lopezama/PycharmProjects/sci-cluster/review_outputs/rmelts_parity_audit_v2/2026-02-26/kcp109c_phase7_parity_20260225_224621/runs/kcp109c_phase7_parity_liam_exact/runs/20260225_224621/parallel-results/Parallel_MELTS_KCP109C_dP25.0_02-25_11cores.xlsx,liquid,liquid
390,782,200,0,99.77694079864935,2.185538431456195,-1637.372051620621,-1363.060828905692,259.9736745627906,134.5255252638235,4.565325384471472,0.0001490828386368129,1.794237357620614e-05,3.043507433136648e-07,9.212158902688669e-09,-4.6497051980577e-08,,73.26106316284702,0.0821830944047444,11.94581082801019,0.1989797916551198,0,0.4743775223203124,0.03106921861642776,0.09020095727349994,0,0,0.4858314363893199,4.014081817274428,3.982648200902343,0.009020095727349993,5.42473387457922,0,0,0,0,KCP109C,/Users/lopezama/PycharmProjects/sci-cluster/review_outputs/rmelts_parity_audit_v2/2026-02-26/kcp109c_phase7_parity_20260225_224621/runs/kcp109c_phase7_parity_liam_exact/runs/20260225_224621/parallel-results/Parallel_MELTS_KCP109C_dP25.0_02-25_11cores.xlsx,liquid,liquid
391,781,200,0,99.52895477182987,2.185870955231515,-1632.960158827198,-1359.780778472999,259.1465923769846,134.1521227478374,4.553285935458543,0.0001489098173455447,1.792772377860046e-05,3.036736348440658e-07,9.174669713680763e-09,-4.631688017239761e-08,,73.2964885681857,0.08238786181992412,11.92355046465889,0.1997614406073048,0,0.4753022517047334,0.03114663068802009,0.0904257019974777,0,0,0.4784474084397143,4.00358141320861,3.990104025193656,0.009042570199747768,5.419761663296248,0,0,0,0,KCP109C,/Users/lopezama/PycharmProjects/sci-cluster/review_outputs/rmelts_parity_audit_v2/2026-02-26/kcp109c_phase7_parity_20260225_224621/runs/kcp109c_phase7_parity_liam_exact/runs/20260225_224621/parallel-results/Parallel_MELTS_KCP109C_dP25.0_02-25_11cores.xlsx,liquid,liquid
392,780,200,0,99.2784261519812,2.186206201835092,-1628.507479016029,-1356.465445787152,258.3127125564991,133.7751965991922,4.541128191322819,0.0001487345480174023,1.791294839087583e-05,3.029822877619022e-07,9.136878501817587e-09,-4.613474923833215e-08,,73.33219167716487,0.08259576746525805,11.90115482236721,0.2005525438363242,0,0.4762434254816852,0.03122522916369511,0.09065389112040517,0,0,0.471181951842471,3.992828270107177,3.997614604990168,0.009065389112040516,5.414692427348664,0,0,0,0,KCP109C,/Users/lopezama/PycharmProjects/sci-cluster/review_outputs/rmelts_parity_audit_v2/2026-02-26/kcp109c_phase7_parity_20260225_224621/runs/kcp109c_phase7_parity_liam_exact/runs/20260225_224621/parallel-results/Parallel_MELTS_KCP109C_dP25.0_02-25_11cores.xlsx,liquid,liquid
393,779,200,0,99.02530678204525,2.186544164517648,-1624.013243626598,-1353.114165813562,257.4719173245601,133.3946797561595,4.52885006344659,0.000148556993674594,1.789804624056684e-05,3.022765032706102e-07,9.098781359487743e-09,-4.595063307959829e-08,,73.36818388323738,0.08280689144382991,11.87861709535951,0.2013533162145666,0,0.4772014871905982,0.03130504432632594,0.09088561256030112,0,0,0.4640343225100272,3.981818981873197,4.005179946061194,0.00908856125603011,5.409524857967043,0,0,0,0,KCP109C,/Users/lopezama/PycharmProjects/sci-cluster/review_outputs/rmelts_parity_audit_v2/2026-02-26/kcp109c_phase7_parity_20260225_224621/runs/kcp109c_phase7_parity_liam_exact/runs/20260225_224621/parallel-results/Parallel_MELTS_KCP109C_dP25.0_02-25_11cores.xlsx,liquid,liquid
394,778,200,0,98.76963466728918,2.186884834447686,-1619.478124300008,-1349.727458643395,256.6243311198342,133.0106302517006,4.516453409501749,0.0001483771602721743,1.788301849150488e-05,3.01556438432138e-07,9.060384880753565e-09,-4.576456431056757e-08,,73.40446456227498,0.0830212431665915,11.85593799763462,0.2021638148247048,0,0.4781764602924943,0.03138607973371142,0.09112087664625895,0,0,0.4570061397049371,3.970553676952722,4.012797777318854,0.009112087664625896,5.404259283785493,0,0,0,0,KCP109C,/Users/lopezama/PycharmProjects/sci-cluster/review_outputs/rmelts_parity_audit_v2/2026-02-26/kcp109c_phase7_parity_20260225_224621/runs/kcp109c_phase7_parity_liam_exact/runs/20260225_224621/parallel-results/Parallel_MELTS_KCP109C_dP25.0_02-25_11cores.xlsx,liquid,liquid
395,777,200,0,98.51139983919849,2.187228199905358,-1614.901991241172,-1346.305184488048,255.7699440585856,132.6230363770217,4.503937899276404,0.0001481950298869655,1.78678650699609e-05,3.00822055655874e-07,9.021689898029371e-09,-4.557654337352305e-08,,73.44104025032705,0.08323887285152476,11.83311374139235,0.2029841888519205,0,0.4791686098222688,0.03146835437069838,0.09135973849557594,0,0,0.4500974735710516,3.95903063467409,4.020467013194654,0.009135973849557593,5.39889514859926,0,0,0,0,KCP109C,/Users/lopezama/PycharmProjects/sci-cluster/review_outputs/rmelts_parity_audit_v2/2026-02-26/kcp109c_phase7_parity_20260225_224621/runs/kcp109c_phase7_parity_liam_exact/runs/20260225_224621/parallel-results/Parallel_MELTS_KCP109C_dP25.0_02-25_11cores.xlsx,liquid,liquid
396,776,200,0,98.25060328444798,2.187574246518572,-1610.284898006253,-1342.847354249357,254.9087773501371,132.2319022732724,4.491303709613947,0.0001480105900840329,1.7852586236933e-05,3.000733646237191e-07,8.982698626290035e-09,-4.538657846528342e-08,,73.47791622855391,0.08345982253662368,11.81014131206878,0.2038145698008853,0,0.4801781516864487,0.03155188412969919,0.09160224424751377,0,0,0.4433085561167718,3.947248659326211,4.028186226353128,0.009160224424751376,5.393432120755278,0,0,0,0,KCP109C,/Users/lopezama/PycharmProjects/sci-cluster/review_outputs/rmelts_parity_audit_v2/2026-02-26/kcp109c_phase7_parity_20260225_224621/runs/kcp109c_phase7_parity_liam_exact/runs/20260225_224621/parallel-results/Parallel_MELTS_KCP109C_dP25.0_02-25_11cores.xlsx,liquid,liquid
397,775,200,0,97.9872522729605,2.18792295713514,-1605.627003264095,-1339.354065247632,254.0408701201768,131.8372411234527,4.478551310657881,0.0001478238316044904,1.783718246264598e-05,2.993104031124754e-07,8.943414089275793e-09,-4.519468234895079e-08,,73.51509719412084,0.0836841298510725,11.78701804606271,0.2046550799174916,0,0.4812052750691274,0.03163668323638107,0.09184843520239663,0,0,0.4366396307616013,3.935206902494506,4.035953774035686,0.009184843520239664,5.387870005727933,0,0,0,0,KCP109C,/Users/lopezama/PycharmProjects/sci-cluster/review_outputs/rmelts_parity_audit_v2/2026-02-26/kcp109c_phase7_parity_20260225_224621/runs/kcp109c_phase7_parity_liam_exact/runs/20260225_224621/parallel-results/Parallel_MELTS_KCP109C_dP25.0_02-25_11cores.xlsx,liquid,liquid
398,774,200,0,97.72136770282013,2.188274311400224,-1600.928693284391,-1335.82560226229,253.1662999781316,131.4390858033215,4.465681802035624,0.0001476347523760569,1.782165464426703e-05,2.985332679835008e-07,8.903841015791242e-09,-4.500087741955332e-08,,73.55258617195354,0.0839118215857695,11.76374230237175,0.2055058176271647,0,0.4822501044152221,0.03172276181901042,0.09209834076486895,0,0,0.4300911560336758,3.922905174257402,4.043767614132544,0.009209834076486893,5.382208900962552,0,0,0,0,KCP109C,/Users/lopezama/PycharmProjects/sci-cluster/review_outputs/rmelts_parity_audit_v2/2026-02-26/kcp109c_phase7_parity_20260225_224621/runs/kcp109c_phase7_parity_liam_exact/runs/20260225_224621/parallel-results/Parallel_MELTS_KCP109C_dP25.0_02-25_11cores.xlsx,liquid,liquid
399,773,200,0,97.45296751572293,2.188628286892274,-1596.190304556831,-1332.262209325575,252.2851361958186,131.0374647159221,4.452696152168467,0.000147443348184823,1.780600358021611e-05,2.977420441197878e-07,8.86398375703747e-09,-4.480518399309413e-08,,73.59038699197947,0.08414292770926009,11.74031193584986,0.2063668891875892,0,0.4833127823869487,0.0318101312071593,0.09235199382723666,0,0,0.4236632853834907,3.910343279021948,4.051625754555463,0.009235199382723666,5.376448829508841,0,0,0,0,KCP109C,/Users/lopezama/PycharmProjects/sci-cluster/review_outputs/rmelts_parity_audit_v2/2026-02-26/kcp109c_phase7_parity_20260225_224621/runs/kcp109c_phase7_parity_liam_exact/runs/20260225_224621/parallel-results/Parallel_MELTS_KCP109C_dP25.0_02-25_11cores.xlsx,liquid,liquid
400,772,200,0,97.18205289715414,2.188984856219004,-1591.411895089286,-1328.663900284759,251.3974020997244,130.6323820835071,4.439594573761238,0.0001472496080965792,1.779022981268432e-05,2.969367548531812e-07,8.823844836061427e-09,-4.460761220424311e-08,,73.6285060988017,0.0843774934289303,11.71672311972073,0.2072384356012338,0,0.4843935415438291,0.03189880849142487,0.09260944400736253,0,0,0.4173556071694466,3.897520431612691,4.0595264695424,0.009260944400736252,5.370589605679545,0,0,0,0,KCP109C,/Users/lopezama/PycharmProjects/sci-cluster/review_outputs/rmelts_parity_audit_v2/2026-02-26/kcp109c_phase7_parity_20260225_224621/runs/kcp109c_phase7_parity_liam_exact/runs/20260225_224621/parallel-results/Parallel_MELTS_KCP109C_dP25.0_02-25_11cores.xlsx,liquid,liquid
401,771,200,0,96.35716325251275,2.189544276286775,-1577.417939838683,-1317.337154563674,249.0837382320634,129.4957968507289,4.400786241049386,0.0001471129896784836,1.777043780319601e-05,2.943851321915962e-07,8.732268317284337e-09,-4.418417609592764e-08,,73.61910040122726,0.0850998302068993,11.71581145671727,0.209395844958058,0,0.4881954394682083,0.03217188702943754,0.09340225266610898,0,0,0.4075092270126754,3.888554138124225,4.087648617686644,0.009340225266610897,5.363770679636599,0,0,0,0,KCP109C,/Users/lopezama/PycharmProjects/sci-cluster/review_outputs/rmelts_parity_audit_v2/2026-02-26/kcp109c_phase7_parity_20260225_224621/runs/kcp109c_phase7_parity_liam_exact/runs/20260225_224621/parallel-results/Parallel_MELTS_KCP109C_dP25.0_02-25_11cores.xlsx,liquid,liquid
402,770,200,0,95.22043010719963,2.190226998328354,-1558.242855232067,-1301.6619485882,245.9674127823108,127.9469190976399,4.347514215644072,0.0001470023358920448,1.774800350838429e-05,2.908369559823439e-07,8.611655397174593e-09,-4.363105730035567e-08,,73.583923436819,0.08611574767663427,11.72707529710132,0.2123290099554568,0,0.4936335066569738,0.0325559533899471,0.09451728403533029,0,0,0.3960060933032379,3.880854175079693,4.127388912580257,0.009451728403533028,5.356148854998589,0,0,0,0,KCP109C,/Users/lopezama/PycharmProjects/sci-cluster/review_outputs/rmelts_parity_audit_v2/2026-02-26/kcp109c_phase7_parity_20260225_224621/runs/kcp109c_phase7_parity_liam_exact/runs/20260225_224621/parallel-results/Parallel_MELTS_KCP109C_dP25.0_02-25_11cores.xlsx,liquid,liquid
403,769,200,0,94.06489546381682,2.190928639311889,-1538.764149734901,-1285.727278885278,242.802735546344,126.3724951448513,4.293380157436805,0.0001468845531744535,1.77249121786251e-05,2.872104028190072e-07,8.489186072176634e-09,-4.306673843228913e-08,,73.54868449083831,0.087173634751014,11.73820253805205,0.2153754920954378,0,0.4993033019612159,0.03295588630831017,0.09567837960477145,0,0,0.3848629460200506,3.872015567703011,4.168059058201626,0.009567837960477145,5.348120866503719,0,0,0,0,KCP109C,/Users/lopezama/PycharmProjects/sci-cluster/review_outputs/rmelts_parity_audit_v2/2026-02-26/kcp109c_phase7_parity_20260225_224621/runs/kcp109c_phase7_parity_liam_exact/runs/20260225_224621/parallel-results/Parallel_MELTS_KCP109C_dP25.0_02-25_11cores.xlsx,liquid,liquid
404,768,200,0,92.88863697142277,2.191650219230405,-1518.950462702006,-1269.506713980346,239.5848328498871,124.7699482861093,4.238296611219308,0.0001467593446063461,1.77011345535218e-05,2.834994288890169e-07,8.364693550740436e-09,-4.249033926079701e-08,,73.51336942105995,0.0882775269561857,11.74918047920517,0.2185457500308141,0,0.5052275002500622,0.03337321141026532,0.0968899686104477,0,0,0.3740857868046481,3.861990966851792,4.209702490206316,0.009688996861044769,5.339667901753296,0,0,0,0,KCP109C,/Users/lopezama/PycharmProjects/sci-cluster/review_outputs/rmelts_parity_audit_v2/2026-02-26/kcp109c_phase7_parity_20260225_224621/runs/kcp109c_phase7_parity_liam_exact/runs/20260225_224621/parallel-results/Parallel_MELTS_KCP109C_dP25.0_02-25_11cores.xlsx,liquid,liquid
405,767,200,0,91.68939258370975,2.192392864559843,-1498.764890300258,-1252.969146847681,236.3079781306319,123.1362499879779,4.182160691446961,0.000146626412404014,1.767663962589515e-05,2.796969935870811e-07,8.237982850915556e-09,-4.190083680512381e-08,,73.47795570994336,0.08943214961283814,11.75999708464505,0.2218520198356984,0,0.5114326614710384,0.03380971509753637,0.09815723737994428,0,0,0.36367842946344,3.850732500843316,4.252366579898406,0.009815723737994428,5.330770188071402,0,0,0,0,KCP109C,/Users/lopezama/PycharmProjects/sci-cluster/review_outputs/rmelts_parity_audit_v2/2026-02-26/kcp109c_phase7_parity_20260225_224621/runs/kcp109c_phase7_parity_liam_exact/runs/20260225_224621/parallel-results/Parallel_MELTS_KCP109C_dP25.0_02-25_11cores.xlsx,liquid,liquid
406,766,200,0,90.46468981428559,2.193157795081052,-1478.167153087003,-1236.080606339515,232.9659305658354,121.4680942371192,4.12486005417327,0.0001464854545910637,1.765139631063891e-05,2.757955007431629e-07,8.108843866306378e-09,-4.129712275988506e-08,,73.44241903991053,0.09064287758115286,11.77063830080651,0.2253081988053351,0,0.5179490151482282,0.03426742932946023,0.09948608515004581,0,0,0.3536471800809984,3.838188901236202,4.296096730502355,0.00994860851500458,5.321407632934171,0,0,0,0,KCP109C,/Users/lopezama/PycharmProjects/sci-cluster/review_outputs/rmelts_parity_audit_v2/2026-02-26/kcp109c_phase7_parity_20260225_224621/runs/kcp109c_phase7_parity_liam_exact/runs/20260225_224621/parallel-results/Parallel_MELTS_KCP109C_dP25.0_02-25_11cores.xlsx,liquid,liquid
407,765,200,0,89.21165124452331,2.193946365387789,-1457.110394398565,-1218.801569120041,229.5514379218067,119.7616373166268,4.066264000430784,0.0001463361690708719,1.762537252312884e-05,2.717861982893808e-07,7.977033929530098e-09,-4.067791849937202e-08,,73.40672775834553,0.09191602247587798,11.78108926062741,0.2289305811086148,0,0.5248120820249885,0.03474874020429532,0.1008834393027929,0,0,0.3439984258663744,3.824306737877581,4.340939184872934,0.01008834393027929,5.311559423363333,0,0,0,0,KCP109C,/Users/lopezama/PycharmProjects/sci-cluster/review_outputs/rmelts_parity_audit_v2/2026-02-26/kcp109c_phase7_parity_20260225_224621/runs/kcp109c_phase7_parity_liam_exact/runs/20260225_224621/parallel-results/Parallel_MELTS_KCP109C_dP25.0_02-25_11cores.xlsx,liquid,liquid
408,764,200,0,87.92693951137929,2.194760086195652,-1435.540301868803,-1201.086216546284,226.0561011642669,118.0124249546711,4.006221001758324,0.0001461782540704554,1.759853570691557e-05,2.676590372283289e-07,7.842273896955947e-09,-4.004175152404243e-08,,73.37084366064788,0.09325902313114535,11.79133306863696,0.2327383337297043,0,0.5320637601549852,0.03525645996421348,0.1023574644122327,0,0,0.3347402854993433,3.809028933896609,4.386939071208178,0.01023574644122327,5.301204192277529,0,0,0,0,KCP109C,/Users/lopezama/PycharmProjects/sci-cluster/review_outputs/rmelts_parity_audit_v2/2026-02-26/kcp109c_phase7_parity_20260225_224621/runs/kcp109c_phase7_parity_liam_exact/runs/20260225_224621/parallel-results/Parallel_MELTS_KCP109C_dP25.0_02-25_11cores.xlsx,liquid,liquid
409,763,200,0,86.60651228811668,2.195600685001293,-1413.391094690281,-1182.879061635335,222.4697515368878,116.2150650426913,3.944547516301475,0.0001460114122626498,1.757085219379668e-05,2.634019307420919e-07,7.704226811326478e-09,-3.938684769026805e-08,,73.33471662653156,0.09468088048444315,11.80135134967426,0.236754601351935,0,0.5397547883930189,0.03579399140265534,0.1039180395560961,0,0,0.3258813019512049,3.792295178431346,4.434141755092655,0.01039180395560961,5.290319683175174,0,0,0,0,KCP109C,/Users/lopezama/PycharmProjects/sci-cluster/review_outputs/rmelts_parity_audit_v2/2026-02-26/kcp109c_phase7_parity_20260225_224621/runs/kcp109c_phase7_parity_liam_exact/runs/20260225_224621/parallel-results/Parallel_MELTS_KCP109C_dP25.0_02-25_11cores.xlsx,liquid,liquid
410,762,200,0,85.24545566048305,2.196470161183344,-1390.582824762937,-1164.112674372046,218.7800322570563,114.3630056865114,3.881020428456776,0.0001458353514191799,1.754228759813585e-05,2.590002789020177e-07,7.562484454320558e-09,-3.871105783727144e-08,,73.29828386165765,0.09619259041861171,11.81112266456557,0.2410075923572942,0,0.5479472106428821,0.03636549149971906,0.1055772333862811,0,0,0.3174323478448207,3.774039778234875,4.482590720706785,0.01055772333862811,5.278882785346882,0,0,0,0,KCP109C,/Users/lopezama/PycharmProjects/sci-cluster/review_outputs/rmelts_parity_audit_v2/2026-02-26/kcp109c_phase7_parity_20260225_224621/runs/kcp109c_phase7_parity_liam_exact/runs/20260225_224621/parallel-results/Parallel_MELTS_KCP109C_dP25.0_02-25_11cores.xlsx,liquid,liquid
411,761,200,0,83.83757713664599,2.197370897483892,-1367.014731522215,-1144.702094123691,214.9713652744036,112.4479914363717,3.815358491943465,0.0001456497866189599,1.751280630547178e-05,2.544357492787367e-07,7.416532403531718e-09,-3.801167652862576e-08,,73.26146404328793,0.0978079502409156,11.82062161886788,0.2455326104973982,0,0.5567189598950096,0.03697617631059004,0.1073501892888098,0,0,0.3094069721391751,3.754189960341365,4.53232740346829,0.01073501892888098,5.266869096733741,0,0,0,0,KCP109C,/Users/lopezama/PycharmProjects/sci-cluster/review_outputs/rmelts_parity_audit_v2/2026-02-26/kcp109c_phase7_parity_20260225_224621/runs/kcp109c_phase7_parity_liam_exact/runs/20260225_224621/parallel-results/Parallel_MELTS_KCP109C_dP25.0_02-25_11cores.xlsx,liquid,liquid
412,760,200,0,82.37485649023249,2.198305817112388,-1342.55628648304,-1124.537295484208,211.0235599853188,110.4593300028865,3.747197312084494,0.0001454544442895798,1.748237109629417e-05,2.496846428670179e-07,7.265703353316419e-09,-3.72851982770273e-08,,73.22414977239919,0.09954471914554956,11.82981716690346,0.2503749751959207,0,0.5661704571168962,0.03763275967697605,0.1092563990621885,0,0,0.3018226183543623,3.732662957669954,4.583390076318598,0.01092563990621885,5.254252458250695,0,0,0,0,KCP109C,/Users/lopezama/PycharmProjects/sci-cluster/review_outputs/rmelts_parity_audit_v2/2026-02-26/kcp109c_phase7_parity_20260225_224621/runs/kcp109c_phase7_parity_liam_exact/runs/20260225_224621/parallel-results/Parallel_MELTS_KCP109C_dP25.0_02-25_11cores.xlsx,liquid,liquid
413,759,200,0,80.846572501193,2.199278633366478,-1317.032950865499,-1103.471206718828,206.9096004908888,108.3827262119136,3.676049558915578,0.0001452490697853399,1.745094257667827e-05,2.447152927814011e-07,7.10910280131035e-09,-3.652692972214643e-08,,73.18619521439379,0.1014264685720868,11.8386701008488,0.2555946751581457,0,0.5764351357225495,0.03834415275286208,0.1113217337986318,0,0,0.29470237506963,3.709361756640218,4.635811975179259,0.01113217337986318,5.241004238484152,0,0,0,0,KCP109C,/Users/lopezama/PycharmProjects/sci-cluster/review_outputs/rmelts_parity_audit_v2/2026-02-26/kcp109c_phase7_parity_20260225_224621/runs/kcp109c_phase7_parity_liam_exact/runs/20260225_224621/parallel-results/Parallel_MELTS_KCP109C_dP25.0_02-25_11cores.xlsx,liquid,liquid
414,758,200,0,79.23779434529939,2.200294278878156,-1290.201567318258,-1081.299013253104,202.5918189062255,106.1982666874294,3.601236212171567,0.0001450334369473848,1.741847827466418e-05,2.39483559492984e-07,6.945480268760065e-09,-3.573031666527685e-08,,73.14739636065102,0.1034857521451148,11.84712806047097,0.2612743241018035,0,0.5876974864891057,0.0391226623963239,0.1135819230861016,0,0,0.2880788408129404,3.684166826110003,4.689617495352863,0.01135819230861016,5.227092076075139,0,0,0,0,KCP109C,/Users/lopezama/PycharmProjects/sci-cluster/review_outputs/rmelts_parity_audit_v2/2026-02-26/kcp109c_phase7_parity_20260225_224621/runs/kcp109c_phase7_parity_liam_exact/runs/20260225_224621/parallel-results/Parallel_MELTS_KCP109C_dP25.0_02-25_11cores.xlsx,liquid,liquid
415,757,200,0,77.28723632057304,2.201153443667721,-1257.955794809325,-1054.612325962382,197.3920971188104,103.5536008870078,3.511215292278373,0.0001447516605387274,1.738139745225971e-05,2.331261928204857e-07,6.750073237458238e-09,-3.476764528282317e-08,,73.12187600043893,0.1045258210501514,11.85958788615096,0.2608539960134622,0,0.5849812914018552,0.04011003367993445,0.1162102262896086,0,0,0.2813684117704205,3.654612990368554,4.753451322356139,0.0116448484877229,5.210777171992252,0,0,0,0,KCP109C,/Users/lopezama/PycharmProjects/sci-cluster/review_outputs/rmelts_parity_audit_v2/2026-02-26/kcp109c_phase7_parity_20260225_224621/runs/kcp109c_phase7_parity_liam_exact/runs/20260225_224621/parallel-results/Parallel_MELTS_KCP109C_dP25.0_02-25_11cores.xlsx,liquid,liquid
416,756,200,0,67.99032233867487,2.201828048829454,-1106.408895474383,-927.8372772078177,173.5136940840166,91.09380882438887,3.087903361700756,0.0001446098829189981,1.735738301531737e-05,2.049710979027488e-07,5.924417125467726e-09,-3.054774202294343e-08,,73.08585067432293,0.1098542625239019,11.88153258908422,0.2560781257395179,0,0.5726770138140974,0.0455946324834067,0.1306944661499123,0,0,0.2707619624890564,3.640955988086194,4.790795085101736,0.01323715136615033,5.20196804883888,0,0,0,0,KCP109C,/Users/lopezama/PycharmProjects/sci-cluster/review_outputs/rmelts_parity_audit_v2/2026-02-26/kcp109c_phase7_parity_20260225_224621/runs/kcp109c_phase7_parity_liam_exact/runs/20260225_224621/parallel-results/Parallel_MELTS_KCP109C_dP25.0_02-25_11cores.xlsx,liquid,liquid
417,755,200,0,42.12755893610049,2.202678063366675,-685.6411259861931,-575.0891569557336,107.5251364396823,56.49445854679072,1.912560879264889,0.0001449637983898034,1.737761318906416e-05,1.275128821251126e-07,3.677497930173709e-09,-1.896619433275276e-08,,72.96797536593341,0.1324092046735593,11.94211938852027,0.2485836029756401,0,0.5558094098374112,0.0735858832569846,0.19366615465752,0,0,0.2569058500454214,3.659163670681552,4.731507151165999,0.02136364352622134,5.216910674725994,0,0,0,0,KCP109C,/Users/lopezama/PycharmProjects/sci-cluster/review_outputs/rmelts_parity_audit_v2/2026-02-26/kcp109c_phase7_parity_20260225_224621/runs/kcp109c_phase7_parity_liam_exact/runs/20260225_224621/parallel-results/Parallel_MELTS_KCP109C_dP25.0_02-25_11cores.xlsx,liquid,liquid
418,754,200,0,22.38893585059565,2.204350675955029,-364.364634889058,-305.6976475504707,57.11628032769056,30.0410176323706,1.015670332983463,0.0001451373888780455,1.739198865526356e-05,6.790781853623803e-08,1.954483407137833e-09,-1.007005427310567e-08,,72.76826154947707,0.17112078142075,12.11425563736257,0.2364674379895446,0,0.5300651973986159,0.1384609639184197,0.2008023234290535,0,0,0.2597542448582555,3.604947343656409,4.713916763252446,0.04019834436341219,5.221749412873453,0,0,0,0,KCP109C,/Users/lopezama/PycharmProjects/sci-cluster/review_outputs/rmelts_parity_audit_v2/2026-02-26/kcp109c_phase7_parity_20260225_224621/runs/kcp109c_phase7_parity_liam_exact/runs/20260225_224621/parallel-results/Parallel_MELTS_KCP109C_dP25.0_02-25_11cores.xlsx,liquid,liquid
419,753,200,0,13.70792078280658,2.206481168965708,-223.0255051646708,-187.1678735679605,34.94384992126906,18.40424623941839,0.6212570936751838,0.0001453030681204477,1.741125951068965e-05,4.167452038487742e-08,1.196965720243861e-09,-6.158851822226457e-09,,72.51235687273852,0.1710410152258756,12.34480511586145,0.233761024729491,0,0.5266670831962993,0.2235754081692381,0.2009377365979983,0,0,0.2769262685124361,3.506199405705687,4.710101419123393,0.0656553377979002,5.227973312341722,0,0,0,0,KCP109C,/Users/lopezama/PycharmProjects/sci-cluster/review_outputs/rmelts_parity_audit_v2/2026-02-26/kcp109c_phase7_parity_20260225_224621/runs/kcp109c_phase7_parity_liam_exact/runs/20260225_224621/parallel-results/Parallel_MELTS_KCP109C_dP25.0_02-25_11cores.xlsx,liquid,liquid
420,752,200,0,9.960126243411175,2.208619417458233,-162.0020008257021,-135.9957575207067,25.36823226356677,13.37987069337963,0.4509661630555473,0.0001454168366429513,1.742572206126619e-05,3.033670174987177e-08,8.695518947827473e-10,-4.468401421517307e-09,,72.26634135085948,0.1697812389244147,12.56771799450066,0.2311744386888103,0,0.5233529598351127,0.3046013687797001,0.2008360654176758,0,0,0.2969123668870567,3.404310204945636,4.712909135761447,0.09036011874534655,5.23170275665465,0,0,0,0,KCP109C,/Users/lopezama/PycharmProjects/sci-cluster/review_outputs/rmelts_parity_audit_v2/2026-02-26/kcp109c_phase7_parity_20260225_224621/runs/kcp109c_phase7_parity_liam_exact/runs/20260225_224621/parallel-results/Parallel_MELTS_KCP109C_dP25.0_02-25_11cores.xlsx,liquid,liquid
421,751,200,0,7.913199426550379,2.210661104660567,-128.6720612470351,-108.0483857322561,20.13735831155498,10.63568690385307,0.3579562425858756,0.000145517940391763,1.743840374328887e-05,2.414463934123743e-08,6.90667216393033e-10,-3.545009824216716e-09,,72.0336442607084,0.1687394566225226,12.77835186394888,0.2286109176400369,0,0.5198013840483082,0.3800595820435143,0.2007034347156067,0,0,0.3169756567687576,3.308037139516326,4.7163758266908,0.1137337961092047,5.234966681187631,0,0,0,0,KCP109C,/Users/lopezama/PycharmProjects/sci-cluster/review_outputs/rmelts_parity_audit_v2/2026-02-26/kcp109c_phase7_parity_20260225_224621/runs/kcp109c_phase7_parity_liam_exact/runs/20260225_224621/parallel-results/Parallel_MELTS_KCP109C_dP25.0_02-25_11cores.xlsx,liquid,liquid
422,813,175,0,104.0238341377789,2.179730023692171,-1715.787139616661,-1418.803416745854,273.4279085492858,140.7204235740977,4.77232652700615,0.0001468629405010549,1.805582283538843e-05,2.902615315589184e-07,9.464366145077923e-09,-4.718328033853245e-08,,72.87297905632937,0.07882786850739014,12.44336400993021,0.1840641582998586,0,0.461122027758379,0.02980077955767188,0.08651839226420867,0,0,0.671499243276144,4.199166549068868,3.854731834033381,0.008651839226420866,5.109274241748108,0,0,0,0,KCP109C,/Users/lopezama/PycharmProjects/sci-cluster/review_outputs/rmelts_parity_audit_v2/2026-02-26/kcp109c_phase7_parity_20260225_224621/runs/kcp109c_phase7_parity_liam_exact/runs/20260225_224621/parallel-results/Parallel_MELTS_KCP109C_dP25.0_02-25_11cores.xlsx,liquid,liquid
423,812,175,0,103.8268698887519,2.179979736227051,-1712.20260505028,-1416.229907096401,272.7481896086989,140.4200791072596,4.762744724794912,0.0001467453911219541,1.804477773964839e-05,2.899201950101018e-07,9.435489102077173e-09,-4.705425170984673e-08,,72.90322128456648,0.07897740874115679,12.42326689757864,0.1846667856383756,0,0.461768742230767,0.02985731306068122,0.08668252178907451,0,0,0.6619182940569339,4.19330255851516,3.860921710643704,0.008668252178907451,5.106748231000113,0,0,0,0,KCP109C,/Users/lopezama/PycharmProjects/sci-cluster/review_outputs/rmelts_parity_audit_v2/2026-02-26/kcp109c_phase7_parity_20260225_224621/runs/kcp109c_phase7_parity_liam_exact/runs/20260225_224621/parallel-results/Parallel_MELTS_KCP109C_dP25.0_02-25_11cores.xlsx,liquid,liquid
424,811,175,0,103.6281051480091,2.180231680288868,-1708.589073571287,-1413.631362592592,272.0635622180462,140.1172392672452,4.753077669905201,0.0001466263459566988,1.803363929755237e-05,2.895691241154619e-07,9.406388355795046e-09,-4.692380534090275e-08,,72.93359537024732,0.07912889222997935,12.40311105299737,0.1852754827447404,0,0.4624254455005613,0.02991458120889463,0.08684878415485538,0,0,0.6524407781235942,4.187253034224119,3.867162335365046,0.008684878415485537,5.104159364788035,0,0,0,0,KCP109C,/Users/lopezama/PycharmProjects/sci-cluster/review_outputs/rmelts_parity_audit_v2/2026-02-26/kcp109c_phase7_parity_20260225_224621/runs/kcp109c_phase7_parity_liam_exact/runs/20260225_224621/parallel-results/Parallel_MELTS_KCP109C_dP25.0_02-25_11cores.xlsx,liquid,liquid
425,810,175,0,103.4274985749319,2.180485869169673,-1704.945871885307,-1411.00721220982,271.373918363557,139.8118459950815,4.743323496717591,0.0001465057768081252,1.80224061569712e-05,2.892081401853384e-07,9.377059698284852e-09,-4.679191516079116e-08,,72.96410770104225,0.07928236977821726,12.38289270570171,0.1858903824774619,0,0.4630924219557503,0.02997260320883823,0.08701723512243358,0,0,0.6430668696435357,4.181014869417664,3.873454569524413,0.008701723512243357,5.101506548615468,0,0,0,0,KCP109C,/Users/lopezama/PycharmProjects/sci-cluster/review_outputs/rmelts_parity_audit_v2/2026-02-26/kcp109c_phase7_parity_20260225_224621/runs/kcp109c_phase7_parity_liam_exact/runs/20260225_224621/parallel-results/Parallel_MELTS_KCP109C_dP25.0_02-25_11cores.xlsx,liquid,liquid
426,809,175,0,103.2250372468906,2.180742318588066,-1701.27280787357,-1408.357277571933,270.6792314389285,139.5038833017411,4.733481639120217,0.0001463836707015276,1.801107791121788e-05,2.888371773090041e-07,9.347502512558963e-09,-4.665857454179352e-08,,72.9947602925591,0.07943787117172267,12.36261092732073,0.1865115716315706,0,0.4637698303187021,0.03003139032101711,0.08718790738359805,0,0,0.6337981320901892,4.174585997542366,3.87979802053056,0.008718790738359804,5.098789268392073,0,0,0,0,KCP109C,/Users/lopezama/PycharmProjects/sci-cluster/review_outputs/rmelts_parity_audit_v2/2026-02-26/kcp109c_phase7_parity_20260225_224621/runs/kcp109c_phase7_parity_liam_exact/runs/20260225_224621/parallel-results/Parallel_MELTS_KCP109C_dP25.0_02-25_11cores.xlsx,liquid,liquid
427,808,175,0,103.0206709667062,2.181001040294604,-1697.569059550019,-1405.680865055599,269.9793687225818,139.1932800883868,4.723549831631004,0.000146259994125765,1.799965291496987e-05,2.884560218318814e-07,9.317711541069177e-09,-4.652375161684624e-08,,73.02556114861868,0.07959545552455044,12.34226090601384,0.1871392024809107,0,0.4644580035760375,0.0300909648934276,0.08736086581962853,0,0,0.6246342844619932,4.167962932175894,3.886193915369431,0.008736086581962852,5.096006234483643,0,0,0,0,KCP109C,/Users/lopezama/PycharmProjects/sci-cluster/review_outputs/rmelts_parity_audit_v2/2026-02-26/kcp109c_phase7_parity_20260225_224621/runs/kcp109c_phase7_parity_liam_exact/runs/20260225_224621/parallel-results/Parallel_MELTS_KCP109C_dP25.0_02-25_11cores.xlsx,liquid,liquid
428,807,175,0,102.8143739418703,2.181262047890804,-1693.834218336793,-1402.977618311906,269.2742674858923,138.8800013962118,4.713526925446111,0.0001461347266635113,1.798813034271922e-05,2.880645572512808e-07,9.287684620508984e-09,-4.638743125685136e-08,,73.0565145456051,0.07975516402466261,12.32184025611353,0.1877733880837692,0,0.4651571674741057,0.03015134249712854,0.0875361556368248,0,0,0.6155762321640552,4.161143095525802,3.892642378508311,0.00875361556368248,5.093156658803023,0,0,0,0,KCP109C,/Users/lopezama/PycharmProjects/sci-cluster/review_outputs/rmelts_parity_audit_v2/2026-02-26/kcp109c_phase7_parity_20260225_224621/runs/kcp109c_phase7_parity_liam_exact/runs/20260225_224621/parallel-results/Parallel_MELTS_KCP109C_dP25.0_02-25_11cores.xlsx,liquid,liquid
429,806,175,0,102.6061145672881,2.181525353908979,-1690.067777866328,-1400.247100545345,268.563848696643,138.5640036870081,4.703411508989924,0.0001460078444660477,1.797650917643083e-05,2.87662644159632e-07,9.257418889789232e-09,-4.624959450121794e-08,,73.0876258087728,0.07991704311634762,12.30134591417408,0.1884142536748442,0,0.4658675785948109,0.03021254069032654,0.08771382781062542,0,0,0.6066245707545648,4.154123673403567,3.899143779234796,0.00877138278106254,5.09023962699218,0,0,0,0,KCP109C,/Users/lopezama/PycharmProjects/sci-cluster/review_outputs/rmelts_parity_audit_v2/2026-02-26/kcp109c_phase7_parity_20260225_224621/runs/kcp109c_phase7_parity_liam_exact/runs/20260225_224621/parallel-results/Parallel_MELTS_KCP109C_dP25.0_02-25_11cores.xlsx,liquid,liquid
430,805,175,0,102.3958618983194,2.181790970357033,-1686.269243425739,-1397.488883963584,267.8480354887129,138.2452444086053,4.693202203580626,0.0001458793237480349,1.796478841920707e-05,2.872501458983095e-07,9.226911599493733e-09,-4.611022295422133e-08,,73.11890030663552,0.08008113955156859,12.28077479173529,0.1890619257188879,0,0.4665894948595031,0.03027457714754422,0.08789393365416064,0,0,0.5977798939803314,4.146901862437711,3.90569844981837,0.008789393365416063,5.08725423109568,0,0,0,0,KCP109C,/Users/lopezama/PycharmProjects/sci-cluster/review_outputs/rmelts_parity_audit_v2/2026-02-26/kcp109c_phase7_parity_20260225_224621/runs/kcp109c_phase7_parity_liam_exact/runs/20260225_224621/parallel-results/Parallel_MELTS_KCP109C_dP25.0_02-25_11cores.xlsx,liquid,liquid
431,804,175,0,102.1835880302446,2.182058908711775,-1682.438172443266,-1394.702582860905,267.1267600448965,137.923685547233,4.682897772479062,0.0001457491422938998,1.795296719552985e-05,2.868269386962735e-07,9.19616042623177e-09,-4.596930047683271e-08,,73.150343062164,0.08024749853489356,12.26012403134259,0.1897165277377017,0,0.4673231645345951,0.03033746895831342,0.08807652278220024,0,0,0.5890429213509107,4.139474987238698,3.912306532765459,0.008807652278220023,5.084199630312412,0,0,0,0,KCP109C,/Users/lopezama/PycharmProjects/sci-cluster/review_outputs/rmelts_parity_audit_v2/2026-02-26/kcp109c_phase7_parity_20260225_224621/runs/kcp109c_phase7_parity_liam_exact/runs/20260225_224621/parallel-results/Parallel_MELTS_KCP109C_dP25.0_02-25_11cores.xlsx,liquid,liquid
432,803,175,0,101.9692613006258,2.182329179569098,-1678.57405874032,-1391.887759082154,266.3999439280454,137.5992834524727,4.672496810071505,0.0001456172751342974,1.794104446618349e-05,2.86392882869474e-07,9.165162574808147e-09,-4.582680836839294e-08,,73.18195990680182,0.08041616905895509,12.23939024515153,0.1903781923489271,0,0.4680688578201243,0.03040123464423912,0.08826164896714582,0,0,0.5804141022106897,4.131840181006267,3.91896841898603,0.00882616489671458,5.08107487810755,0,0,0,0,KCP109C,/Users/lopezama/PycharmProjects/sci-cluster/review_outputs/rmelts_parity_audit_v2/2026-02-26/kcp109c_phase7_parity_20260225_224621/runs/kcp109c_phase7_parity_liam_exact/runs/20260225_224621/parallel-results/Parallel_MELTS_KCP109C_dP25.0_02-25_11cores.xlsx,liquid,liquid
433,802,175,0,101.7528452717842,2.18260179208213,-1674.676317826971,-1389.043909429449,265.6674960680108,137.2719877419622,4.66199769655258,0.000145483695718201,1.792901916206866e-05,2.859478238590532e-07,9.133914803797826e-09,-4.568272533529032e-08,,73.21375737837306,0.0805872047974672,12.21856960919189,0.1910470628125357,0,0.468826872558406,0.03046589449660345,0.0884493711191713,0,0,0.571893801267788,4.123994443286773,3.925684433984332,0.008844937111917129,5.077878991000034,0,0,0,0,KCP109C,/Users/lopezama/PycharmProjects/sci-cluster/review_outputs/rmelts_parity_audit_v2/2026-02-26/kcp109c_phase7_parity_20260225_224621/runs/kcp109c_phase7_parity_liam_exact/runs/20260225_224621/parallel-results/Parallel_MELTS_KCP109C_dP25.0_02-25_11cores.xlsx,liquid,liquid
434,801,175,0,101.5343349588106,2.182876757189062,-1670.744893641039,-1386.170963563222,264.9294140276658,136.9417938642834,4.651400250812077,0.000145348392041682,1.791689103798026e-05,2.854917258611959e-07,9.102417603791042e-09,-4.55370505873185e-08,,73.24573767868746,0.08076063539777867,12.19766108548034,0.1917232300816654,0,0.4695973626290842,0.03053145972355047,0.08863972177804974,0,0,0.5634834350985142,4.115935962600845,3.932453943215032,0.008863972177804973,5.074611513129851,0,0,0,0,KCP109C,/Users/lopezama/PycharmProjects/sci-cluster/review_outputs/rmelts_parity_audit_v2/2026-02-26/kcp109c_phase7_parity_20260225_224621/runs/kcp109c_phase7_parity_liam_exact/runs/20260225_224621/parallel-results/Parallel_MELTS_KCP109C_dP25.0_02-25_11cores.xlsx,liquid,liquid
435,800,175,0,101.3136826340837,2.183154081345123,-1666.779011724039,-1383.268261755198,264.1855751468494,136.6086347431082,4.640702344365017,0.0001452113306743951,1.790465864432628e-05,2.850243897664732e-07,9.070666389163565e-09,-4.538975546651696e-08,,73.27790949761298,0.08093652523865276,12.17665945000372,0.1924068624768446,0,0.4703806884384647,0.03059795466339311,0.08883277160339936,0,0,0.5551827174287428,4.107661251553913,3.939277794462585,0.008883277160339936,5.071271209356953,0,0,0,0,KCP109C,/Users/lopezama/PycharmProjects/sci-cluster/review_outputs/rmelts_parity_audit_v2/2026-02-26/kcp109c_phase7_parity_20260225_224621/runs/kcp109c_phase7_parity_liam_exact/runs/20260225_224621/parallel-results/Parallel_MELTS_KCP109C_dP25.0_02-25_11cores.xlsx,liquid,liquid
436,799,175,0,101.0908678164452,2.183433772052922,-1662.778357832476,-1380.335520735962,263.4359344275646,136.2724834057504,4.629903096231627,0.0001450724925012155,1.789232141335932e-05,2.84545724548264e-07,9.038659958975749e-09,-4.524082973879652e-08,,73.31027751644471,0.08111491803824936,12.1555620848753,0.1930980829312221,0,0.471177086964496,0.03066539584372841,0.08902856857856635,0,0,0.5469925054248187,4.099167952313928,3.946155640184555,0.008902856857856635,5.067857391542563,0,0,0,0,KCP109C,/Users/lopezama/PycharmProjects/sci-cluster/review_outputs/rmelts_parity_audit_v2/2026-02-26/kcp109c_phase7_parity_20260225_224621/runs/kcp109c_phase7_parity_liam_exact/runs/20260225_224621/parallel-results/Parallel_MELTS_KCP109C_dP25.0_02-25_11cores.xlsx,liquid,liquid
437,798,175,0,100.8658793327191,2.183715836323624,-1658.742772317649,-1377.372584095095,262.6804725972599,135.9333260742728,4.619002053972874,0.0001449318612161393,1.787987890020017e-05,2.840556710329812e-07,9.006398122585987e-09,-4.509026886192485e-08,,73.3428455274977,0.08129585086297511,12.13436691584132,0.193797000684519,0,0.471986754619833,0.0307337972774662,0.08922715338619219,0,0,0.5389136869586992,4.090454020297295,3.953087118478686,0.008922715338619219,5.064369458756681,0,0,0,0,KCP109C,/Users/lopezama/PycharmProjects/sci-cluster/review_outputs/rmelts_parity_audit_v2/2026-02-26/kcp109c_phase7_parity_20260225_224621/runs/kcp109c_phase7_parity_liam_exact/runs/20260225_224621/parallel-results/Parallel_MELTS_KCP109C_dP25.0_02-25_11cores.xlsx,liquid,liquid
438,797,175,0,100.638683990216,2.18400027822524,-1654.67172801945,-1374.378993065425,261.9191094276735,135.5911171528951,4.607997764175969,0.000144789410883792,1.786733019343285e-05,2.835540907049402e-07,8.973878231511653e-09,-4.493805461551738e-08,,73.37562050239626,0.0814793793455671,12.11306984581572,0.1945037662444641,0,0.4728099983009887,0.03080317999649487,0.08942858708659801,0,0,0.530946484331611,4.081516614195553,3.960072296606734,0.0089428587086598,5.060806486971337,0,0,0,0,KCP109C,/Users/lopezama/PycharmProjects/sci-cluster/review_outputs/rmelts_parity_audit_v2/2026-02-26/kcp109c_phase7_parity_20260225_224621/runs/kcp109c_phase7_parity_liam_exact/runs/20260225_224621/parallel-results/Parallel_MELTS_KCP109C_dP25.0_02-25_11cores.xlsx,liquid,liquid
439,796,175,0,100.4092513479736,2.184287100759664,-1650.564744076372,-1371.354326377145,261.1517726223886,135.245814974819,4.596888903159875,0.0001446451162852808,1.785467443513189e-05,2.830408552050402e-07,8.941097976882251e-09,-4.478417064453361e-08,,73.40860929780507,0.08166555796507372,12.09166684530781,0.1952185283480353,0,0.473647117325065,0.03087356459655226,0.0896329294738614,0,0,0.5230910939955294,4.072352991108363,3.967111200054215,0.008963292947386138,5.05716758107304,0,0,0,0,KCP109C,/Users/lopezama/PycharmProjects/sci-cluster/review_outputs/rmelts_parity_audit_v2/2026-02-26/kcp109c_phase7_parity_20260225_224621/runs/kcp109c_phase7_parity_liam_exact/runs/20260225_224621/parallel-results/Parallel_MELTS_KCP109C_dP25.0_02-25_11cores.xlsx,liquid,liquid
440,795,175,0,100.1775913559151,2.184576308098526,-1646.42201634794,-1368.298718314047,260.3785030509689,134.8974364433379,4.585675995136584,0.0001444989707409676,1.784191179021218e-05,2.825159882234788e-07,8.908059763938565e-09,-4.462862668358868e-08,,73.44181330057224,0.08185440927386821,12.0701573775714,0.1959413658733426,0,0.4744982200261837,0.03094495960353554,0.08984020530058703,0,0,0.5153488693240212,4.062962025245778,3.974202733187677,0.008984020530058702,5.053452513491325,0,0,0,0,KCP109C,/Users/lopezama/PycharmProjects/sci-cluster/review_outputs/rmelts_parity_audit_v2/2026-02-26/kcp109c_phase7_parity_20260225_224621/runs/kcp109c_phase7_parity_liam_exact/runs/20260225_224621/parallel-results/Parallel_MELTS_KCP109C_dP25.0_02-25_11cores.xlsx,liquid,liquid
441,794,175,0,99.94365383231444,2.184867898964912,-1642.242735288366,-1365.211476496382,259.5991742416568,134.5459113847557,4.574356824028722,0.0001443509401821541,1.78290410072389e-05,2.819792914457948e-07,8.874759139155002e-09,-4.447139438850052e-08,,73.47524247825802,0.08204600567856458,12.04853543355916,0.196672468164082,0,0.4753637117216466,0.03101739239067685,0.09005049403744893,0,0,0.5077193328242281,4.053340277393382,3.981347253160348,0.009005049403744891,5.049660103408661,0,0,0,0,KCP109C,/Users/lopezama/PycharmProjects/sci-cluster/review_outputs/rmelts_parity_audit_v2/2026-02-26/kcp109c_phase7_parity_20260225_224621/runs/kcp109c_phase7_parity_liam_exact/runs/20260225_224621/parallel-results/Parallel_MELTS_KCP109C_dP25.0_02-25_11cores.xlsx,liquid,liquid
442,793,175,0,99.70746125944345,2.185161874869725,-1638.027306601474,-1362.09290716172,258.8138624393883,134.1912747047119,4.562932495121799,0.0001442010231504062,1.781606257089741e-05,2.814308368119779e-07,8.841200003696967e-09,-4.431249182867476e-08,,73.50889697552408,0.08224036108668373,12.02680125178439,0.1974118962516597,0,0.476243648070704,0.0310908682156975,0.09026381094879919,0,0,0.5002039547448802,4.043487181703588,3.988543347616576,0.009026381094879918,5.045790322958045,0,0,0,0,KCP109C,/Users/lopezama/PycharmProjects/sci-cluster/review_outputs/rmelts_parity_audit_v2/2026-02-26/kcp109c_phase7_parity_20260225_224621/runs/kcp109c_phase7_parity_liam_exact/runs/20260225_224621/parallel-results/Parallel_MELTS_KCP109C_dP25.0_02-25_11cores.xlsx,liquid,liquid
443,792,175,0,99.46895876298863,2.185458231035336,-1633.774843301133,-1358.942253259727,258.022428804775,133.8334494042273,4.551400587320597,0.0001440491829633225,1.780297515038948e-05,2.808704104611236e-07,8.807377453505144e-09,-4.415188809789079e-08,,73.54278791705438,0.08243755384936764,12.00494808182284,0.1981598539691959,0,0.4771384686166948,0.03116541669915118,0.09048024202979374,0,0,0.4928019347044019,4.033399167588326,3.995791420923902,0.009048024202979373,5.041841918538959,0,0,0,0,KCP109C,/Users/lopezama/PycharmProjects/sci-cluster/review_outputs/rmelts_parity_audit_v2/2026-02-26/kcp109c_phase7_parity_20260225_224621/runs/kcp109c_phase7_parity_liam_exact/runs/20260225_224621/parallel-results/Parallel_MELTS_KCP109C_dP25.0_02-25_11cores.xlsx,liquid,liquid
444,791,175,0,99.22819685874198,2.185756966778272,-1629.486221144629,-1355.760207060289,257.2250285056994,133.4725110254067,4.539763494612158,0.0001438954317496481,1.778978003524556e-05,2.802981939110065e-07,8.773298740997198e-09,-4.39896198669742e-08,,73.57691184226037,0.08263757612743527,11.98297845649095,0.1989163550854023,0,0.4780480986425834,0.03124103487744504,0.09069977867645333,0,0,0.4855154329384833,4.023076930001054,4.003089141333341,0.009069977867645332,5.037815375698822,0,0,0,0,KCP109C,/Users/lopezama/PycharmProjects/sci-cluster/review_outputs/rmelts_parity_audit_v2/2026-02-26/kcp109c_phase7_parity_20260225_224621/runs/kcp109c_phase7_parity_liam_exact/runs/20260225_224621/parallel-results/Parallel_MELTS_KCP109C_dP25.0_02-25_11cores.xlsx,liquid,liquid
445,790,175,0,98.98513501273013,2.18605807428886,-1625.160793228656,-1352.546208379554,256.4215631370004,133.1084031817942,4.528019460092827,0.0001437397389668584,1.777647627040094e-05,2.797140287440055e-07,8.738960671850775e-09,-4.382566576195104e-08,,73.61127841582822,0.0828404961872933,11.96088653805504,0.1996815824393803,0,0.4789729164005972,0.03131774855861088,0.09092249581532191,0,0,0.4783437948049118,4.0125175540122,4.010436531896907,0.00909224958153219,5.033709676419992,0,0,0,0,KCP109C,/Users/lopezama/PycharmProjects/sci-cluster/review_outputs/rmelts_parity_audit_v2/2026-02-26/kcp109c_phase7_parity_20260225_224621/runs/kcp109c_phase7_parity_liam_exact/runs/20260225_224621/parallel-results/Parallel_MELTS_KCP109C_dP25.0_02-25_11cores.xlsx,liquid,liquid
446,789,175,0,98.73974878312828,2.186361544669517,-1620.798182576444,-1349.299918415491,255.6119796271274,132.741092809398,4.516167466623342,0.000143582081529569,1.776306333948292e-05,2.791178184753056e-07,8.70436196839549e-09,-4.366001501768508e-08,,73.64589529238022,0.08304637016569076,11.93866776813632,0.2004556927258024,0,0.4799132272274704,0.03139557896507821,0.09114845505990449,0,0,0.471286750041007,4.001718815055487,4.017833122906245,0.009114845505990447,5.029524081830792,0,0,0,0,KCP109C,/Users/lopezama/PycharmProjects/sci-cluster/review_outputs/rmelts_parity_audit_v2/2026-02-26/kcp109c_phase7_parity_20260225_224621/runs/kcp109c_phase7_parity_liam_exact/runs/20260225_224621/parallel-results/Parallel_MELTS_KCP109C_dP25.0_02-25_11cores.xlsx,liquid,liquid
447,788,175,0,98.49205946648118,2.186667369519094,-1616.398776938784,-1346.021627515024,254.7963524702061,132.3706129750897,4.504208588805264,0.0001434224577183607,1.774954188753114e-05,2.785096395361899e-07,8.669506634881539e-09,-4.349268628746529e-08,,73.68076389516338,0.08325521671471244,11.91632155090807,0.2012387600560019,0,0.4808691127360916,0.03147453314824494,0.09137767688200144,0,0,0.4643452281803683,3.990680420847116,4.025277215788964,0.009137767688200142,5.025258621886846,0,0,0,0,KCP109C,/Users/lopezama/PycharmProjects/sci-cluster/review_outputs/rmelts_parity_audit_v2/2026-02-26/kcp109c_phase7_parity_20260225_224621/runs/kcp109c_phase7_parity_liam_exact/runs/20260225_224621/parallel-results/Parallel_MELTS_KCP109C_dP25.0_02-25_11cores.xlsx,liquid,liquid
448,787,175,0,98.2420841568186,2.186975537523127,-1611.962893791442,-1342.711568208238,253.9747446900951,131.9969905904077,4.492143714971924,0.0001432608641530466,1.773591250900203e-05,2.778895550579791e-07,8.634398243382767e-09,-4.332369589187426e-08,,73.71588647199069,0.08346705848245731,11.89384674716835,0.2020308678399224,0,0.4818406779438863,0.03155461967019727,0.09161018613928239,0,0,0.4575198936693355,3.979401989619661,4.032767184596268,0.009161018613928238,5.020913284266031,0,0,0,0,KCP109C,/Users/lopezama/PycharmProjects/sci-cluster/review_outputs/rmelts_parity_audit_v2/2026-02-26/kcp109c_phase7_parity_20260225_224621/runs/kcp109c_phase7_parity_liam_exact/runs/20260225_224621/parallel-results/Parallel_MELTS_KCP109C_dP25.0_02-25_11cores.xlsx,liquid,liquid
449,786,175,0,97.98981255629091,2.187286034097977,-1607.490393002136,-1339.369596208385,253.1471432693683,131.6202128548593,4.479972487763874,0.0001430972841484065,1.772217511869743e-05,2.772575259786141e-07,8.599037241595694e-09,-4.315304273224704e-08,,73.75126947219881,0.08368194201183567,11.87123954671196,0.2028321532061491,0,0.4828281695146314,0.03163585612642568,0.09184603391542938,0,0,0.4508104729647518,3.967882090265538,4.04030206637851,0.009184603391542936,5.016487593314384,0,0,0,0,KCP109C,/Users/lopezama/PycharmProjects/sci-cluster/review_outputs/rmelts_parity_audit_v2/2026-02-26/kcp109c_phase7_parity_20260225_224621/runs/kcp109c_phase7_parity_liam_exact/runs/20260225_224621/parallel-results/Parallel_MELTS_KCP109C_dP25.0_02-25_11cores.xlsx,liquid,liquid
450,785,175,0,97.73525191681674,2.187598842773119,-1602.981427945808,-1335.995808662621,252.3135843530574,131.2402923148724,4.467695356472316,0.0001429317096318844,1.770833013131784e-05,2.766135817702433e-07,8.5634261520104e-09,-4.29807373208635e-08,,73.78691709310293,0.08389989977738777,11.8484975552611,0.2036427225576094,0,0.4838317499045269,0.0317182547938905,0.09208525585323046,0,0,0.4442170638058783,3.956120091753741,4.047880390077463,0.009208525585323046,5.011981397526898,0,0,0,0,KCP109C,/Users/lopezama/PycharmProjects/sci-cluster/review_outputs/rmelts_parity_audit_v2/2026-02-26/kcp109c_phase7_parity_20260225_224621/runs/kcp109c_phase7_parity_liam_exact/runs/20260225_224621/parallel-results/Parallel_MELTS_KCP109C_dP25.0_02-25_11cores.xlsx,liquid,liquid
451,784,175,0,97.47841594025557,2.187913944913987,-1598.436259743941,-1332.590391450507,251.4741222091791,130.8572507613245,4.455313069641217,0.0001427641356597447,1.76943781602846e-05,2.759577780037864e-07,8.527568270591433e-09,-4.280679453202734e-08,,73.82283287682722,0.08412095939397246,11.82561878418364,0.2044626720143047,0,0.4848515521840859,0.03180182611235544,0.09232788226167708,0,0,0.4377397946901024,3.944115719684754,4.055500473795546,0.009232788226167707,5.007394670626149,0,0,0,0,KCP109C,/Users/lopezama/PycharmProjects/sci-cluster/review_outputs/rmelts_parity_audit_v2/2026-02-26/kcp109c_phase7_parity_20260225_224621/runs/kcp109c_phase7_parity_liam_exact/runs/20260225_224621/parallel-results/Parallel_MELTS_KCP109C_dP25.0_02-25_11cores.xlsx,liquid,liquid
452,783,175,0,97.21933691626121,2.188231320590399,-1593.855459473496,-1329.153786112318,250.6288627194794,130.4711367096185,4.442827227700534,0.0001425945660097812,1.768032029735503e-05,2.752902413224014e-07,8.491469018825311e-09,-4.263124118474915e-08,,73.85901797028455,0.08434513295245158,11.80260275757352,0.2052920635998356,0,0.48588761667587,0.03188657465275608,0.09257392641122733,0,0,0.4313791418476824,3.931869576784602,4.063160141830394,0.009257392641122731,5.002727704745985,0,0,0,0,KCP109C,/Users/lopezama/PycharmProjects/sci-cluster/review_outputs/rmelts_parity_audit_v2/2026-02-26/kcp109c_phase7_parity_20260225_224621/runs/kcp109c_phase7_parity_liam_exact/runs/20260225_224621/parallel-results/Parallel_MELTS_KCP109C_dP25.0_02-25_11cores.xlsx,liquid,liquid
453,782,175,0,96.95802112939433,2.188550945812687,-1589.239164207821,-1325.686076513388,249.7778398279228,130.0819610324706,4.430238250331905,0.0001424229922462604,1.766615703519781e-05,2.746110027578425e-07,8.455130898808497e-09,-4.245408781791826e-08,,73.89547753027868,0.08457245549120303,11.77944644190206,0.2061310110140999,0,0.4869401196547576,0.03197251366130846,0.09282342675863746,0,0,0.4251346927337132,3.919381279130919,4.070857809856214,0.009282342675863746,4.997980376842541,0,0,0,0,KCP109C,/Users/lopezama/PycharmProjects/sci-cluster/review_outputs/rmelts_parity_audit_v2/2026-02-26/kcp109c_phase7_parity_20260225_224621/runs/kcp109c_phase7_parity_liam_exact/runs/20260225_224621/parallel-results/Parallel_MELTS_KCP109C_dP25.0_02-25_11cores.xlsx,liquid,liquid
454,781,175,0,96.6945123763316,2.188872795720981,-1584.58813661372,-1322.187862510759,248.9211915789608,129.689788662191,4.417548272579354,0.0001422494241473373,1.765188984754114e-05,2.739202366702803e-07,8.418560708026764e-09,-4.227536911491606e-08,,73.93221153813153,0.08480292990522599,11.75615006771481,0.2069795566492783,0,0.4880090459933707,0.03205964423246348,0.09307638648134559,0,0,0.4190069140222289,3.906652122267868,4.078590933217688,0.009307638648134558,4.993153222736072,0,0,0,0,KCP109C,/Users/lopezama/PycharmProjects/sci-cluster/review_outputs/rmelts_parity_audit_v2/2026-02-26/kcp109c_phase7_parity_20260225_224621/runs/kcp109c_phase7_parity_liam_exact/runs/20260225_224621/parallel-results/Parallel_MELTS_KCP109C_dP25.0_02-25_11cores.xlsx,liquid,liquid
455,780,175,0,96.42879837878051,2.189196839699729,-1579.902204397033,-1318.658972819946,248.0589009894954,129.294603552369,4.404756878417873,0.0001420738449076668,1.763751887898532e-05,2.732179090495732e-07,8.381758937837099e-09,-4.209508443262921e-08,,73.96922836872929,0.08503660858547785,11.73270853750676,0.2078378539972458,0,0.4890946741282979,0.03214798617255869,0.09333286308162202,0,0,0.4129945705205831,3.893681156076827,4.086358234243658,0.0093332863081622,4.988245860649522,0,0,0,0,KCP109C,/Users/lopezama/PycharmProjects/sci-cluster/review_outputs/rmelts_parity_audit_v2/2026-02-26/kcp109c_phase7_parity_20260225_224621/runs/kcp109c_phase7_parity_liam_exact/runs/20260225_224621/parallel-results/Parallel_MELTS_KCP109C_dP25.0_02-25_11cores.xlsx,liquid,liquid
456,779,175,0,96.16095048929532,2.189523049933525,-1575.182588351053,-1315.100386097829,247.1911821063759,128.8965100232351,4.391867465940348,0.0001418962768386081,1.762304627363992e-05,2.725042988277094e-07,8.344735465432072e-09,-4.191328588685579e-08,,74.00652461862535,0.08527347089686227,11.70912421105505,0.2087058939209503,0,0.4901968482155393,0.0322375316805211,0.09359283391119029,0,0,0.4070984636292574,3.880471068411911,4.094156496209407,0.009359283391119027,4.983259280052827,0,0,0,0,KCP109C,/Users/lopezama/PycharmProjects/sci-cluster/review_outputs/rmelts_parity_audit_v2/2026-02-26/kcp109c_phase7_parity_20260225_224621/runs/kcp109c_phase7_parity_liam_exact/runs/20260225_224621/parallel-results/Parallel_MELTS_KCP109C_dP25.0_02-25_11cores.xlsx,liquid,liquid
457,778,175,0,95.8909939513278,2.189851390848995,-1570.429742016347,-1311.512447610673,246.3181224427292,128.4955461215654,4.378881341082753,0.0001417167231526188,1.760847332615198e-05,2.717795214307544e-07,8.307495190786403e-09,-4.172999777352872e-08,,74.04410353472157,0.08551353681859955,11.68539518739654,0.209583758006171,0,0.4913156536941904,0.03232828830947056,0.09385632089846292,0,0,0.4013181453527005,3.867022737649621,4.101983347245796,0.00938563208984629,4.978193857817046,0,0,0,0,KCP109C,/Users/lopezama/PycharmProjects/sci-cluster/review_outputs/rmelts_parity_audit_v2/2026-02-26/kcp109c_phase7_parity_20260225_224621/runs/kcp109c_phase7_parity_liam_exact/runs/20260225_224621/parallel-results/Parallel_MELTS_KCP109C_dP25.0_02-25_11cores.xlsx,liquid,liquid
458,777,175,0,95.61896974301503,2.190181827606443,-1565.644378926524,-1307.895718360902,245.4398519884042,128.0917720957677,4.365800525681147,0.0001415351920487334,1.759380151426043e-05,2.71043745528935e-07,8.27004458491797e-09,-4.154525327612345e-08,,74.08196661201599,0.08575681261490062,11.66152069661557,0.2104714980708887,0,0.4924510937433786,0.03242025842758438,0.09412333091879335,0,0,0.3956532204681209,3.853337828355365,4.109836199705827,0.009412333091879334,4.973050115971718,0,0,0,0,KCP109C,/Users/lopezama/PycharmProjects/sci-cluster/review_outputs/rmelts_parity_audit_v2/2026-02-26/kcp109c_phase7_parity_20260225_224621/runs/kcp109c_phase7_parity_liam_exact/runs/20260225_224621/parallel-results/Parallel_MELTS_KCP109C_dP25.0_02-25_11cores.xlsx,liquid,liquid
459,776,175,0,94.67415363627654,2.190771463130196,-1549.666415809236,-1294.891860284323,242.8390178000409,126.8008207743999,4.321498395866686,0.0001414145612232659,1.757365839771027e-05,2.683168055875709e-07,8.17240084669652e-09,-4.109705302080263e-08,,74.0641859353967,0.08661263919531895,11.66398210235027,0.2129659108330398,0,0.4970111036360298,0.03274380262262058,0.09506265277535006,0,0,0.3860195133543119,3.843078189739852,4.142460897159527,0.009506265277535005,4.966370987659461,0,0,0,0,KCP109C,/Users/lopezama/PycharmProjects/sci-cluster/review_outputs/rmelts_parity_audit_v2/2026-02-26/kcp109c_phase7_parity_20260225_224621/runs/kcp109c_phase7_parity_liam_exact/runs/20260225_224621/parallel-results/Parallel_MELTS_KCP109C_dP25.0_02-25_11cores.xlsx,liquid,liquid
460,775,175,0,93.5043779893281,2.191457247392537,-1529.953975069518,-1278.751637266072,239.662584366213,125.2127154355148,4.266767152340411,0.0001413075583587643,1.755129060984922e-05,2.649109521126981e-07,8.054584866755826e-09,-4.055816864219195e-08,,74.02895597590812,0.08769619986574789,11.67453606899639,0.2160596985389054,0,0.5028424586182744,0.03315344141266079,0.0962519266819184,0,0,0.3754496712799673,3.83292925312888,4.183587199200118,0.00962519266819184,4.958912913700817,0,0,0,0,KCP109C,/Users/lopezama/PycharmProjects/sci-cluster/review_outputs/rmelts_parity_audit_v2/2026-02-26/kcp109c_phase7_parity_20260225_224621/runs/kcp109c_phase7_parity_liam_exact/runs/20260225_224621/parallel-results/Parallel_MELTS_KCP109C_dP25.0_02-25_11cores.xlsx,liquid,liquid
461,774,175,0,92.31426473328747,2.192162114176626,-1509.913213455513,-1262.330704346163,236.4346169215013,123.5971713537996,4.211105745158845,0.0001411939253841852,1.752828235785911e-05,2.61429128997258e-07,7.934906677840989e-09,-4.000818686152627e-08,,73.9935740787087,0.08882678057835366,11.68495263136393,0.2192793188119642,0,0.5089344352413792,0.03358085607230443,0.09749280795185157,0,0,0.365245037473728,3.821610205189012,4.225673261382864,0.009749280795185156,4.951081306430736,0,0,0,0,KCP109C,/Users/lopezama/PycharmProjects/sci-cluster/review_outputs/rmelts_parity_audit_v2/2026-02-26/kcp109c_phase7_parity_20260225_224621/runs/kcp109c_phase7_parity_liam_exact/runs/20260225_224621/parallel-results/Parallel_MELTS_KCP109C_dP25.0_02-25_11cores.xlsx,liquid,liquid
462,773,175,0,91.10178499227206,2.192887066844379,-1489.511092814645,-1245.601171378532,233.1500467773386,121.9514874361763,4.154422102701798,0.0001410734374939943,1.750460872362861e-05,2.578656058620494e-07,7.813203556832771e-09,-3.944625647112666e-08,,73.95801555404515,0.09000898569360957,11.69522082737554,0.2226366615294198,0,0.5153129432336153,0.03402778727441337,0.09879035015152268,0,0,0.3554099870204217,3.809078982133171,4.26875787864282,0.009879035015152268,4.942861007885171,0,0,0,0,KCP109C,/Users/lopezama/PycharmProjects/sci-cluster/review_outputs/rmelts_parity_audit_v2/2026-02-26/kcp109c_phase7_parity_20260225_224621/runs/kcp109c_phase7_parity_liam_exact/runs/20260225_224621/parallel-results/Parallel_MELTS_KCP109C_dP25.0_02-25_11cores.xlsx,liquid,liquid
463,772,175,0,89.86464374473891,2.193633202061631,-1468.710267637815,-1228.531504694948,229.8031506892466,120.2726114345026,4.096612125504023,0.0001409458733905337,1.748024458591182e-05,2.542139708966571e-07,7.689293163319858e-09,-3.887142268744356e-08,,73.92225078227443,0.09124811774695524,11.70532887287133,0.2261453993864637,0,0.5220078391767732,0.03449623963604405,0.1001503731369021,0,0,0.3459494317574405,3.795292099900898,4.312879182254997,0.01001503731369021,4.934236624544068,0,0,0,0,KCP109C,/Users/lopezama/PycharmProjects/sci-cluster/review_outputs/rmelts_parity_audit_v2/2026-02-26/kcp109c_phase7_parity_20260225_224621/runs/kcp109c_phase7_parity_liam_exact/runs/20260225_224621/parallel-results/Parallel_MELTS_KCP109C_dP25.0_02-25_11cores.xlsx,liquid,liquid
464,771,175,0,88.60024308178586,2.194401723529178,-1447.468498715767,-1211.08603144267,226.3874608754468,118.5570913369326,4.03755803378122,0.0001408110148637595,1.745516498991648e-05,2.504670428603834e-07,7.562971005518157e-09,-3.828261171712526e-08,,73.88624607100019,0.09255030965827435,11.71526318054803,0.2298213167423759,0,0.52905368177855,0.03498853170007932,0.1015796081615206,0,0,0.3368698725294921,3.780203814978589,4.358073021548762,0.01015796081615206,4.925192630537989,0,0,0,0,KCP109C,/Users/lopezama/PycharmProjects/sci-cluster/review_outputs/rmelts_parity_audit_v2/2026-02-26/kcp109c_phase7_parity_20260225_224621/runs/kcp109c_phase7_parity_liam_exact/runs/20260225_224621/parallel-results/Parallel_MELTS_KCP109C_dP25.0_02-25_11cores.xlsx,liquid,liquid
465,770,175,0,87.30549452811933,2.195193983907092,-1425.735568958978,-1193.222345848729,222.8952912910406,116.8008257583496,3.977119797528309,0.0001406686562215655,1.742934466168191e-05,2.466163463214243e-07,7.433994830722915e-09,-3.767855531815116e-08,,73.8499574014967,0.09392284328222374,11.72500975676902,0.2336831227038,0,0.5364915329827069,0.03550741636279189,0.1030860475048797,0,0,0.3281775290876107,3.763767042771003,4.404375469974985,0.01030860475048797,4.915713232313775,0,0,0,0,KCP109C,/Users/lopezama/PycharmProjects/sci-cluster/review_outputs/rmelts_parity_audit_v2/2026-02-26/kcp109c_phase7_parity_20260225_224621/runs/kcp109c_phase7_parity_liam_exact/runs/20260225_224621/parallel-results/Parallel_MELTS_KCP109C_dP25.0_02-25_11cores.xlsx,liquid,liquid
466,769,175,0,85.97670779865138,2.196011527279707,-1403.451489146235,-1174.889799861817,219.3174584123384,114.9989157232164,3.915130076988002,0.000140518597180617,1.74027582556542e-05,2.426518089290433e-07,7.302075789175212e-09,-3.705773978335619e-08,,73.8133323573747,0.09537444321371444,11.73455218371652,0.2377531769513438,0,0.5443706408522901,0.03605619194664814,0.1046792669418817,0,0,0.3198806995743722,3.745931457367246,4.45181939710644,0.01046792669418817,4.905782258260642,0,0,0,0,KCP109C,/Users/lopezama/PycharmProjects/sci-cluster/review_outputs/rmelts_parity_audit_v2/2026-02-26/kcp109c_phase7_parity_20260225_224621/runs/kcp109c_phase7_parity_liam_exact/runs/20260225_224621/parallel-results/Parallel_MELTS_KCP109C_dP25.0_02-25_11cores.xlsx,liquid,liquid
467,768,175,0,84.60937602606164,2.196856144346122,-1380.542988058515,-1156.026546238039,215.642742948159,113.14537924446,3.851384454271812,0.0001403606527043711,1.73753803599824e-05,2.385611786114658e-07,7.166861296416719e-09,-3.641831983090174e-08,,73.77630492196808,0.09691574840311297,11.74387171008229,0.242058682781936,0,0.5527511157773191,0.03663888049385978,0.1063709433692703,0,0,0.3119891052809956,3.72664301281337,4.500435596236287,0.01063709433692703,4.895383188456531,0,0,0,0,KCP109C,/Users/lopezama/PycharmProjects/sci-cluster/review_outputs/rmelts_parity_audit_v2/2026-02-26/kcp109c_phase7_parity_20260225_224621/runs/kcp109c_phase7_parity_liam_exact/runs/20260225_224621/parallel-results/Parallel_MELTS_KCP109C_dP25.0_02-25_11cores.xlsx,liquid,liquid
468,767,175,0,83.19782125113957,2.197729976305477,-1356.917729192901,-1136.554675026345,211.8569957857587,111.2326791277286,3.785625265529679,0.0001401946526276558,1.73471851823371e-05,2.343290357004286e-07,7.027905926549986e-09,-3.575796677236377e-08,,73.7387912828337,0.09856004939433274,11.75294602999247,0.2466335323328543,0,0.561708131757941,0.0372605064783453,0.1081756639693896,0,0,0.3045150349829187,3.705842103964291,4.55025130320814,0.01081756639693896,4.884498794688669,0,0,0,0,KCP109C,/Users/lopezama/PycharmProjects/sci-cluster/review_outputs/rmelts_parity_audit_v2/2026-02-26/kcp109c_phase7_parity_20260225_224621/runs/kcp109c_phase7_parity_liam_exact/runs/20260225_224621/parallel-results/Parallel_MELTS_KCP109C_dP25.0_02-25_11cores.xlsx,liquid,liquid
469,766,175,0,81.73472354046615,2.198635652855109,-1332.456630753817,-1116.373749076459,207.9419541715417,109.2510963655426,3.717520155480372,0.0001400204480116738,1.731814638103375e-05,2.29935494946709e-07,6.884633294095654e-09,-3.507367092970529e-08,,73.70068264191157,0.1003243346066711,11.76174790413952,0.2515209315734404,0,0.5713378831904856,0.0379274923513025,0.1101120745682976,0,0,0.2974742768879636,3.683461241836834,4.601289150098158,0.01101120745682976,4.873110861378905,0,0,0,0,KCP109C,/Users/lopezama/PycharmProjects/sci-cluster/review_outputs/rmelts_parity_audit_v2/2026-02-26/kcp109c_phase7_parity_20260225_224621/runs/kcp109c_phase7_parity_liam_exact/runs/20260225_224621/parallel-results/Parallel_MELTS_KCP109C_dP25.0_02-25_11cores.xlsx,liquid,liquid
470,765,175,0,80.21033012686235,2.199576522089679,-1307.000963737102,-1095.349949638541,203.8732496253541,107.1876769793375,3.6466260355725,0.0001398379167128845,1.728823669275462e-05,2.253540133103117e-07,6.736271582335439e-09,-3.436140647497399e-08,,73.66183474783722,0.1022309985641137,11.77024238717384,0.2567776736695265,0,0.5817673214446085,0.03864830433521372,0.1122047545215882,0,0,0.2908883311198003,3.659420633977285,4.653564763479277,0.01122047545215882,4.861199608425382,0,0,0,0,KCP109C,/Users/lopezama/PycharmProjects/sci-cluster/review_outputs/rmelts_parity_audit_v2/2026-02-26/kcp109c_phase7_parity_20260225_224621/runs/kcp109c_phase7_parity_liam_exact/runs/20260225_224621/parallel-results/Parallel_MELTS_KCP109C_dP25.0_02-25_11cores.xlsx,liquid,liquid
471,764,175,0,78.61122825276689,2.200557011565767,-1280.332334700983,-1073.299230147873,199.6173210751681,105.0245989278832,3.572333179263212,0.0001396469803807088,1.725742757690117e-05,2.205479998563074e-07,6.581753937322855e-09,-3.361561503991035e-08,,73.62204906311112,0.1043105765696034,11.77838340369039,0.2624809862713526,0,0.5931697364591467,0.03943448626411835,0.11448721818615,0,0,0.2847869163201954,3.633622652160948,4.707083250801261,0.011448721818615,4.848742988347063,0,0,0,0,KCP109C,/Users/lopezama/PycharmProjects/sci-cluster/review_outputs/rmelts_parity_audit_v2/2026-02-26/kcp109c_phase7_parity_20260225_224621/runs/kcp109c_phase7_parity_liam_exact/runs/20260225_224621/parallel-results/Parallel_MELTS_KCP109C_dP25.0_02-25_11cores.xlsx,liquid,liquid
472,763,175,0,76.79676319096473,2.201478171831383,-1250.234019636698,-1048.378941243727,194.8126028016895,102.5730157726986,3.488418108051393,0.0001394212640676368,1.722398163630104e-05,2.15090431380382e-07,6.408483611590866e-09,-3.27718120168518e-08,,73.58813738478484,0.1060063139989571,11.78836718660803,0.2653955942971094,0,0.5981185055055215,0.04036620081906231,0.1170716888791894,0,0,0.2789185124586082,3.604720649382918,4.766233819437729,0.01171921959263099,4.834944924235368,0,0,0,0,KCP109C,/Users/lopezama/PycharmProjects/sci-cluster/review_outputs/rmelts_parity_audit_v2/2026-02-26/kcp109c_phase7_parity_20260225_224621/runs/kcp109c_phase7_parity_liam_exact/runs/20260225_224621/parallel-results/Parallel_MELTS_KCP109C_dP25.0_02-25_11cores.xlsx,liquid,liquid
473,762,175,0,74.52089324635418,2.202212281293833,-1212.794299914351,-1017.328534997542,188.8284450725103,99.50293332318273,3.383910528487835,0.0001391194692097245,1.71850371528385e-05,2.082417798554919e-07,6.194704049727505e-09,-3.171824750266504e-08,,73.56948668294989,0.1065909863262961,11.80329693063544,0.2609687526636498,0,0.5862610929858292,0.04159898819879806,0.1202220277253677,0,0,0.2730991988099272,3.570056929778118,4.837901031359571,0.01207712560610266,4.81844025296097,0,0,0,0,KCP109C,/Users/lopezama/PycharmProjects/sci-cluster/review_outputs/rmelts_parity_audit_v2/2026-02-26/kcp109c_phase7_parity_20260225_224621/runs/kcp109c_phase7_parity_liam_exact/runs/20260225_224621/parallel-results/Parallel_MELTS_KCP109C_dP25.0_02-25_11cores.xlsx,liquid,liquid
474,761,175,0,56.10047041201521,2.20301763833085,-912.9377925164091,-766.0045687139311,142.0811524464322,74.93037817370825,2.54652842700436,0.000139127430645406,1.717429212552558e-05,1.568814716858892e-07,4.658140835349408e-09,-2.38672827767227e-08,,73.50538697849159,0.1201719261874944,11.83660595515876,0.2545176061549169,0,0.5707670726254446,0.05525789296771294,0.156061740798459,0,0,0.2626060962056371,3.562848959169355,4.843298574406719,0.01604261408740053,4.816434583746513,0,0,0,0,KCP109C,/Users/lopezama/PycharmProjects/sci-cluster/review_outputs/rmelts_parity_audit_v2/2026-02-26/kcp109c_phase7_parity_20260225_224621/runs/kcp109c_phase7_parity_liam_exact/runs/20260225_224621/parallel-results/Parallel_MELTS_KCP109C_dP25.0_02-25_11cores.xlsx,liquid,liquid
475,760,175,0,31.90897284498374,2.204418265503991,-519.2798572447073,-435.8155948740683,80.78619984575235,42.65059208830788,1.447500837037769,0.0001392956768487638,1.718204210719012e-05,8.941732142410374e-08,2.649585960326174e-09,-1.356988200948953e-08,,73.36045672975206,0.1519568203372751,11.9341324132276,0.2441617713301824,0,0.5481012944682724,0.09715116055039007,0.2058904022291656,0,0,0.2590739182480015,3.538131246545996,4.811776576048635,0.02820517564366163,4.82096249161875,0,0,0,0,KCP109C,/Users/lopezama/PycharmProjects/sci-cluster/review_outputs/rmelts_parity_audit_v2/2026-02-26/kcp109c_phase7_parity_20260225_224621/runs/kcp109c_phase7_parity_liam_exact/runs/20260225_224621/parallel-results/Parallel_MELTS_KCP109C_dP25.0_02-25_11cores.xlsx,liquid,liquid
476,759,175,0,18.40400103915242,2.206460182929682,-299.4515346632554,-251.3985114218601,46.5562401214894,24.61106275190329,0.8340962226073825,0.0001393412718214343,1.718695286900704e-05,5.161400081527807e-08,1.526466464423308e-09,-7.807177238817945e-09,,73.1470350174933,0.1867428913761259,12.12125715374691,0.2330842037868397,0,0.5250191831508251,0.1683929349682401,0.212132880186153,0,0,0.2701323600224588,3.454230853767719,4.813756663857547,0.0489023120181588,4.819313545625708,0,0,0,0,KCP109C,/Users/lopezama/PycharmProjects/sci-cluster/review_outputs/rmelts_parity_audit_v2/2026-02-26/kcp109c_phase7_parity_20260225_224621/runs/kcp109c_phase7_parity_liam_exact/runs/20260225_224621/parallel-results/Parallel_MELTS_KCP109C_dP25.0_02-25_11cores.xlsx,liquid,liquid
477,758,175,0,12.15718951537088,2.208631835866055,-197.7503419940321,-166.065981373688,30.72720808839067,16.26648252531954,0.5504398387250343,0.0001394436417575233,1.720172760744325e-05,3.415755353247057e-08,1.008160258314304e-09,-5.148578093897816e-09,,72.89733571445086,0.1850742418897359,12.34861887175399,0.2305635902969266,0,0.5220082915108601,0.251971928069108,0.2120175458785747,0,0,0.2890785496457686,3.350254589591908,4.816360075396133,0.07403012190870477,4.822686479607435,0,0,0,0,KCP109C,/Users/lopezama/PycharmProjects/sci-cluster/review_outputs/rmelts_parity_audit_v2/2026-02-26/kcp109c_phase7_parity_20260225_224621/runs/kcp109c_phase7_parity_liam_exact/runs/20260225_224621/parallel-results/Parallel_MELTS_KCP109C_dP25.0_02-25_11cores.xlsx,liquid,liquid
478,757,175,0,9.213614220827978,2.210710690922682,-149.8259220008635,-125.8577794617545,23.26665295258853,12.33429355981482,0.4167715956076776,0.0001395243662480759,1.721376964489625e-05,2.592965752100601e-08,7.637860179018917e-10,-3.895282228486796e-09,,72.66250083968878,0.1837830430892284,12.56250549541573,0.2279800672676053,0,0.5185383642838903,0.3292580531556089,0.2119021410084992,0,0,0.3086167142613489,3.251093881769255,4.821017712917516,0.0976813464800315,4.825122340662537,0,0,0,0,KCP109C,/Users/lopezama/PycharmProjects/sci-cluster/review_outputs/rmelts_parity_audit_v2/2026-02-26/kcp109c_phase7_parity_20260225_224621/runs/kcp109c_phase7_parity_liam_exact/runs/20260225_224621/parallel-results/Parallel_MELTS_KCP109C_dP25.0_02-25_11cores.xlsx,liquid,liquid
479,851,150,0,103.5624871991499,2.174268499605289,-1716.816949325539,-1408.781341903669,274.0164634807368,139.9972523089058,4.763095598264442,0.0001411110457184228,1.7925850762591e-05,2.537561934040632e-07,9.048970564290004e-09,-4.396279927637417e-08,,73.21163238134562,0.07917902737101487,12.50449273725174,0.1768160210066234,0,0.4704359770362542,0.02993353473782269,0.08690381052916264,0,0,0.6759185263379317,4.219662800138231,3.87204755802158,0.008690381052916264,4.664287245171082,0,0,0,0,KCP109C,/Users/lopezama/PycharmProjects/sci-cluster/review_outputs/rmelts_parity_audit_v2/2026-02-26/kcp109c_phase7_parity_20260225_224621/runs/kcp109c_phase7_parity_liam_exact/runs/20260225_224621/parallel-results/Parallel_MELTS_KCP109C_dP25.0_02-25_11cores.xlsx,liquid,liquid
480,850,150,0,103.5634644426593,2.174541784538694,-1716.565114827999,-1408.93348458797,273.9007525620157,139.9892683824577,4.762541937754908,0.0001410955897261168,1.792080195569367e-05,2.54126522412108e-07,9.044500408189171e-09,-4.396457304036801e-08,,73.21094154512899,0.07917828022554185,12.50437474293618,0.1770515685572757,0,0.4702180883487531,0.02993325228038777,0.08690299049144837,0,0,0.6759121482668207,4.219622982751438,3.872011020785644,0.008690299049144836,4.665163081178347,0,0,0,0,KCP109C,/Users/lopezama/PycharmProjects/sci-cluster/review_outputs/rmelts_parity_audit_v2/2026-02-26/kcp109c_phase7_parity_20260225_224621/runs/kcp109c_phase7_parity_liam_exact/runs/20260225_224621/parallel-results/Parallel_MELTS_KCP109C_dP25.0_02-25_11cores.xlsx,liquid,liquid
481,849,150,0,103.5644358423986,2.174815315646927,-1716.313253264537,-1409.085550187471,273.7848799866915,139.9812431242382,4.761987608662392,0.000141079929236418,1.79157390716705e-05,2.544966646609001e-07,9.040017445740736e-09,-4.396627846655219e-08,,73.2102548529305,0.07917753756186108,12.50425745641586,0.1772880916738931,0,0.4699993574701089,0.02993297151728894,0.08690217537277435,0,0,0.6759058084549115,4.219583404211376,3.871974702720279,0.008690217537277434,4.666033424133837,0,0,0,0,KCP109C,/Users/lopezama/PycharmProjects/sci-cluster/review_outputs/rmelts_parity_audit_v2/2026-02-26/kcp109c_phase7_parity_20260225_224621/runs/kcp109c_phase7_parity_liam_exact/runs/20260225_224621/parallel-results/Parallel_MELTS_KCP109C_dP25.0_02-25_11cores.xlsx,liquid,liquid
482,848,150,0,103.5654016160859,2.175089084496515,-1716.061369868606,-1409.237541318284,273.6688476567114,139.9731770546684,4.761432639898472,0.0001410640683335953,1.791066251055723e-05,2.548666304267735e-07,9.035522078841227e-09,-4.396791794461366e-08,,73.20957215061448,0.07917679921327346,12.50414085136453,0.1775255940218388,0,0.4697797797767955,0.02993269238550582,0.08690136499017817,0,0,0.6758995054791636,4.219544055634207,3.871938595673494,0.008690136499017816,4.666898474347494,0,0,0,0,KCP109C,/Users/lopezama/PycharmProjects/sci-cluster/review_outputs/rmelts_parity_audit_v2/2026-02-26/kcp109c_phase7_parity_20260225_224621/runs/kcp109c_phase7_parity_liam_exact/runs/20260225_224621/parallel-results/Parallel_MELTS_KCP109C_dP25.0_02-25_11cores.xlsx,liquid,liquid
483,847,150,0,103.5663617757253,2.175363089826765,-1715.809465181115,-1409.389458059024,273.552655556927,139.9650701595075,4.760877035197505,0.000141048007242341,1.790557231747706e-05,2.552364191812868e-07,9.031014349459708e-09,-4.396949162842614e-08,,73.20889342947271,0.07917606517036097,12.50402492629481,0.177764079832975,0,0.4695593513860558,0.02993241488147792,0.086900559333323,0,0,0.6758932392591789,4.219504936518017,3.871902699184724,0.008690055933332299,4.667758242733012,0,0,0,0,KCP109C,/Users/lopezama/PycharmProjects/sci-cluster/review_outputs/rmelts_parity_audit_v2/2026-02-26/kcp109c_phase7_parity_20260225_224621/runs/kcp109c_phase7_parity_liam_exact/runs/20260225_224621/parallel-results/Parallel_MELTS_KCP109C_dP25.0_02-25_11cores.xlsx,liquid,liquid
484,846,150,0,103.5673159244688,2.175637344554151,-1715.557530436288,-1409.541295439542,273.4362998675301,139.9569213628156,4.760320748479,0.0001410317385272891,1.790046783540972e-05,2.556060087833073e-07,9.026493586875798e-09,-4.397099523193379e-08,,73.20821896980164,0.07917533573626669,12.50390972908114,0.1780035544511906,0,0.4693380698996313,0.02993213911980814,0.08689975873492684,0,0,0.6758870123827643,4.219466063018114,3.871867028078407,0.008689975873492684,4.668612363822605,0,0,0,0,KCP109C,/Users/lopezama/PycharmProjects/sci-cluster/review_outputs/rmelts_parity_audit_v2/2026-02-26/kcp109c_phase7_parity_20260225_224621/runs/kcp109c_phase7_parity_liam_exact/runs/20260225_224621/parallel-results/Parallel_MELTS_KCP109C_dP25.0_02-25_11cores.xlsx,liquid,liquid
485,845,150,0,103.5682645656333,2.175911830359509,-1715.305577364465,-1409.693059603884,273.3197851456251,139.9487319259068,4.759763843396242,0.0001410152716224583,1.78953499541558e-05,2.559754246368333e-07,9.021960690223037e-09,-4.397243424535098e-08,,73.20754841559592,0.0791746105259677,12.50379519891807,0.1782440208408959,0,0.4691159295888708,0.02993186495493901,0.08689896277240358,0,0,0.6758808215631389,4.219427414615596,3.871831563525982,0.008689896277240356,4.669461300820952,0,0,0,0,KCP109C,/Users/lopezama/PycharmProjects/sci-cluster/review_outputs/rmelts_parity_audit_v2/2026-02-26/kcp109c_phase7_parity_20260225_224621/runs/kcp109c_phase7_parity_liam_exact/runs/20260225_224621/parallel-results/Parallel_MELTS_KCP109C_dP25.0_02-25_11cores.xlsx,liquid,liquid
486,844,150,0,103.5692064770216,2.176186588695393,-1715.05357843333,-1409.844735384043,273.2030998964213,139.9404986304218,4.759206173543718,0.0001409985836410248,1.789021660272088e-05,2.563446008238816e-07,9.017413552896756e-09,-4.397379542363312e-08,,73.20688263053702,0.07917389047354316,12.50368148332175,0.1784854865974053,0,0.4688929310461076,0.02993159273999802,0.08689817247096199,0,0,0.6758746747741488,4.219389041090043,3.871796351206195,0.008689817247096198,4.67030392849572,0,0,0,0,KCP109C,/Users/lopezama/PycharmProjects/sci-cluster/review_outputs/rmelts_parity_audit_v2/2026-02-26/kcp109c_phase7_parity_20260225_224621/runs/kcp109c_phase7_parity_liam_exact/runs/20260225_224621/parallel-results/Parallel_MELTS_KCP109C_dP25.0_02-25_11cores.xlsx,liquid,liquid
487,843,150,0,103.5701426391104,2.176461584709483,-1714.80155623184,-1409.996334817178,273.0862531153177,139.9322239761359,4.758647860671297,0.0001409816929562891,1.788506948985281e-05,2.56713587993671e-07,9.012853905357135e-09,-4.397508943802976e-08,,73.20622092133902,0.07917317482919818,12.50356846387947,0.1787279534528781,0,0.4686690667512531,0.02993132219152614,0.08689738700765653,0,0,0.6758685656151063,4.219350902482878,3.871761354452252,0.008689738700765653,4.671141149297975,0,0,0,0,KCP109C,/Users/lopezama/PycharmProjects/sci-cluster/review_outputs/rmelts_parity_audit_v2/2026-02-26/kcp109c_phase7_parity_20260225_224621/runs/kcp109c_phase7_parity_liam_exact/runs/20260225_224621/parallel-results/Parallel_MELTS_KCP109C_dP25.0_02-25_11cores.xlsx,liquid,liquid
488,842,150,0,103.5710726271311,2.176736832207294,-1714.54950137871,-1410.147852582663,272.9692407264019,139.9239068147807,4.758088855514336,0.0001409645916226155,1.787990791386976e-05,2.570823623884233e-07,9.008281030884276e-09,-4.397631170285716e-08,,73.20556358801329,0.07917246391739774,12.50345619183293,0.1789714269167886,0,0.4684443343265794,0.02993105343218695,0.08689660673860726,0,0,0.6758624968558342,4.219313016085708,3.871726589131279,0.008689660673860724,4.671972572075514,0,0,0,0,KCP109C,/Users/lopezama/PycharmProjects/sci-cluster/review_outputs/rmelts_parity_audit_v2/2026-02-26/kcp109c_phase7_parity_20260225_224621/runs/kcp109c_phase7_parity_liam_exact/runs/20260225_224621/parallel-results/Parallel_MELTS_KCP109C_dP25.0_02-25_11cores.xlsx,liquid,liquid
489,841,150,0,103.571996254205,2.177012336727303,-1714.297409912369,-1410.29928629618,272.8520608680961,139.9155466157667,4.757529137841473,0.0001409472761545997,1.787473158238691e-05,2.574509127933909e-07,9.0036946280456e-09,-4.397746021660107e-08,,73.20491076241011,0.07917175788073905,12.50334468970208,0.1792159118866693,0,0.4682187304989953,0.02993078651588915,0.08689583182032333,0,0,0.6758564697136259,4.219275389497922,3.871692062216629,0.008689583182032333,4.672798024674963,0,0,0,0,KCP109C,/Users/lopezama/PycharmProjects/sci-cluster/review_outputs/rmelts_parity_audit_v2/2026-02-26/kcp109c_phase7_parity_20260225_224621/runs/kcp109c_phase7_parity_liam_exact/runs/20260225_224621/parallel-results/Parallel_MELTS_KCP109C_dP25.0_02-25_11cores.xlsx,liquid,liquid
490,840,150,0,103.5729140619576,2.177288078685762,-1714.045294419518,-1410.450642579265,272.7347184478757,139.9071447384546,4.756968775784394,0.0001409297566969278,1.7869541448389e-05,2.57819266749205e-07,8.99909566058422e-09,-4.397854088235525e-08,,73.20426206147441,0.0791710563049447,12.50323389206139,0.1794614113255665,0,0.4679922493084804,0.02993052128601568,0.08689506179811003,0,0,0.6758504806519668,4.219238000641565,3.871657753449124,0.008689506179811003,4.673618005518599,0,0,0,0,KCP109C,/Users/lopezama/PycharmProjects/sci-cluster/review_outputs/rmelts_parity_audit_v2/2026-02-26/kcp109c_phase7_parity_20260225_224621/runs/kcp109c_phase7_parity_liam_exact/runs/20260225_224621/parallel-results/Parallel_MELTS_KCP109C_dP25.0_02-25_11cores.xlsx,liquid,liquid
491,839,150,0,103.5738252148718,2.177564085965931,-1713.793136210508,-1410.601911027339,272.6172055776368,139.898698969273,4.756407670497016,0.0001409120176329316,1.78643361116331e-05,2.581873784924079e-07,8.994482701379169e-09,-4.397954466157817e-08,,73.20361807551008,0.07917035982843355,12.50312389973432,0.1797079319172711,0,0.4677648898168297,0.02993025798392,0.08689429737267097,0,0,0.6758445351207742,4.21920088353969,3.871623694049007,0.008689429737267097,4.674431745389709,0,0,0,0,KCP109C,/Users/lopezama/PycharmProjects/sci-cluster/review_outputs/rmelts_parity_audit_v2/2026-02-26/kcp109c_phase7_parity_20260225_224621/runs/kcp109c_phase7_parity_liam_exact/runs/20260225_224621/parallel-results/Parallel_MELTS_KCP109C_dP25.0_02-25_11cores.xlsx,liquid,liquid
492,838,150,0,103.5747299384291,2.177840349857954,-1713.540940697926,-1410.753094351677,272.499524228276,139.8902098473072,4.755845851840545,0.0001408940631974502,1.785911598584327e-05,2.585552586945802e-07,8.989856166089058e-09,-4.398047402830642e-08,,73.2029786449065,0.0791696682785853,12.50301468545951,0.1799554775191469,0,0.4675366471806746,0.02992999654434322,0.08689353835454484,0,0,0.6758386316464599,4.2191640289929,3.87158987557472,0.008689353835454484,4.675239451707166,0,0,0,0,KCP109C,/Users/lopezama/PycharmProjects/sci-cluster/review_outputs/rmelts_parity_audit_v2/2026-02-26/kcp109c_phase7_parity_20260225_224621/runs/kcp109c_phase7_parity_liam_exact/runs/20260225_224621/parallel-results/Parallel_MELTS_KCP109C_dP25.0_02-25_11cores.xlsx,liquid,liquid
493,837,150,0,103.5756280844904,2.178116874513671,-1713.288704813138,-1410.904190643181,272.3816729000204,139.8816769423426,4.755283304419409,0.0001408758906388937,1.785388084698411e-05,2.589228981108973e-07,8.985215822276143e-09,-4.39813274036246e-08,,73.20234387412266,0.07916898176837331,12.50290626707847,0.1802040530155282,0,0.467307517903266,0.02992973700999478,0.08689278486772678,0,0,0.6758327711934305,4.219127443021845,3.871556303550938,0.008689278486772678,4.676040987980979,0,0,0,0,KCP109C,/Users/lopezama/PycharmProjects/sci-cluster/review_outputs/rmelts_parity_audit_v2/2026-02-26/kcp109c_phase7_parity_20260225_224621/runs/kcp109c_phase7_parity_liam_exact/runs/20260225_224621/parallel-results/Parallel_MELTS_KCP109C_dP25.0_02-25_11cores.xlsx,liquid,liquid
494,836,150,0,103.576519739116,2.178393656030543,-1713.036430802005,-1411.055200889496,272.2636522675101,139.8731004314206,4.754720041181749,0.0001408575015846262,1.784863087048107e-05,2.592902999942161e-07,8.98056184348831e-09,-4.398210574874745e-08,,73.2017137020943,0.07916830023175597,12.50279863416146,0.1804536626818335,0,0.4670774976124516,0.02992947935590774,0.08689203683973215,0,0,0.6758269531979167,4.219091122106994,3.871522974748066,0.008689203683973214,4.676836433285611,0,0,0,0,KCP109C,/Users/lopezama/PycharmProjects/sci-cluster/review_outputs/rmelts_parity_audit_v2/2026-02-26/kcp109c_phase7_parity_20260225_224621/runs/kcp109c_phase7_parity_liam_exact/runs/20260225_224621/parallel-results/Parallel_MELTS_KCP109C_dP25.0_02-25_11cores.xlsx,liquid,liquid
495,835,150,0,103.5774046093921,2.178670703502308,-1712.784112320097,-1411.206121388165,272.1454594882752,139.8644795088866,4.754156029311218,0.0001408388905826824,1.784336558691882e-05,2.596574473075358e-07,8.975893747578201e-09,-4.398280591619572e-08,,73.20108833559405,0.07916762389235976,12.50269182202511,0.1807043118391267,0,0.4668465832982902,0.02992922366662381,0.08689129451600461,0,0,0.6758211795689247,4.219055078166002,3.871489900101983,0.00868912945160046,4.677625517879908,0,0,0,0,KCP109C,/Users/lopezama/PycharmProjects/sci-cluster/review_outputs/rmelts_parity_audit_v2/2026-02-26/kcp109c_phase7_parity_20260225_224621/runs/kcp109c_phase7_parity_liam_exact/runs/20260225_224621/parallel-results/Parallel_MELTS_KCP109C_dP25.0_02-25_11cores.xlsx,liquid,liquid
496,834,150,0,103.5782826726649,2.178948016730169,-1712.531749155261,-1411.356951779639,272.0270942289863,139.8558140698457,4.75359126869393,0.0001408200572339599,1.783808498776663e-05,2.600243374393712e-07,8.97121152082834e-09,-4.398342768964424e-08,,73.20046779038567,0.07916695276723333,12.50258583336185,0.1809560051024061,0,0.4666147709437055,0.0299289699485882,0.08689055791525607,0,0,0.6758154504519918,4.219019312107434,3.87145708044641,0.008689055791525607,4.678408220777914,0,0,0,0,KCP109C,/Users/lopezama/PycharmProjects/sci-cluster/review_outputs/rmelts_parity_audit_v2/2026-02-26/kcp109c_phase7_parity_20260225_224621/runs/kcp109c_phase7_parity_liam_exact/runs/20260225_224621/parallel-results/Parallel_MELTS_KCP109C_dP25.0_02-25_11cores.xlsx,liquid,liquid
497,833,150,0,103.5791544272606,2.179225577702572,-1712.279352891299,-1411.507698155653,271.9085609868883,139.8471053594036,4.753025821973784,0.0001408010108646968,1.783278994877383e-05,2.603909957647931e-07,8.96651604909963e-09,-4.398397649846312e-08,,73.19985171405577,0.07916628647523843,12.50248060797973,0.1812087456976715,0,0.4663820546155522,0.02992871805771209,0.08688982661916413,0,0,0.6758097625934988,4.218983803619414,3.871424497142757,0.008688982661916412,4.679185000481557,0,0,0,0,KCP109C,/Users/lopezama/PycharmProjects/sci-cluster/review_outputs/rmelts_parity_audit_v2/2026-02-26/kcp109c_phase7_parity_20260225_224621/runs/kcp109c_phase7_parity_liam_exact/runs/20260225_224621/parallel-results/Parallel_MELTS_KCP109C_dP25.0_02-25_11cores.xlsx,liquid,liquid
498,832,150,0,103.5800182847231,2.179503439740124,-1712.026887867913,-1411.658340766076,271.7898449095937,139.8383492145866,4.752459500457299,0.0001407817218511416,1.782747780444831e-05,2.60757335527384e-07,8.96180461556847e-09,-4.398443515886809e-08,,73.19924122892614,0.07916562623017606,12.50237633757049,0.1814625425283038,0,0.4661484359531643,0.02992846845287143,0.08688910195994932,0,0,0.6758041263551614,4.218948617388651,3.871392209548854,0.008688910195994931,4.679954394890235,0,0,0,0,KCP109C,/Users/lopezama/PycharmProjects/sci-cluster/review_outputs/rmelts_parity_audit_v2/2026-02-26/kcp109c_phase7_parity_20260225_224621/runs/kcp109c_phase7_parity_liam_exact/runs/20260225_224621/parallel-results/Parallel_MELTS_KCP109C_dP25.0_02-25_11cores.xlsx,liquid,liquid
499,831,150,0,103.5808755905553,2.179781555849492,-1711.774384854613,-1411.808896192057,271.6709583503656,139.8295490758648,4.751892468884952,0.0001407622153366607,1.782215086915664e-05,2.611234275830009e-07,8.957079569467099e-09,-4.398481828155864e-08,,73.19863538387864,0.07916497100340351,12.50227285968385,0.1817173965710382,0,0.4659139058991276,0.02992822074518913,0.0868883828086136,0,0,0.6757985329558835,4.218913698596016,3.871360167361562,0.00868883828086136,4.680717642215811,0,0,0,0,KCP109C,/Users/lopezama/PycharmProjects/sci-cluster/review_outputs/rmelts_parity_audit_v2/2026-02-26/kcp109c_phase7_parity_20260225_224621/runs/kcp109c_phase7_parity_liam_exact/runs/20260225_224621/parallel-results/Parallel_MELTS_KCP109C_dP25.0_02-25_11cores.xlsx,liquid,liquid
500,830,150,0,103.5817258256242,2.180059942771127,-1711.521832407345,-1411.959357923513,271.5518963729609,139.8207035513677,4.75132466742905,0.0001407424816617897,1.781680829320335e-05,2.614892425843441e-07,8.952340041027094e-09,-4.398512027156753e-08,,73.19803454553731,0.07916432119142794,12.50217023693892,0.1819733138783158,0,0.4656784621599397,0.02992797508456422,0.08688766960034772,0,0,0.6757929857804823,4.21887906837244,3.871328389971048,0.008688766960034771,4.681474264525133,0,0,0,0,KCP109C,/Users/lopezama/PycharmProjects/sci-cluster/review_outputs/rmelts_parity_audit_v2/2026-02-26/kcp109c_phase7_parity_20260225_224621/runs/kcp109c_phase7_parity_liam_exact/runs/20260225_224621/parallel-results/Parallel_MELTS_KCP109C_dP25.0_02-25_11cores.xlsx,liquid,liquid
501,829,150,0,103.5825688604652,2.180338603905649,-1711.269227909077,-1412.109724274414,271.4326576551863,139.8118122590853,4.750756083248599,0.0001407225184437588,1.781144988898973e-05,2.618547720868025e-07,8.94758583389254e-09,-4.398533975741664e-08,,73.19743880514291,0.07916367689292698,12.50206848491957,0.1822302994715209,0,0.4654421010018708,0.02992773150830166,0.08688696244345644,0,0,0.6757874856713278,4.218844731976718,3.871296882202892,0.008688696244345642,4.68222414252415,0,0,0,0,KCP109C,/Users/lopezama/PycharmProjects/sci-cluster/review_outputs/rmelts_parity_audit_v2/2026-02-26/kcp109c_phase7_parity_20260225_224621/runs/kcp109c_phase7_parity_liam_exact/runs/20260225_224621/parallel-results/Parallel_MELTS_KCP109C_dP25.0_02-25_11cores.xlsx,liquid,liquid
502,828,150,0,103.583404624117,2.180617540645465,-1711.016570069459,-1412.259994282595,271.3132414174855,139.802874968533,4.750186710570817,0.0001407023243935315,1.78060755685559e-05,2.622200107740309e-07,8.942816852997682e-09,-4.398547600196214e-08,,73.19684821259105,0.07916303816186325,12.50196761214792,0.1824883582361636,0,0.4652048184579309,0.02992749003680196,0.08688626139716697,0,0,0.6757820330890765,4.218810692284663,3.871265646695995,0.008688626139716696,4.682967210761649,0,0,0,0,KCP109C,/Users/lopezama/PycharmProjects/sci-cluster/review_outputs/rmelts_parity_audit_v2/2026-02-26/kcp109c_phase7_parity_20260225_224621/runs/kcp109c_phase7_parity_liam_exact/runs/20260225_224621/parallel-results/Parallel_MELTS_KCP109C_dP25.0_02-25_11cores.xlsx,liquid,liquid
503,827,150,0,103.5842331084685,2.180896752238081,-1710.763859020241,-1412.410167764426,271.1936474624512,139.7938916119014,4.749616551180985,0.0001406818993951895,1.780068535046439e-05,2.625849567126081e-07,8.938033111666302e-09,-4.398552894893455e-08,,73.19626277336441,0.07916240500416628,12.50186761956041,0.18274749491049,0,0.4649666103117387,0.02992725067230676,0.08688556646798738,0,0,0.6757766280843462,4.218776949612276,3.871234683740326,0.008688556646798736,4.683703461624724,0,0,0,0,KCP109C,/Users/lopezama/PycharmProjects/sci-cluster/review_outputs/rmelts_parity_audit_v2/2026-02-26/kcp109c_phase7_parity_20260225_224621/runs/kcp109c_phase7_parity_liam_exact/runs/20260225_224621/parallel-results/Parallel_MELTS_KCP109C_dP25.0_02-25_11cores.xlsx,liquid,liquid
504,826,150,0,103.5850540071007,2.181176248049532,-1710.511088159314,-1412.560240836559,271.0738728315101,139.7848613489225,4.749045571155898,0.000140661237776892,1.779527875031746e-05,2.629495917998722e-07,8.933234110889535e-09,-4.398549531315925e-08,,73.1956827037382,0.07916177765373962,12.50176854409668,0.1830077150707076,0,0.4647274734054826,0.02992701350324303,0.08688487791264105,0,0,0.6757712726538747,4.218743516424904,3.87120400477434,0.008688487791264103,4.684432612974904,0,0,0,0,KCP109C,/Users/lopezama/PycharmProjects/sci-cluster/review_outputs/rmelts_parity_audit_v2/2026-02-26/kcp109c_phase7_parity_20260225_224621/runs/kcp109c_phase7_parity_liam_exact/runs/20260225_224621/parallel-results/Parallel_MELTS_KCP109C_dP25.0_02-25_11cores.xlsx,liquid,liquid
505,825,150,0,103.5858674145557,2.181456023813287,-1710.258259943881,-1412.710214586174,270.9539182786565,139.7757843775228,4.748473784655204,0.0001406403413405934,1.778985596111312e-05,2.633139196083647e-07,8.928420041393179e-09,-4.398537615094105e-08,,73.19510793665295,0.07916115603805787,12.50167037430304,0.1832690232228469,0,0.4644874031079518,0.02992677850219261,0.08688419565152691,0,0,0.6757659661785427,4.218710388857474,3.871173606251366,0.008688419565152691,4.685154751668891,0,0,0,0,KCP109C,/Users/lopezama/PycharmProjects/sci-cluster/review_outputs/rmelts_parity_audit_v2/2026-02-26/kcp109c_phase7_parity_20260225_224621/runs/kcp109c_phase7_parity_liam_exact/runs/20260225_224621/parallel-results/Parallel_MELTS_KCP109C_dP25.0_02-25_11cores.xlsx,liquid,liquid
506,824,150,0,103.5043259747708,2.181710327996317,-1708.619181583186,-1411.725740041332,270.6042396589835,139.646200777857,4.744182793039675,0.0001405846575120183,1.778261099713902e-05,2.634059696656688e-07,8.914592428374484e-09,-4.393661152764852e-08,,73.20725900690775,0.07922351984957202,12.49315789126998,0.1836682972861245,0,0.4646239743923897,0.0299503550650821,0.08695264373733513,0,0,0.6717696593107945,4.216190455716667,3.873748058069046,0.008695264373733512,4.684760874021522,0,0,0,0,KCP109C,/Users/lopezama/PycharmProjects/sci-cluster/review_outputs/rmelts_parity_audit_v2/2026-02-26/kcp109c_phase7_parity_20260225_224621/runs/kcp109c_phase7_parity_liam_exact/runs/20260225_224621/parallel-results/Parallel_MELTS_KCP109C_dP25.0_02-25_11cores.xlsx,liquid,liquid
507,823,150,0,103.3089255401411,2.181930873383208,-1705.064392180258,-1409.172667959839,269.9372569633886,139.3501534713246,4.734747869438903,0.0001404807167751214,1.777283341699043e-05,2.63120012563978e-07,8.888311259303432e-09,-4.382051421667224e-08,,73.23689779741149,0.07937336491753542,12.47309298845118,0.1842592179746716,0,0.4652836463144794,0.03000700381028778,0.08711710783631936,0,0,0.6623847387294827,4.210140958776191,3.879919850807841,0.008711710783631935,4.68281161418688,0,0,0,0,KCP109C,/Users/lopezama/PycharmProjects/sci-cluster/review_outputs/rmelts_parity_audit_v2/2026-02-26/kcp109c_phase7_parity_20260225_224621/runs/kcp109c_phase7_parity_liam_exact/runs/20260225_224621/parallel-results/Parallel_MELTS_KCP109C_dP25.0_02-25_11cores.xlsx,liquid,liquid
508,822,150,0,103.1118454363968,2.182153388402889,-1701.482628699886,-1406.596215893862,269.2657743743092,139.0517952713222,4.725233614849782,0.0001403754819384835,1.776297546081927e-05,2.628258460458011e-07,8.861836487646267e-09,-4.370319221649913e-08,,73.26665302849356,0.07952507332633063,12.4529727183391,0.1848559076431982,0,0.465952942303826,0.03006435698922255,0.08728361706548483,0,0,0.6531021133462293,4.203911647977054,3.886138851778999,0.008728361706548482,4.680811381030431,0,0,0,0,KCP109C,/Users/lopezama/PycharmProjects/sci-cluster/review_outputs/rmelts_parity_audit_v2/2026-02-26/kcp109c_phase7_parity_20260225_224621/runs/kcp109c_phase7_parity_liam_exact/runs/20260225_224621/parallel-results/Parallel_MELTS_KCP109C_dP25.0_02-25_11cores.xlsx,liquid,liquid
509,821,150,0,102.9130764484049,2.182377888194101,-1697.873757052971,-1403.996255690125,268.5897741286349,138.7511150441893,4.715639624334928,0.0001402689414786142,1.775303671013174e-05,2.625234189829688e-07,8.835167681970765e-09,-4.358464046457861e-08,,73.29652629765401,0.07967867034377327,12.43279635099987,0.1854584407422269,0,0.4666319962684958,0.0301224241543533,0.0874521991577999,0,0,0.6439231832364797,4.197500653741194,3.892404834322109,0.00874521991577999,4.678759729463895,0,0,0,0,KCP109C,/Users/lopezama/PycharmProjects/sci-cluster/review_outputs/rmelts_parity_audit_v2/2026-02-26/kcp109c_phase7_parity_20260225_224621/runs/kcp109c_phase7_parity_liam_exact/runs/20260225_224621/parallel-results/Parallel_MELTS_KCP109C_dP25.0_02-25_11cores.xlsx,liquid,liquid
510,820,150,0,102.712586448382,2.182604380646818,-1694.237257891211,-1401.372343467189,267.9091747921345,138.4480681542486,4.705964459667354,0.0001401610738784952,1.774301623052844e-05,2.622126041238217e-07,8.808301918085826e-09,-4.346484039057992e-08,,73.32652285318596,0.07983419948261765,12.4125607497529,0.1860669318529341,0,0.4673210510684943,0.03018122175562374,0.0876229018711657,0,0,0.6348482259492101,4.190905391033503,3.898718290830113,0.00876229018711657,4.676655893030342,0,0,0,0,KCP109C,/Users/lopezama/PycharmProjects/sci-cluster/review_outputs/rmelts_parity_audit_v2/2026-02-26/kcp109c_phase7_parity_20260225_224621/runs/kcp109c_phase7_parity_liam_exact/runs/20260225_224621/parallel-results/Parallel_MELTS_KCP109C_dP25.0_02-25_11cores.xlsx,liquid,liquid
511,819,150,0,102.5103491512434,2.182832874696053,-1690.572710809023,-1398.724115833434,267.2239115282599,138.1426185438555,4.696206949215814,0.0001400518600386465,1.773291323520362e-05,2.618932941139848e-07,8.781236948024408e-09,-4.334377703330423e-08,,73.35664714972911,0.07999170042375547,12.39226330655571,0.1866814876551096,0,0.4680203262071904,0.03024076479434658,0.08779576875778038,0,0,0.625877780178755,4.184123457291403,3.905079492481581,0.008779576875778038,4.674499189049491,0,0,0,0,KCP109C,/Users/lopezama/PycharmProjects/sci-cluster/review_outputs/rmelts_parity_audit_v2/2026-02-26/kcp109c_phase7_parity_20260225_224621/runs/kcp109c_phase7_parity_liam_exact/runs/20260225_224621/parallel-results/Parallel_MELTS_KCP109C_dP25.0_02-25_11cores.xlsx,liquid,liquid
512,818,150,0,102.3063374549161,2.183063378651542,-1686.879681975248,-1396.051197988206,266.533917414693,137.8347289570234,4.686365886367889,0.000139941280196892,1.7722726911037e-05,2.615653786809205e-07,8.753970448996888e-09,-4.322143499528369e-08,,73.38690389273522,0.08015121416347931,12.37190125104339,0.1873022181723115,0,0.4687300486376892,0.03030106876912023,0.08797084481357485,0,0,0.6170123158188411,4.177152405004225,3.911488742183221,0.008797084481357484,4.672288914177575,0,0,0,0,KCP109C,/Users/lopezama/PycharmProjects/sci-cluster/review_outputs/rmelts_parity_audit_v2/2026-02-26/kcp109c_phase7_parity_20260225_224621/runs/kcp109c_phase7_parity_liam_exact/runs/20260225_224621/parallel-results/Parallel_MELTS_KCP109C_dP25.0_02-25_11cores.xlsx,liquid,liquid
513,817,150,0,102.1005269502725,2.183295900464451,-1683.157783776613,-1393.353252427225,265.8391334673101,137.5243661401739,4.676440189740326,0.0001398293159068989,1.77124565481514e-05,2.612287578008588e-07,8.726500450932876e-09,-4.309780072493415e-08,,73.4172974839287,0.08031278028423292,12.3514720208425,0.1879292307485936,0,0.4694504364829071,0.03036214864403927,0.08814817348269466,0,0,0.6082524123346179,4.169989907913457,3.917946169019411,0.008814817348269464,4.670024418970583,0,0,0,0,KCP109C,/Users/lopezama/PycharmProjects/sci-cluster/review_outputs/rmelts_parity_audit_v2/2026-02-26/kcp109c_phase7_parity_20260225_224621/runs/kcp109c_phase7_parity_liam_exact/runs/20260225_224621/parallel-results/Parallel_MELTS_KCP109C_dP25.0_02-25_11cores.xlsx,liquid,liquid
514,816,150,0,101.8928911442509,2.183530447355576,-1679.406593522584,-1390.629912587396,265.1394949595449,137.2114937448292,4.666428685143873,0.0001397159472616626,1.770210135625568e-05,2.608833236112503e-07,8.698824748534375e-09,-4.297285938836064e-08,,73.44783279383074,0.08047644070404161,12.33097274437709,0.1885626383593496,0,0.4701817213683719,0.03042402026616207,0.08832780077272859,0,0,0.599598504240916,4.1626335287419,3.924452024733997,0.008832780077272858,4.667705002527421,0,0,0,0,KCP109C,/Users/lopezama/PycharmProjects/sci-cluster/review_outputs/rmelts_parity_audit_v2/2026-02-26/kcp109c_phase7_parity_20260225_224621/runs/kcp109c_phase7_parity_liam_exact/runs/20260225_224621/parallel-results/Parallel_MELTS_KCP109C_dP25.0_02-25_11cores.xlsx,liquid,liquid
515,815,150,0,101.6834050987703,2.183767025948556,-1675.625715142754,-1387.880833245591,264.4349417793162,136.8960776911791,4.656330271980473,0.0001396011548698446,1.769166059213302e-05,2.605289738718657e-07,8.670941338824054e-09,-4.28465972168938e-08,,73.47851461395064,0.08064223684365435,12.31040060405222,0.1892025533948223,0,0.4709241314923893,0.03048669929455225,0.08850977214547426,0,0,0.5910510422824884,4.155080891315285,3.93100649164228,0.008850977214547426,4.665329986371655,0,0,0,0,KCP109C,/Users/lopezama/PycharmProjects/sci-cluster/review_outputs/rmelts_parity_audit_v2/2026-02-26/kcp109c_phase7_parity_20260225_224621/runs/kcp109c_phase7_parity_liam_exact/runs/20260225_224621/parallel-results/Parallel_MELTS_KCP109C_dP25.0_02-25_11cores.xlsx,liquid,liquid
516,814,150,0,101.4720476871463,2.184005642598781,-1671.814817630768,-1385.105721963661,263.725424888108,136.5780895362356,4.646144025818687,0.0001394849212166599,1.768113365025631e-05,2.601656206753555e-07,8.642848699402875e-09,-4.271900298286989e-08,,73.50934726886847,0.08081020782464099,12.28975309900684,0.1898490836149735,0,0.4716778809393193,0.03055020051907159,0.0886941305392401,0,0,0.5826106313537607,4.147329794775866,3.937609523125715,0.008869413053924009,4.662898766378178,0,0,0,0,KCP109C,/Users/lopezama/PycharmProjects/sci-cluster/review_outputs/rmelts_parity_audit_v2/2026-02-26/kcp109c_phase7_parity_20260225_224621/runs/kcp109c_phase7_parity_liam_exact/runs/20260225_224621/parallel-results/Parallel_MELTS_KCP109C_dP25.0_02-25_11cores.xlsx,liquid,liquid
517,813,150,0,101.2587899730044,2.184246301766298,-1667.973438319719,-1382.304178127152,263.010873445258,136.2574893458901,4.635868669715549,0.0001393672245315722,1.767051968365981e-05,2.597931482485805e-07,8.614544423632625e-09,-4.259006067222115e-08,,73.5403364555186,0.0809803997199235,12.2690268209418,0.190502352593813,0,0.4724432248327094,0.03061454135753205,0.08888092652186726,0,0,0.5742774608732963,4.139377699399277,3.944261435556368,0.008888092652186725,4.66041059003261,0,0,0,0,KCP109C,/Users/lopezama/PycharmProjects/sci-cluster/review_outputs/rmelts_parity_audit_v2/2026-02-26/kcp109c_phase7_parity_20260225_224621/runs/kcp109c_phase7_parity_liam_exact/runs/20260225_224621/parallel-results/Parallel_MELTS_KCP109C_dP25.0_02-25_11cores.xlsx,liquid,liquid
518,812,150,0,101.0436243256869,2.184489009915083,-1664.101474736614,-1379.47609566352,262.2912768493708,135.9342684421569,4.625503898946817,0.0001392480536135394,1.765981849965075e-05,2.594115172760022e-07,8.586028589730734e-09,-4.245976765604268e-08,,73.57148474790242,0.08115284232230187,12.24822043240273,0.1911624485329323,0,0.4732203206845293,0.03067973307306534,0.08907019279277034,0,0,0.5660526271771967,4.131222987826336,3.950961560362712,0.008907019279277032,4.657865087643736,0,0,0,0,KCP109C,/Users/lopezama/PycharmProjects/sci-cluster/review_outputs/rmelts_parity_audit_v2/2026-02-26/kcp109c_phase7_parity_20260225_224621/runs/kcp109c_phase7_parity_liam_exact/runs/20260225_224621/parallel-results/Parallel_MELTS_KCP109C_dP25.0_02-25_11cores.xlsx,liquid,liquid
519,811,150,0,100.8265169565658,2.184733768911447,-1660.198382846653,-1376.621006545242,261.5665510320626,135.6083797172375,4.615048221953518,0.0001391273836848752,1.764902910489245e-05,2.59020595007255e-07,8.557298274539082e-09,-4.232810509827551e-08,,73.60279894827146,0.08132758708447456,12.22732979621593,0.1918295078959021,0,0.4740094547937105,0.03074579511730136,0.08926198582442328,0,0,0.55793596611475,4.122862917129971,3.957710434319557,0.008926198582442327,4.655261408650062,0,0,0,0,KCP109C,/Users/lopezama/PycharmProjects/sci-cluster/review_outputs/rmelts_parity_audit_v2/2026-02-26/kcp109c_phase7_parity_20260225_224621/runs/kcp109c_phase7_parity_liam_exact/runs/20260225_224621/parallel-results/Parallel_MELTS_KCP109C_dP25.0_02-25_11cores.xlsx,liquid,liquid
520,810,150,0,100.6074565670339,2.184980582598707,-1656.263998381915,-1373.738753461813,260.8366753636173,135.2798089846966,4.604501173524223,0.0001390052009361237,1.763815117637084e-05,2.586203288987244e-07,8.52835315637203e-09,-4.219506821361388e-08,,73.63428260705524,0.08150466818132399,12.20635292595595,0.1925036296331611,0,0.4748108098413727,0.03081274041001272,0.08945634312584338,0,0,0.5499282226706685,4.114295716640261,3.964507605184041,0.008945634312584338,4.65259909698955,0,0,0,0,KCP109C,/Users/lopezama/PycharmProjects/sci-cluster/review_outputs/rmelts_parity_audit_v2/2026-02-26/kcp109c_phase7_parity_20260225_224621/runs/kcp109c_phase7_parity_liam_exact/runs/20260225_224621/parallel-results/Parallel_MELTS_KCP109C_dP25.0_02-25_11cores.xlsx,liquid,liquid
521,809,150,0,100.3864219586441,2.185229452369662,-1652.297991013792,-1370.829042581198,260.1016018413293,134.9485276420693,4.593861841363394,0.0001388814868417192,1.762718414842078e-05,2.582106328945147e-07,8.499191841920669e-09,-4.206064635941619e-08,,73.66594089209103,0.0816841284921097,12.18528677702558,0.1931849322321682,0,0.4756246201358123,0.03088058516165123,0.08965331175963259,0,0,0.5420297095918964,4.105519230684911,3.971352939807,0.008965331175963258,4.64987754184224,0,0,0,0,KCP109C,/Users/lopezama/PycharmProjects/sci-cluster/review_outputs/rmelts_parity_audit_v2/2026-02-26/kcp109c_phase7_parity_20260225_224621/runs/kcp109c_phase7_parity_liam_exact/runs/20260225_224621/parallel-results/Parallel_MELTS_KCP109C_dP25.0_02-25_11cores.xlsx,liquid,liquid
522,808,150,0,100.1634021332957,2.185480379669055,-1648.300201623265,-1367.891720268592,259.361310969499,134.614521802575,4.583129780760753,0.0001387562270513039,1.761612769503113e-05,2.577914557085809e-07,8.469814069472252e-09,-4.192483509009941e-08,,73.69777773922547,0.08186600336818868,12.1641291044697,0.1938735183247157,0,0.4764510743995464,0.03094934273675425,0.08985293052606073,0,0,0.5342409792243276,4.096531725084227,3.978246013263873,0.008985293052606072,4.647096276324525,0,0,0,0,KCP109C,/Users/lopezama/PycharmProjects/sci-cluster/review_outputs/rmelts_parity_audit_v2/2026-02-26/kcp109c_phase7_parity_20260225_224621/runs/kcp109c_phase7_parity_liam_exact/runs/20260225_224621/parallel-results/Parallel_MELTS_KCP109C_dP25.0_02-25_11cores.xlsx,liquid,liquid
523,807,150,0,99.9383638988454,2.18573336201373,-1644.270099960053,-1364.926327719694,258.6157221130018,134.2777455383526,4.572303540573291,0.0001386293976502007,1.760498101756483e-05,2.57362672516638e-07,8.440217220976913e-09,-4.178761697426684e-08,,73.72980034404449,0.08205034706392095,12.14287555120748,0.1945695322200731,0,0.4772904741473235,0.03101903364611645,0.09005525897259614,0,0,0.5265618575533527,4.087330611197504,3.985186936596332,0.009005525897259614,4.644254527453567,0,0,0,0,KCP109C,/Users/lopezama/PycharmProjects/sci-cluster/review_outputs/rmelts_parity_audit_v2/2026-02-26/kcp109c_phase7_parity_20260225_224621/runs/kcp109c_phase7_parity_liam_exact/runs/20260225_224621/parallel-results/Parallel_MELTS_KCP109C_dP25.0_02-25_11cores.xlsx,liquid,liquid
524,806,150,0,99.71133237252246,2.185988402399294,-1640.208132309411,-1361.933207931862,257.8649162558944,133.938237069124,4.561384326791553,0.0001385009996136224,1.759374463969836e-05,2.569243550703195e-07,8.41040499900588e-09,-4.164900934549552e-08,,73.76200798038313,0.08223716677407822,12.12152689508571,0.1952730161645256,0,0.4781428385696956,0.03108966060971249,0.0902603049959395,0,0,0.5189938320171322,4.077915661449104,3.992174263890583,0.009026030499593949,4.641352349560812,0,0,0,0,KCP109C,/Users/lopezama/PycharmProjects/sci-cluster/review_outputs/rmelts_parity_audit_v2/2026-02-26/kcp109c_phase7_parity_20260225_224621/runs/kcp109c_phase7_parity_liam_exact/runs/20260225_224621/parallel-results/Parallel_MELTS_KCP109C_dP25.0_02-25_11cores.xlsx,liquid,liquid
525,805,150,0,99.4822505883773,2.18624549278555,-1636.113371014611,-1358.911574944164,257.108747456705,133.5959160800986,4.5503696138728,0.0001383709983718295,1.758241724978573e-05,2.56476299785575e-07,8.380372277150913e-09,-4.150898094274695e-08,,73.79441158352716,0.08242653787952217,12.10007635192466,0.1959841616723325,0,0.4790085946785296,0.03116125212518521,0.09046815133118286,0,0,0.5115358393892492,4.068283381905959,3.999208698264584,0.009046815133118285,4.638388632168497,0,0,0,0,KCP109C,/Users/lopezama/PycharmProjects/sci-cluster/review_outputs/rmelts_parity_audit_v2/2026-02-26/kcp109c_phase7_parity_20260225_224621/runs/kcp109c_phase7_parity_liam_exact/runs/20260225_224621/parallel-results/Parallel_MELTS_KCP109C_dP25.0_02-25_11cores.xlsx,liquid,liquid
526,804,150,0,99.25114283550286,2.186504633067324,-1631.986249216465,-1355.861760487202,256.3472949257419,133.2508195650503,4.539260577567084,0.0001382393945438165,1.757099940886996e-05,2.560185779683462e-07,8.35012274227196e-09,-4.136754899398716e-08,,73.82701090310984,0.08261846956377829,12.07852439216966,0.1967030162369801,0,0.4798877727550805,0.03123381166435521,0.09067880805780543,0,0,0.5041891894099457,4.058433605233914,4.006288713429456,0.009067880805780542,4.635363437563402,0,0,0,0,KCP109C,/Users/lopezama/PycharmProjects/sci-cluster/review_outputs/rmelts_parity_audit_v2/2026-02-26/kcp109c_phase7_parity_20260225_224621/runs/kcp109c_phase7_parity_liam_exact/runs/20260225_224621/parallel-results/Parallel_MELTS_KCP109C_dP25.0_02-25_11cores.xlsx,liquid,liquid
527,803,150,0,99.01799953272186,2.186765817493956,-1627.826633045954,-1352.783630287335,255.5805443094537,132.90293554649,4.528056856412587,0.000138106173930046,1.755949092306353e-05,2.555511476201437e-07,8.319656447926212e-09,-4.122471075188094e-08,,73.8598106539122,0.08281299955018717,12.0568682604268,0.1974296901745073,0,0.4807805734666743,0.03130735348848539,0.09089231657947372,0,0,0.4969540545085669,4.048364836184843,4.013413683965001,0.00908923165794737,4.632276346085312,0,0,0,0,KCP109C,/Users/lopezama/PycharmProjects/sci-cluster/review_outputs/rmelts_parity_audit_v2/2026-02-26/kcp109c_phase7_parity_20260225_224621/runs/kcp109c_phase7_parity_liam_exact/runs/20260225_224621/parallel-results/Parallel_MELTS_KCP109C_dP25.0_02-25_11cores.xlsx,liquid,liquid
528,802,150,0,98.78280632484143,2.187029038259829,-1623.634309191358,-1349.676984457241,254.8084683384801,132.5522451464203,4.516757875489423,0.0001379713201583203,1.75478915139327e-05,2.55073951633579e-07,8.288972969181563e-09,-4.108046080640141e-08,,73.89281642746597,0.0830101703246387,12.03510463634374,0.1981643047425936,0,0.4816872255013268,0.03138189365931462,0.09110872352704245,0,0,0.489830384094293,4.038075430868384,4.0205830551103,0.009110872352704245,4.629126876009702,0,0,0,0,KCP109C,/Users/lopezama/PycharmProjects/sci-cluster/review_outputs/rmelts_parity_audit_v2/2026-02-26/kcp109c_phase7_parity_20260225_224621/runs/kcp109c_phase7_parity_liam_exact/runs/20260225_224621/parallel-results/Parallel_MELTS_KCP109C_dP25.0_02-25_11cores.xlsx,liquid,liquid
529,801,150,0,98.54557935328158,2.187294289029137,-1619.409574562311,-1346.542042524107,254.0311241802396,132.1987734078852,4.50536445175937,0.0001378348301668723,1.753620162175788e-05,2.545870370623392e-07,8.258075193093824e-09,-4.093481205290042e-08,,73.92602974558899,0.0832099994697831,12.01323282693042,0.1989069271747747,0,0.4826078081577796,0.03145743882394239,0.09132804819854241,0,0,0.4828189040192759,4.027565053922705,4.027795447898013,0.009132804819854241,4.625914994995902,0,0,0,0,KCP109C,/Users/lopezama/PycharmProjects/sci-cluster/review_outputs/rmelts_parity_audit_v2/2026-02-26/kcp109c_phase7_parity_20260225_224621/runs/kcp109c_phase7_parity_liam_exact/runs/20260225_224621/parallel-results/Parallel_MELTS_KCP109C_dP25.0_02-25_11cores.xlsx,liquid,liquid
530,800,150,0,98.30630439507277,2.187561558430204,-1615.15221840802,-1343.378606357312,253.2484853475362,131.842501542926,4.493876024481681,0.0001376966875007849,1.752442101689084e-05,2.540903493706929e-07,8.226962769589358e-09,-4.078775951367343e-08,,73.95945662590138,0.08341253070094777,11.99124922945597,0.1996576824431968,0,0.4835425565567483,0.03153400550889489,0.09155033857421097,0,0,0.4759193468664922,4.016832173069512,4.035050239222125,0.009155033857421096,4.622640237843106,0,0,0,0,KCP109C,/Users/lopezama/PycharmProjects/sci-cluster/review_outputs/rmelts_parity_audit_v2/2026-02-26/kcp109c_phase7_parity_20260225_224621/runs/kcp109c_phase7_parity_liam_exact/runs/20260225_224621/parallel-results/Parallel_MELTS_KCP109C_dP25.0_02-25_11cores.xlsx,liquid,liquid
531,799,150,0,98.06498589349512,2.187830835212763,-1610.862342335951,-1340.186734588586,252.4605771089537,131.4834376283262,4.482292886413151,0.0001375568838822347,1.751254992357002e-05,2.535838983669116e-07,8.195637388320332e-09,-4.063930948997952e-08,,73.99310067836633,0.08361779269728509,11.96915179531228,0.2004166630767446,0,0.4844916154620618,0.0316116045562907,0.09177562613116655,0,0,0.4691318758609212,4.005876090384086,4.042346275348176,0.009177562613116655,4.619302420191545,0,0,0,0,KCP109C,/Users/lopezama/PycharmProjects/sci-cluster/review_outputs/rmelts_parity_audit_v2/2026-02-26/kcp109c_phase7_parity_20260225_224621/runs/kcp109c_phase7_parity_liam_exact/runs/20260225_224621/parallel-results/Parallel_MELTS_KCP109C_dP25.0_02-25_11cores.xlsx,liquid,liquid
532,798,150,0,97.82162702809653,2.188102105935593,-1606.54002694509,-1336.966468459043,251.6674214498872,131.1215878641439,4.470615277172807,0.0001374154105198846,1.750058856968709e-05,2.530676909763373e-07,8.164100637715848e-09,-4.048946774780753e-08,,74.02696591549007,0.08382581580790131,11.94693820963035,0.2011839657531929,0,0.4854551391818092,0.03169024743957245,0.09200394417940387,0,0,0.4624564975985336,3.994696120734823,4.049682397426847,0.009200394417940386,4.615901352339565,0,0,0,0,KCP109C,/Users/lopezama/PycharmProjects/sci-cluster/review_outputs/rmelts_parity_audit_v2/2026-02-26/kcp109c_phase7_parity_20260225_224621/runs/kcp109c_phase7_parity_liam_exact/runs/20260225_224621/parallel-results/Parallel_MELTS_KCP109C_dP25.0_02-25_11cores.xlsx,liquid,liquid
533,797,150,0,97.57626725112009,2.18837535908395,-1602.18595861018,-1333.718348077675,250.8691403378075,130.7570105782421,4.458845090083877,0.000137272274575759,1.7488538022509e-05,2.525418578846931e-07,8.132357997658814e-09,-4.033826166549354e-08,,74.0610514308311,0.08403659976333576,11.92460932666739,0.2019596203174755,0,0.4864330987187611,0.03176993405687083,0.09223529242317338,0,0,0.4558941030264788,3.983293179294796,4.057056507716423,0.009223529242317337,4.612437377941857,0,0,0,0,KCP109C,/Users/lopezama/PycharmProjects/sci-cluster/review_outputs/rmelts_parity_audit_v2/2026-02-26/kcp109c_phase7_parity_20260225_224621/runs/kcp109c_phase7_parity_liam_exact/runs/20260225_224621/parallel-results/Parallel_MELTS_KCP109C_dP25.0_02-25_11cores.xlsx,liquid,liquid
534,796,150,0,97.32888612187811,2.188650574845553,-1597.799823315894,-1330.442089840454,250.0656909464902,130.3896778133318,4.446981498119969,0.0001371274567282222,1.747639802046039e-05,2.520063283480439e-07,8.100408574186437e-09,-4.018568329982247e-08,,74.09536504584845,0.08425019613719908,11.90216036739492,0.2027437710204175,0,0.4874257743261408,0.03185068390552648,0.09246972746765751,0,0,0.4494437720061653,3.971665743019774,4.064467965665655,0.00924697274676575,4.608909980461319,0,0,0,0,KCP109C,/Users/lopezama/PycharmProjects/sci-cluster/review_outputs/rmelts_parity_audit_v2/2026-02-26/kcp109c_phase7_parity_20260225_224621/runs/kcp109c_phase7_parity_liam_exact/runs/20260225_224621/parallel-results/Parallel_MELTS_KCP109C_dP25.0_02-25_11cores.xlsx,liquid,liquid
535,795,150,0,97.07950486410925,2.188927735251074,-1593.382003101666,-1327.137983202657,249.2571454374468,130.0196215445946,4.435025574426927,0.0001369809564221637,1.746416930330668e-05,2.514611748093827e-07,8.068255976348402e-09,-4.003174973037652e-08,,74.12990887498584,0.08446662130542591,11.87959022040627,0.2035364851903162,0,0.4884332356230622,0.0319325031764415,0.09270726728644306,0,0,0.4431056334874298,3.959814115201022,4.071915039747608,0.009270726728644305,4.605319276861493,0,0,0,0,KCP109C,/Users/lopezama/PycharmProjects/sci-cluster/review_outputs/rmelts_parity_audit_v2/2026-02-26/kcp109c_phase7_parity_20260225_224621/runs/kcp109c_phase7_parity_liam_exact/runs/20260225_224621/parallel-results/Parallel_MELTS_KCP109C_dP25.0_02-25_11cores.xlsx,liquid,liquid
536,794,150,0,96.82816866032252,2.18920682327711,-1588.933279372648,-1323.806647122601,248.4436417092691,129.6469080592159,4.42297948420317,0.0001368327834462146,1.745185314292815e-05,2.509065511352671e-07,8.035906343314959e-09,-3.987649214860506e-08,,74.16468184538473,0.08468587101970192,11.85689982849753,0.2043377851388997,0,0.4894554287556693,0.03201539026354584,0.09294790721674599,0,0,0.4368803163042576,3.947739714788124,4.079395395261252,0.009294790721674598,4.60166572664785,0,0,0,0,KCP109C,/Users/lopezama/PycharmProjects/sci-cluster/review_outputs/rmelts_parity_audit_v2/2026-02-26/kcp109c_phase7_parity_20260225_224621/runs/kcp109c_phase7_parity_liam_exact/runs/20260225_224621/parallel-results/Parallel_MELTS_KCP109C_dP25.0_02-25_11cores.xlsx,liquid,liquid
537,793,150,0,96.57485767143211,2.189487812336829,-1584.453348484793,-1320.447806333379,247.6251391937474,129.2715100918155,4.410842441198988,0.0001366829190345758,1.74394494069954e-05,2.503423932826859e-07,8.003358952339364e-09,-3.971990364467257e-08,,74.19969240243316,0.0849079980896393,11.83408399054306,0.2051478193349109,0,0.4904926400090632,0.032099365131449,0.09319170522033579,0,0,0.4307665226765622,3.935441283608785,4.086908231416598,0.00931917052203358,4.597948871014406,0,0,0,0,KCP109C,/Users/lopezama/PycharmProjects/sci-cluster/review_outputs/rmelts_parity_audit_v2/2026-02-26/kcp109c_phase7_parity_20260225_224621/runs/kcp109c_phase7_parity_liam_exact/runs/20260225_224621/parallel-results/Parallel_MELTS_KCP109C_dP25.0_02-25_11cores.xlsx,liquid,liquid
538,792,150,0,96.31963910642058,2.189770683406675,-1579.943358742328,-1317.0623827607,246.8018363438273,128.8935253903811,4.398617619474837,0.0001365313829868051,1.742695992151446e-05,2.497689324979539e-07,7.970622311663104e-09,-3.956202872139544e-08,,74.2349367390828,0.08513297947566693,11.81114539264635,0.2059665694348258,0,0.4915447027058194,0.03218441907006921,0.09343863600987834,0,0,0.4247651913947121,3.922921369879462,4.094450618409541,0.009343863600987833,4.594169518289895,0,0,0,0,KCP109C,/Users/lopezama/PycharmProjects/sci-cluster/review_outputs/rmelts_parity_audit_v2/2026-02-26/kcp109c_phase7_parity_20260225_224621/runs/kcp109c_phase7_parity_liam_exact/runs/20260225_224621/parallel-results/Parallel_MELTS_KCP109C_dP25.0_02-25_11cores.xlsx,liquid,liquid
539,791,150,0,96.06250253529075,2.19005540624529,-1575.403163406295,-1313.650230646736,245.9737187046547,128.5129400723058,4.386304668884325,0.0001363781610288851,1.741438484539848e-05,2.491861398362774e-07,7.93769675582274e-09,-3.940286643734048e-08,,74.27042240265602,0.08536086059853332,11.78807939750521,0.206794168514966,0,0.4926118582338967,0.03227056925066504,0.0936887494374146,0,0,0.4188750048774555,3.910179304752872,4.10202142622375,0.009368874943741461,4.590327383005464,0,0,0,0,KCP109C,/Users/lopezama/PycharmProjects/sci-cluster/review_outputs/rmelts_parity_audit_v2/2026-02-26/kcp109c_phase7_parity_20260225_224621/runs/kcp109c_phase7_parity_liam_exact/runs/20260225_224621/parallel-results/Parallel_MELTS_KCP109C_dP25.0_02-25_11cores.xlsx,liquid,liquid
540,790,150,0,95.80352968751517,2.190341958424715,-1570.83415214891,-1310.212471818279,245.1410246255289,128.129872577744,4.373907431167355,0.0001362232805039281,1.740172644931456e-05,2.485943004484025e-07,7.904592391916867e-09,-3.924247041397661e-08,,74.3061437839299,0.08559160547561898,11.76488981773515,0.2076305701162733,0,0.4936938623068893,0.03235780207005107,0.09394200600982569,0,0,0.4130970352359525,3.897218471225255,4.109617294660275,0.009394200600982568,4.586423550633822,0,0,0,0,KCP109C,/Users/lopezama/PycharmProjects/sci-cluster/review_outputs/rmelts_parity_audit_v2/2026-02-26/kcp109c_phase7_parity_20260225_224621/runs/kcp109c_phase7_parity_liam_exact/runs/20260225_224621/parallel-results/Parallel_MELTS_KCP109C_dP25.0_02-25_11cores.xlsx,liquid,liquid
541,789,150,0,95.54271567434598,2.190630306967588,-1566.236269256461,-1306.74903647576,244.3037544421232,127.7443166200988,4.361425812947981,0.0001360667285610703,1.738898496461257e-05,2.479934035312334e-07,7.871310070729823e-09,-3.908084268665807e-08,,74.3421082096274,0.08582525508966271,11.74157215981845,0.2084758985761654,0,0.4947909288903697,0.03244613302170175,0.09419845070816638,0,0,0.4074297178385021,3.884038645448855,4.117236972573454,0.009419845070816637,4.582457783336473,0,0,0,0,KCP109C,/Users/lopezama/PycharmProjects/sci-cluster/review_outputs/rmelts_parity_audit_v2/2026-02-26/kcp109c_phase7_parity_20260225_224621/runs/kcp109c_phase7_parity_liam_exact/runs/20260225_224621/parallel-results/Parallel_MELTS_KCP109C_dP25.0_02-25_11cores.xlsx,liquid,liquid
542,788,150,0,95.28011058135607,2.190920420427834,-1561.610376847208,-1303.260611737661,243.4620601324482,127.3563451341363,4.348862226714295,0.0001359085199683288,1.737616213321856e-05,2.473836333366434e-07,7.837856671057018e-09,-3.891801903230223e-08,,74.37831490406899,0.08606180159933337,11.71812709855207,0.2093301700807561,0,0.4959029810750026,0.03253555914121139,0.09445807492609759,0,0,0.4018730533520125,3.870642083712149,4.124877666185012,0.009445807492609757,4.578430799814742,0,0,0,0,KCP109C,/Users/lopezama/PycharmProjects/sci-cluster/review_outputs/rmelts_parity_audit_v2/2026-02-26/kcp109c_phase7_parity_20260225_224621/runs/kcp109c_phase7_parity_liam_exact/runs/20260225_224621/parallel-results/Parallel_MELTS_KCP109C_dP25.0_02-25_11cores.xlsx,liquid,liquid
543,787,150,0,95.01575960179164,2.191212267176879,-1556.957252592309,-1299.747816465157,242.6160789767036,126.9660234582829,4.336218860448803,0.0001357486643806158,1.736325933386748e-05,2.467651505765562e-07,7.804238312838392e-09,-3.875403108381686e-08,,74.41476434615961,0.08630124135248961,11.69455452016379,0.2101934110129955,0,0.4970299660836564,0.03262607904789241,0.09472087465517151,0,0,0.3964264928878465,3.857030926319156,4.132536945591545,0.00947208746551715,4.574343109260322,0,0,0,0,KCP109C,/Users/lopezama/PycharmProjects/sci-cluster/review_outputs/rmelts_parity_audit_v2/2026-02-26/kcp109c_phase7_parity_20260225_224621/runs/kcp109c_phase7_parity_liam_exact/runs/20260225_224621/parallel-results/Parallel_MELTS_KCP109C_dP25.0_02-25_11cores.xlsx,liquid,liquid
544,786,150,0,94.74970907706755,2.191505810863685,-1552.277695355421,-1296.211286651319,241.7659526073761,126.5734189706042,4.323497962331487,0.0001355871757495546,1.735027832547044e-05,2.461381307601297e-07,7.77046151001178e-09,-3.858891275575398e-08,,74.45145658658807,0.08654356947342012,11.67085455128583,0.2110656445735011,0,0.4981718242743319,0.03271769089848809,0.09498684454399768,0,0,0.3910896708024787,3.84320752253621,4.14021197964536,0.009498684454399768,4.570195430923921,0,0,0,0,KCP109C,/Users/lopezama/PycharmProjects/sci-cluster/review_outputs/rmelts_parity_audit_v2/2026-02-26/kcp109c_phase7_parity_20260225_224621/runs/kcp109c_phase7_parity_liam_exact/runs/20260225_224621/parallel-results/Parallel_MELTS_KCP109C_dP25.0_02-25_11cores.xlsx,liquid,liquid
545,785,150,0,94.48200692970047,2.191801016708817,-1547.572525577532,-1292.65167805517,240.9118249041836,126.178600428947,4.310701847906501,0.0001354240640063891,1.733722047486921e-05,2.455027427785706e-07,7.736532556217702e-09,-3.842269690458423e-08,,74.4883922251419,0.08678877941848986,11.64702697596261,0.2119468916633801,0,0.4993284848128187,0.03281039221918519,0.09525597741053764,0,0,0.3858616539150401,3.82917432490269,4.147900419804721,0.009525597741053764,4.565988277007594,0,0,0,0,KCP109C,/Users/lopezama/PycharmProjects/sci-cluster/review_outputs/rmelts_parity_audit_v2/2026-02-26/kcp109c_phase7_parity_20260225_224621/runs/kcp109c_phase7_parity_liam_exact/runs/20260225_224621/parallel-results/Parallel_MELTS_KCP109C_dP25.0_02-25_11cores.xlsx,liquid,liquid
546,784,150,0,94.21270203558839,2.192097842923909,-1542.842585132175,-1289.06966280824,240.0538450777415,125.7816389830913,4.297832888240229,0.0001352593471496627,1.732408788239344e-05,2.448591799208654e-07,7.702458408166265e-09,-3.825542005631448e-08,,74.52557094805037,0.08703686349623833,11.62307213461425,0.2128371692137969,0,0.5004998713109684,0.03290418010223644,0.0955282648129445,0,0,0.3807420733358703,3.814934098578029,4.155599010489024,0.009552826481294449,4.561722559514967,0,0,0,0,KCP109C,/Users/lopezama/PycharmProjects/sci-cluster/review_outputs/rmelts_parity_audit_v2/2026-02-26/kcp109c_phase7_parity_20260225_224621/runs/kcp109c_phase7_parity_liam_exact/runs/20260225_224621/parallel-results/Parallel_MELTS_KCP109C_dP25.0_02-25_11cores.xlsx,liquid,liquid
547,783,150,0,93.60940435197057,2.192527878494818,-1532.556083511126,-1280.827186984468,238.3457809275744,124.945035436105,4.269473846610056,0.0001351210573637621,1.730801216368757e-05,2.432986641718155e-07,7.639885337043971e-09,-3.796468987698446e-08,,74.53622298385942,0.08759780361451794,11.61154583793157,0.2145430467811084,0,0.5034248291977186,0.03311624282987873,0.09614393079642211,0,0,0.3738467297256513,3.801756331108282,4.175627200311284,0.00961439307964221,4.556560670764496,0,0,0,0,KCP109C,/Users/lopezama/PycharmProjects/sci-cluster/review_outputs/rmelts_parity_audit_v2/2026-02-26/kcp109c_phase7_parity_20260225_224621/runs/kcp109c_phase7_parity_liam_exact/runs/20260225_224621/parallel-results/Parallel_MELTS_KCP109C_dP25.0_02-25_11cores.xlsx,liquid,liquid
548,782,150,0,92.42324845192229,2.193195947785156,-1512.576797633698,-1264.453574371605,235.1544550652446,123.3409124609376,4.214089878528993,0.0001350263755750289,1.728660439950172e-05,2.401343582322365e-07,7.527583997061083e-09,-3.745733243096181e-08,,74.50095176755724,0.08872203337548491,11.62140373030151,0.2177168842219556,0,0.5095075065415015,0.0335412565200004,0.09737784150967856,0,0,0.3640049078381835,3.789915238076215,4.217391700847527,0.009737784150967854,4.549729349059744,0,0,0,0,KCP109C,/Users/lopezama/PycharmProjects/sci-cluster/review_outputs/rmelts_parity_audit_v2/2026-02-26/kcp109c_phase7_parity_20260225_224621/runs/kcp109c_phase7_parity_liam_exact/runs/20260225_224621/parallel-results/Parallel_MELTS_KCP109C_dP25.0_02-25_11cores.xlsx,liquid,liquid
549,781,150,0,91.21694378578684,2.193882308457927,-1492.272697132134,-1247.801805953341,231.9128123879838,121.7097798146649,4.157786561025826,0.0001349259019373999,1.726460831721464e-05,2.369021488736445e-07,7.413574481849687e-09,-3.693985393077441e-08,,74.46544769058521,0.0898953474554123,11.63113493137021,0.2210210505324535,0,0.5158631723651513,0.03398482647704611,0.09866562525594032,0,0,0.3545261057971157,3.776924615842768,4.260094820609731,0.00986656252559403,4.542575251183383,0,0,0,0,KCP109C,/Users/lopezama/PycharmProjects/sci-cluster/review_outputs/rmelts_parity_audit_v2/2026-02-26/kcp109c_phase7_parity_20260225_224621/runs/kcp109c_phase7_parity_liam_exact/runs/20260225_224621/parallel-results/Parallel_MELTS_KCP109C_dP25.0_02-25_11cores.xlsx,liquid,liquid
550,780,150,0,89.9886060622277,2.194587864775875,-1471.613157970137,-1230.84599617869,228.6162102183421,120.0491442394799,4.100478614075353,0.0001348194838410017,1.724200504534089e-05,2.335972861649486e-07,7.297717883769288e-09,-3.641153338262393e-08,,74.42968241711067,0.09112241585692363,11.64072969723383,0.2244675432315409,0,0.5225181614476347,0.03444871818981259,0.100012407647843,0,0,0.3454143202220867,3.762749539170703,4.303766157307941,0.0100012407647843,4.535087381816231,0,0,0,0,KCP109C,/Users/lopezama/PycharmProjects/sci-cluster/review_outputs/rmelts_parity_audit_v2/2026-02-26/kcp109c_phase7_parity_20260225_224621/runs/kcp109c_phase7_parity_liam_exact/runs/20260225_224621/parallel-results/Parallel_MELTS_KCP109C_dP25.0_02-25_11cores.xlsx,liquid,liquid
551,779,150,0,88.7360965741473,2.195313605894424,-1450.563439909316,-1213.556777941485,225.2593850380949,118.3561780426169,4.042069266818671,0.0001347069768445942,1.721877606046664e-05,2.302144298789478e-07,7.179857674424712e-09,-3.587155742969206e-08,,74.39362286723083,0.09240861201073197,11.6501773873754,0.2280701433257072,0,0.5295027965855137,0.03493496307722794,0.1014240863532424,0,0,0.336674164575631,3.747354302718703,4.34843345994841,0.01014240863532424,4.527254808163254,0,0,0,0,KCP109C,/Users/lopezama/PycharmProjects/sci-cluster/review_outputs/rmelts_parity_audit_v2/2026-02-26/kcp109c_phase7_parity_20260225_224621/runs/kcp109c_phase7_parity_liam_exact/runs/20260225_224621/parallel-results/Parallel_MELTS_KCP109C_dP25.0_02-25_11cores.xlsx,liquid,liquid
552,778,150,0,87.45692080505627,2.196060633000135,-1429.083027531137,-1195.899907093315,221.8361988658346,116.6275847052362,3.98244563428003,0.0001345882478425077,1.719490311175693e-05,2.267473922455116e-07,7.05981183647354e-09,-3.531898110896313e-08,,74.35722892315182,0.09376021688404772,11.6594666387546,0.2318449282244834,0,0.536852549892018,0.03544593565128633,0.1029075551166377,0,0,0.3283106818961638,3.730702406087227,4.394122787483392,0.01029075551166377,4.519066621346621,0,0,0,0,KCP109C,/Users/lopezama/PycharmProjects/sci-cluster/review_outputs/rmelts_parity_audit_v2/2026-02-26/kcp109c_phase7_parity_20260225_224621/runs/kcp109c_phase7_parity_liam_exact/runs/20260225_224621/parallel-results/Parallel_MELTS_KCP109C_dP25.0_02-25_11cores.xlsx,liquid,liquid
553,777,150,0,86.1481414884394,2.196830185901953,-1407.124219310267,-1177.83507416554,218.3394230773949,114.8594835474123,3.921474770389207,0.000134463175051965,1.717036844000397e-05,2.231889237564054e-07,6.93736638862308e-09,-3.475269305693719e-08,,74.32045328138038,0.09518464439953246,11.66858440937922,0.2358108319407502,0,0.5446093309847077,0.03598443873640861,0.1044709511702185,0,0,0.3203301313130444,3.712755706381057,4.440857217170901,0.01044709511702185,4.51051196202675,0,0,0,0,KCP109C,/Users/lopezama/PycharmProjects/sci-cluster/review_outputs/rmelts_parity_audit_v2/2026-02-26/kcp109c_phase7_parity_20260225_224621/runs/kcp109c_phase7_parity_liam_exact/runs/20260225_224621/parallel-results/Parallel_MELTS_KCP109C_dP25.0_02-25_11cores.xlsx,liquid,liquid
554,776,150,0,84.8061969122221,2.197623694050325,-1384.629154657164,-1159.313402771486,214.7602839304935,113.0471688289087,3.85899538405141,0.000134331653327295,1.714515456399327e-05,2.195302497360082e-07,6.812261270378737e-09,-3.417134506916532e-08,,74.28323719113874,0.09669081824330032,11.67751627811842,0.2399905914669749,0,0.5528236313525278,0.03655384592124768,0.1061240688036223,0,0,0.3127396255340782,3.693474211534911,4.488657417884881,0.01061240688036223,4.501579913120931,0,0,0,0,KCP109C,/Users/lopezama/PycharmProjects/sci-cluster/review_outputs/rmelts_parity_audit_v2/2026-02-26/kcp109c_phase7_parity_20260225_224621/runs/kcp109c_phase7_parity_liam_exact/runs/20260225_224621/parallel-results/Parallel_MELTS_KCP109C_dP25.0_02-25_11cores.xlsx,liquid,liquid
555,775,150,0,83.42666779461173,2.198442844371341,-1361.526017833405,-1140.274257596303,211.0878788695343,111.1848000454795,3.794807220401863,0.0001341935919904514,1.711924445118949e-05,2.15760478844814e-07,6.684172365139067e-09,-3.357325714078843e-08,,74.24550954461729,0.09828968547444497,11.68624464042053,0.244412017550328,0,0.561557464507385,0.03715829572814382,0.1078789230817079,0,0,0.305548858946901,3.672814196949297,4.537539088738633,0.01078789230817079,4.492259391677194,0,0,0,0,KCP109C,/Users/lopezama/PycharmProjects/sci-cluster/review_outputs/rmelts_parity_audit_v2/2026-02-26/kcp109c_phase7_parity_20260225_224621/runs/kcp109c_phase7_parity_liam_exact/runs/20260225_224621/parallel-results/Parallel_MELTS_KCP109C_dP25.0_02-25_11cores.xlsx,liquid,liquid
556,774,150,0,82.00401887402457,2.199289665546228,-1337.724814625855,-1120.641682883751,207.3085343476133,109.265059849167,3.728659310262234,0.0001340489263293317,1.709262116775666e-05,2.118659517651932e-07,6.552691888352013e-09,-3.29563202116778e-08,,74.20717906008905,0.09999487128197065,11.69474923461095,0.2491096464205792,0,0.5708880855856571,0.03780293914318403,0.1097504684802117,0,0,0.2987689943786941,3.650727802052157,4.587514839391189,0.01097504684802117,4.482539011718328,0,0,0,0,KCP109C,/Users/lopezama/PycharmProjects/sci-cluster/review_outputs/rmelts_parity_audit_v2/2026-02-26/kcp109c_phase7_parity_20260225_224621/runs/kcp109c_phase7_parity_liam_exact/runs/20260225_224621/parallel-results/Parallel_MELTS_KCP109C_dP25.0_02-25_11cores.xlsx,liquid,liquid
557,773,150,0,80.53100683146147,2.20016669460255,-1313.107714949553,-1100.316284551972,203.4043209841621,107.2783675189734,3.660222974423718,0.0001338976157593203,1.706526797787535e-05,2.078287284929347e-07,6.417282320546496e-09,-3.231775618552208e-08,,74.16812966079874,0.1018239063050135,11.70300403524141,0.2541277756785602,0,0.5809150178056592,0.03849440360311487,0.111757945944527,0,0,0.2924159256627284,3.627159266726799,4.638589518638001,0.0111757945944527,4.472406749000963,0,0,0,0,KCP109C,/Users/lopezama/PycharmProjects/sci-cluster/review_outputs/rmelts_parity_audit_v2/2026-02-26/kcp109c_phase7_parity_20260225_224621/runs/kcp109c_phase7_parity_liam_exact/runs/20260225_224621/parallel-results/Parallel_MELTS_KCP109C_dP25.0_02-25_11cores.xlsx,liquid,liquid
558,772,150,0,78.99798610496185,2.201077192973114,-1287.517725845701,-1079.165692324866,199.3513213613692,105.2119583042516,3.589060227290576,0.0001337396566458415,1.703716813562913e-05,2.036248300688331e-07,6.277223239779539e-09,-3.16538459612447e-08,,74.12820833706841,0.1037998876822338,11.71097531876875,0.2595246077529945,0,0.5917695308188083,0.03924142095303962,0.1139267059926957,0,0,0.28651133725106,3.60204153150668,4.690759052102705,0.01139267059926957,4.461849599503345,0,0,0,0,KCP109C,/Users/lopezama/PycharmProjects/sci-cluster/review_outputs/rmelts_parity_audit_v2/2026-02-26/kcp109c_phase7_parity_20260225_224621/runs/kcp109c_phase7_parity_liam_exact/runs/20260225_224621/parallel-results/Parallel_MELTS_KCP109C_dP25.0_02-25_11cores.xlsx,liquid,liquid
559,771,150,0,77.39173289848017,2.202025507278656,-1260.739504701737,-1057.008408553293,195.1166941037633,103.0483240903049,3.5145702283042,0.0001335751044472331,1.700830482961278e-05,1.992212585751532e-07,6.131521036051264e-09,-3.095946665590967e-08,,74.087205076955,0.1059542431280153,11.71861880047186,0.265379134027582,0,0.6036304229261954,0.04005587240205458,0.1162912424575778,0,0,0.2810849162686436,3.57529175660762,4.744006294859648,0.01162912424575778,4.450853115650025,0,0,0,0,KCP109C,/Users/lopezama/PycharmProjects/sci-cluster/review_outputs/rmelts_parity_audit_v2/2026-02-26/kcp109c_phase7_parity_20260225_224621/runs/kcp109c_phase7_parity_liam_exact/runs/20260225_224621/parallel-results/Parallel_MELTS_KCP109C_dP25.0_02-25_11cores.xlsx,liquid,liquid
560,770,150,0,75.63664296736799,2.202969518428074,-1231.574502652504,-1032.845749767907,190.5083189230664,100.6864865377215,3.433394894239771,0.0001333928449756546,1.697791634609671e-05,1.944110493593423e-07,5.97388504615559e-09,-3.020274684581375e-08,,74.04796638395145,0.108072947411794,11.72690462207942,0.2702932594829186,0,0.6132632277335666,0.04098534010451137,0.118934092239736,0,0,0.2760616238937552,3.546200613533623,4.800334881412275,0.01189896970776137,4.439084038449156,0,0,0,0,KCP109C,/Users/lopezama/PycharmProjects/sci-cluster/review_outputs/rmelts_parity_audit_v2/2026-02-26/kcp109c_phase7_parity_20260225_224621/runs/kcp109c_phase7_parity_liam_exact/runs/20260225_224621/parallel-results/Parallel_MELTS_KCP109C_dP25.0_02-25_11cores.xlsx,liquid,liquid
561,769,150,0,73.33554734300368,2.203650239130906,-1193.735640945345,-1001.44455948793,184.5138237848827,97.59531888151955,3.327912299364093,0.0001331250151152449,1.694134812489605e-05,1.8809259601005e-07,5.770831555092916e-09,-2.921425847824128e-08,,74.02794353552791,0.1087827733866394,11.74171672781696,0.2657312395351748,0,0.601027535119357,0.04227136556164406,0.122218954137793,0,0,0.2709762717038668,3.510486877494514,4.87206506558117,0.0122723319372515,4.424507322197708,0,0,0,0,KCP109C,/Users/lopezama/PycharmProjects/sci-cluster/review_outputs/rmelts_parity_audit_v2/2026-02-26/kcp109c_phase7_parity_20260225_224621/runs/kcp109c_phase7_parity_liam_exact/runs/20260225_224621/parallel-results/Parallel_MELTS_KCP109C_dP25.0_02-25_11cores.xlsx,liquid,liquid
562,768,150,0,69.62407721735022,2.204390556203504,-1132.970461345649,-950.7868281088532,174.9830795147636,92.63118199485568,3.158427485611251,0.0001328496914115091,1.690396466645888e-05,1.781669164135996e-07,5.457941228611779e-09,-2.766496625434878e-08,,74.00497660927103,0.1106507036258221,11.75775859490445,0.2608343166228049,0,0.5881714114570853,0.04452473985796063,0.1280565908614937,0,0,0.2666352205880128,3.471980127325988,4.944089970522033,0.0129265373781176,4.409395177585228,0,0,0,0,KCP109C,/Users/lopezama/PycharmProjects/sci-cluster/review_outputs/rmelts_parity_audit_v2/2026-02-26/kcp109c_phase7_parity_20260225_224621/runs/kcp109c_phase7_parity_liam_exact/runs/20260225_224621/parallel-results/Parallel_MELTS_KCP109C_dP25.0_02-25_11cores.xlsx,liquid,liquid
563,767,150,0,41.88687168191316,2.205726645727479,-681.6554797139758,-572.1924982933523,105.2376882378729,55.77420425123987,1.899005561865454,0.000132976218223759,1.690462745578352e-05,1.073678094148191e-07,3.282523926436196e-09,-1.663521925494167e-08,,73.89100100897707,0.137140710398905,11.81306850424645,0.2515779788337698,0,0.5674732378492218,0.07400872261394495,0.2039492300315171,0,0,0.2621630180457986,3.455661960621812,4.910710384857057,0.0214864033395324,4.411758840184912,0,0,0,0,KCP109C,/Users/lopezama/PycharmProjects/sci-cluster/review_outputs/rmelts_parity_audit_v2/2026-02-26/kcp109c_phase7_parity_20260225_224621/runs/kcp109c_phase7_parity_liam_exact/runs/20260225_224621/parallel-results/Parallel_MELTS_KCP109C_dP25.0_02-25_11cores.xlsx,liquid,liquid
564,766,150,0,22.66086261558343,2.207663076934659,-368.7311871845156,-309.6152881857009,56.8887061529276,30.1884992758442,1.026463813810214,0.0001329982058642442,1.690529512035576e-05,5.8113277884217e-08,1.773346629513759e-09,-8.975125548053661e-09,,73.69913680445325,0.1788540202324391,11.97383979736878,0.2388667465355845,0,0.5402729766040325,0.1367994666580509,0.2203925050977663,0,0,0.2704157519222639,3.38112209505716,4.911794996572346,0.03971597419104702,4.40878886530728,0,0,0,0,KCP109C,/Users/lopezama/PycharmProjects/sci-cluster/review_outputs/rmelts_parity_audit_v2/2026-02-26/kcp109c_phase7_parity_20260225_224621/runs/kcp109c_phase7_parity_liam_exact/runs/20260225_224621/parallel-results/Parallel_MELTS_KCP109C_dP25.0_02-25_11cores.xlsx,liquid,liquid
565,765,150,0,14.71538414634007,2.209804594695274,-239.3860972270594,-201.0710737251462,36.90702066359697,19.61225528396622,0.6659133654471053,0.0001330042207262749,1.690815882658383e-05,3.775668338514533e-08,1.149991443482197e-09,-5.811245709206025e-09,,73.47985402321012,0.2035512808568562,12.16779152884422,0.2304868173711035,0,0.5233696888104752,0.2102624657873902,0.2246402820636328,0,0,0.2859625072513679,3.284247201922898,4.922638893439849,0.06116036459183754,4.40603494585025,0,0,0,0,KCP109C,/Users/lopezama/PycharmProjects/sci-cluster/review_outputs/rmelts_parity_audit_v2/2026-02-26/kcp109c_phase7_parity_20260225_224621/runs/kcp109c_phase7_parity_liam_exact/runs/20260225_224621/parallel-results/Parallel_MELTS_KCP109C_dP25.0_02-25_11cores.xlsx,liquid,liquid
566,764,150,0,10.5988206746333,2.211902585778485,-172.3670235457467,-144.8220547659849,26.55832693415785,14.13295551354975,0.4791721273250838,0.0001330660040693747,1.691953570292154e-05,2.723636689059536e-08,8.279275547277726e-10,-4.177246913063137e-09,,73.24456394606135,0.2019352210061003,12.38305692767286,0.2279005538237103,0,0.5199898875033792,0.2888093461296717,0.2245122511462954,0,0,0.3049352438240666,3.182830332856431,4.928737617790715,0.08491494567283692,4.407813726512588,0,0,0,0,KCP109C,/Users/lopezama/PycharmProjects/sci-cluster/review_outputs/rmelts_parity_audit_v2/2026-02-26/kcp109c_phase7_parity_20260225_224621/runs/kcp109c_phase7_parity_liam_exact/runs/20260225_224621/parallel-results/Parallel_MELTS_KCP109C_dP25.0_02-25_11cores.xlsx,liquid,liquid
567,763,150,0,8.39890784179287,2.21387396230956,-136.5512635955072,-114.7639578963136,21.02717338145403,11.20484281574677,0.3793760613648914,0.000133125539890368,1.692988983068169e-05,2.161654564936744e-08,6.558038389872719e-10,-3.304194999060252e-09,,73.02381374918197,0.2005718437065352,12.58475113580382,0.225379297509221,0,0.5164352793074561,0.3611427854510607,0.22435354466172,0,0,0.3234816312447727,3.089218476148982,4.934071879016954,0.1071565874213413,4.409623790546156,0,0,0,0,KCP109C,/Users/lopezama/PycharmProjects/sci-cluster/review_outputs/rmelts_parity_audit_v2/2026-02-26/kcp109c_phase7_parity_20260225_224621/runs/kcp109c_phase7_parity_liam_exact/runs/20260225_224621/parallel-results/Parallel_MELTS_KCP109C_dP25.0_02-25_11cores.xlsx,liquid,liquid
568,851,125,0,103.0744263846146,2.182067308903299,-1706.84917137077,-1403.773148390857,269.6046105768029,138.7937701381015,4.723705174631828,0.0001333505350823226,1.743713951101731e-05,2.300124095788018e-07,8.338170984900352e-09,-4.003526925280644e-08,,73.558290903023,0.07955394162553277,12.56370175671523,0.1793053271034435,0,0.4711769420011452,0.03007527061453068,0.08731530178412132,0,0,0.6791190138764992,4.239642986629002,3.890381779492517,0.008731530178412132,4.212705246956543,0,0,0,0,KCP109C,/Users/lopezama/PycharmProjects/sci-cluster/review_outputs/rmelts_parity_audit_v2/2026-02-26/kcp109c_phase7_parity_20260225_224621/runs/kcp109c_phase7_parity_liam_exact/runs/20260225_224621/parallel-results/Parallel_MELTS_KCP109C_dP25.0_02-25_11cores.xlsx,liquid,liquid
569,850,125,0,103.0754209896076,2.182322478733712,-1706.602226661259,-1403.924267661449,269.4902363885582,138.7860521176166,4.723198427091167,0.0001333386951978224,1.74327780423764e-05,2.303517002411322e-07,8.33438279546828e-09,-4.003839282604852e-08,,73.55758111948192,0.07955317398836094,12.56358052621066,0.1795439458543232,0,0.4709561268883668,0.03007498041023401,0.08731445925551809,0,0,0.6791124608762518,4.239602077184601,3.890344240162528,0.008731445925551808,4.213605443761676,0,0,0,0,KCP109C,/Users/lopezama/PycharmProjects/sci-cluster/review_outputs/rmelts_parity_audit_v2/2026-02-26/kcp109c_phase7_parity_20260225_224621/runs/kcp109c_phase7_parity_liam_exact/runs/20260225_224621/parallel-results/Parallel_MELTS_KCP109C_dP25.0_02-25_11cores.xlsx,liquid,liquid
570,849,125,0,103.076412185437,2.182577822094726,-1706.355308441855,-1404.075340360368,269.3757234607561,138.7782988000899,4.722691266353545,0.0001333267010163232,1.74284062517539e-05,2.30690933077511e-07,8.33058589201785e-09,-4.004147332822582e-08,,73.55687378246186,0.0795524089971232,12.56345971357007,0.1797835442867769,0,0.4707344512846255,0.0300746912062295,0.08731361963098887,0,0,0.6791059304632467,4.239561308749126,3.890306830225171,0.008731361963098885,4.214502357161677,0,0,0,0,KCP109C,/Users/lopezama/PycharmProjects/sci-cluster/review_outputs/rmelts_parity_audit_v2/2026-02-26/kcp109c_phase7_parity_20260225_224621/runs/kcp109c_phase7_parity_liam_exact/runs/20260225_224621/parallel-results/Parallel_MELTS_KCP109C_dP25.0_02-25_11cores.xlsx,liquid,liquid
571,848,125,0,103.0773998710336,2.182833342071183,-1706.108414607191,-1404.226365191557,269.261070700293,138.7705098732417,4.722183681381215,0.0001333145505285612,1.742402396946807e-05,2.310301019920835e-07,8.326780107367923e-09,-4.004450964107084e-08,,73.55616896394496,0.07955164672966887,12.56333933108795,0.1800241269302195,0,0.4705119117332688,0.03007440303194799,0.08731278299597803,0,0,0.6790994233020513,4.239520685471377,3.890269553487465,0.008731278299597802,4.215395892985515,0,0,0,0,KCP109C,/Users/lopezama/PycharmProjects/sci-cluster/review_outputs/rmelts_parity_audit_v2/2026-02-26/kcp109c_phase7_parity_20260225_224621/runs/kcp109c_phase7_parity_liam_exact/runs/20260225_224621/parallel-results/Parallel_MELTS_KCP109C_dP25.0_02-25_11cores.xlsx,liquid,liquid
572,847,125,0,103.0783840432876,2.183089038164019,-1705.861545294939,-1404.377342063651,269.1462779371413,138.7626852806194,4.721675673383285,0.0001333022436483733,1.741963120567942e-05,2.313692060774713e-07,8.322965448947812e-09,-4.004750174203792e-08,,73.55546666600587,0.07955088718824176,12.56321937911867,0.1802656980679735,0,0.4702885043979556,0.03007411588823773,0.08731194935294825,0,0,0.6790929394118198,4.239480207470931,3.890232410059139,0.008731194935294825,4.216286048102891,0,0,0,0,KCP109C,/Users/lopezama/PycharmProjects/sci-cluster/review_outputs/rmelts_parity_audit_v2/2026-02-26/kcp109c_phase7_parity_20260225_224621/runs/kcp109c_phase7_parity_liam_exact/runs/20260225_224621/parallel-results/Parallel_MELTS_KCP109C_dP25.0_02-25_11cores.xlsx,liquid,liquid
573,846,125,0,103.0793644268004,2.183344919779487,-1705.61469442182,-1404.528267532825,269.0313424375599,138.7548242546197,4.721167209678037,0.0001332897749530838,1.741522747300082e-05,2.31708229910098e-07,8.319141440620241e-09,-4.005044656525856e-08,,73.5547670850174,0.07955013058522072,12.56309989120254,0.1805082627504419,0,0.4700642264228609,0.03007382985538832,0.08731111893499834,0,0,0.6790864806055427,4.23943988606603,3.890195410326037,0.008731111893499833,4.217172566340016,0,0,0,0,KCP109C,/Users/lopezama/PycharmProjects/sci-cluster/review_outputs/rmelts_parity_audit_v2/2026-02-26/kcp109c_phase7_parity_20260225_224621/runs/kcp109c_phase7_parity_liam_exact/runs/20260225_224621/parallel-results/Parallel_MELTS_KCP109C_dP25.0_02-25_11cores.xlsx,liquid,liquid
574,845,125,0,103.080341239753,2.183600978342974,-1705.367867187619,-1404.679144230497,268.916266115568,138.7469273165481,4.720658319084268,0.0001332771486978404,1.741081318700727e-05,2.320471843375304e-07,8.315308483608223e-09,-4.005334656253626e-08,,73.55407006513992,0.07954937675206386,12.56298084072228,0.180751824697872,0,0.4698390731204213,0.03007354486968268,0.08731029155714326,0,0,0.6790800454444476,4.239399712274622,3.890158546046049,0.008731029155714325,4.21805565021976,0,0,0,0,KCP109C,/Users/lopezama/PycharmProjects/sci-cluster/review_outputs/rmelts_parity_audit_v2/2026-02-26/kcp109c_phase7_parity_20260225_224621/runs/kcp109c_phase7_parity_liam_exact/runs/20260225_224621/parallel-results/Parallel_MELTS_KCP109C_dP25.0_02-25_11cores.xlsx,liquid,liquid
575,844,125,0,103.0813143088672,2.183857219524724,-1705.12105984741,-1404.829969968683,268.8010471993259,138.7389939653442,4.720148981685758,0.0001332643614649789,1.740638804778854e-05,2.323860593451825e-07,8.311466283793267e-09,-4.005619981022774e-08,,73.55337572987013,0.07954862582233392,12.56286224877103,0.1809963887241789,0,0.4696130412209544,0.03007326098161404,0.08730946736597625,0,0,0.6790736350687041,4.239359693214625,3.890121823750719,0.008730946736597625,4.218935138473141,0,0,0,0,KCP109C,/Users/lopezama/PycharmProjects/sci-cluster/review_outputs/rmelts_parity_audit_v2/2026-02-26/kcp109c_phase7_parity_20260225_224621/runs/kcp109c_phase7_parity_liam_exact/runs/20260225_224621/parallel-results/Parallel_MELTS_KCP109C_dP25.0_02-25_11cores.xlsx,liquid,liquid
576,843,125,0,103.0822829642727,2.184113666974194,-1704.874257331176,-1404.980736439529,268.685679247097,138.7310224038884,4.719639115993435,0.0001332514001165874,1.740195085158644e-05,2.327248183012374e-07,8.307613667887768e-09,-4.005899883818337e-08,,73.55268455702989,0.07954787831279951,12.56274419696041,0.1812419610322609,0,0.4693861292517501,0.03007297838654615,0.08730864692868237,0,0,0.6790672538897519,4.239319856426022,3.890085268711293,0.008730864692868236,4.219810408377719,0,0,0,0,KCP109C,/Users/lopezama/PycharmProjects/sci-cluster/review_outputs/rmelts_parity_audit_v2/2026-02-26/kcp109c_phase7_parity_20260225_224621/runs/kcp109c_phase7_parity_liam_exact/runs/20260225_224621/parallel-results/Parallel_MELTS_KCP109C_dP25.0_02-25_11cores.xlsx,liquid,liquid
577,842,125,0,103.0832491180968,2.184370250711199,-1704.627503488896,-1405.131467144961,268.5701801048608,138.7230175742271,4.719128961060262,0.0001332383020775073,1.73975051002849e-05,2.330635627216162e-07,8.303754038478004e-09,-4.006176502126282e-08,,73.55199518210334,0.07954713274772464,12.56262645223212,0.1814885407443604,0,0.4691583262693358,0.03007269652657883,0.08730782862555142,0,0,0.6790608893098444,4.239280123262886,3.89004880876068,0.008730782862555141,4.220683236555001,0,0,0,0,KCP109C,/Users/lopezama/PycharmProjects/sci-cluster/review_outputs/rmelts_parity_audit_v2/2026-02-26/kcp109c_phase7_parity_20260225_224621/runs/kcp109c_phase7_parity_liam_exact/runs/20260225_224621/parallel-results/Parallel_MELTS_KCP109C_dP25.0_02-25_11cores.xlsx,liquid,liquid
578,841,125,0,103.0842105570381,2.184627050323454,-1704.38074803763,-1405.282134760188,268.4545288133927,138.7149736506715,4.71861824386801,0.0001332250239901673,1.739304677851515e-05,2.334021733435356e-07,8.29988348793075e-09,-4.006447364798692e-08,,73.5513091841916,0.07954639083492111,12.56250928429547,0.1817361383536699,0,0.4689296364102996,0.03007241604734822,0.08730701433101097,0,0,0.6790545559078631,4.239240584739088,3.890012527415045,0.008730701433101095,4.221551566040576,0,0,0,0,KCP109C,/Users/lopezama/PycharmProjects/sci-cluster/review_outputs/rmelts_parity_audit_v2/2026-02-26/kcp109c_phase7_parity_20260225_224621/runs/kcp109c_phase7_parity_liam_exact/runs/20260225_224621/parallel-results/Parallel_MELTS_KCP109C_dP25.0_02-25_11cores.xlsx,liquid,liquid
579,840,125,0,103.0851683819388,2.184884025267884,-1704.134016310098,-1405.432752793399,268.3387355852307,138.7068934572372,4.718107102700783,0.0001332115873901197,1.738857790886766e-05,2.337407083054631e-07,8.296003980471903e-09,-4.006713702900626e-08,,73.55062577766394,0.07954565172472237,12.5623925589653,0.1819847552548443,0,0.4687000516641827,0.03007213662763894,0.08730620311250016,0,0,0.6790482464305567,4.239201195573619,3.889976383123618,0.008730620311250015,4.222416419547812,0,0,0,0,KCP109C,/Users/lopezama/PycharmProjects/sci-cluster/review_outputs/rmelts_parity_audit_v2/2026-02-26/kcp109c_phase7_parity_20260225_224621/runs/kcp109c_phase7_parity_liam_exact/runs/20260225_224621/parallel-results/Parallel_MELTS_KCP109C_dP25.0_02-25_11cores.xlsx,liquid,liquid
580,839,125,0,103.0861219988119,2.185141196363019,-1703.88729498717,-1405.58331386616,268.2227946958688,138.6987753949743,4.717595465702167,0.0001331979806380117,1.738409742917461e-05,2.340791349031671e-07,8.292114479807723e-09,-4.006974854526031e-08,,73.54994538617342,0.07954491587531295,12.56227634860125,0.182234397533536,0,0.4684695701979836,0.03007185844066709,0.08730539547290445,0,0,0.6790419647892568,4.239161980184361,3.889940398292743,0.008730539547290445,4.223277244891257,0,0,0,0,KCP109C,/Users/lopezama/PycharmProjects/sci-cluster/review_outputs/rmelts_parity_audit_v2/2026-02-26/kcp109c_phase7_parity_20260225_224621/runs/kcp109c_phase7_parity_liam_exact/runs/20260225_224621/parallel-results/Parallel_MELTS_KCP109C_dP25.0_02-25_11cores.xlsx,liquid,liquid
581,838,125,0,103.0870715734373,2.185398556933987,-1703.640588073509,-1405.733819964123,268.106707563682,138.6906198473224,4.717083355178181,0.0001331842069646294,1.737960565953637e-05,2.344174611792347e-07,8.288215294276496e-09,-4.007231006292764e-08,,73.54926789127474,0.0795441831585932,12.56216063297295,0.1824850692026106,0,0.4682381873823866,0.03007158143800474,0.08730459127162667,0,0,0.6790357098904296,4.239122931744539,3.889904566658033,0.008730459127162667,4.224134195878912,0,0,0,0,KCP109C,/Users/lopezama/PycharmProjects/sci-cluster/review_outputs/rmelts_parity_audit_v2/2026-02-26/kcp109c_phase7_parity_20260225_224621/runs/kcp109c_phase7_parity_liam_exact/runs/20260225_224621/parallel-results/Parallel_MELTS_KCP109C_dP25.0_02-25_11cores.xlsx,liquid,liquid
582,837,125,0,102.9261036484657,2.185597524544926,-1700.667654145328,-1403.65446487798,267.5432952910403,138.4467631940884,4.709288992715914,0.0001331074741837557,1.737194032516796e-05,2.342838530906763e-07,8.268041299909333e-09,-3.998819387317146e-08,,73.57335106900005,0.07966858387701636,12.54545413050276,0.1830051489280378,0,0.4687592997302762,0.03011861097789643,0.08744112864550575,0,0,0.6713261962677393,4.233991793461218,3.895011419334449,0.008744112864550575,4.223128506410507,0,0,0,0,KCP109C,/Users/lopezama/PycharmProjects/sci-cluster/review_outputs/rmelts_parity_audit_v2/2026-02-26/kcp109c_phase7_parity_20260225_224621/runs/kcp109c_phase7_parity_liam_exact/runs/20260225_224621/parallel-results/Parallel_MELTS_KCP109C_dP25.0_02-25_11cores.xlsx,liquid,liquid
583,836,125,0,102.7310348899151,2.185786243276298,-1697.121727460265,-1401.10525475333,266.8858790126991,138.1533996816424,4.699957976491356,0.0001330170601431701,1.736357501865935e-05,2.340488595492416e-07,8.244434387862496e-09,-3.98856508361206e-08,,73.60252313495349,0.07981986118999847,12.52535219815757,0.1835844361467275,0,0.4694408270770126,0.03017580118158478,0.08760716472073002,0,0,0.6621542516690205,4.227674348480288,3.901196116186039,0.008760716472073,4.221711143765448,0,0,0,0,KCP109C,/Users/lopezama/PycharmProjects/sci-cluster/review_outputs/rmelts_parity_audit_v2/2026-02-26/kcp109c_phase7_parity_20260225_224621/runs/kcp109c_phase7_parity_liam_exact/runs/20260225_224621/parallel-results/Parallel_MELTS_KCP109C_dP25.0_02-25_11cores.xlsx,liquid,liquid
584,835,125,0,102.5344201840009,2.18597667939044,-1693.551074255407,-1398.534499489479,266.224405329538,137.8579289723968,4.690554165133758,0.0001329255569757295,1.735514329939095e-05,2.338071557337531e-07,8.22066546764557e-09,-3.978208631947873e-08,,73.63179484144828,0.07997291985949502,12.50519974006803,0.184169173393071,0,0.4701316136465283,0.03023366482493104,0.08777515594334817,0,0,0.653084810565563,4.221182674034645,3.907423793394844,0.008777515594334817,4.220254097226921,0,0,0,0,KCP109C,/Users/lopezama/PycharmProjects/sci-cluster/review_outputs/rmelts_parity_audit_v2/2026-02-26/kcp109c_phase7_parity_20260225_224621/runs/kcp109c_phase7_parity_liam_exact/runs/20260225_224621/parallel-results/Parallel_MELTS_KCP109C_dP25.0_02-25_11cores.xlsx,liquid,liquid
585,834,125,0,102.3362534290909,2.186168842417287,-1689.95561177987,-1395.942114275584,265.5588651079673,137.5603442275001,4.681077300321224,0.0001328329564920233,1.734664498302748e-05,2.335587091730641e-07,8.196734464195845e-09,-3.967749758220308e-08,,73.66116757422859,0.08012778186687217,12.48499610237632,0.1847594256552583,0,0.4708317757312827,0.03029221021796386,0.08794512643924993,0,0,0.6441190762988149,4.214515312675588,3.913694004145008,0.00879451264392499,4.218757097721115,0,0,0,0,KCP109C,/Users/lopezama/PycharmProjects/sci-cluster/review_outputs/rmelts_parity_audit_v2/2026-02-26/kcp109c_phase7_parity_20260225_224621/runs/kcp109c_phase7_parity_liam_exact/runs/20260225_224621/parallel-results/Parallel_MELTS_KCP109C_dP25.0_02-25_11cores.xlsx,liquid,liquid
586,833,125,0,102.1365075941826,2.186362736455087,-1686.33490368094,-1393.327725178807,264.8891908892401,137.2606079677898,4.671526178669883,0.0001327392407336418,1.733807932273829e-05,2.333034221827719e-07,8.172639083663304e-09,-3.957187008054609e-08,,73.69064605180739,0.08028448601621815,12.46473839985875,0.1853552945819751,0,0.4715415303903949,0.03035145203052149,0.08811711879828821,0,0,0.6352572149005626,4.207669995819797,3.920007187335889,0.008811711879828819,4.217219556580364,0,0,0,0,KCP109C,/Users/lopezama/PycharmProjects/sci-cluster/review_outputs/rmelts_parity_audit_v2/2026-02-26/kcp109c_phase7_parity_20260225_224621/runs/kcp109c_phase7_parity_liam_exact/runs/20260225_224621/parallel-results/Parallel_MELTS_KCP109C_dP25.0_02-25_11cores.xlsx,liquid,liquid
587,832,125,0,101.9351648844585,2.186558366304109,-1682.688670870473,-1390.691086189611,264.2153415200301,136.95869632477,4.661900018555518,0.0001326443963896026,1.732944588712056e-05,2.330412276486541e-07,8.148378087682885e-09,-3.94651948094752e-08,,73.72023365969441,0.08044306446220596,12.44442465169137,0.1859568677562989,0,0.4722610544711709,0.03041140241863884,0.08829116831217726,0,0,0.6264998245701209,4.20064487947878,3.926363257241038,0.008829116831217725,4.215641053072543,0,0,0,0,KCP109C,/Users/lopezama/PycharmProjects/sci-cluster/review_outputs/rmelts_parity_audit_v2/2026-02-26/kcp109c_phase7_parity_20260225_224621/runs/kcp109c_phase7_parity_liam_exact/runs/20260225_224621/parallel-results/Parallel_MELTS_KCP109C_dP25.0_02-25_11cores.xlsx,liquid,liquid
588,831,125,0,101.7321931637569,2.186755734318625,-1679.016390041206,-1388.031751743423,263.5372352468264,136.6545641773133,4.652197388450237,0.0001325484020548096,1.732074371379781e-05,2.327720098239664e-07,8.123948608590134e-09,-3.935745423916818e-08,,73.74993620117574,0.0806035612627424,12.42405122457545,0.1865642591975583,0,0.4729905956735743,0.03047207803835383,0.08846732333715628,0,0,0.6178466948836944,4.193437361811868,3.932763091732271,0.008846732333715628,4.214020875977874,0,0,0,0,KCP109C,/Users/lopezama/PycharmProjects/sci-cluster/review_outputs/rmelts_parity_audit_v2/2026-02-26/kcp109c_phase7_parity_20260225_224621/runs/kcp109c_phase7_parity_liam_exact/runs/20260225_224621/parallel-results/Parallel_MELTS_KCP109C_dP25.0_02-25_11cores.xlsx,liquid,liquid
589,830,125,0,101.527585175811,2.186954845547023,-1675.317962262983,-1385.34962214404,262.8548611874567,136.3482032316624,4.64241798967806,0.0001324512496976668,1.731197275232406e-05,2.324957370627989e-07,8.09935063656065e-09,-3.924864573302959e-08,,73.77975563115167,0.08076600142109058,12.40361712964593,0.1871775416243115,0,0.4737302873607062,0.03053348834211961,0.08864561131583111,0,0,0.609298904035662,4.186046145741919,3.939205895951269,0.00886456113158311,4.212358802277913,0,0,0,0,KCP109C,/Users/lopezama/PycharmProjects/sci-cluster/review_outputs/rmelts_parity_audit_v2/2026-02-26/kcp109c_phase7_parity_20260225_224621/runs/kcp109c_phase7_parity_liam_exact/runs/20260225_224621/parallel-results/Parallel_MELTS_KCP109C_dP25.0_02-25_11cores.xlsx,liquid,liquid
590,829,125,0,101.3213191311575,2.18715570258995,-1671.593040816793,-1382.644395314791,262.1681672204342,136.039583616671,4.632560864833559,0.0001323529229578099,1.730313239971172e-05,2.322123281072024e-07,8.074582497544222e-09,-3.9138757973227e-08,,73.80969637298091,0.0809304219846789,12.38311968629125,0.1877968145345754,0,0.4744803345600218,0.03059564733567129,0.0888260729100134,0,0,0.6008566906185606,4.178469151238514,3.945691892305853,0.00888260729100134,4.210654307948943,0,0,0,0,KCP109C,/Users/lopezama/PycharmProjects/sci-cluster/review_outputs/rmelts_parity_audit_v2/2026-02-26/kcp109c_phase7_parity_20260225_224621/runs/kcp109c_phase7_parity_liam_exact/runs/20260225_224621/parallel-results/Parallel_MELTS_KCP109C_dP25.0_02-25_11cores.xlsx,liquid,liquid
591,828,125,0,101.1133736022252,2.187358307045165,-1667.841285537521,-1379.915774133587,261.4771024873396,135.7286759846355,4.622625075944516,0.0001322534055308362,1.729422207693838e-05,2.319217032163411e-07,8.049642583400705e-09,-3.902777996355017e-08,,73.83976294881097,0.08109686034750274,12.36255615169928,0.1884221786095764,0,0.4752409439897979,0.03065856915576323,0.08900874916189325,0,0,0.5925202514332937,4.17070433414766,3.952221260836089,0.008900874916189324,4.208906876891978,0,0,0,0,KCP109C,/Users/lopezama/PycharmProjects/sci-cluster/review_outputs/rmelts_parity_audit_v2/2026-02-26/kcp109c_phase7_parity_20260225_224621/runs/kcp109c_phase7_parity_liam_exact/runs/20260225_224621/parallel-results/Parallel_MELTS_KCP109C_dP25.0_02-25_11cores.xlsx,liquid,liquid
592,827,125,0,100.9037297989327,2.187562660247136,-1664.062402140162,-1377.163498499547,260.7816239972862,135.4154549872201,4.61260980691329,0.0001321526827360969,1.72852413435672e-05,2.316237927180351e-07,8.024529635248083e-09,-3.891570246514436e-08,,73.8699595157098,0.08126535242842424,12.34192404903539,0.1890537315584866,0,0.4760123133141015,0.03072226738147745,0.08919367949461196,0,0,0.5842899492464911,4.162749820638944,3.958793892128251,0.008919367949461195,4.207116061114565,0,0,0,0,KCP109C,/Users/lopezama/PycharmProjects/sci-cluster/review_outputs/rmelts_parity_audit_v2/2026-02-26/kcp109c_phase7_parity_20260225_224621/runs/kcp109c_phase7_parity_liam_exact/runs/20260225_224621/parallel-results/Parallel_MELTS_KCP109C_dP25.0_02-25_11cores.xlsx,liquid,liquid
593,826,125,0,100.6923722538981,2.187768763337193,-1660.25615213604,-1374.387353758192,260.0816980192405,135.0999000129962,4.602514394633886,0.0001320507408951696,1.727618981765179e-05,2.31318536598972e-07,7.999242733940637e-09,-3.880251807659667e-08,,73.9002899340887,0.0814359320898042,12.32122109469518,0.1896915671674008,0,0.4767946273761882,0.03078675481443817,0.08938090107417532,0,0,0.576166182162535,4.154603860201876,3.965409611924358,0.00893809010741753,4.205281444297928,0,0,0,0,KCP109C,/Users/lopezama/PycharmProjects/sci-cluster/review_outputs/rmelts_parity_audit_v2/2026-02-26/kcp109c_phase7_parity_20260225_224621/runs/kcp109c_phase7_parity_liam_exact/runs/20260225_224621/parallel-results/Parallel_MELTS_KCP109C_dP25.0_02-25_11cores.xlsx,liquid,liquid
594,825,125,0,100.4792923610672,2.187976617747343,-1656.422412122412,-1371.587219368926,259.3773097969178,134.7820002684351,4.592338489636912,0.0001319475687317925,1.72670672475843e-05,2.310058950344041e-07,7.973781652488134e-09,-3.868822314549798e-08,,73.93075729377499,0.08160862822306493,12.30044551112973,0.1903357690540256,0,0.4775880406459799,0.03085204237701235,0.089570445610681,0,0,0.5681494783507256,4.146264979531573,3.972068081981886,0.008957044561068099,4.203402684759259,0,0,0,0,KCP109C,/Users/lopezama/PycharmProjects/sci-cluster/review_outputs/rmelts_parity_audit_v2/2026-02-26/kcp109c_phase7_parity_20260225_224621/runs/kcp109c_phase7_parity_liam_exact/runs/20260225_224621/parallel-results/Parallel_MELTS_KCP109C_dP25.0_02-25_11cores.xlsx,liquid,liquid
595,824,125,0,100.2644770908008,2.188186222974777,-1652.560984540686,-1368.762913797788,258.6684325232633,134.4617385289464,4.582081544892192,0.0001318431529783218,1.725787329108628e-05,2.30685815212192e-07,7.94814573149462e-09,-3.857281168460649e-08,,73.96136547658544,0.08178347384953108,12.27959499625174,0.1909864301356647,0,0.4783927320615654,0.0309181425528715,0.08976234934704629,0,0,0.5602401366196645,4.13773154889153,3.978769095599575,0.008976234934704628,4.201479383170656,0,0,0,0,KCP109C,/Users/lopezama/PycharmProjects/sci-cluster/review_outputs/rmelts_parity_audit_v2/2026-02-26/kcp109c_phase7_parity_20260225_224621/runs/kcp109c_phase7_parity_liam_exact/runs/20260225_224621/parallel-results/Parallel_MELTS_KCP109C_dP25.0_02-25_11cores.xlsx,liquid,liquid
596,823,125,0,100.0479081160585,2.188397576767659,-1648.671584558604,-1365.914183452248,257.9550254129054,134.1390901395198,4.57174277554414,0.0001317374788933005,1.72486075875537e-05,2.303582310738568e-07,7.922333866985723e-09,-3.84562751812414e-08,,73.9921190925662,0.08196050692690862,12.2586667920585,0.1916436540670953,0,0.4792089101475402,0.03098506969188008,0.08995665394416798,0,0,0.552438373713642,4.129001796867706,3.985512369838529,0.008995665394416798,4.199511114783427,0,0,0,0,KCP109C,/Users/lopezama/PycharmProjects/sci-cluster/review_outputs/rmelts_parity_audit_v2/2026-02-26/kcp109c_phase7_parity_20260225_224621/runs/kcp109c_phase7_parity_liam_exact/runs/20260225_224621/parallel-results/Parallel_MELTS_KCP109C_dP25.0_02-25_11cores.xlsx,liquid,liquid
597,822,125,0,99.82955226801899,2.188610672987479,-1644.753677746904,-1363.04056977762,257.2370067746741,133.8140088788878,4.561320727352137,0.0001316305249321724,1.723926941212846e-05,2.300230308890341e-07,7.8963434384657e-09,-3.833859697430989e-08,,74.0230251243757,0.08213977831256593,12.23765655637205,0.192307572939477,0,0.480036860403826,0.03105284302060419,0.09015341522110894,0,0,0.5447437582986249,4.120073312185027,3.992298197812169,0.009015341522110892,4.197497239536749,0,0,0,0,KCP109C,/Users/lopezama/PycharmProjects/sci-cluster/review_outputs/rmelts_parity_audit_v2/2026-02-26/kcp109c_phase7_parity_20260225_224621/runs/kcp109c_phase7_parity_liam_exact/runs/20260225_224621/parallel-results/Parallel_MELTS_KCP109C_dP25.0_02-25_11cores.xlsx,liquid,liquid
598,821,125,0,99.60943949510192,2.188825515484198,-1640.80778783635,-1360.142482166203,256.5144684642395,133.4865393089948,4.55081680976599,0.0001315222946066903,1.722985933392488e-05,2.296802908665613e-07,7.870178144336114e-09,-3.821979465190882e-08,,74.05408196554757,0.08232128762348018,12.21656561307844,0.1929782092582074,0,0.4808765595344784,0.03112146239424251,0.09035263275747824,0,0,0.5371577214360385,4.110946279383305,3.999125119022677,0.009035263275747822,4.195437886688339,0,0,0,0,KCP109C,/Users/lopezama/PycharmProjects/sci-cluster/review_outputs/rmelts_parity_audit_v2/2026-02-26/kcp109c_phase7_parity_20260225_224621/runs/kcp109c_phase7_parity_liam_exact/runs/20260225_224621/parallel-results/Parallel_MELTS_KCP109C_dP25.0_02-25_11cores.xlsx,liquid,liquid
599,820,125,0,99.38754215084002,2.189042096766006,-1636.833473983463,-1357.219538350252,255.7873444936296,133.1566431934062,4.540229824619214,0.0001314127687382469,1.722037680563186e-05,2.293299177708533e-07,7.843835988015519e-09,-3.809985487448283e-08,,74.08529608746343,0.08250508230474034,12.19538997066836,0.1936556884923274,0,0.4817282718677073,0.03119094574935305,0.09055435862715401,0,0,0.5296799196607724,4.101618602317575,4.005993129693098,0.009055435862715401,4.193332507292756,0,0,0,0,KCP109C,/Users/lopezama/PycharmProjects/sci-cluster/review_outputs/rmelts_parity_audit_v2/2026-02-26/kcp109c_phase7_parity_20260225_224621/runs/kcp109c_phase7_parity_liam_exact/runs/20260225_224621/parallel-results/Parallel_MELTS_KCP109C_dP25.0_02-25_11cores.xlsx,liquid,liquid
600,819,125,0,99.16385612418058,2.189260412182038,-1632.830689830914,-1354.271679557006,255.05563363449,132.8243160913234,4.529559643630694,0.0001313019373219026,1.721082176073877e-05,2.289718885353244e-07,7.817317333363458e-09,-3.797877711262182e-08,,74.11667089302746,0.08269119104903784,12.17412765859716,0.1943400963221627,0,0.4825921484373969,0.03126130393317284,0.09075862432211469,0,0,0.5223106301875018,4.092089168027913,4.012901587487298,0.009075862432211469,4.191180836176553,0,0,0,0,KCP109C,/Users/lopezama/PycharmProjects/sci-cluster/review_outputs/rmelts_parity_audit_v2/2026-02-26/kcp109c_phase7_parity_20260225_224621/runs/kcp109c_phase7_parity_liam_exact/runs/20260225_224621/parallel-results/Parallel_MELTS_KCP109C_dP25.0_02-25_11cores.xlsx,liquid,liquid
601,818,125,0,98.93837515415412,2.189480455368209,-1628.799353197407,-1351.298817433275,254.3193289319817,132.4895504360461,4.518806044218167,0.0001311897894105845,1.720119410588666e-05,2.286061743540659e-07,7.790622352536226e-09,-3.785655979324087e-08,,74.14821025781372,0.08287964489022401,12.1527763959887,0.1950315238858703,0,0.4834683539805196,0.03133254867801151,0.09096546390390438,0,0,0.5150499839697693,4.082356814587779,4.01984987957155,0.009096546390390437,4.188982586339566,0,0,0,0,KCP109C,/Users/lopezama/PycharmProjects/sci-cluster/review_outputs/rmelts_parity_audit_v2/2026-02-26/kcp109c_phase7_parity_20260225_224621/runs/kcp109c_phase7_parity_liam_exact/runs/20260225_224621/parallel-results/Parallel_MELTS_KCP109C_dP25.0_02-25_11cores.xlsx,liquid,liquid
602,817,125,0,98.71111387051937,2.189702222017437,-1624.739731703072,-1348.301150851251,253.5784808070646,132.1523686143802,4.507969753968369,0.0001310763223837418,1.719149418587314e-05,2.282328092960688e-07,7.763753310491924e-09,-3.773321274753278e-08,,74.17991533252572,0.08307045786731057,12.13133569291191,0.1957300261359303,0,0.4843569506716687,0.03140468529130034,0.09117489278119452,0,0,0.5078986278974771,4.072421294242747,4.02683681995079,0.00911748927811945,4.186737730445825,0,0,0,0,KCP109C,/Users/lopezama/PycharmProjects/sci-cluster/review_outputs/rmelts_parity_audit_v2/2026-02-26/kcp109c_phase7_parity_20260225_224621/runs/kcp109c_phase7_parity_liam_exact/runs/20260225_224621/parallel-results/Parallel_MELTS_KCP109C_dP25.0_02-25_11cores.xlsx,liquid,liquid
603,816,125,0,98.48204928847551,2.189925700107234,-1620.651463456756,-1345.278361435902,252.8330367909418,131.8127389509687,4.497049798705643,0.0001309615184083311,1.718172160253609e-05,2.278517161150565e-07,7.736708761421294e-09,-3.760872560272285e-08,,74.2117926814043,0.08326367609360998,12.10980150007825,0.1964357275378138,0,0.485258193153382,0.03147773120612084,0.09138696156615728,0,0,0.5008560239904182,4.062280835196653,4.033862187463114,0.009138696156615727,4.18444578615358,0,0,0,0,KCP109C,/Users/lopezama/PycharmProjects/sci-cluster/review_outputs/rmelts_parity_audit_v2/2026-02-26/kcp109c_phase7_parity_20260225_224621/runs/kcp109c_phase7_parity_liam_exact/runs/20260225_224621/parallel-results/Parallel_MELTS_KCP109C_dP25.0_02-25_11cores.xlsx,liquid,liquid
604,815,125,0,98.25118156945493,2.190150880012713,-1616.534574312292,-1342.230449123064,252.0830080312712,131.4706629872674,4.486046256725682,0.000130845368922662,1.717187644863052e-05,2.274628873034024e-07,7.709489583407346e-09,-3.748310063083906e-08,,74.24384583191048,0.08345932689379136,12.0881717674395,0.1971487125300759,0,0.4861722227000249,0.03155169675253088,0.09160170024928319,0,0,0.4939222262223761,4.051934678404906,4.040925105693075,0.009160170024928319,4.18210656117903,0,0,0,0,KCP109C,/Users/lopezama/PycharmProjects/sci-cluster/review_outputs/rmelts_parity_audit_v2/2026-02-26/kcp109c_phase7_parity_20260225_224621/runs/kcp109c_phase7_parity_liam_exact/runs/20260225_224621/parallel-results/Parallel_MELTS_KCP109C_dP25.0_02-25_11cores.xlsx,liquid,liquid
605,814,125,0,98.01855965864517,2.190377758426554,-1612.389905830845,-1339.158084520651,251.3285391254139,131.1262121553791,4.474961420766812,0.000130727885028955,1.716195981046805e-05,2.270664614892985e-07,7.68210148653854e-09,-3.735636653388764e-08,,74.27607169382162,0.08365739647989025,12.06644878223217,0.197868977204538,0,0.4870989332028068,0.03162657671800728,0.0918190936974405,0,0,0.4870985466523604,4.041384179570345,4.048023446369679,0.009181909369744048,4.179720464681398,0,0,0,0,KCP109C,/Users/lopezama/PycharmProjects/sci-cluster/review_outputs/rmelts_parity_audit_v2/2026-02-26/kcp109c_phase7_parity_20260225_224621/runs/kcp109c_phase7_parity_liam_exact/runs/20260225_224621/parallel-results/Parallel_MELTS_KCP109C_dP25.0_02-25_11cores.xlsx,liquid,liquid
606,813,125,0,97.78413003662354,2.190606313791577,-1608.216586078146,-1336.06052945932,250.5694946543533,130.7793108758039,4.463792942665967,0.0001306090363827746,1.715197074071183e-05,2.266622727688217e-07,7.654540082137682e-09,-3.722849685535236e-08,,74.30848165890333,0.08385795867129658,12.04462533138608,0.1985967071538141,0,0.488038744587,0.03170239900988041,0.09203922293191087,0,0,0.480383314933082,4.03062642851667,4.055157651560364,0.009203922293191086,4.177286660053349,0,0,0,0,KCP109C,/Users/lopezama/PycharmProjects/sci-cluster/review_outputs/rmelts_parity_audit_v2/2026-02-26/kcp109c_phase7_parity_20260225_224621/runs/kcp109c_phase7_parity_liam_exact/runs/20260225_224621/parallel-results/Parallel_MELTS_KCP109C_dP25.0_02-25_11cores.xlsx,liquid,liquid
607,812,125,0,97.54792561036803,2.19083653686096,-1604.015188588221,-1332.938234098977,249.8059756616543,130.4300074872166,4.452542395067736,0.0001304888276798784,1.714191005832046e-05,2.262504140096934e-07,7.626809546706854e-09,-3.709951194941393e-08,,74.34107523428864,0.08406101423164541,12.02270199592754,0.199331930667105,0,0.4889916374691832,0.03177916391684156,0.09226208879083032,0,0,0.4737771971973499,4.019662224317219,4.062325923448981,0.009226208879083032,4.174805380865545,0,0,0,0,KCP109C,/Users/lopezama/PycharmProjects/sci-cluster/review_outputs/rmelts_parity_audit_v2/2026-02-26/kcp109c_phase7_parity_20260225_224621/runs/kcp109c_phase7_parity_liam_exact/runs/20260225_224621/parallel-results/Parallel_MELTS_KCP109C_dP25.0_02-25_11cores.xlsx,liquid,liquid
608,811,125,0,97.30996936274262,2.191068415248498,-1599.786120522419,-1329.791512113153,249.0380559971093,130.0783359817643,4.441210903572188,0.0001303672594757497,1.71317783872627e-05,2.258309490275325e-07,7.598913073390944e-09,-3.696942684556431e-08,,74.3738535005447,0.08426657252572696,12.00067832263904,0.2000746949431329,0,0.4899576438370436,0.03185687497923824,0.09248770155262714,0,0,0.4672804476392632,4.008492021553625,4.069526709926296,0.009248770155262714,4.172276739704023,0,0,0,0,KCP109C,/Users/lopezama/PycharmProjects/sci-cluster/review_outputs/rmelts_parity_audit_v2/2026-02-26/kcp109c_phase7_parity_20260225_224621/runs/kcp109c_phase7_parity_liam_exact/runs/20260225_224621/parallel-results/Parallel_MELTS_KCP109C_dP25.0_02-25_11cores.xlsx,liquid,liquid
609,810,125,0,97.07027883454768,2.191301933885701,-1595.529698094291,-1326.620602487437,248.2657947715961,129.7243225115835,4.429799350490185,0.0001302443303742497,1.712157628531407e-05,2.25403926944034e-07,7.570853349867644e-09,-3.683825384177739e-08,,74.40681844323096,0.08447464782323681,11.97855326244524,0.2008250580667522,0,0.4909368248807524,0.03193553759171147,0.09271607687916235,0,0,0.4608930787313543,3.997116121509964,4.076758539247176,0.009271607687916234,4.169700801905791,0,0,0,0,KCP109C,/Users/lopezama/PycharmProjects/sci-cluster/review_outputs/rmelts_parity_audit_v2/2026-02-26/kcp109c_phase7_parity_20260225_224621/runs/kcp109c_phase7_parity_liam_exact/runs/20260225_224621/parallel-results/Parallel_MELTS_KCP109C_dP25.0_02-25_11cores.xlsx,liquid,liquid
610,809,125,0,96.82885181854616,2.191537072662442,-1591.245907250399,-1323.425472476899,247.4891972217348,129.3679648151788,4.418307726864565,0.0001301200306789002,1.711130391548171e-05,2.249693382032854e-07,7.542631123706996e-09,-3.670599464649604e-08,,74.43997507767764,0.08468527192666643,11.95632377565468,0.2015831165900506,0,0.4919293465770747,0.03201516377715438,0.09294724967560948,0,0,0.4546144017002013,3.98553403743814,4.084020447023598,0.009294724967560947,4.167077386991606,0,0,0,0,KCP109C,/Users/lopezama/PycharmProjects/sci-cluster/review_outputs/rmelts_parity_audit_v2/2026-02-26/kcp109c_phase7_parity_20260225_224621/runs/kcp109c_phase7_parity_liam_exact/runs/20260225_224621/parallel-results/Parallel_MELTS_KCP109C_dP25.0_02-25_11cores.xlsx,liquid,liquid
611,808,125,0,96.58571863869476,2.191773815026452,-1586.935277451024,-1320.206536809729,246.7083574354112,129.009307200204,4.406737500763923,0.000129994364225286,1.710096213336675e-05,2.245272719225318e-07,7.514250367404174e-09,-3.657266867368638e-08,,74.4733239721409,0.08489844865459742,11.93398973427784,0.2023489067450013,0,0.4929352066848789,0.03209575497917707,0.09318122413309472,0,0,0.4484445372842557,3.973746762670056,4.091310596199013,0.009318122413309472,4.164406733817875,0,0,0,0,KCP109C,/Users/lopezama/PycharmProjects/sci-cluster/review_outputs/rmelts_parity_audit_v2/2026-02-26/kcp109c_phase7_parity_20260225_224621/runs/kcp109c_phase7_parity_liam_exact/runs/20260225_224621/parallel-results/Parallel_MELTS_KCP109C_dP25.0_02-25_11cores.xlsx,liquid,liquid
612,807,125,0,96.34089339466169,2.192012139858853,-1582.598066967978,-1316.963987129461,245.9233253145549,128.6483706561286,4.395089408622765,0.0001298673282950956,1.709055149759402e-05,2.240777698336601e-07,7.485713477973922e-09,-3.643828674189168e-08,,74.50686817548997,0.08511419620213274,11.91154938113477,0.2031224962894419,0,0.4939544889006258,0.03217731807641603,0.093418020221853,0,0,0.442383034621564,3.961754669766193,4.098627524255668,0.009341802022185298,4.161688893019181,0,0,0,0,KCP109C,/Users/lopezama/PycharmProjects/sci-cluster/review_outputs/rmelts_parity_audit_v2/2026-02-26/kcp109c_phase7_parity_20260225_224621/runs/kcp109c_phase7_parity_liam_exact/runs/20260225_224621/parallel-results/Parallel_MELTS_KCP109C_dP25.0_02-25_11cores.xlsx,liquid,liquid
613,806,125,0,96.0944056727736,2.192252027051728,-1578.234792264725,-1313.698228024944,245.1341928738189,128.2851982347578,4.383364890851857,0.0001297389263757898,1.708007287872629e-05,2.236209204124716e-07,7.457024362691079e-09,-3.630286800222667e-08,,74.54060873442931,0.08533251934261361,11.88900226962833,0.2039039242319108,0,0.4949871960759067,0.03225985487342709,0.09365764318091736,0,0,0.436429729699505,3.949558887228837,4.105969371067184,0.009365764318091736,4.15892410592397,0,0,0,0,KCP109C,/Users/lopezama/PycharmProjects/sci-cluster/review_outputs/rmelts_parity_audit_v2/2026-02-26/kcp109c_phase7_parity_20260225_224621/runs/kcp109c_phase7_parity_liam_exact/runs/20260225_224621/parallel-results/Parallel_MELTS_KCP109C_dP25.0_02-25_11cores.xlsx,liquid,liquid
614,805,125,0,95.8462821451799,2.192493453984604,-1573.845920863494,-1310.409624041602,244.3410442163809,127.919828736658,4.371565259225304,0.0001296091610032552,1.706952712690013e-05,2.231568048523808e-07,7.428186664374381e-09,-3.616643021996237e-08,,74.57454726963367,0.08555342549960362,11.86634756884747,0.2046932356379407,0,0.4960333466835627,0.03234336817667941,0.09390010115810152,0,0,0.4305842566213274,3.937160501327541,4.113334320342679,0.00939001011581015,4.156112595955621,0,0,0,0,KCP109C,/Users/lopezama/PycharmProjects/sci-cluster/review_outputs/rmelts_parity_audit_v2/2026-02-26/kcp109c_phase7_parity_20260225_224621/runs/kcp109c_phase7_parity_liam_exact/runs/20260225_224621/parallel-results/Parallel_MELTS_KCP109C_dP25.0_02-25_11cores.xlsx,liquid,liquid
615,804,125,0,95.59656721282491,2.192736398893528,-1569.432215874702,-1307.0987836432,243.5440117267815,127.5523262807601,4.359692631593278,0.000129478042595109,1.705891550596585e-05,2.226855595320178e-07,7.39920579225836e-09,-3.602900096396682e-08,,74.6086829622796,0.08577690628586387,11.8435860302054,0.2054904413826431,0,0.4970928642527511,0.03242785481538756,0.09414538494789937,0,0,0.4248466380178162,3.92456145931365,4.12072008277392,0.009414538494789937,4.153254837230262,0,0,0,0,KCP109C,/Users/lopezama/PycharmProjects/sci-cluster/review_outputs/rmelts_parity_audit_v2/2026-02-26/kcp109c_phase7_parity_20260225_224621/runs/kcp109c_phase7_parity_liam_exact/runs/20260225_224621/parallel-results/Parallel_MELTS_KCP109C_dP25.0_02-25_11cores.xlsx,liquid,liquid
616,803,125,0,95.34527023923468,2.192980832821553,-1564.993855296809,-1303.765833445347,242.7431323249197,127.1827047033198,4.347747541256923,0.000129345566516564,1.704823855303024e-05,2.222072153948785e-07,7.370083701030768e-09,-3.589058880053772e-08,,74.64302027900351,0.08600298467485815,11.82071496039002,0.2062956210363288,0,0.4981658598427526,0.03251332347464149,0.0943935197650882,0,0,0.4192157690331601,3.911762280068672,4.12812519918618,0.009439351976508819,4.150350851548277,0,0,0,0,KCP109C,/Users/lopezama/PycharmProjects/sci-cluster/review_outputs/rmelts_parity_audit_v2/2026-02-26/kcp109c_phase7_parity_20260225_224621/runs/kcp109c_phase7_parity_liam_exact/runs/20260225_224621/parallel-results/Parallel_MELTS_KCP109C_dP25.0_02-25_11cores.xlsx,liquid,liquid
617,802,125,0,95.09244485163639,2.193226732309077,-1560.53175493495,-1300.411508741686,241.9385631709655,126.8110410649867,4.335732528279051,0.0001292117468919599,1.703749772651828e-05,2.217219375548117e-07,7.340826676586934e-09,-3.575122626044456e-08,,74.6775574277689,0.0862316439136668,11.7977357392391,0.2071087679142616,0,0.499252206269375,0.03259976782102037,0.0946444872223172,0,0,0.4136916315128064,3.898765500860288,4.135547146546227,0.00946444872223172,4.147401232209807,0,0,0,0,KCP109C,/Users/lopezama/PycharmProjects/sci-cluster/review_outputs/rmelts_parity_audit_v2/2026-02-26/kcp109c_phase7_parity_20260225_224621/runs/kcp109c_phase7_parity_liam_exact/runs/20260225_224621/parallel-results/Parallel_MELTS_KCP109C_dP25.0_02-25_11cores.xlsx,liquid,liquid
618,801,125,0,94.83812281506637,2.193474068278102,-1556.046465646386,-1297.036244335462,241.1304020024427,126.4373810856014,4.32364914573689,0.0001290765890680455,1.702669409080802e-05,2.212298271168817e-07,7.311438890809282e-09,-3.561093428528739e-08,,74.71229590159233,0.08646288673809932,11.77464759669641,0.2079299180153373,0,0.5003518928923023,0.03268718888879364,0.09489829032230412,0,0,0.4082734989308226,3.885572805144354,4.142983870718715,0.009489829032230411,4.144406321028329,0,0,0,0,KCP109C,/Users/lopezama/PycharmProjects/sci-cluster/review_outputs/rmelts_parity_audit_v2/2026-02-26/kcp109c_phase7_parity_20260225_224621/runs/kcp109c_phase7_parity_liam_exact/runs/20260225_224621/parallel-results/Parallel_MELTS_KCP109C_dP25.0_02-25_11cores.xlsx,liquid,liquid
619,800,125,0,94.58234331571448,2.193722811076003,-1551.538661632556,-1293.640577195439,240.3187666562152,126.061781019084,4.311499285058837,0.0001289401018057834,1.701582889618031e-05,2.207310088654901e-07,7.281925249962969e-09,-3.546973793987179e-08,,74.74723623840082,0.08669670904724482,11.75145037969653,0.2087590926691981,0,0.501464867913346,0.03277558512761694,0.09515492456404918,0,0,0.4029607340276562,3.87218630197829,4.150433102169424,0.009515492456404918,4.141366571949435,0,0,0,0,KCP109C,/Users/lopezama/PycharmProjects/sci-cluster/review_outputs/rmelts_parity_audit_v2/2026-02-26/kcp109c_phase7_parity_20260225_224621/runs/kcp109c_phase7_parity_liam_exact/runs/20260225_224621/parallel-results/Parallel_MELTS_KCP109C_dP25.0_02-25_11cores.xlsx,liquid,liquid
620,799,125,0,94.32516144807735,2.193972932455089,-1547.00928111021,-1290.225262902228,239.5038177568269,125.6843196733282,4.299285558756919,0.000128802300356119,1.700490369140256e-05,2.202256553008113e-07,7.252292165899909e-09,-3.532767071520039e-08,,74.78237681337173,0.08693309188695518,11.72814533700676,0.209596281069524,0,0.502590990355423,0.03286494937189769,0.0954143691442191,0,0,0.3977529645946649,3.858608890777055,4.15789224474555,0.009541436914421908,4.138282630761811,0,0,0,0,KCP109C,/Users/lopezama/PycharmProjects/sci-cluster/review_outputs/rmelts_parity_audit_v2/2026-02-26/kcp109c_phase7_parity_20260225_224621/runs/kcp109c_phase7_parity_liam_exact/runs/20260225_224621/parallel-results/Parallel_MELTS_KCP109C_dP25.0_02-25_11cores.xlsx,liquid,liquid
621,798,125,0,94.0666104967163,2.19422439809226,-1542.458899156876,-1286.790757637578,238.6856570221707,125.3050447345081,4.287009595668579,0.0001286631918519501,1.699391970131217e-05,2.197138767665058e-07,7.222544001449391e-09,-3.518475481890987e-08,,74.81771921370716,0.08717203598601012,11.7047316204217,0.2104415154479642,0,0.5037302370105252,0.03295528189715016,0.09567662486269402,0,0,0.3926491890059829,3.844842637855862,4.165359055663869,0.0095676624862694,4.135154925654822,0,0,0,0,KCP109C,/Users/lopezama/PycharmProjects/sci-cluster/review_outputs/rmelts_parity_audit_v2/2026-02-26/kcp109c_phase7_parity_20260225_224621/runs/kcp109c_phase7_parity_liam_exact/runs/20260225_224621/parallel-results/Parallel_MELTS_KCP109C_dP25.0_02-25_11cores.xlsx,liquid,liquid
622,797,125,0,93.80676004693811,2.194477180283264,-1537.888691784469,-1283.338015247706,237.864483050753,124.9240551234469,4.274674664642879,0.0001285227961058697,1.698287860739616e-05,2.191958860294157e-07,7.192688395890691e-09,-3.504103081155415e-08,,74.85326014911428,0.08741350814144282,11.68121153879997,0.2112947547233308,0,0.5048823808536549,0.03304657015103326,0.09594165527719332,0,0,0.3876489589432828,3.83089122072174,4.172830887116444,0.009594165527719332,4.131984210629917,0,0,0,0,KCP109C,/Users/lopezama/PycharmProjects/sci-cluster/review_outputs/rmelts_parity_audit_v2/2026-02-26/kcp109c_phase7_parity_20260225_224621/runs/kcp109c_phase7_parity_liam_exact/runs/20260225_224621/parallel-results/Parallel_MELTS_KCP109C_dP25.0_02-25_11cores.xlsx,liquid,liquid
623,796,125,0,93.5456264494844,2.194731236371346,-1533.298954451102,-1279.867261156173,237.0403528924186,124.5413747650774,4.262281636094443,0.000128381117092194,1.697178169682676e-05,2.186717539353633e-07,7.162728344571501e-09,-3.489651334501937e-08,,74.88900345848671,0.08765752416204077,11.6575827807573,0.2121560636878369,0,0.5060474892766463,0.0331388201100398,0.09620947773882522,0,0,0.3827509576804838,3.816756277904519,4.180305298918541,0.009620947773882522,4.128770903503164,0,0,0,0,KCP109C,/Users/lopezama/PycharmProjects/sci-cluster/review_outputs/rmelts_parity_audit_v2/2026-02-26/kcp109c_phase7_parity_20260225_224621/runs/kcp109c_phase7_parity_liam_exact/runs/20260225_224621/parallel-results/Parallel_MELTS_KCP109C_dP25.0_02-25_11cores.xlsx,liquid,liquid
624,795,125,0,93.28328023972779,2.194986535976377,-1528.690877060941,-1276.379462174024,236.2134671037933,124.157103641903,4.249833824070971,0.0001282381751013784,1.69606306732554e-05,2.181416969895802e-07,7.132671526736822e-09,-3.475124340737036e-08,,74.92494594882687,0.08790404901288949,11.63384757498426,0.2130253977327673,0,0.5072253238631514,0.0332320185292631,0.0964800537946348,0,0,0.3779544758648401,3.802441721249155,4.187779654554925,0.00964800537946348,4.125515776207791,0,0,0,0,KCP109C,/Users/lopezama/PycharmProjects/sci-cluster/review_outputs/rmelts_parity_audit_v2/2026-02-26/kcp109c_phase7_parity_20260225_224621/runs/kcp109c_phase7_parity_liam_exact/runs/20260225_224621/parallel-results/Parallel_MELTS_KCP109C_dP25.0_02-25_11cores.xlsx,liquid,liquid
625,794,125,0,93.01979977523831,2.195243047919448,-1524.06578025949,-1272.875693692336,235.3840477600659,123.7713531042883,4.237334898447725,0.0001280939962110174,1.694942760547099e-05,2.17605961460406e-07,7.10252650465975e-09,-3.460526699449879e-08,,74.96108296351993,0.0881530393041316,11.61000908695569,0.2139026934078044,0,0.5084155967221844,0.03332614900522048,0.09675333582160783,0,0,0.3732591331956492,3.787951945089105,4.195250910853336,0.009675333582160783,4.122219812543177,0,0,0,0,KCP109C,/Users/lopezama/PycharmProjects/sci-cluster/review_outputs/rmelts_parity_audit_v2/2026-02-26/kcp109c_phase7_parity_20260225_224621/runs/kcp109c_phase7_parity_liam_exact/runs/20260225_224621/parallel-results/Parallel_MELTS_KCP109C_dP25.0_02-25_11cores.xlsx,liquid,liquid
626,793,125,0,92.75520256495038,2.195500725854597,-1519.423976257157,-1269.356197101491,234.5521541581076,123.3841483081443,4.224785784520544,0.0001279485847089661,1.693817379214668e-05,2.170646222688834e-07,7.072296291992956e-09,-3.445859908908622e-08,,74.99741856670381,0.08840450849218545,11.58606485447796,0.2147880111619498,0,0.5096183604504217,0.0334212166250945,0.09702933858898402,0,0,0.3686632148611123,3.773288967208009,4.202716584485858,0.0097029338588984,4.118883443085689,0,0,0,0,KCP109C,/Users/lopezama/PycharmProjects/sci-cluster/review_outputs/rmelts_parity_audit_v2/2026-02-26/kcp109c_phase7_parity_20260225_224621/runs/kcp109c_phase7_parity_liam_exact/runs/20260225_224621/parallel-results/Parallel_MELTS_KCP109C_dP25.0_02-25_11cores.xlsx,liquid,liquid
627,792,125,0,92.25840559747986,2.195853117150048,-1510.918562637818,-1262.59679454823,233.133143772791,122.6919714870239,4.20148346339395,0.0001278197698190718,1.692477553087659e-05,2.159437892729103e-07,7.02345461655784e-09,-3.423304991299786e-08,,75.01597200607227,0.08888055390674014,11.57033920059709,0.2162534710735989,0,0.5120846675851589,0.03360118501352371,0.09755182745861722,0,0,0.3629583960046465,3.75894444521245,4.218779981163001,0.00975518274586172,4.114879083167045,0,0,0,0,KCP109C,/Users/lopezama/PycharmProjects/sci-cluster/review_outputs/rmelts_parity_audit_v2/2026-02-26/kcp109c_phase7_parity_20260225_224621/runs/kcp109c_phase7_parity_liam_exact/runs/20260225_224621/parallel-results/Parallel_MELTS_KCP109C_dP25.0_02-25_11cores.xlsx,liquid,liquid
628,791,125,0,91.05828748966142,2.196496277151679,-1490.71196635254,-1246.025990397463,229.9356067801314,121.0757785595795,4.145615380133576,0.0001277407677953547,1.69047710062654e-05,2.130687022044388e-07,6.918249050084469e-09,-3.376793908132803e-08,,74.9806513285393,0.09005197371004613,11.57939434596452,0.2195123728810716,0,0.5184660018836705,0.0340440388416028,0.09883753212078232,0,0,0.3538999036946536,3.745312147400827,4.261130918448762,0.009883753212078232,4.108815683302681,0,0,0,0,KCP109C,/Users/lopezama/PycharmProjects/sci-cluster/review_outputs/rmelts_parity_audit_v2/2026-02-26/kcp109c_phase7_parity_20260225_224621/runs/kcp109c_phase7_parity_liam_exact/runs/20260225_224621/parallel-results/Parallel_MELTS_KCP109C_dP25.0_02-25_11cores.xlsx,liquid,liquid
629,790,125,0,89.83853819665775,2.197156733126932,-1470.189501532216,-1229.18422324699,226.68981638078,119.4334528832488,4.088854328967331,0.0001276569315116371,1.688424545019078e-05,2.101349839103143e-07,6.811527414560187e-09,-3.329391430646365e-08,,74.94501719247614,0.09127462446725801,11.58833511319993,0.2229058450795747,0,0.5251335755695324,0.03450626046932924,0.1001794658786978,0,0,0.3451997495593319,3.730569752604205,4.30437621494007,0.01001794658786978,4.102484259168047,0,0,0,0,KCP109C,/Users/lopezama/PycharmProjects/sci-cluster/review_outputs/rmelts_parity_audit_v2/2026-02-26/kcp109c_phase7_parity_20260225_224621/runs/kcp109c_phase7_parity_liam_exact/runs/20260225_224621/parallel-results/Parallel_MELTS_KCP109C_dP25.0_02-25_11cores.xlsx,liquid,liquid
630,789,125,0,88.59739854928866,2.197835294769412,-1449.322626426397,-1212.047348418758,223.3914965001539,117.7626813590233,4.0311209288585,0.0001275681787017939,1.68631861492996e-05,2.07138752802235e-07,6.703172014492588e-09,-3.281037374676294e-08,,74.90903753475955,0.09255327247685279,11.59715325091602,0.226446028595469,0,0.5321143600116548,0.0349896517900297,0.1015828600355701,0,0,0.3368610508859442,3.714690882966738,4.348535173747457,0.01015828600355701,4.095877647811153,0,0,0,0,KCP109C,/Users/lopezama/PycharmProjects/sci-cluster/review_outputs/rmelts_parity_audit_v2/2026-02-26/kcp109c_phase7_parity_20260225_224621/runs/kcp109c_phase7_parity_liam_exact/runs/20260225_224621/parallel-results/Parallel_MELTS_KCP109C_dP25.0_02-25_11cores.xlsx,liquid,liquid
631,788,125,0,87.33284670083901,2.198532855503338,-1428.07854304647,-1194.587626132996,220.0357319073405,116.0608062350402,3.972323928761338,0.0001274744373165539,1.684158105117965e-05,2.040755728801621e-07,6.593047871534247e-09,-3.231662643185602e-08,,74.87267570196008,0.09389341831013374,11.6058394471103,0.2301469052129322,0,0.5394395082146215,0.03549629228797739,0.1030537518038053,0,0,0.3288876129495686,3.697648788387081,4.393624307105545,0.01030537518038053,4.088988891477559,0,0,0,0,KCP109C,/Users/lopezama/PycharmProjects/sci-cluster/review_outputs/rmelts_parity_audit_v2/2026-02-26/kcp109c_phase7_parity_20260225_224621/runs/kcp109c_phase7_parity_liam_exact/runs/20260225_224621/parallel-results/Parallel_MELTS_KCP109C_dP25.0_02-25_11cores.xlsx,liquid,liquid
632,787,125,0,86.04249574665886,2.199250422026574,-1406.418521025885,-1176.772311925732,216.6167137670637,114.3246898887945,3.912355541001651,0.0001273756488047451,1.681941868167599e-05,2.009402178758025e-07,6.480995257267942e-09,-3.181185570868856e-08,,74.8358879651912,0.09530151098045,11.61438358028025,0.2340248307527263,0,0.5471455778761934,0.03602862000480427,0.1045992193687866,0,0,0.3212838104066228,3.679416330506777,4.439657435728805,0.01045992193687866,4.081811196966482,0,0,0,0,KCP109C,/Users/lopezama/PycharmProjects/sci-cluster/review_outputs/rmelts_parity_audit_v2/2026-02-26/kcp109c_phase7_parity_20260225_224621/runs/kcp109c_phase7_parity_liam_exact/runs/20260225_224621/parallel-results/Parallel_MELTS_KCP109C_dP25.0_02-25_11cores.xlsx,liquid,liquid
633,786,125,0,84.72348939019751,2.199989144559543,-1384.29619580233,-1158.562224390457,213.1274809157089,112.5505767098823,3.851086701937335,0.0001272717697263802,1.679668825605155e-05,1.977264350581223e-07,6.366822275048855e-09,-3.129508148428911e-08,,74.79862238570969,0.09678520401920325,11.62277399838323,0.2380991681993124,0,0.555275997702867,0.03658952834872318,0.106227662947906,0,0,0.314054969168739,3.659965137082509,4.486645240562133,0.0106227662947906,4.074337941580874,0,0,0,0,KCP109C,/Users/lopezama/PycharmProjects/sci-cluster/review_outputs/rmelts_parity_audit_v2/2026-02-26/kcp109c_phase7_parity_20260225_224621/runs/kcp109c_phase7_parity_liam_exact/runs/20260225_224621/parallel-results/Parallel_MELTS_KCP109C_dP25.0_02-25_11cores.xlsx,liquid,liquid
634,785,125,0,83.37232647154283,2.200750371610894,-1361.654706622707,-1139.909338483762,209.5594841364121,110.7338613061121,3.788359077295822,0.0001271627728217318,1.6773379682586e-05,1.944265409068936e-07,6.250292109197994e-09,-3.076509508442133e-08,,74.76081640406203,0.09835374533262523,11.63099713418889,0.24239324976452,0,0.5638833014094717,0.03718251347940709,0.1079492326821496,0,0,0.3072081077527478,3.639265243267354,4.534593559002145,0.01079492326821496,4.066562585790424,0,0,0,0,KCP109C,/Users/lopezama/PycharmProjects/sci-cluster/review_outputs/rmelts_parity_audit_v2/2026-02-26/kcp109c_phase7_parity_20260225_224621/runs/kcp109c_phase7_parity_liam_exact/runs/20260225_224621/parallel-results/Parallel_MELTS_KCP109C_dP25.0_02-25_11cores.xlsx,liquid,liquid
635,784,125,0,81.98465731512253,2.201535713627684,-1338.423362735778,-1120.7539780557,205.9020807643934,108.8688189028628,3.723975805054212,0.0001270486531764678,1.674948328809657e-05,1.910309530730645e-07,6.131108381822552e-09,-3.022038763743922e-08,,74.72239207378834,0.100018481517883,11.63903710656201,0.2469356323709549,0,0.573032007740217,0.0378118649640777,0.109776382153774,0,0,0.3007514981737928,3.61728362268181,4.583505147844313,0.0109776382153774,4.058478543987437,0,0,0,0,KCP109C,/Users/lopezama/PycharmProjects/sci-cluster/review_outputs/rmelts_parity_audit_v2/2026-02-26/kcp109c_phase7_parity_20260225_224621/runs/kcp109c_phase7_parity_liam_exact/runs/20260225_224621/parallel-results/Parallel_MELTS_KCP109C_dP25.0_02-25_11cores.xlsx,liquid,liquid
636,783,125,0,80.55491738119288,2.202347151312224,-1314.511675602778,-1101.019798384255,202.1416249761144,106.9481211071308,3.657684817454681,0.0001269294286666105,1.67249902753245e-05,1.875273531661329e-07,6.008888750510961e-09,-2.965901323135054e-08,,74.68325326069788,0.1017936778164713,11.64687376567738,0.2517621081804426,0,0.5828033306623119,0.0384829757598855,0.1117247683351515,0,0,0.29469716520691,3.593982609977908,4.633374713130452,0.01117247683351514,4.050079147721696,0,0,0,0,KCP109C,/Users/lopezama/PycharmProjects/sci-cluster/review_outputs/rmelts_parity_audit_v2/2026-02-26/kcp109c_phase7_parity_20260225_224621/runs/kcp109c_phase7_parity_liam_exact/runs/20260225_224621/parallel-results/Parallel_MELTS_KCP109C_dP25.0_02-25_11cores.xlsx,liquid,liquid
637,782,125,0,79.07588076266326,2.203187182470342,-1289.802060323125,-1080.607640723517,198.2603607066368,104.9622455561255,3.589158533229971,0.0001268051508082413,1.669989225815821e-05,1.838996597016231e-07,5.88313276169611e-09,-2.907842943060206e-08,,74.64327580546154,0.103697633317737,11.65448201030134,0.2569184713000167,0,0.5933015566188262,0.03920276381524205,0.1138144755926382,0,0,0.2890607112121386,3.56931768776961,4.684190082370126,0.01138144755926382,4.041357354681497,0,0,0,0,KCP109C,/Users/lopezama/PycharmProjects/sci-cluster/review_outputs/rmelts_parity_audit_v2/2026-02-26/kcp109c_phase7_parity_20260225_224621/runs/kcp109c_phase7_parity_liam_exact/runs/20260225_224621/parallel-results/Parallel_MELTS_KCP109C_dP25.0_02-25_11cores.xlsx,liquid,liquid
638,781,125,0,77.53791790221383,2.204059054801329,-1264.13772579371,-1059.38534243875,194.2345808044019,102.8984948423741,3.517960089740109,0.0001266759163183849,1.667418157537024e-05,1.801263315171704e-07,5.753168555523546e-09,-2.847522677788621e-08,,74.60229639191589,0.1057544785535919,11.66182912213529,0.2624649477352741,0,0.6046643507323038,0.03998035164830911,0.1160719886563813,0,0,0.2838637777829832,3.543234191543057,4.735927625391811,0.01160719886563813,4.032305575039452,0,0,0,0,KCP109C,/Users/lopezama/PycharmProjects/sci-cluster/review_outputs/rmelts_parity_audit_v2/2026-02-26/kcp109c_phase7_parity_20260225_224621/runs/kcp109c_phase7_parity_liam_exact/runs/20260225_224621/parallel-results/Parallel_MELTS_KCP109C_dP25.0_02-25_11cores.xlsx,liquid,liquid
639,780,125,0,75.92781710204987,2.204967136752229,-1237.303444475828,-1037.171554730353,190.0317046436644,100.7394388217599,3.443489738984796,0.0001265418888961572,1.664785188780351e-05,1.761776768929075e-07,5.618068346404193e-09,-2.784470099398536e-08,,74.56009403607337,0.107997079121895,11.66887052588517,0.2684833478038354,0,0.6170794071266885,0.04082816405827738,0.1185333795240311,0,0,0.2791375791606394,3.515661944803185,4.788545726767946,0.01185333795240311,4.022915471722555,0,0,0,0,KCP109C,/Users/lopezama/PycharmProjects/sci-cluster/review_outputs/rmelts_parity_audit_v2/2026-02-26/kcp109c_phase7_parity_20260225_224621/runs/kcp109c_phase7_parity_liam_exact/runs/20260225_224621/parallel-results/Parallel_MELTS_KCP109C_dP25.0_02-25_11cores.xlsx,liquid,liquid
640,779,125,0,74.22694701107517,2.205917518439338,-1208.995569298243,-1013.710503547092,185.6057270837342,98.46048732256021,3.364901288947101,0.0001264033458217302,1.662089918441897e-05,1.720116673133119e-07,5.476517056577592e-09,-2.718019060808994e-08,,74.51635603135217,0.1104717788250331,11.67554476602393,0.2750887625158184,0,0.6308116361637012,0.04176372126312226,0.1212495133445485,0,0,0.2749267219872877,3.48650904368933,4.841975286941957,0.01212495133445485,4.013177786558634,0,0,0,0,KCP109C,/Users/lopezama/PycharmProjects/sci-cluster/review_outputs/rmelts_parity_audit_v2/2026-02-26/kcp109c_phase7_parity_20260225_224621/runs/kcp109c_phase7_parity_liam_exact/runs/20260225_224621/parallel-results/Parallel_MELTS_KCP109C_dP25.0_02-25_11cores.xlsx,liquid,liquid
641,778,125,0,72.00339705568535,2.206614518128354,-1172.377431960577,-983.3131075946826,179.8642671035481,95.48633828081635,3.263070938043065,0.0001261922902347924,1.65886233285658e-05,1.665509362491462e-07,5.294565257862555e-09,-2.631345577565217e-08,,74.48992625160427,0.1117391063060675,11.6884204921538,0.2729068227083074,0,0.6240135206827083,0.04305343688549725,0.1246187747423424,0,0,0.2707566034321176,3.451046758132235,4.909840490483798,0.01249938490224113,4.001178357966621,0,0,0,0,KCP109C,/Users/lopezama/PycharmProjects/sci-cluster/review_outputs/rmelts_parity_audit_v2/2026-02-26/kcp109c_phase7_parity_20260225_224621/runs/kcp109c_phase7_parity_liam_exact/runs/20260225_224621/parallel-results/Parallel_MELTS_KCP109C_dP25.0_02-25_11cores.xlsx,liquid,liquid
642,777,125,0,69.34272590832938,2.207277006133661,-1128.707908622403,-946.9986050453994,173.0317607741785,91.93257627091491,3.141550685103742,0.000125945400379545,1.6553261229262e-05,1.600408526937587e-07,5.080040815457049e-09,-2.52820066193632e-08,,74.46775093565118,0.1129576256982591,11.70343504258281,0.2679909141484783,0,0.610930744299511,0.04470539444560104,0.1288470065519797,0,0,0.2674281838482183,3.410476061272633,4.984766161988645,0.01297898548420675,3.987732944028485,0,0,0,0,KCP109C,/Users/lopezama/PycharmProjects/sci-cluster/review_outputs/rmelts_parity_audit_v2/2026-02-26/kcp109c_phase7_parity_20260225_224621/runs/kcp109c_phase7_parity_liam_exact/runs/20260225_224621/parallel-results/Parallel_MELTS_KCP109C_dP25.0_02-25_11cores.xlsx,liquid,liquid
643,776,125,0,51.6848624919034,2.208358088180765,-841.1649601560711,-705.9671027506164,128.8641828198587,68.53726620268657,2.340420367897905,0.0001258302811318554,1.653068915018557e-05,1.191739265607017e-07,3.776511636633378e-09,-1.880453013716422e-08,,74.4017525693783,0.1291108321119636,11.73727952568255,0.2600410436509312,0,0.5920110443731273,0.05997876095717086,0.1686037914100185,0,0,0.2662009560113843,3.372373685397522,5.015841353675401,0.01741318866498508,3.979393248686648,0,0,0,0,KCP109C,/Users/lopezama/PycharmProjects/sci-cluster/review_outputs/rmelts_parity_audit_v2/2026-02-26/kcp109c_phase7_parity_20260225_224621/runs/kcp109c_phase7_parity_liam_exact/runs/20260225_224621/parallel-results/Parallel_MELTS_KCP109C_dP25.0_02-25_11cores.xlsx,liquid,liquid
644,775,125,0,31.17128892915267,2.210061712383983,-507.2838066043935,-425.8795775186131,77.66467498524104,41.36177099903353,1.410426177444989,0.0001258300826412079,1.65223462389616e-05,7.1885639041876e-08,2.273795514699731e-09,-1.13140599319387e-08,,74.26528279366113,0.1607401553691403,11.82228226167886,0.2493949848351252,0,0.5684772710913973,0.09945029995600352,0.2287528896814655,0,0,0.2715805204952797,3.319043373187216,5.010641019123706,0.02887266772916231,3.975481763191532,0,0,0,0,KCP109C,/Users/lopezama/PycharmProjects/sci-cluster/review_outputs/rmelts_parity_audit_v2/2026-02-26/kcp109c_phase7_parity_20260225_224621/runs/kcp109c_phase7_parity_liam_exact/runs/20260225_224621/parallel-results/Parallel_MELTS_KCP109C_dP25.0_02-25_11cores.xlsx,liquid,liquid
645,774,125,0,18.56985443727168,2.212150732751796,-302.144123974961,-253.741940476936,46.22277944709447,24.65013331271824,0.8394479708067533,0.0001257956859914078,1.651966537240413e-05,4.28182076682622e-08,1.351942043535585e-09,-6.71592289175798e-09,,74.06180030245629,0.1996650932880424,11.99821013133392,0.2377820564088329,0,0.5438112732875724,0.1669369105789289,0.2353046873659952,0,0,0.285438585569181,3.22522851535993,5.027029097202475,0.04846555468420514,3.970327792464646,0,0,0,0,KCP109C,/Users/lopezama/PycharmProjects/sci-cluster/review_outputs/rmelts_parity_audit_v2/2026-02-26/kcp109c_phase7_parity_20260225_224621/runs/kcp109c_phase7_parity_liam_exact/runs/20260225_224621/parallel-results/Parallel_MELTS_KCP109C_dP25.0_02-25_11cores.xlsx,liquid,liquid
646,773,125,0,13.15216677557178,2.214212167774257,-213.9403581385947,-179.7251339398824,32.70584925556786,17.46539476417524,0.5939885511871443,0.0001257818842070519,1.652021688068705e-05,3.033514823436715e-08,9.560449917506701e-10,-4.741692669351602e-09,,73.85493123605572,0.224971664865992,12.17917956184724,0.229706701692697,0,0.5272455390727158,0.235702167910853,0.2393997023145142,0,0,0.3010419497305831,3.130684902380956,5.041729300653141,0.06842966165153797,3.966977611824011,0,0,0,0,KCP109C,/Users/lopezama/PycharmProjects/sci-cluster/review_outputs/rmelts_parity_audit_v2/2026-02-26/kcp109c_phase7_parity_20260225_224621/runs/kcp109c_phase7_parity_liam_exact/runs/20260225_224621/parallel-results/Parallel_MELTS_KCP109C_dP25.0_02-25_11cores.xlsx,liquid,liquid
647,772,125,0,9.920512337068725,2.216208191137826,-161.3249182415956,-135.5648828830491,24.64721366171987,13.18003549590628,0.4476344946624993,0.0001258215442084479,1.652960882008468e-05,2.291366442506367e-08,7.207464773005773e-10,-3.568846660504532e-09,,73.63384345943561,0.2240913197616481,12.38161655424128,0.2270178989295007,0,0.5234096561867292,0.3094241521702869,0.2392967704276131,0,0,0.319020434167094,3.034178846504604,5.049335756424625,0.09072095414330386,3.968044197607687,0,0,0,0,KCP109C,/Users/lopezama/PycharmProjects/sci-cluster/review_outputs/rmelts_parity_audit_v2/2026-02-26/kcp109c_phase7_parity_20260225_224621/runs/kcp109c_phase7_parity_liam_exact/runs/20260225_224621/parallel-results/Parallel_MELTS_KCP109C_dP25.0_02-25_11cores.xlsx,liquid,liquid
648,770,125,0,6.839741712273324,2.21983694124414,-111.1662043498635,-93.47016455711986,16.96404140607169,9.095012942043436,0.3081191048401911,0.0001259171960841676,1.654812466757266e-05,1.584725949605101e-08,4.96532575663429e-10,-2.451741106368893e-09,,73.22795352839951,0.2211213262863634,12.75318012210621,0.222227571241074,0,0.5162694383505271,0.4413457507817526,0.23880597716782,0,0,0.3530429459080884,2.864256720166836,5.058823799004706,0.1315836796651934,3.971389140921916,0,0,0,0,KCP109C,/Users/lopezama/PycharmProjects/sci-cluster/review_outputs/rmelts_parity_audit_v2/2026-02-26/kcp109c_phase7_parity_20260225_224621/runs/kcp109c_phase7_parity_liam_exact/runs/20260225_224621/parallel-results/Parallel_MELTS_KCP109C_dP25.0_02-25_11cores.xlsx,liquid,liquid
649,855,100,0,102.5362970770243,2.191829616555946,-1696.735221809251,-1397.621722182492,265.1362847376318,137.4848478697364,4.678114407366258,0.0001240897454786865,1.678666224643004e-05,2.021624388200871e-07,7.523779133440966e-09,-3.524999404728395e-08,,73.94433722205504,0.07997145413094858,12.62963818287541,0.181020348775054,0,0.4729533069895359,0.03023311070804153,0.08777354721689477,0,0,0.6826831450202927,4.261893348198113,3.910799159330534,0.008777354721689477,3.709919819978432,0,0,0,0,KCP109C,/Users/lopezama/PycharmProjects/sci-cluster/review_outputs/rmelts_parity_audit_v2/2026-02-26/kcp109c_phase7_parity_20260225_224621/runs/kcp109c_phase7_parity_liam_exact/runs/20260225_224621/parallel-results/Parallel_MELTS_KCP109C_dP25.0_02-25_11cores.xlsx,liquid,liquid
650,854,100,0,102.4760935626251,2.192037723359982,-1695.461923807068,-1396.929160718526,264.8562862871328,137.3888957501398,4.674923814976529,0.0001240606453786919,1.678212779095568e-05,2.023144509812694e-07,7.515210180033318e-09,-3.522575496749361e-08,,73.95286926599871,0.0800184365042034,12.62322781150676,0.1813590082812757,0,0.4730221251088877,0.03025087233695494,0.08782511323632079,0,0,0.6798197779294891,4.259852421286606,3.91271022910109,0.00878251132363208,3.710262427386074,0,0,0,0,KCP109C,/Users/lopezama/PycharmProjects/sci-cluster/review_outputs/rmelts_parity_audit_v2/2026-02-26/kcp109c_phase7_parity_20260225_224621/runs/kcp109c_phase7_parity_liam_exact/runs/20260225_224621/parallel-results/Parallel_MELTS_KCP109C_dP25.0_02-25_11cores.xlsx,liquid,liquid
651,853,100,0,102.2807898682553,2.192190719868355,-1691.913433338638,-1394.376962580384,264.206784849491,137.0974686913565,4.66568847962268,0.0001239837047542854,1.677532738020895e-05,2.021291405021673e-07,7.494453508721526e-09,-3.513797096226579e-08,,73.98174676359068,0.08017123078580227,12.60300726037104,0.1819219172449695,0,0.4737304509109637,0.0303086360287789,0.08799281427710004,0,0,0.6707612909094725,4.253319220970135,3.918920150821269,0.008799281427710004,3.709320982662066,0,0,0,0,KCP109C,/Users/lopezama/PycharmProjects/sci-cluster/review_outputs/rmelts_parity_audit_v2/2026-02-26/kcp109c_phase7_parity_20260225_224621/runs/kcp109c_phase7_parity_liam_exact/runs/20260225_224621/parallel-results/Parallel_MELTS_KCP109C_dP25.0_02-25_11cores.xlsx,liquid,liquid
652,852,100,0,102.0840935869148,2.192345195949328,-1688.342790317283,-1391.805328724504,263.5537142539025,136.8041658260504,4.656387770298665,0.0001239058851919212,1.676847529684428e-05,2.019386021599884e-07,7.473567748980058e-09,-3.504937831343295e-08,,74.0107041727822,0.08032570545629122,12.58274356794343,0.182489880923687,0,0.4744475888686182,0.03036703498957351,0.08816235964714889,0,0,0.6618065126953716,4.246618287521942,3.925168145193445,0.008816235964714888,3.708350508013598,0,0,0,0,KCP109C,/Users/lopezama/PycharmProjects/sci-cluster/review_outputs/rmelts_parity_audit_v2/2026-02-26/kcp109c_phase7_parity_20260225_224621/runs/kcp109c_phase7_parity_liam_exact/runs/20260225_224621/parallel-results/Parallel_MELTS_KCP109C_dP25.0_02-25_11cores.xlsx,liquid,liquid
653,851,100,0,101.8859895686225,2.192501153733965,-1684.749756591864,-1389.214049368428,262.8970397397471,136.50896677254,4.647021024144244,0.0001238271758887342,1.676157121236054e-05,2.017427851766924e-07,7.452551903099689e-09,-3.49599699520565e-08,,74.03974449846952,0.08048188854929446,12.56243491599244,0.18306297442756,0,0.4751736942867975,0.03042607981741619,0.08833378011507927,0,0,0.6529558770822138,4.239748009082756,3.931454206910798,0.008833378011507926,3.707350697254608,0,0,0,0,KCP109C,/Users/lopezama/PycharmProjects/sci-cluster/review_outputs/rmelts_parity_audit_v2/2026-02-26/kcp109c_phase7_parity_20260225_224621/runs/kcp109c_phase7_parity_liam_exact/runs/20260225_224621/parallel-results/Parallel_MELTS_KCP109C_dP25.0_02-25_11cores.xlsx,liquid,liquid
654,850,100,0,101.6864595154401,2.192658593577967,-1681.134041204341,-1386.602871314619,262.2367180605638,136.2118465794567,4.637587438977847,0.0001237475647235236,1.675461474252466e-05,2.015416307817334e-07,7.431404695715868e-09,-3.486973734029809e-08,,74.06887132821552,0.08063981104701111,12.54207909521133,0.183641279416042,0,0.4759089400208397,0.03048578222508956,0.08850710968574389,0,0,0.6442096364168891,4.232706669965728,3.937778427045091,0.008850710968574389,3.706321209782138,0,0,0,0,KCP109C,/Users/lopezama/PycharmProjects/sci-cluster/review_outputs/rmelts_parity_audit_v2/2026-02-26/kcp109c_phase7_parity_20260225_224621/runs/kcp109c_phase7_parity_liam_exact/runs/20260225_224621/parallel-results/Parallel_MELTS_KCP109C_dP25.0_02-25_11cores.xlsx,liquid,liquid
655,849,100,0,101.4854874056538,2.192817515974139,-1677.495391882714,-1383.971572679709,261.572712385158,135.9127835876311,4.628086316638612,0.0001236670403220043,1.674760555426089e-05,2.013350861591573e-07,7.410125076174255e-09,-3.477867309019871e-08,,74.09808801542783,0.08079950262209,12.52167405954699,0.1842248751079437,0,0.4766534907102206,0.03054615343030231,0.08868238092668414,0,0,0.6355681092784817,4.22549264597401,3.944140799370428,0.008868238092668413,3.705261729512358,0,0,0,0,KCP109C,/Users/lopezama/PycharmProjects/sci-cluster/review_outputs/rmelts_parity_audit_v2/2026-02-26/kcp109c_phase7_parity_20260225_224621/runs/kcp109c_phase7_parity_liam_exact/runs/20260225_224621/parallel-results/Parallel_MELTS_KCP109C_dP25.0_02-25_11cores.xlsx,liquid,liquid
656,848,100,0,101.2830588906596,2.192977921218574,-1673.833585009662,-1381.319954702107,260.9049906859523,135.6117585724455,4.618517036157826,0.0001235855919142633,1.674054336418867e-05,2.011231031727861e-07,7.388712170122207e-09,-3.468677069974798e-08,,74.12739776703619,0.08096099209605732,12.50121787023094,0.1848138392230228,0,0.4774075055761716,0.03060720432899728,0.08885962547128241,0,0,0.627031656934643,4.218104401143004,3.950541212391536,0.008885962547128241,3.704171963021037,0,0,0,0,KCP109C,/Users/lopezama/PycharmProjects/sci-cluster/review_outputs/rmelts_parity_audit_v2/2026-02-26/kcp109c_phase7_parity_20260225_224621/runs/kcp109c_phase7_parity_liam_exact/runs/20260225_224621/parallel-results/Parallel_MELTS_KCP109C_dP25.0_02-25_11cores.xlsx,liquid,liquid
657,847,100,0,101.0791546999786,2.193139807635458,-1670.148313320191,-1378.647750134478,260.2335072853751,135.3087450514631,4.608878756751829,0.0001235032062198294,1.673342773951503e-05,2.009056196939929e-07,7.367164616481054e-09,-3.459402118298976e-08,,74.15680469048417,0.08112431271733815,12.48070796327932,0.1854082593219453,0,0.478171170182374,0.03066894749070101,0.0890388798117126,0,0,0.6186003308262641,4.210540146200769,3.956979875040084,0.008903887981171258,3.703051536664149,0,0,0,0,KCP109C,/Users/lopezama/PycharmProjects/sci-cluster/review_outputs/rmelts_parity_audit_v2/2026-02-26/kcp109c_phase7_parity_20260225_224621/runs/kcp109c_phase7_parity_liam_exact/runs/20260225_224621/parallel-results/Parallel_MELTS_KCP109C_dP25.0_02-25_11cores.xlsx,liquid,liquid
658,846,100,0,100.8737665997635,2.19330317570699,-1666.439457393443,-1375.954844768446,259.5582474422533,135.0037326975817,4.599171136805918,0.000123419874894087,1.672625857018643e-05,2.006826045935713e-07,7.345482163656844e-09,-3.450042120745826e-08,,74.18631129223283,0.08128948939310926,12.46014289522273,0.1860082054231341,0,0.4789446195575771,0.0307313923315413,0.08922017128511991,0,0,0.6102746963648096,4.202798657598787,3.96345632220032,0.00892201712851199,3.701900241261523,0,0,0,0,KCP109C,/Users/lopezama/PycharmProjects/sci-cluster/review_outputs/rmelts_parity_audit_v2/2026-02-26/kcp109c_phase7_parity_20260225_224621/runs/kcp109c_phase7_parity_liam_exact/runs/20260225_224621/parallel-results/Parallel_MELTS_KCP109C_dP25.0_02-25_11cores.xlsx,liquid,liquid
659,845,100,0,100.6668769105338,2.193468022641941,-1662.706737391344,-1373.240993245226,258.8791701883631,134.6966973126322,4.5893934113197,0.000123335585069564,1.671903547536755e-05,2.004540003135725e-07,7.323663630581681e-09,-3.440596268569071e-08,,74.21592168513338,0.08145655509412779,12.43952010871787,0.1866137651674073,0,0.4797280369856574,0.0307945513160727,0.08940353607892074,0,0,0.6020547831087092,4.194878244081054,3.969970657191714,0.008940353607892073,3.700717723517189,0,0,0,0,KCP109C,/Users/lopezama/PycharmProjects/sci-cluster/review_outputs/rmelts_parity_audit_v2/2026-02-26/kcp109c_phase7_parity_20260225_224621/runs/kcp109c_phase7_parity_liam_exact/runs/20260225_224621/parallel-results/Parallel_MELTS_KCP109C_dP25.0_02-25_11cores.xlsx,liquid,liquid
660,844,100,0,100.4584784916165,2.193634347553276,-1658.950051741558,-1370.506095670534,258.196263770329,134.3876299575429,4.579545292207214,0.0001232503280795104,1.671175832487387e-05,2.002197775654798e-07,7.301708848576966e-09,-3.431064277732067e-08,,74.2456385572883,0.08162553478501877,12.41883802552785,0.1872250095450491,0,0.4805215570776321,0.03085843388214124,0.08958900159331326,0,0,0.5939410083015022,4.186777703352957,3.976522506873017,0.008958900159331326,3.69950376161388,0,0,0,0,KCP109C,/Users/lopezama/PycharmProjects/sci-cluster/review_outputs/rmelts_parity_audit_v2/2026-02-26/kcp109c_phase7_parity_20260225_224621/runs/kcp109c_phase7_parity_liam_exact/runs/20260225_224621/parallel-results/Parallel_MELTS_KCP109C_dP25.0_02-25_11cores.xlsx,liquid,liquid
661,843,100,0,100.248554477766,2.193802146248072,-1655.169135648858,-1367.749918375202,257.5094900090995,134.076507704221,4.569626055349388,0.0001231640915616024,1.670442681848024e-05,1.99979882467593e-07,7.279616778569017e-09,-3.421445403780774e-08,,74.27546607840652,0.08179646179259441,12.39809407454641,0.1878420274845931,0,0.4813253647896014,0.03092305262890764,0.08977660440650605,0,0,0.5859334103472774,4.178495458118253,3.983111773203247,0.008977660440650603,3.698258033835436,0,0,0,0,KCP109C,/Users/lopezama/PycharmProjects/sci-cluster/review_outputs/rmelts_parity_audit_v2/2026-02-26/kcp109c_phase7_parity_20260225_224621/runs/kcp109c_phase7_parity_liam_exact/runs/20260225_224621/parallel-results/Parallel_MELTS_KCP109C_dP25.0_02-25_11cores.xlsx,liquid,liquid
662,842,100,0,100.0371029396849,2.193971417405193,-1651.36397547627,-1364.972433058716,256.8188516500507,133.7633290493406,4.559635651862711,0.000123076868540337,1.669704093708894e-05,1.997342994951227e-07,7.257387751134855e-09,-3.411739624173823e-08,,74.30540646778074,0.08196935777681348,12.37728699918753,0.1884648836955069,0,0.4821395741093751,0.0309884157448929,0.08996636829162455,0,0,0.5780324706245914,4.170030559116451,3.989737893402832,0.008996636829162453,3.696980373440464,0,0,0,0,KCP109C,/Users/lopezama/PycharmProjects/sci-cluster/review_outputs/rmelts_parity_audit_v2/2026-02-26/kcp109c_phase7_parity_20260225_224621/runs/kcp109c_phase7_parity_liam_exact/runs/20260225_224621/parallel-results/Parallel_MELTS_KCP109C_dP25.0_02-25_11cores.xlsx,liquid,liquid
663,841,100,0,99.82410617195431,2.194142154675106,-1647.534292357908,-1362.173394145363,256.1243084077956,133.4480697538382,4.549573324556795,0.000122988645926771,1.66896003624412e-05,1.994829726074181e-07,7.235020664207957e-09,-3.401946162291821e-08,,74.33546432405788,0.08214425775659476,12.35641393794874,0.1890936714640218,0,0.4829643795255574,0.03105453646895655,0.09015833168406741,0,0,0.5702380469200435,4.161381414383741,3.996400824009577,0.009015833168406739,3.695670442612413,0,0,0,0,KCP109C,/Users/lopezama/PycharmProjects/sci-cluster/review_outputs/rmelts_parity_audit_v2/2026-02-26/kcp109c_phase7_parity_20260225_224621/runs/kcp109c_phase7_parity_liam_exact/runs/20260225_224621/parallel-results/Parallel_MELTS_KCP109C_dP25.0_02-25_11cores.xlsx,liquid,liquid
664,840,100,0,99.60956521722632,2.194314355491078,-1643.680122947043,-1359.352814185327,255.4258714115044,133.1307325283954,4.539439163215707,0.0001228994176722146,1.668210515256755e-05,1.99225894563177e-07,7.212516147635717e-09,-3.392065151984493e-08,,74.36564172221739,0.08232118186531617,12.33547373846476,0.1897284529552327,0,0.4837998851778665,0.03112142241249757,0.09035251668144456,0,0,0.5625505967787011,4.152547255265027,4.003099866614645,0.009035251668144456,3.694328109898973,0,0,0,0,KCP109C,/Users/lopezama/PycharmProjects/sci-cluster/review_outputs/rmelts_parity_audit_v2/2026-02-26/kcp109c_phase7_parity_20260225_224621/runs/kcp109c_phase7_parity_liam_exact/runs/20260225_224621/parallel-results/Parallel_MELTS_KCP109C_dP25.0_02-25_11cores.xlsx,liquid,liquid
665,839,100,0,99.39348189360882,2.194488016181694,-1639.801516433575,-1356.510716022388,254.7235538472214,132.8113210637052,4.529233295452158,0.0001228091776760915,1.667455536164942e-05,1.989630598087881e-07,7.189874890719588e-09,-3.382096763671432e-08,,74.39594083432466,0.08250014994720885,12.3144651744748,0.1903692901534603,0,0.4846461930697334,0.03118908107760334,0.09054894506400969,0,0,0.5549704669494816,4.143527361593559,4.009834367432397,0.009054894506400969,3.692953241406694,0,0,0,0,KCP109C,/Users/lopezama/PycharmProjects/sci-cluster/review_outputs/rmelts_parity_audit_v2/2026-02-26/kcp109c_phase7_parity_20260225_224621/runs/kcp109c_phase7_parity_liam_exact/runs/20260225_224621/parallel-results/Parallel_MELTS_KCP109C_dP25.0_02-25_11cores.xlsx,liquid,liquid
666,838,100,0,99.17581385177964,2.194663121692006,-1635.897781855542,-1353.646515629087,254.0172490000945,132.4897758736888,4.518953860003747,0.000122717903896054,1.666695030916607e-05,1.986943514259547e-07,7.167093653878843e-09,-3.372039077974588e-08,,74.42637000412812,0.08268121901817752,12.29338289647752,0.1910163236790788,0,0.485503629991718,0.03125753401906711,0.09074767941019482,0,0,0.5474966563242536,4.134319210424808,4.016604805485804,0.00907476794101948,3.691545273100239,0,0,0,0,KCP109C,/Users/lopezama/PycharmProjects/sci-cluster/review_outputs/rmelts_parity_audit_v2/2026-02-26/kcp109c_phase7_parity_20260225_224621/runs/kcp109c_phase7_parity_liam_exact/runs/20260225_224621/parallel-results/Parallel_MELTS_KCP109C_dP25.0_02-25_11cores.xlsx,liquid,liquid
667,837,100,0,98.95661514539725,2.194839678498608,-1631.969844811015,-1350.760953939702,253.3071124364388,132.1661753645609,4.508603344235561,0.0001226256091764598,1.665929099395429e-05,1.984198977145659e-07,7.144177847949007e-09,-3.361894770602505e-08,,74.45692448412068,0.08286436637786687,12.2722303210522,0.1916695264624799,0,0.486372039815261,0.03132677265504723,0.09094869480497582,0,0,0.540130957669097,4.124924346421651,4.023409016038094,0.009094869480497581,3.690104605102168,0,0,0,0,KCP109C,/Users/lopezama/PycharmProjects/sci-cluster/review_outputs/rmelts_parity_audit_v2/2026-02-26/kcp109c_phase7_parity_20260225_224621/runs/kcp109c_phase7_parity_liam_exact/runs/20260225_224621/parallel-results/Parallel_MELTS_KCP109C_dP25.0_02-25_11cores.xlsx,liquid,liquid
668,836,100,0,98.73585489442034,2.195017671691581,-1628.01720621457,-1347.853604088494,252.5930686796885,131.840476276489,4.498180409560439,0.0001225322751551059,1.665157692361758e-05,1.981396108584821e-07,7.121125261837255e-09,-3.351662474258315e-08,,74.48761142070667,0.08304964035986029,12.2510028911267,0.1923290216600667,0,0.487251696013755,0.03139681525799596,0.09115204429740761,0,0,0.5328724869311645,4.115340772053981,4.030247229487306,0.00911520442974076,3.688630777675334,0,0,0,0,KCP109C,/Users/lopezama/PycharmProjects/sci-cluster/review_outputs/rmelts_parity_audit_v2/2026-02-26/kcp109c_phase7_parity_20260225_224621/runs/kcp109c_phase7_parity_liam_exact/runs/20260225_224621/parallel-results/Parallel_MELTS_KCP109C_dP25.0_02-25_11cores.xlsx,liquid,liquid
669,835,100,0,98.51351556583282,2.195197089088159,-1624.039592866904,-1344.924223802369,251.8750792442677,131.5126547294012,4.487684320260891,0.0001224378891001794,1.664380794799624e-05,1.97853439621356e-07,7.097934975264327e-09,-3.341341490051173e-08,,74.51843606146562,0.08323707888536512,12.22969736167252,0.1929949105087285,0,0.488142808997244,0.03146767616397949,0.09135776950832755,0,0,0.5257209068643851,4.105567141248892,4.037118997117704,0.009135776950832755,3.687123510616397,0,0,0,0,KCP109C,/Users/lopezama/PycharmProjects/sci-cluster/review_outputs/rmelts_parity_audit_v2/2026-02-26/kcp109c_phase7_parity_20260225_224621/runs/kcp109c_phase7_parity_liam_exact/runs/20260225_224621/parallel-results/Parallel_MELTS_KCP109C_dP25.0_02-25_11cores.xlsx,liquid,liquid
670,834,100,0,98.2896337035105,2.195377928697636,-1620.037635337354,-1341.973312484108,251.153251910984,131.1827636941035,4.477116783342122,0.0001223424567672385,1.66359847358142e-05,1.975614677876908e-07,7.074610811644782e-09,-3.330933666752793e-08,,74.54939666630571,0.08342667465946724,12.20831511143403,0.1936671996158164,0,0.4890453148199236,0.03153935261516444,0.09156586243112257,0,0,0.5186770752900834,4.095604363068021,4.044022782340271,0.009156586243112256,3.685583011177257,0,0,0,0,KCP109C,/Users/lopezama/PycharmProjects/sci-cluster/review_outputs/rmelts_parity_audit_v2/2026-02-26/kcp109c_phase7_parity_20260225_224621/runs/kcp109c_phase7_parity_liam_exact/runs/20260225_224621/parallel-results/Parallel_MELTS_KCP109C_dP25.0_02-25_11cores.xlsx,liquid,liquid
671,833,100,0,98.0642054053902,2.195560178552724,-1616.011287949375,-1339.000814668957,250.4275851199365,130.8507985313309,4.466477683614779,0.0001222459699346074,1.662810735829417e-05,1.972636788665326e-07,7.051153058928392e-09,-3.320438959093325e-08,,74.5804970072649,0.0836184547313524,12.18685386676981,0.1943459680677695,0,0.4899593573817373,0.03161185483746249,0.09177635275392335,0,0,0.5117407787532738,4.085451738820834,4.050957860103103,0.009177635275392334,3.684009125240438,0,0,0,0,KCP109C,/Users/lopezama/PycharmProjects/sci-cluster/review_outputs/rmelts_parity_audit_v2/2026-02-26/kcp109c_phase7_parity_20260225_224621/runs/kcp109c_phase7_parity_liam_exact/runs/20260225_224621/parallel-results/Parallel_MELTS_KCP109C_dP25.0_02-25_11cores.xlsx,liquid,liquid
672,832,100,0,97.83722356784037,2.195743824477661,-1611.960451126382,-1336.006630570849,249.6980686382237,130.5167499179684,4.455766764645896,0.000122148418888672,1.662017582159225e-05,1.969600480489791e-07,7.027561716915465e-09,-3.309857171445263e-08,,74.61174152518285,0.08381244937885922,12.16531090097134,0.1950313022748945,0,0.4908850996629199,0.0316851942773736,0.09198927370850402,0,0,0.5049115774344294,4.075108455486085,4.057923635404669,0.0091989273708504,3.682401658847218,0,0,0,0,KCP109C,/Users/lopezama/PycharmProjects/sci-cluster/review_outputs/rmelts_parity_audit_v2/2026-02-26/kcp109c_phase7_parity_20260225_224621/runs/kcp109c_phase7_parity_liam_exact/runs/20260225_224621/parallel-results/Parallel_MELTS_KCP109C_dP25.0_02-25_11cores.xlsx,liquid,liquid
673,831,100,0,97.60871204014546,2.195928857991475,-1607.885543604372,-1332.991085904291,248.9647762532994,130.1806526969588,4.444985168118066,0.000122049805345569,1.661219068874783e-05,1.96650630237135e-07,7.003839560019037e-09,-3.299189590779768e-08,,74.64313051742926,0.08400866278792199,12.14368625552447,0.1957232337324218,0,0.491822546605262,0.03175937251738514,0.09220462988918267,0,0,0.4981898296270932,4.064575090291157,4.064918660522798,0.009220462988918265,3.680760738084151,0,0,0,0,KCP109C,/Users/lopezama/PycharmProjects/sci-cluster/review_outputs/rmelts_parity_audit_v2/2026-02-26/kcp109c_phase7_parity_20260225_224621/runs/kcp109c_phase7_parity_liam_exact/runs/20260225_224621/parallel-results/Parallel_MELTS_KCP109C_dP25.0_02-25_11cores.xlsx,liquid,liquid
674,830,100,0,97.37867126382017,2.196115263893574,-1603.786592091564,-1329.954184610077,248.2277183352097,129.8425082156935,4.434132983128304,0.0001219501223387194,1.660415213067499e-05,1.963354210863207e-07,6.979987286761933e-09,-3.288436397603205e-08,,74.67466768939323,0.08420711944324373,12.12197769703303,0.1964218372471393,0,0.4927718255698833,0.03183439881390921,0.09242244816941383,0,0,0.4915751295838005,4.053851263502026,4.071942090091158,0.009242244816941383,3.679086256336217,0,0,0,0,KCP109C,/Users/lopezama/PycharmProjects/sci-cluster/review_outputs/rmelts_parity_audit_v2/2026-02-26/kcp109c_phase7_parity_20260225_224621/runs/kcp109c_phase7_parity_liam_exact/runs/20260225_224621/parallel-results/Parallel_MELTS_KCP109C_dP25.0_02-25_11cores.xlsx,liquid,liquid
675,829,100,0,97.14712390486272,2.196303030596364,-1599.663995084567,-1326.896236080326,247.486965480416,129.5023494749339,4.423211303336603,0.0001218493710936513,1.659606071573479e-05,1.960144735948187e-07,6.956007580476617e-09,-3.277598836778207e-08,,74.70635381602222,0.08440782495883528,12.10018494570308,0.1971271479605295,0,0.493732949571994,0.03191027528931577,0.09264273471091676,0,0,0.4850675933346903,4.042937617325127,4.078992485372808,0.009264273471091676,3.677378336279408,0,0,0,0,KCP109C,/Users/lopezama/PycharmProjects/sci-cluster/review_outputs/rmelts_parity_audit_v2/2026-02-26/kcp109c_phase7_parity_20260225_224621/runs/kcp109c_phase7_parity_liam_exact/runs/20260225_224621/parallel-results/Parallel_MELTS_KCP109C_dP25.0_02-25_11cores.xlsx,liquid,liquid
676,828,100,0,96.9140747337855,2.196492140936145,-1595.517851652962,-1323.817303811258,246.7425399279878,129.1601838987233,4.412220418529735,0.0001217475463494656,1.65879167351303e-05,1.956877960143897e-07,6.931901557005845e-09,-3.26667731646796e-08,,74.73819229961421,0.08461080064888798,12.07830597016565,0.1978392345870622,0,0.4947060262465299,0.03198701000140887,0.09286551290731607,0,0,0.4786667545184064,4.031834077741475,4.086068830101254,0.009286551290731606,3.675636932177084,0,0,0,0,KCP109C,/Users/lopezama/PycharmProjects/sci-cluster/review_outputs/rmelts_parity_audit_v2/2026-02-26/kcp109c_phase7_parity_20260225_224621/runs/kcp109c_phase7_parity_liam_exact/runs/20260225_224621/parallel-results/Parallel_MELTS_KCP109C_dP25.0_02-25_11cores.xlsx,liquid,liquid
677,827,100,0,96.67955190631078,2.196682581771159,-1591.348651665911,-1320.717772660654,245.9945271147184,128.8160521683833,4.401161674817815,0.0001216446513373745,1.657972087827866e-05,1.953554565404344e-07,6.907672397964277e-09,-3.255673354801131e-08,,74.77018345285273,0.08481604768854548,12.05634079836495,0.1985581234461561,0,0.4956910412543252,0.03206460339445012,0.09309078404840355,0,0,0.4723726736862007,4.02054165640202,4.093169508927319,0.009309078404840356,3.673862231530041,0,0,0,0,KCP109C,/Users/lopezama/PycharmProjects/sci-cluster/review_outputs/rmelts_parity_audit_v2/2026-02-26/kcp109c_phase7_parity_20260225_224621/runs/kcp109c_phase7_parity_liam_exact/runs/20260225_224621/parallel-results/Parallel_MELTS_KCP109C_dP25.0_02-25_11cores.xlsx,liquid,liquid
678,826,100,0,96.44356077018001,2.19687433315394,-1587.156503545299,-1317.597714075461,245.2429508891763,128.469962396868,4.390035393227111,0.0001215406809987963,1.657147347885105e-05,1.95017466135389e-07,6.883321288499673e-09,-3.244587402264256e-08,,74.80233091368072,0.08502358734150643,12.03428724243968,0.1992838837894005,0,0.496688101345552,0.03214306350715487,0.0933185714723851,0,0,0.4661846956388631,4.009060432628507,4.10029344523564,0.009331857147238509,3.672054205773334,0,0,0,0,KCP109C,/Users/lopezama/PycharmProjects/sci-cluster/review_outputs/rmelts_parity_audit_v2/2026-02-26/kcp109c_phase7_parity_20260225_224621/runs/kcp109c_phase7_parity_liam_exact/runs/20260225_224621/parallel-results/Parallel_MELTS_KCP109C_dP25.0_02-25_11cores.xlsx,liquid,liquid
679,825,100,0,96.20613558643677,2.197067380266566,-1582.941998757042,-1314.457596884498,244.487913192682,128.1219638325362,4.378843200282928,0.00012143564105512,1.656317537747689e-05,1.946739103354127e-07,6.858851974229565e-09,-3.233421288257776e-08,,74.83463441265066,0.08523341562785536,12.01214571255963,0.2000165315199554,0,0.4976971605668412,0.03222238883492092,0.09354887081106074,0,0,0.4601028475527739,3.997391823271824,4.107438825601335,0.009354887081106072,3.670213123922023,0,0,0,0,KCP109C,/Users/lopezama/PycharmProjects/sci-cluster/review_outputs/rmelts_parity_audit_v2/2026-02-26/kcp109c_phase7_parity_20260225_224621/runs/kcp109c_phase7_parity_liam_exact/runs/20260225_224621/parallel-results/Parallel_MELTS_KCP109C_dP25.0_02-25_11cores.xlsx,liquid,liquid
680,824,100,0,95.96730322349283,2.197261705148453,-1578.705604792465,-1311.29778833655,243.7294959266409,127.772095099726,4.367586391672404,0.0001213295345519078,1.655482730618206e-05,1.943248565168561e-07,6.834267551137932e-09,-3.222176498492882e-08,,74.86709484912492,0.08544553501771535,11.98991583863677,0.2007560964931871,0,0.4987182116934716,0.03230258031157531,0.09378168477554122,0,0,0.4541268464267746,3.985536995225349,4.114604005926251,0.00937816847755412,3.668339187890877,0,0,0,0,KCP109C,/Users/lopezama/PycharmProjects/sci-cluster/review_outputs/rmelts_parity_audit_v2/2026-02-26/kcp109c_phase7_parity_20260225_224621/runs/kcp109c_phase7_parity_liam_exact/runs/20260225_224621/parallel-results/Parallel_MELTS_KCP109C_dP25.0_02-25_11cores.xlsx,liquid,liquid
681,823,100,0,95.72707537545438,2.197457284813117,-1574.447535443218,-1308.118447177693,242.967740058865,127.4203731415498,4.356265581908478,0.0001212223589455516,1.654642976340386e-05,1.939703340316643e-07,6.809569789404871e-09,-3.21085380860201e-08,,74.8997154094817,0.08565996154950827,11.96759573023495,0.2015026377321651,0,0.4997513291341947,0.03238364400042385,0.09401703096897247,0,0,0.448255896659929,3.973496518985095,4.121787682401772,0.009401703096897246,3.666432455754394,0,0,0,0,KCP109C,/Users/lopezama/PycharmProjects/sci-cluster/review_outputs/rmelts_parity_audit_v2/2026-02-26/kcp109c_phase7_parity_20260225_224621/runs/kcp109c_phase7_parity_liam_exact/runs/20260225_224621/parallel-results/Parallel_MELTS_KCP109C_dP25.0_02-25_11cores.xlsx,liquid,liquid
682,822,100,0,95.48548811092675,2.197654100443802,-1570.168411288114,-1304.92006717237,242.2027522400983,127.066849536408,4.344882485903677,0.0001211141208814616,1.653798367563067e-05,1.936104353145737e-07,6.784762608167301e-09,-3.199455155931409e-08,,74.93249596674343,0.08587668959871923,11.94518569592267,0.202256168401872,0,0.500796456323595,0.03246557777512556,0.09425490321810646,0,0,0.442489753780447,3.961272117290511,4.128987941868633,0.009425490321810646,3.664493238755067,0,0,0,0,KCP109C,/Users/lopezama/PycharmProjects/sci-cluster/review_outputs/rmelts_parity_audit_v2/2026-02-26/kcp109c_phase7_parity_20260225_224621/runs/kcp109c_phase7_parity_liam_exact/runs/20260225_224621/parallel-results/Parallel_MELTS_KCP109C_dP25.0_02-25_11cores.xlsx,liquid,liquid
683,821,100,0,95.24257219073858,2.197852130580667,-1565.868763780168,-1301.703069163373,241.4346247011793,126.7115682101053,4.333438581492547,0.0001210048250771579,1.652948989372602e-05,1.932452398752563e-07,6.75984945808497e-09,-3.18798223097625e-08,,74.96543727370926,0.08609571815250537,11.92268545761492,0.2030167117314724,0,0.5018535643068988,0.03254838125277642,0.09449530041128637,0,0,0.4368279175099972,3.948865358291538,4.136202986144339,0.009449530041128636,3.662521800833872,0,0,0,0,KCP109C,/Users/lopezama/PycharmProjects/sci-cluster/review_outputs/rmelts_parity_audit_v2/2026-02-26/kcp109c_phase7_parity_20260225_224621/runs/kcp109c_phase7_parity_liam_exact/runs/20260225_224621/parallel-results/Parallel_MELTS_KCP109C_dP25.0_02-25_11cores.xlsx,liquid,liquid
684,820,100,0,94.99836067038952,2.198051352762282,-1561.549162299868,-1298.467905595148,240.66345579721,126.3545762835387,4.321935452099673,0.0001208944773374886,1.652094933575226e-05,1.928748341340096e-07,6.734834001325017e-09,-3.17643684433994e-08,,74.99853986213785,0.08631704401356509,11.90009487924851,0.2037842865030511,0,0.5029226107626585,0.03263205322464046,0.09473821903927875,0,0,0.4312698509894045,3.936277990899985,4.143430938606883,0.009473821903927874,3.660518442670267,0,0,0,0,KCP109C,/Users/lopezama/PycharmProjects/sci-cluster/review_outputs/rmelts_parity_audit_v2/2026-02-26/kcp109c_phase7_parity_20260225_224621/runs/kcp109c_phase7_parity_liam_exact/runs/20260225_224621/parallel-results/Parallel_MELTS_KCP109C_dP25.0_02-25_11cores.xlsx,liquid,liquid
685,819,100,0,94.75288804717968,2.198251743493827,-1557.21019978986,-1295.215048764692,239.8893476401293,125.9959228370359,4.310374747915934,0.0001207830840864056,1.651236295759483e-05,1.924993088564969e-07,6.709720023214844e-09,-3.164820878759946e-08,,75.03180417640688,0.08654066251611013,11.87741388042225,0.2045589085978447,0,0.504003544303992,0.03271659192682212,0.09498365398109648,0,0,0.4258149456408904,3.923511910571717,4.150669874246095,0.009498365398109648,3.658483485988206,0,0,0,0,KCP109C,/Users/lopezama/PycharmProjects/sci-cluster/review_outputs/rmelts_parity_audit_v2/2026-02-26/kcp109c_phase7_parity_20260225_224621/runs/kcp109c_phase7_parity_liam_exact/runs/20260225_224621/parallel-results/Parallel_MELTS_KCP109C_dP25.0_02-25_11cores.xlsx,liquid,liquid
686,818,100,0,94.50618821845082,2.198453277702281,-1552.852458738232,-1291.944962789899,239.1124006308332,125.635656018095,4.298758094018909,0.00012067065169085,1.650373172741015e-05,1.921187541329103e-07,6.684511259740809e-09,-3.15313619611456e-08,,75.06523085242382,0.08676656935555317,11.85464225059614,0.2053405948829712,0,0.5050963155287473,0.03280199573197742,0.09523160051219248,0,0,0.4204624747811366,3.910569069264128,4.157917859732823,0.009523160051219249,3.656417257139283,0,0,0,0,KCP109C,/Users/lopezama/PycharmProjects/sci-cluster/review_outputs/rmelts_parity_audit_v2/2026-02-26/kcp109c_phase7_parity_20260225_224621/runs/kcp109c_phase7_parity_liam_exact/runs/20260225_224621/parallel-results/Parallel_MELTS_KCP109C_dP25.0_02-25_11cores.xlsx,liquid,liquid
687,817,100,0,94.2583091232559,2.198655932367907,-1548.476755177309,-1288.658304784049,238.3327527342656,125.2738438458467,4.287087749184187,0.000120557191985531,1.649505686074741e-05,1.917332967581181e-07,6.659212667377751e-09,-3.141385326477743e-08,,75.09881859071182,0.08699474707813185,11.83178105509032,0.2061293343029931,0,0.5062007956132744,0.03288825804173277,0.09548203947599836,0,0,0.4152119799690704,3.897452125133239,4.165172638451448,0.009548203947599834,3.654320232184356,0,0,0,0,KCP109C,/Users/lopezama/PycharmProjects/sci-cluster/review_outputs/rmelts_parity_audit_v2/2026-02-26/kcp109c_phase7_parity_20260225_224621/runs/kcp109c_phase7_parity_liam_exact/runs/20260225_224621/parallel-results/Parallel_MELTS_KCP109C_dP25.0_02-25_11cores.xlsx,liquid,liquid
688,816,100,0,94.00929681649276,2.198859682796799,-1544.083872929685,-1285.355705974773,237.550536615628,124.9105515471967,4.275365888600921,0.0001204427162109506,1.648633955075459e-05,1.913430593017473e-07,6.633829025520794e-09,-3.129570712453162e-08,,75.132566446236,0.08722517950244842,11.80883111828012,0.2069251186889069,0,0.5073168632529993,0.0329753727387305,0.09573495311244336,0,0,0.4100628408731045,3.884163735006294,4.172432003020559,0.009573495311244335,3.652192873977165,0,0,0,0,KCP109C,/Users/lopezama/PycharmProjects/sci-cluster/review_outputs/rmelts_parity_audit_v2/2026-02-26/kcp109c_phase7_parity_20260225_224621/runs/kcp109c_phase7_parity_liam_exact/runs/20260225_224621/parallel-results/Parallel_MELTS_KCP109C_dP25.0_02-25_11cores.xlsx,liquid,liquid
689,815,100,0,93.7591596178101,2.199064493299566,-1539.67396736385,-1282.037279591072,236.7657839202112,124.5457907882602,4.263592991633002,0.0001203272221177824,1.647758046869209e-05,1.909480702552326e-07,6.608361891713199e-09,-3.117693049168322e-08,,75.16647897588543,0.0874578851877453,11.78578963301899,0.2077280143080464,0,0.508444606380757,0.03306334683926956,0.09599036179142775,0,0,0.405013422752262,3.870704989605949,4.179694417397206,0.009599036179142775,3.65003531065376,0,0,0,0,KCP109C,/Users/lopezama/PycharmProjects/sci-cluster/review_outputs/rmelts_parity_audit_v2/2026-02-26/kcp109c_phase7_parity_20260225_224621/runs/kcp109c_phase7_parity_liam_exact/runs/20260225_224621/parallel-results/Parallel_MELTS_KCP109C_dP25.0_02-25_11cores.xlsx,liquid,liquid
690,814,100,0,93.50797899855873,2.19927034584125,-1535.248410252701,-1278.704143101449,235.9787215667129,124.1796767714993,4.251772828901156,0.0001202107338630251,1.646878132583295e-05,1.905485420983345e-07,6.582819039441801e-09,-3.105756422869663e-08,,75.20055035568244,0.08769281437052209,11.7626606328821,0.2085379416617081,0,0.5095837008704852,0.03315216153031932,0.09624821089447545,0,0,0.4000637347973993,3.857080262061038,4.186957028996556,0.009624821089447544,3.64784833516349,0,0,0,0,KCP109C,/Users/lopezama/PycharmProjects/sci-cluster/review_outputs/rmelts_parity_audit_v2/2026-02-26/kcp109c_phase7_parity_20260225_224621/runs/kcp109c_phase7_parity_liam_exact/runs/20260225_224621/parallel-results/Parallel_MELTS_KCP109C_dP25.0_02-25_11cores.xlsx,liquid,liquid
691,813,100,0,93.25578748536678,2.199477208217544,-1530.807759313591,-1275.356742693322,235.1894458594758,123.8122554443826,4.239906971390772,0.0001200932592052087,1.64599432572002e-05,1.901445677516004e-07,6.557204141673967e-09,-3.093762692167992e-08,,75.23478166950783,0.08792996223399827,11.73944359593521,0.2093549171284655,0,0.5107340936872821,0.03324181499090178,0.09650849513487614,0,0,0.3952126407509687,3.843291897000082,4.194217708837357,0.009650849513487613,3.645632355279547,0,0,0,0,KCP109C,/Users/lopezama/PycharmProjects/sci-cluster/review_outputs/rmelts_parity_audit_v2/2026-02-26/kcp109c_phase7_parity_20260225_224621/runs/kcp109c_phase7_parity_liam_exact/runs/20260225_224621/parallel-results/Parallel_MELTS_KCP109C_dP25.0_02-25_11cores.xlsx,liquid,liquid
692,812,100,0,93.0026384869352,2.199685052768776,-1526.352918622941,-1271.995811159735,234.3981085225143,123.4436021909841,4.227997929515928,0.0001199748133282291,1.645106767537303e-05,1.897362924538408e-07,6.531522612171862e-09,-3.081714672384614e-08,,75.26917109096048,0.08816930392690106,11.71613991434031,0.2101789144582787,0,0.5118956108636071,0.03333229782602357,0.09677118723684261,0,0,0.3904593794456576,3.82934323534989,4.201473985364898,0.00967711872368426,3.643387961503396,0,0,0,0,KCP109C,/Users/lopezama/PycharmProjects/sci-cluster/review_outputs/rmelts_parity_audit_v2/2026-02-26/kcp109c_phase7_parity_20260225_224621/runs/kcp109c_phase7_parity_liam_exact/runs/20260225_224621/parallel-results/Parallel_MELTS_KCP109C_dP25.0_02-25_11cores.xlsx,liquid,liquid
693,811,100,0,92.74857442963611,2.199893848469675,-1521.884606665083,-1268.621929251498,233.6048308938661,123.0737763593458,4.216047719491343,0.000119855405635753,1.644215565150755e-05,1.893238295872832e-07,6.505778770238968e-09,-3.069614600445691e-08,,75.3037187505308,0.08841082438302464,11.6927496638285,0.2110099290954754,0,0.5130681367102454,0.03342360433992395,0.09703627066429532,0,0,0.3858025667753742,3.815237138595845,4.208723929576649,0.009703627066429531,3.641115558433419,0,0,0,0,KCP109C,/Users/lopezama/PycharmProjects/sci-cluster/review_outputs/rmelts_parity_audit_v2/2026-02-26/kcp109c_phase7_parity_20260225_224621/runs/kcp109c_phase7_parity_liam_exact/runs/20260225_224621/parallel-results/Parallel_MELTS_KCP109C_dP25.0_02-25_11cores.xlsx,liquid,liquid
694,810,100,0,92.49367082879493,2.200103571003343,-1517.404096032066,-1265.236135032867,232.8098241233428,122.7028849370607,4.204059847355904,0.0001197350624720338,1.643320919010335e-05,1.889073876965115e-07,6.479980066847108e-09,-3.057466411211458e-08,,75.33841920498892,0.08865447634354882,11.66927662698685,0.2118478861261675,0,0.5142513628898903,0.03351571666646358,0.09730369354779748,0,0,0.3812421514472913,3.800978172837291,4.21596426116783,0.009730369354779746,3.638816077643166,0,0,0,0,KCP109C,/Users/lopezama/PycharmProjects/sci-cluster/review_outputs/rmelts_parity_audit_v2/2026-02-26/kcp109c_phase7_parity_20260225_224621/runs/kcp109c_phase7_parity_liam_exact/runs/20260225_224621/parallel-results/Parallel_MELTS_KCP109C_dP25.0_02-25_11cores.xlsx,liquid,liquid
695,809,100,0,92.23794743551571,2.200314181375379,-1512.911726347818,-1261.838697785263,232.0131484198628,122.3309548985997,4.19203531096906,0.0001196137848773399,1.642422902168841e-05,1.884870232282163e-07,6.454128838812562e-09,-3.045271275939646e-08,,75.37327605861736,0.08890026509656546,11.6457185798103,0.2126928250464623,0,0.5154452959080947,0.03360863680479913,0.09757346169135231,0,0,0.3767759546817843,3.786568357087806,4.223193507890195,0.00975734616913523,3.636489711196146,0,0,0,0,KCP109C,/Users/lopezama/PycharmProjects/sci-cluster/review_outputs/rmelts_parity_audit_v2/2026-02-26/kcp109c_phase7_parity_20260225_224621/runs/kcp109c_phase7_parity_liam_exact/runs/20260225_224621/parallel-results/Parallel_MELTS_KCP109C_dP25.0_02-25_11cores.xlsx,liquid,liquid
696,808,100,0,91.98147815754346,2.200525653324477,-1508.408742124093,-1258.430633909155,231.2150101419214,121.9580908172976,4.179977543937333,0.0001194915992186609,1.641521716547727e-05,1.880629422596961e-07,6.428232375672463e-09,-3.033033055231746e-08,,75.4082840874532,0.08914814340440633,11.62207916049226,0.2135446710543743,0,0.5166496274950366,0.03370234689678776,0.09784552324873864,0,0,0.372403756885416,3.772012382610037,4.2304083484761,0.009784552324873864,3.634137399658766,0,0,0,0,KCP109C,/Users/lopezama/PycharmProjects/sci-cluster/review_outputs/rmelts_parity_audit_v2/2026-02-26/kcp109c_phase7_parity_20260225_224621/runs/kcp109c_phase7_parity_liam_exact/runs/20260225_224621/parallel-results/Parallel_MELTS_KCP109C_dP25.0_02-25_11cores.xlsx,liquid,liquid
697,807,100,0,91.7243098523483,2.200737953740941,-1503.895931069908,-1255.012584526318,230.4155409374534,121.5843577820919,4.167888761877808,0.000119368516736971,1.640617471974444e-05,1.876352698922613e-07,6.402295252811844e-09,-3.020754169878898e-08,,75.44344293791067,0.0893980891726469,11.59835871598021,0.2144034051488655,0,0.5178641990796057,0.03379683858965919,0.0981198539699783,0,0,0.3681238500476753,3.757313555147889,4.237606985043744,0.00981198539699783,3.63175958451204,0,0,0,0,KCP109C,/Users/lopezama/PycharmProjects/sci-cluster/review_outputs/rmelts_parity_audit_v2/2026-02-26/kcp109c_phase7_parity_20260225_224621/runs/kcp109c_phase7_parity_liam_exact/runs/20260225_224621/parallel-results/Parallel_MELTS_KCP109C_dP25.0_02-25_11cores.xlsx,liquid,liquid
698,806,100,0,91.46650111730345,2.200951051039864,-1499.374281121453,-1251.585355777719,229.6149055680249,121.2098384359871,4.155771709420302,0.0001192445582183464,1.639710346226689e-05,1.872041736789101e-07,6.376323390144787e-09,-3.008437750164931e-08,,75.47874968575928,0.0896500681366459,11.57455936035609,0.2152689805993487,0,0.519088780279029,0.03389209892970759,0.09839641624753817,0,0,0.3639354399511844,3.742476047835223,4.244786419356671,0.009839641624753816,3.629357060924518,0,0,0,0,KCP109C,/Users/lopezama/PycharmProjects/sci-cluster/review_outputs/rmelts_parity_audit_v2/2026-02-26/kcp109c_phase7_parity_20260225_224621/runs/kcp109c_phase7_parity_liam_exact/runs/20260225_224621/parallel-results/Parallel_MELTS_KCP109C_dP25.0_02-25_11cores.xlsx,liquid,liquid
699,805,100,0,91.20810740851266,2.201164913218399,-1494.844721110288,-1248.149707011893,228.8132579867315,120.8346099058799,4.143628987577953,0.0001191197389322193,1.63880046536725e-05,1.867698021582985e-07,6.350322070607608e-09,-2.996086625398018e-08,,75.51420258882565,0.08990404818203473,11.55068233187277,0.2161413568840221,0,0.5203231522201991,0.03398811577613508,0.09867517483394055,0,0,0.3598369361093764,3.727503671744536,4.251944728217224,0.009867517483394053,3.626930377850677,0,0,0,0,KCP109C,/Users/lopezama/PycharmProjects/sci-cluster/review_outputs/rmelts_parity_audit_v2/2026-02-26/kcp109c_phase7_parity_20260225_224621/runs/kcp109c_phase7_parity_liam_exact/runs/20260225_224621/parallel-results/Parallel_MELTS_KCP109C_dP25.0_02-25_11cores.xlsx,liquid,liquid
700,804,100,0,90.32657105600765,2.201634625611873,-1479.939320754778,-1236.022604304779,226.4463783595595,119.6430080240023,4.102704872335678,0.0001190389752639186,1.637311288585895e-05,1.849689549456942e-07,6.278422626796068e-09,-2.965099537153784e-08,,75.5030752167644,0.09078146337910764,11.54796450928967,0.2185982893681782,0,0.5250885341535857,0.03431982152136995,0.09963819151365472,0,0,0.3528759654556748,3.712569923352341,4.282363126573892,0.009963819151365471,3.622761139476744,0,0,0,0,KCP109C,/Users/lopezama/PycharmProjects/sci-cluster/review_outputs/rmelts_parity_audit_v2/2026-02-26/kcp109c_phase7_parity_20260225_224621/runs/kcp109c_phase7_parity_liam_exact/runs/20260225_224621/parallel-results/Parallel_MELTS_KCP109C_dP25.0_02-25_11cores.xlsx,liquid,liquid
701,803,100,0,89.109951597188,2.202248688326352,-1459.462885111839,-1219.22415014706,223.2390790919285,118.0122252766574,4.046316479584742,0.0001189780463407512,1.635489040426167e-05,1.824278565889777e-07,6.181905250588512e-09,-2.923941449788425e-08,,75.46763197038435,0.09202090764979388,11.55607587487188,0.2219768157606404,0,0.531903078185475,0.03478839191638549,0.100998557176603,0,0,0.344702551633376,3.696839530507651,4.325431064837505,0.0100998557176603,3.617531401358694,0,0,0,0,KCP109C,/Users/lopezama/PycharmProjects/sci-cluster/review_outputs/rmelts_parity_audit_v2/2026-02-26/kcp109c_phase7_parity_20260225_224621/runs/kcp109c_phase7_parity_liam_exact/runs/20260225_224621/parallel-results/Parallel_MELTS_KCP109C_dP25.0_02-25_11cores.xlsx,liquid,liquid
702,802,100,0,87.87416205798372,2.2028790451705,-1438.678705416816,-1202.161314039389,219.9854823768098,116.3561263458901,3.989059782952466,0.0001189133387775413,1.633622716923694e-05,1.798377496448219e-07,6.084076469609704e-09,-2.882022837031683e-08,,75.43178753266588,0.09331501734651759,11.56408566710739,0.225496632831017,0,0.5390251214336025,0.03527762850904933,0.1024189214778851,0,0,0.3368811896641736,3.680054835012453,4.369325242835902,0.01024189214778851,3.612090318968327,0,0,0,0,KCP109C,/Users/lopezama/PycharmProjects/sci-cluster/review_outputs/rmelts_parity_audit_v2/2026-02-26/kcp109c_phase7_parity_20260225_224621/runs/kcp109c_phase7_parity_liam_exact/runs/20260225_224621/parallel-results/Parallel_MELTS_KCP109C_dP25.0_02-25_11cores.xlsx,liquid,liquid
703,801,100,0,86.61749369821436,2.203526441440473,-1417.559093426598,-1184.8106772781,216.6814841023113,114.6724777882513,3.930857922521294,0.0001188448325385911,1.631711656404082e-05,1.771954236862387e-07,5.984834163676848e-09,-2.839292671865758e-08,,75.39550706317738,0.09466885894399492,11.57198613608822,0.2291704573830799,0,0.5464835037286826,0.03578944667394929,0.1039048451824334,0,0,0.3294145230270556,3.662198267971173,4.414052335751251,0.01039048451824334,3.606434077554546,0,0,0,0,KCP109C,/Users/lopezama/PycharmProjects/sci-cluster/review_outputs/rmelts_parity_audit_v2/2026-02-26/kcp109c_phase7_parity_20260225_224621/runs/kcp109c_phase7_parity_liam_exact/runs/20260225_224621/parallel-results/Parallel_MELTS_KCP109C_dP25.0_02-25_11cores.xlsx,liquid,liquid
704,800,100,0,85.33788894631218,2.204191730125592,-1396.070674533161,-1167.144032459606,213.3221283823831,112.9585887524533,3.871618234474083,0.0001187725221171478,1.629755239843869e-05,1.744969951522627e-07,5.884054065059646e-09,-2.795689163941933e-08,,75.3587478900503,0.0960883815694636,11.57976942365641,0.2330131866433168,0,0.5543121207308427,0.03632609547138257,0.105462857820143,0,0,0.3223052839670895,3.6432524349394,4.459617036577713,0.01054628578201429,3.600559002791893,0,0,0,0,KCP109C,/Users/lopezama/PycharmProjects/sci-cluster/review_outputs/rmelts_parity_audit_v2/2026-02-26/kcp109c_phase7_parity_20260225_224621/runs/kcp109c_phase7_parity_liam_exact/runs/20260225_224621/parallel-results/Parallel_MELTS_KCP109C_dP25.0_02-25_11cores.xlsx,liquid,liquid
705,799,100,0,84.03292471909177,2.20487588027847,-1374.174136202311,-1149.128168744123,209.9015692376881,111.2112888772972,3.811231528755199,0.0001186964130088643,1.627752952228244e-05,1.717378848287981e-07,5.781589128333456e-09,-2.751139029150172e-08,,75.32146243490209,0.09758056156459205,11.58742548338207,0.2370422428323714,0,0.5625507632639452,0.03689021229880918,0.1071006163513815,0,0,0.315557664655049,3.623199080029068,4.50601916534256,0.01071006163513815,3.594461713742922,0,0,0,0,KCP109C,/Users/lopezama/PycharmProjects/sci-cluster/review_outputs/rmelts_parity_audit_v2/2026-02-26/kcp109c_phase7_parity_20260225_224621/runs/kcp109c_phase7_parity_liam_exact/runs/20260225_224621/parallel-results/Parallel_MELTS_KCP109C_dP25.0_02-25_11cores.xlsx,liquid,liquid
706,798,100,0,82.69961950549398,2.205580035495771,-1351.821059195552,-1130.722210331113,206.4125928809594,109.4266742826364,3.749563297389239,0.0001186165282606833,1.625704338513555e-05,1.689124207045044e-07,5.677256392228052e-09,-2.705551384251277e-08,,75.28359244552713,0.09915378556563262,11.59494314991888,0.2412785151952885,0,0.5712473154618688,0.03748496771383672,0.1088273256208163,0,0,0.3091767896358225,3.602019043860043,4.553254969929754,0.01088273256208163,3.588138959008818,0,0,0,0,KCP109C,/Users/lopezama/PycharmProjects/sci-cluster/review_outputs/rmelts_parity_audit_v2/2026-02-26/kcp109c_phase7_parity_20260225_224621/runs/kcp109c_phase7_parity_liam_exact/runs/20260225_224621/parallel-results/Parallel_MELTS_KCP109C_dP25.0_02-25_11cores.xlsx,liquid,liquid
707,797,100,0,81.33428827618067,2.206305563129667,-1328.95155188904,-1111.875626071508,202.8462606340527,107.5999161360749,3.686447137485668,0.0001185329089920508,1.623609011883237e-05,1.660135470976762e-07,5.570827495781613e-09,-2.658812982004108e-08,,75.24506759502864,0.1008182511164473,11.60230886834037,0.2457473353610202,0,0.5804600623251956,0.03811421688548615,0.1106541780546372,0,0,0.3031694008533889,3.579690913148332,4.601316187659615,0.01106541780546372,3.5815875734214,0,0,0,0,KCP109C,/Users/lopezama/PycharmProjects/sci-cluster/review_outputs/rmelts_parity_audit_v2/2026-02-26/kcp109c_phase7_parity_20260225_224621/runs/kcp109c_phase7_parity_liam_exact/runs/20260225_224621/parallel-results/Parallel_MELTS_KCP109C_dP25.0_02-25_11cores.xlsx,liquid,liquid
708,796,100,0,79.93227253082104,2.207054141020589,-1305.489841302431,-1092.524522479062,199.1912442813165,105.7249055437951,3.621672483931846,0.0001184456203363511,1.62146666404619e-05,1.630322823122831e-07,5.462010849336681e-09,-2.610779467631551e-08,,75.20580042597825,0.1025866124824007,11.60950641040784,0.2504800519826735,0,0.5902614075826872,0.03878274374334659,0.1125950624806836,0,0,0.2975446247187845,3.556190504263168,4.650188205563697,0.01125950624806836,3.574804444548382,0,0,0,0,KCP109C,/Users/lopezama/PycharmProjects/sci-cluster/review_outputs/rmelts_parity_audit_v2/2026-02-26/kcp109c_phase7_parity_20260225_224621/runs/kcp109c_phase7_parity_liam_exact/runs/20260225_224621/parallel-results/Parallel_MELTS_KCP109C_dP25.0_02-25_11cores.xlsx,liquid,liquid
709,795,100,0,78.48761642552469,2.20782786357418,-1281.338989227519,-1072.58719975396,195.4330285760977,103.7938265009873,3.554969919550869,0.0001183547543886338,1.619277093397622e-05,1.599570706110231e-07,5.350430433042732e-09,-2.561264804793981e-08,,75.16568278226063,0.10447484346724,11.61651450485959,0.2555161261690129,0,0.6007428482874126,0.03949658716444438,0.1146675111225805,0,0,0.2923154575919348,3.531488343944437,4.699847769862959,0.01146675111225805,3.567786474157509,0,0,0,0,KCP109C,/Users/lopezama/PycharmProjects/sci-cluster/review_outputs/rmelts_parity_audit_v2/2026-02-26/kcp109c_phase7_parity_20260225_224621/runs/kcp109c_phase7_parity_liam_exact/runs/20260225_224621/parallel-results/Parallel_MELTS_KCP109C_dP25.0_02-25_11cores.xlsx,liquid,liquid
710,794,100,0,76.99254006274182,2.208629423687169,-1256.372280847997,-1051.95690818078,191.5526145970267,101.796462699603,3.485987247883693,0.0001182604440625558,1.617040174851152e-05,1.567727186502621e-07,5.235590951652051e-09,-2.510024411620542e-08,,75.1245737135677,0.1065035886936732,11.62330655715738,0.2609064331426252,0,0.6120227477162938,0.04026355182321791,0.1168941827125681,0,0,0.2874991240751308,3.505548153856436,4.750262181075082,0.01168941827125681,3.560530347908615,0,0,0,0,KCP109C,/Users/lopezama/PycharmProjects/sci-cluster/review_outputs/rmelts_parity_audit_v2/2026-02-26/kcp109c_phase7_parity_20260225_224621/runs/kcp109c_phase7_parity_liam_exact/runs/20260225_224621/parallel-results/Parallel_MELTS_KCP109C_dP25.0_02-25_11cores.xlsx,liquid,liquid
711,793,100,0,75.43666938388687,2.209462367525128,-1230.420661987697,-1030.491282099012,187.5246258863052,99.71918376394517,3.414254548647746,0.0001181628785324445,1.614755960974022e-05,1.534588619838458e-07,5.116827548730585e-09,-2.456730206053874e-08,,75.0822880386562,0.108700215308585,11.62984702521393,0.2667182432932069,0,0.6242581660709001,0.04109398383617239,0.1193051143630811,0,0,0.2831202408646044,3.47832349929621,4.801382312586862,0.01193051143630811,3.553032649073941,0,0,0,0,KCP109C,/Users/lopezama/PycharmProjects/sci-cluster/review_outputs/rmelts_parity_audit_v2/2026-02-26/kcp109c_phase7_parity_20260225_224621/runs/kcp109c_phase7_parity_liam_exact/runs/20260225_224621/parallel-results/Parallel_MELTS_KCP109C_dP25.0_02-25_11cores.xlsx,liquid,liquid
712,792,100,0,73.80585654669176,2.21033150456163,-1203.253480155587,-1007.996138349894,183.3144081168787,97.54339280065052,3.339130641461382,0.0001180623344657586,1.612424766300873e-05,1.499876076112864e-07,4.993228573091178e-09,-2.400932715603915e-08,,75.0385735486855,0.1111020585372354,11.6360877819522,0.2730431176307193,0,0.6376635608292001,0.04200199773968653,0.1219412837603803,0,0,0.2792136126872315,3.449753716729473,4.853135345565993,0.01219412837603802,3.545289847506322,0,0,0,0,KCP109C,/Users/lopezama/PycharmProjects/sci-cluster/review_outputs/rmelts_parity_audit_v2/2026-02-26/kcp109c_phase7_parity_20260225_224621/runs/kcp109c_phase7_parity_liam_exact/runs/20260225_224621/parallel-results/Parallel_MELTS_KCP109C_dP25.0_02-25_11cores.xlsx,liquid,liquid
713,791,100,0,72.08019956476124,2.211243586486213,-1174.546166927728,-984.1982926167292,178.8731610308689,95.24292052442154,3.259713222246158,0.0001179592317298689,1.610047449819283e-05,1.463195947746209e-07,4.863506347988315e-09,-2.341997386617832e-08,,74.99307548489317,0.113761935164417,11.64196074978878,0.2800102894040345,0,0.6525425824294323,0.04300756085484056,0.1248606605463113,0,0,0.2758305448517855,3.419757730800697,4.905407588705378,0.01248606605463113,3.537298806506541,0,0,0,0,KCP109C,/Users/lopezama/PycharmProjects/sci-cluster/review_outputs/rmelts_parity_audit_v2/2026-02-26/kcp109c_phase7_parity_20260225_224621/runs/kcp109c_phase7_parity_liam_exact/runs/20260225_224621/parallel-results/Parallel_MELTS_KCP109C_dP25.0_02-25_11cores.xlsx,liquid,liquid
714,790,100,0,70.02847948125574,2.212061626371162,-1140.622079375764,-956.035599052687,173.6222361125683,92.5113986951641,3.165756263135215,0.0001178248275032399,1.60742082529302e-05,1.419559640118351e-07,4.711253073674552e-09,-2.272036305926176e-08,,74.9541038855575,0.1161066195449606,11.65056218229704,0.2833401749551622,0,0.6587464984842668,0.04426761452365558,0.1283344349354086,0,0,0.2728551856921685,3.385859689316361,4.964693709535456,0.01285188808751291,3.528278117070506,0,0,0,0,KCP109C,/Users/lopezama/PycharmProjects/sci-cluster/review_outputs/rmelts_parity_audit_v2/2026-02-26/kcp109c_phase7_parity_20260225_224621/runs/kcp109c_phase7_parity_liam_exact/runs/20260225_224621/parallel-results/Parallel_MELTS_KCP109C_dP25.0_02-25_11cores.xlsx,liquid,liquid
715,789,100,0,67.26487876528981,2.21264787890756,-1095.288871593825,-918.3344436567734,166.6002240145477,88.83843039023391,3.040017320718024,0.0001176224252836743,1.604266512453034e-05,1.360788709822598e-07,4.509619326777094e-09,-2.178060794055674e-08,,74.9304129775328,0.1176394199576183,11.66557280389088,0.2781601130650121,0,0.6448354345443517,0.04608636772706459,0.1329889795552207,0,0,0.2705189144499077,3.34399841827651,5.039301061002083,0.01337991321108327,3.517105596787448,0,0,0,0,KCP109C,/Users/lopezama/PycharmProjects/sci-cluster/review_outputs/rmelts_parity_audit_v2/2026-02-26/kcp109c_phase7_parity_20260225_224621/runs/kcp109c_phase7_parity_liam_exact/runs/20260225_224621/parallel-results/Parallel_MELTS_KCP109C_dP25.0_02-25_11cores.xlsx,liquid,liquid
716,788,100,0,63.60105214599503,2.213313452967624,-1035.318059343462,-868.3395238890696,157.3562036040077,83.97881837879525,2.873567323269028,0.0001174009507179108,1.600900381349719e-05,1.283675385130504e-07,4.247995448882561e-09,-2.054680172396404e-08,,74.90375016588935,0.1201924914708396,11.68180813239231,0.2725941416285513,0,0.6301741348384561,0.04874124006520225,0.1398148111235475,0,0,0.2699696794050627,3.296270785919427,5.117648713491595,0.01415068259957485,3.504885021176098,0,0,0,0,KCP109C,/Users/lopezama/PycharmProjects/sci-cluster/review_outputs/rmelts_parity_audit_v2/2026-02-26/kcp109c_phase7_parity_20260225_224621/runs/kcp109c_phase7_parity_liam_exact/runs/20260225_224621/parallel-results/Parallel_MELTS_KCP109C_dP25.0_02-25_11cores.xlsx,liquid,liquid
717,787,100,0,39.79037919153609,2.214931782117983,-647.6960466748266,-543.4044293720915,98.3743973048484,52.57337105213677,1.796460708757692,0.0001173600813709048,1.599384063058949e-05,8.027179012390333e-08,2.65171950580218e-09,-1.281983358009966e-08,,74.7926286319325,0.1492875885035787,11.73513668479085,0.2620039461343548,0,0.6060493183308995,0.07790813383264344,0.2143442924253385,0,0,0.2773971901568649,3.242898802868647,5.120532517606784,0.02261849046754164,3.499194402950013,0,0,0,0,KCP109C,/Users/lopezama/PycharmProjects/sci-cluster/review_outputs/rmelts_parity_audit_v2/2026-02-26/kcp109c_phase7_parity_20260225_224621/runs/kcp109c_phase7_parity_liam_exact/runs/20260225_224621/parallel-results/Parallel_MELTS_KCP109C_dP25.0_02-25_11cores.xlsx,liquid,liquid
718,786,100,0,24.21501283612922,2.216816295703398,-394.106694797066,-330.7555557279908,59.81318894309138,32.00887398865778,1.092332859653839,0.0001173074420458607,1.598413160519864e-05,4.882230807741872e-08,1.610017362985518e-09,-7.773713428950438e-09,,74.630599840088,0.1871020069216527,11.85649463086281,0.2503629961384865,0,0.5803433252489202,0.1280195180009055,0.2475959196297252,0,0,0.2893507037502528,3.163111440697668,5.136698732932404,0.03716695683897257,3.493153928890217,0,0,0,0,KCP109C,/Users/lopezama/PycharmProjects/sci-cluster/review_outputs/rmelts_parity_audit_v2/2026-02-26/kcp109c_phase7_parity_20260225_224621/runs/kcp109c_phase7_parity_liam_exact/runs/20260225_224621/parallel-results/Parallel_MELTS_KCP109C_dP25.0_02-25_11cores.xlsx,liquid,liquid
719,785,100,0,16.10034900212015,2.21883068778682,-261.9757093369237,-219.935186330715,39.73021122355879,21.28984334099396,0.7256231442417763,0.0001172681662297536,1.598107643629186e-05,3.24553067229717e-08,1.068398194689223e-09,-5.149480309061725e-09,,74.43407291478462,0.2208641135291958,12.02528397054687,0.2404172033838576,0,0.5591217480664166,0.1925420608513496,0.2528829341272834,0,0,0.3044095298177021,3.068465755356399,5.157562019135853,0.0558993079891015,3.488478442411356,0,0,0,0,KCP109C,/Users/lopezama/PycharmProjects/sci-cluster/review_outputs/rmelts_parity_audit_v2/2026-02-26/kcp109c_phase7_parity_20260225_224621/runs/kcp109c_phase7_parity_liam_exact/runs/20260225_224621/parallel-results/Parallel_MELTS_KCP109C_dP25.0_02-25_11cores.xlsx,liquid,liquid
720,784,100,0,12.06269379509889,2.220768447567707,-196.226921641473,-164.7886143093012,29.7387384308488,15.95656154555769,0.5431765661255921,0.0001172553861970452,1.598163493127767e-05,2.432476856157764e-08,7.9929658711741e-10,-3.845985670177999e-09,,74.23863437281443,0.2442309739334627,12.19510336741594,0.2331108774985989,0,0.5439647319470297,0.2569902313601503,0.2563822151323116,0,0,0.3193853463079934,2.978539706789056,5.173331351987136,0.07461006716907587,3.485716757644801,0,0,0,0,KCP109C,/Users/lopezama/PycharmProjects/sci-cluster/review_outputs/rmelts_parity_audit_v2/2026-02-26/kcp109c_phase7_parity_20260225_224621/runs/kcp109c_phase7_parity_liam_exact/runs/20260225_224621/parallel-results/Parallel_MELTS_KCP109C_dP25.0_02-25_11cores.xlsx,liquid,liquid
721,783,100,0,9.597082106260471,2.222626480486846,-156.0760814457491,-131.1097514357312,23.63900015151057,12.69996299657561,0.4317901451510789,0.0001172679311253759,1.598627227707886e-05,1.937119015110491e-08,6.353324343427259e-10,-3.052039175234716e-09,,74.04245382831398,0.255116519332133,12.36967413584126,0.2284389568523656,0,0.5349754036066076,0.3219242618564154,0.2578619599214814,0,0,0.3347549685859677,2.891970969346225,5.184013534545573,0.09377833878936241,3.485037123008639,0,0,0,0,KCP109C,/Users/lopezama/PycharmProjects/sci-cluster/review_outputs/rmelts_parity_audit_v2/2026-02-26/kcp109c_phase7_parity_20260225_224621/runs/kcp109c_phase7_parity_liam_exact/runs/20260225_224621/parallel-results/Parallel_MELTS_KCP109C_dP25.0_02-25_11cores.xlsx,liquid,liquid
722,876,75,0,101.9175749661866,2.202294777605904,-1689.074779743977,-1388.211312703296,261.8139207594138,136.1050674932005,4.627789885465755,0.0001127251317005262,1.593384512800306e-05,1.662595800443855e-07,6.588170695308796e-09,-2.926302950848392e-08,,74.39323787610903,0.08045694415511667,12.70631008303367,0.1790724225224449,0,0.4785661088272653,0.03041664961961728,0.08830640212146951,0,0,0.686827572055874,4.287766414120242,3.934540805634364,0.00883064021214695,3.125668081588744,0,0,0,0,KCP109C,/Users/lopezama/PycharmProjects/sci-cluster/review_outputs/rmelts_parity_audit_v2/2026-02-26/kcp109c_phase7_parity_20260225_224621/runs/kcp109c_phase7_parity_liam_exact/runs/20260225_224621/parallel-results/Parallel_MELTS_KCP109C_dP25.0_02-25_11cores.xlsx,liquid,liquid
723,875,75,0,101.8667379009102,2.202479924330592,-1687.961855935089,-1387.646981299471,261.5641463533663,136.0238822581392,4.625092686457559,0.0001127057319125833,1.593059675355586e-05,1.664135028469737e-07,6.581797638328908e-09,-2.92479044882108e-08,,74.40025723982225,0.0804970966272731,12.7008928861778,0.179378835799845,0,0.4786096392489129,0.03043182921274958,0.08835047190798266,0,0,0.6844945728114885,4.28594742201152,3.936152620065124,0.008835047190798265,3.126152339124236,0,0,0,0,KCP109C,/Users/lopezama/PycharmProjects/sci-cluster/review_outputs/rmelts_parity_audit_v2/2026-02-26/kcp109c_phase7_parity_20260225_224621/runs/kcp109c_phase7_parity_liam_exact/runs/20260225_224621/parallel-results/Parallel_MELTS_KCP109C_dP25.0_02-25_11cores.xlsx,liquid,liquid
724,874,75,0,101.6673195441456,2.202595796093753,-1684.344790324912,-1385.039451015672,260.9121207420484,135.7291372561853,4.615795586482549,0.0001126396906265405,1.592537441074587e-05,1.662656811241636e-07,6.563835061828131e-09,-2.917460148401321e-08,,74.42930003100213,0.08065499026624737,12.68032045879535,0.1799289709597916,0,0.4793700030546377,0.03049152071041059,0.08852376980441783,0,0,0.6755865260129266,4.278944929483822,3.942489522899378,0.008852376980441782,3.12553690003043,0,0,0,0,KCP109C,/Users/lopezama/PycharmProjects/sci-cluster/review_outputs/rmelts_parity_audit_v2/2026-02-26/kcp109c_phase7_parity_20260225_224621/runs/kcp109c_phase7_parity_liam_exact/runs/20260225_224621/parallel-results/Parallel_MELTS_KCP109C_dP25.0_02-25_11cores.xlsx,liquid,liquid
725,873,75,0,101.466629038153,2.202712940908305,-1680.707619516745,-1382.414143264807,260.2569264511083,135.4327025424088,4.606439048581268,0.0001125729475729523,1.592011397812125e-05,1.661139192562431e-07,6.545772946796291e-09,-2.910068283606759e-08,,74.45840897011294,0.08081451774303526,12.65970944846951,0.1804838611768314,0,0.4801390785329313,0.03055182987846455,0.08869886093747772,0,0,0.6667847847069222,4.27177773582543,3.948859817341264,0.00886988609374777,3.124901209181434,0,0,0,0,KCP109C,/Users/lopezama/PycharmProjects/sci-cluster/review_outputs/rmelts_parity_audit_v2/2026-02-26/kcp109c_phase7_parity_20260225_224621/runs/kcp109c_phase7_parity_liam_exact/runs/20260225_224621/parallel-results/Parallel_MELTS_KCP109C_dP25.0_02-25_11cores.xlsx,liquid,liquid
726,872,75,0,101.2646526101859,2.202831355287949,-1677.05012683053,-1379.770867381969,259.5985324617399,135.1345594737703,4.597022480504358,0.0001125054938764795,1.591481527786751e-05,1.659581802910715e-07,6.527610522202192e-09,-2.902614320066524e-08,,74.48758721809676,0.08097570579717896,12.6390578719644,0.1810435757894685,0,0.4809170158931204,0.03061276682576277,0.0888757746554403,0,0,0.6580894885109985,4.264444487291827,3.955263449641119,0.00888757746554403,3.124245068068377,0,0,0,0,KCP109C,/Users/lopezama/PycharmProjects/sci-cluster/review_outputs/rmelts_parity_audit_v2/2026-02-26/kcp109c_phase7_parity_20260225_224621/runs/kcp109c_phase7_parity_liam_exact/runs/20260225_224621/parallel-results/Parallel_MELTS_KCP109C_dP25.0_02-25_11cores.xlsx,liquid,liquid
727,871,75,0,101.0613787710539,2.202951036121183,-1673.372134209392,-1377.10946401214,258.9369140385893,134.8346926636047,4.587545393155734,0.0001124373212515419,1.590947816520651e-05,1.657984319156202e-07,6.509347201787387e-09,-2.895097815516926e-08,,74.51683770618071,0.08113857976211107,12.61836390683026,0.1816081815179978,0,0.4817039565207232,0.03067434112957857,0.08905453876329263,0,0,0.6495008311270267,4.256943918364761,3.961700291997297,0.008905453876329262,3.123568293929913,0,0,0,0,KCP109C,/Users/lopezama/PycharmProjects/sci-cluster/review_outputs/rmelts_parity_audit_v2/2026-02-26/kcp109c_phase7_parity_20260225_224621/runs/kcp109c_phase7_parity_liam_exact/runs/20260225_224621/parallel-results/Parallel_MELTS_KCP109C_dP25.0_02-25_11cores.xlsx,liquid,liquid
728,870,75,0,100.8567981863991,2.203071980227812,-1669.673500374466,-1374.42980356734,258.2720524927843,134.5330898288733,4.578007395653494,0.0001123684221526164,1.590410255073864e-05,1.656346467494501e-07,6.490982591740513e-09,-2.887518421408575e-08,,74.54616315812015,0.08130316364173779,12.59762588325937,0.1821777425825446,0,0.4825000334801328,0.03073656186455941,0.08923517960678537,0,0,0.6410190556305332,4.249274889469163,3.968170085495419,0.008923517960678536,3.122870728888915,0,0,0,0,KCP109C,/Users/lopezama/PycharmProjects/sci-cluster/review_outputs/rmelts_parity_audit_v2/2026-02-26/kcp109c_phase7_parity_20260225_224621/runs/kcp109c_phase7_parity_liam_exact/runs/20260225_224621/parallel-results/Parallel_MELTS_KCP109C_dP25.0_02-25_11cores.xlsx,liquid,liquid
729,869,75,0,100.6509006061437,2.203194183526924,-1665.954068370089,-1371.731743563602,257.6039266352819,134.2297373023335,4.568408057660148,0.0001122987884450928,1.589868831373163e-05,1.654667950903399e-07,6.472516216289056e-09,-2.879875750199277e-08,,74.57556655232725,0.08146948256965285,12.57684195193534,0.1827523258503058,0,0.4833053864358033,0.03079943853242973,0.0894177247715702,0,0,0.6326443037645593,4.241436206028488,3.974672657303059,0.00894177247715702,3.122152198004398,0,0,0,0,KCP109C,/Users/lopezama/PycharmProjects/sci-cluster/review_outputs/rmelts_parity_audit_v2/2026-02-26/kcp109c_phase7_parity_20260225_224621/runs/kcp109c_phase7_parity_liam_exact/runs/20260225_224621/parallel-results/Parallel_MELTS_KCP109C_dP25.0_02-25_11cores.xlsx,liquid,liquid
730,868,75,0,100.443678181747,2.203317641863993,-1662.213722247199,-1369.015174750517,256.9325220143558,133.9246248820872,4.558747058221359,0.0001122284128675062,1.589323539908072e-05,1.652948528475244e-07,6.453947815884869e-09,-2.872169519496896e-08,,74.60505062483927,0.08163756013700706,12.55601044251857,0.1833319952368487,0,0.4841201454444354,0.03086298005179535,0.08960220015037358,0,0,0.6243767765033738,4.233426822335817,3.981207676757007,0.008960220015037358,3.121412556010456,0,0,0,0,KCP109C,/Users/lopezama/PycharmProjects/sci-cluster/review_outputs/rmelts_parity_audit_v2/2026-02-26/kcp109c_phase7_parity_20260225_224621/runs/kcp109c_phase7_parity_liam_exact/runs/20260225_224621/parallel-results/Parallel_MELTS_KCP109C_dP25.0_02-25_11cores.xlsx,liquid,liquid
731,867,75,0,100.2351211311354,2.203442349563798,-1658.452312656739,-1366.279960584652,256.2578187712904,133.6177394358717,4.549023991981381,0.0001121572870126956,1.588774367887151e-05,1.651187909197417e-07,6.435276949084181e-09,-2.864399363009092e-08,,74.63461857218397,0.08180742189932738,12.53512934980975,0.1839168191440042,0,0.4849444521443114,0.03092719608389206,0.08978863379194468,0,0,0.6162164757504532,4.225245563843885,3.987775030758169,0.008978863379194468,3.12065162121108,0,0,0,0,KCP109C,/Users/lopezama/PycharmProjects/sci-cluster/review_outputs/rmelts_parity_audit_v2/2026-02-26/kcp109c_phase7_parity_20260225_224621/runs/kcp109c_phase7_parity_liam_exact/runs/20260225_224621/parallel-results/Parallel_MELTS_KCP109C_dP25.0_02-25_11cores.xlsx,liquid,liquid
732,866,75,0,100.0252233378852,2.203568301465506,-1654.669753495617,-1363.526015824364,255.5798074628035,133.3090732448151,4.539238619078085,0.000112085404160224,1.588221315833295e-05,1.649385895415334e-07,6.416503525966809e-09,-2.856565079097375e-08,,74.66427309016997,0.08197909082920653,12.51419704870523,0.1845068606996823,0,0.4857784323828394,0.03099209531348051,0.08997705091010472,0,0,0.6081635910459948,4.216891525201229,3.994374237356405,0.00899770509101047,3.119869272294831,0,0,0,0,KCP109C,/Users/lopezama/PycharmProjects/sci-cluster/review_outputs/rmelts_parity_audit_v2/2026-02-26/kcp109c_phase7_parity_20260225_224621/runs/kcp109c_phase7_parity_liam_exact/runs/20260225_224621/parallel-results/Parallel_MELTS_KCP109C_dP25.0_02-25_11cores.xlsx,liquid,liquid
733,865,75,0,99.81398235820213,2.203695492685513,-1650.866019957683,-1360.753305262011,254.8984885082564,132.9986237220074,4.529390865911548,0.0001120127584733454,1.58766438757599e-05,1.647542361169508e-07,6.397627732589645e-09,-2.848666611572645e-08,,74.69401652875274,0.0821525872565803,12.4932121398976,0.1851021779708254,0,0.4866221955500939,0.03105768542626816,0.09016747381819788,0,0,0.6002183305192645,4.208363937128711,4.001004789569143,0.009016747381819786,3.119065406728746,0,0,0,0,KCP109C,/Users/lopezama/PycharmProjects/sci-cluster/review_outputs/rmelts_parity_audit_v2/2026-02-26/kcp109c_phase7_parity_20260225_224621/runs/kcp109c_phase7_parity_liam_exact/runs/20260225_224621/parallel-results/Parallel_MELTS_KCP109C_dP25.0_02-25_11cores.xlsx,liquid,liquid
734,864,75,0,99.60140149253928,2.203823919344152,-1647.041184200117,-1357.961872822955,254.2138780083201,132.6863964875245,4.519480917612519,0.0001119393460469547,1.587103597730281e-05,1.645657305442962e-07,6.378650225251009e-09,-2.840704140561066e-08,,74.7238505367821,0.08232792710005457,12.47217371462568,0.185702820151554,0,0.4874758239463892,0.03112397244026453,0.09035991998786476,0,0,0.5923810559574288,4.199662323613765,4.007665937132536,0.009035991998786476,3.118239976263578,0,0,0,0,KCP109C,/Users/lopezama/PycharmProjects/sci-cluster/review_outputs/rmelts_parity_audit_v2/2026-02-26/kcp109c_phase7_parity_20260225_224621/runs/kcp109c_phase7_parity_liam_exact/runs/20260225_224621/parallel-results/Parallel_MELTS_KCP109C_dP25.0_02-25_11cores.xlsx,liquid,liquid
735,863,75,0,99.38745626454623,2.203953567280712,-1643.194850024114,-1355.151379715889,253.5259167435855,132.3723572808088,4.509507720127369,0.000111865153217148,1.586538914205204e-05,1.643730136653453e-07,6.35956943843079e-09,-2.832676728302321e-08,,74.75378086249832,0.08250514959851915,12.45107803241467,0.1863088849889865,0,0.4883395415985399,0.03119097118968407,0.09055443248617955,0,0,0.5846510283994336,4.19078497668839,4.014357996188116,0.009055443248617954,3.117392680700533,0,0,0,0,KCP109C,/Users/lopezama/PycharmProjects/sci-cluster/review_outputs/rmelts_parity_audit_v2/2026-02-26/kcp109c_phase7_parity_20260225_224621/runs/kcp109c_phase7_parity_liam_exact/runs/20260225_224621/parallel-results/Parallel_MELTS_KCP109C_dP25.0_02-25_11cores.xlsx,liquid,liquid
736,862,75,0,99.1721628789474,2.204084434705796,-1639.327306697083,-1352.322047110891,252.8346558482949,132.0565300556104,4.499472040062068,0.0001117901801385148,1.585970372290349e-05,1.641761126277407e-07,6.340387058934189e-09,-2.82458507953424e-08,,74.78380764002291,0.08268426074013105,12.42992522612789,0.1869204018204694,0,0.4892133697191451,0.03125868393834222,0.09075101788550967,0,0,0.577028889016194,4.181732029075664,4.021079800847113,0.009075101788550966,3.116523579018078,0,0,0,0,KCP109C,/Users/lopezama/PycharmProjects/sci-cluster/review_outputs/rmelts_parity_audit_v2/2026-02-26/kcp109c_phase7_parity_20260225_224621/runs/kcp109c_phase7_parity_liam_exact/runs/20260225_224621/parallel-results/Parallel_MELTS_KCP109C_dP25.0_02-25_11cores.xlsx,liquid,liquid
737,861,75,0,98.9555221572729,2.204216513929409,-1635.438584701021,-1349.473884704563,252.1401049212694,131.738916758709,4.489373958135675,0.0001117144218423406,1.585397985232517e-05,1.639750228007797e-07,6.321103570034053e-09,-2.816429288353837e-08,,74.8139332504753,0.0828652794845647,12.40871389347117,0.1875374269411112,0,0.4900974083979141,0.0313271178539208,0.09094969699525392,0,0,0.5695147074045047,4.172502990173379,4.027830652804369,0.00909496969952539,3.115632606298981,0,0,0,0,KCP109C,/Users/lopezama/PycharmProjects/sci-cluster/review_outputs/rmelts_parity_audit_v2/2026-02-26/kcp109c_phase7_parity_20260225_224621/runs/kcp109c_phase7_parity_liam_exact/runs/20260225_224621/parallel-results/Parallel_MELTS_KCP109C_dP25.0_02-25_11cores.xlsx,liquid,liquid
738,860,75,0,98.73752898717254,2.20434979412528,-1631.528614292157,-1346.606820225806,251.4422574825495,131.4195107505114,4.479213292296612,0.0001116378711071399,1.584821755901553e-05,1.637697268514243e-07,6.301718979537413e-09,-2.80820921190198e-08,,74.84416108735726,0.08304823009856815,12.38744193051182,0.1881600279856589,0,0.4909917897165303,0.0313962821104343,0.09115049644964797,0,0,0.5621082369130942,4.163097116010513,4.0346101129946,0.009115049644964795,3.114719640206913,0,0,0,0,KCP109C,/Users/lopezama/PycharmProjects/sci-cluster/review_outputs/rmelts_parity_audit_v2/2026-02-26/kcp109c_phase7_parity_20260225_224621/runs/kcp109c_phase7_parity_liam_exact/runs/20260225_224621/parallel-results/Parallel_MELTS_KCP109C_dP25.0_02-25_11cores.xlsx,liquid,liquid
739,859,75,0,98.518189964117,2.204484267164196,-1627.597522759832,-1343.720942488416,250.7411387814475,131.0983220819289,4.46899038616632,0.0001115605246337449,1.584241706820828e-05,1.635602324603186e-07,6.282234230907422e-09,-2.79992518249558e-08,,74.87449302873216,0.08323312736852882,12.36610827857222,0.1887882532654515,0,0.4918965877675969,0.03146618229785846,0.09135343247765358,0,0,0.5548095557411319,4.153514224768151,4.041417323761184,0.009135343247765357,3.11378466200029,0,0,0,0,KCP109C,/Users/lopezama/PycharmProjects/sci-cluster/review_outputs/rmelts_parity_audit_v2/2026-02-26/kcp109c_phase7_parity_20260225_224621/runs/kcp109c_phase7_parity_liam_exact/runs/20260225_224621/parallel-results/Parallel_MELTS_KCP109C_dP25.0_02-25_11cores.xlsx,liquid,liquid
740,858,75,0,98.29750559501647,2.204619921941112,-1623.645335081846,-1340.816256606028,250.0367577030615,130.7753520816695,4.45870531318015,0.0001114823770652587,1.583657852698834e-05,1.633465349260667e-07,6.262649799704096e-09,-2.791577294623445e-08,,74.90493192305506,0.08341999149000784,12.34471121897744,0.1894221625186269,0,0.4928119093690411,0.03153682605110052,0.09155852724513054,0,0,0.5476184795888118,4.143753906626149,4.048251596152415,0.009155852724513053,3.112827606201709,0,0,0,0,KCP109C,/Users/lopezama/PycharmProjects/sci-cluster/review_outputs/rmelts_parity_audit_v2/2026-02-26/kcp109c_phase7_parity_20260225_224621/runs/kcp109c_phase7_parity_liam_exact/runs/20260225_224621/parallel-results/Parallel_MELTS_KCP109C_dP25.0_02-25_11cores.xlsx,liquid,liquid
741,857,75,0,98.07548283980539,2.204756748107079,-1619.672184408255,-1337.892856237501,249.3291405306848,130.4506111920865,4.44835843790973,0.0001114034250537773,1.583070217927924e-05,1.631286431465772e-07,6.242966667239462e-09,-2.783165903824583e-08,,74.93547988535713,0.08360883749664491,12.32324953243075,0.1900618051514694,0,0.4937378295940767,0.03160821905360966,0.09176579725241513,0,0,0.5405349220904498,4.133816070168367,4.055112062737186,0.009176579725241512,3.111848458942668,0,0,0,0,KCP109C,/Users/lopezama/PycharmProjects/sci-cluster/review_outputs/rmelts_parity_audit_v2/2026-02-26/kcp109c_phase7_parity_20260225_224621/runs/kcp109c_phase7_parity_liam_exact/runs/20260225_224621/parallel-results/Parallel_MELTS_KCP109C_dP25.0_02-25_11cores.xlsx,liquid,liquid
742,856,75,0,97.85214048398976,2.204894737725207,-1615.678402239525,-1334.950997533814,248.6183453976095,130.124126624762,4.437950656317678,0.000111323669146577,1.58247884517059e-05,1.629065910936793e-07,6.223186742308061e-09,-2.774691842748856e-08,,74.96613752828385,0.08379967053998146,12.30172302519776,0.1907072104202637,0,0.4946743630764765,0.03168036325291981,0.09197524815363818,0,0,0.5335590646773344,4.123701197547551,4.061997498448683,0.009197524815363817,3.110847305586183,0,0,0,0,KCP109C,/Users/lopezama/PycharmProjects/sci-cluster/review_outputs/rmelts_parity_audit_v2/2026-02-26/kcp109c_phase7_parity_20260225_224621/runs/kcp109c_phase7_parity_liam_exact/runs/20260225_224621/parallel-results/Parallel_MELTS_KCP109C_dP25.0_02-25_11cores.xlsx,liquid,liquid
743,855,75,0,97.62747300841457,2.205033874459902,-1611.663912312354,-1331.990602804892,247.9043651176367,129.7958909939441,4.427481778815181,0.0001112431019088319,1.5818837443088e-05,1.626803626123727e-07,6.203310057613526e-09,-2.766154982206525e-08,,74.99690892249097,0.08399251674380531,12.28012915480281,0.191358451103126,0,0.4956216520348237,0.03175326852509713,0.09218690862124972,0,0,0.5266903154435568,4.113408745290926,4.068907331192228,0.009218690862124972,3.109824042889274,0,0,0,0,KCP109C,/Users/lopezama/PycharmProjects/sci-cluster/review_outputs/rmelts_parity_audit_v2/2026-02-26/kcp109c_phase7_parity_20260225_224621/runs/kcp109c_phase7_parity_liam_exact/runs/20260225_224621/parallel-results/Parallel_MELTS_KCP109C_dP25.0_02-25_11cores.xlsx,liquid,liquid
744,854,75,0,97.40149097926471,2.205174145738183,-1607.628908384882,-1329.011815475835,247.187235868383,129.4659197701471,4.416952337642227,0.0001111617212499781,1.581284950284553e-05,1.62449975623502e-07,6.18333791000264e-09,-2.757555840911456e-08,,75.02779603900824,0.08418738877691383,12.25846681524551,0.1920155724461369,0,0.4965797564833302,0.03182693965956498,0.09240079256002737,0,0,0.5199284928129418,4.102938937593936,4.075840482394457,0.009240079256002735,3.108778703762924,0,0,0,0,KCP109C,/Users/lopezama/PycharmProjects/sci-cluster/review_outputs/rmelts_parity_audit_v2/2026-02-26/kcp109c_phase7_parity_20260225_224621/runs/kcp109c_phase7_parity_liam_exact/runs/20260225_224621/parallel-results/Parallel_MELTS_KCP109C_dP25.0_02-25_11cores.xlsx,liquid,liquid
745,853,75,0,97.17424551538568,2.205315548968114,-1603.574262292815,-1326.015335022552,246.4671023134239,129.1342857151504,4.406364683768468,0.0001110795378851278,1.580682549098961e-05,1.622155314720363e-07,6.163274685612378e-09,-2.748896544580975e-08,,75.05879556555239,0.08438426429052143,12.23673845349819,0.1926785478872146,0,0.4975485226320208,0.03190136820739224,0.09261687544081619,0,0,0.5132742877743294,4.092293804244093,4.082795004318376,0.009261687544081618,3.107711618610596,0,0,0,0,KCP109C,/Users/lopezama/PycharmProjects/sci-cluster/review_outputs/rmelts_parity_audit_v2/2026-02-26/kcp109c_phase7_parity_20260225_224621/runs/kcp109c_phase7_parity_liam_exact/runs/20260225_224621/parallel-results/Parallel_MELTS_KCP109C_dP25.0_02-25_11cores.xlsx,liquid,liquid
746,852,75,0,96.94571424021504,2.205458059836158,-1599.499615886353,-1323.000852920934,245.7439123365059,128.8009575081074,4.395717878553405,0.0001109965392226858,1.580076536067227e-05,1.619769812314851e-07,6.143119172525068e-09,-2.740176319090425e-08,,75.08991415223362,0.08458318459369189,12.21493980642001,0.1933474821281935,0,0.4985281847093292,0.0319765697854201,0.09283520260283255,0,0,0.5067265143090549,4.081472244907281,4.089770554238682,0.009283520260283255,3.106622583811608,0,0,0,0,KCP109C,/Users/lopezama/PycharmProjects/sci-cluster/review_outputs/rmelts_parity_audit_v2/2026-02-26/kcp109c_phase7_parity_20260225_224621/runs/kcp109c_phase7_parity_liam_exact/runs/20260225_224621/parallel-results/Parallel_MELTS_KCP109C_dP25.0_02-25_11cores.xlsx,liquid,liquid
747,851,75,0,96.71590052848258,2.205601659717425,-1595.405041599856,-1319.968413532984,245.0176827530776,128.4659401676766,4.385012139538992,0.0001109127205785714,1.579466938004888e-05,1.617343286163751e-07,6.122872117621899e-09,-2.731395409246799e-08,,75.1211552166055,0.084784169156699,12.19306878233706,0.1940224353682636,0,0.4995188433517044,0.03205255175436181,0.09305579541588913,0,0,0.5002844794262467,4.070474302924667,4.096766265544988,0.00930557954158891,3.105511578573014,0,0,0,0,KCP109C,/Users/lopezama/PycharmProjects/sci-cluster/review_outputs/rmelts_parity_audit_v2/2026-02-26/kcp109c_phase7_parity_20260225_224621/runs/kcp109c_phase7_parity_liam_exact/runs/20260225_224621/parallel-results/Parallel_MELTS_KCP109C_dP25.0_02-25_11cores.xlsx,liquid,liquid
748,850,75,0,96.48483584103296,2.205746337041404,-1591.291082119131,-1316.918446974064,244.2885056716079,128.1292785050686,4.374248943350817,0.0001108280865901618,1.578853821958733e-05,1.614876363444516e-07,6.102536437791148e-09,-2.722555183016446e-08,,75.15251841877823,0.0849872130321827,12.17112583671255,0.1947034175427422,0,0.5005204502837456,0.03212931224387395,0.09327864844995662,0,0,0.4939481731721908,4.059301338053577,4.103780517402316,0.009327864844995662,3.104378809483627,0,0,0,0,KCP109C,/Users/lopezama/PycharmProjects/sci-cluster/review_outputs/rmelts_parity_audit_v2/2026-02-26/kcp109c_phase7_parity_20260225_224621/runs/kcp109c_phase7_parity_liam_exact/runs/20260225_224621/parallel-results/Parallel_MELTS_KCP109C_dP25.0_02-25_11cores.xlsx,liquid,liquid
749,849,75,0,96.25259392143325,2.205892091500611,-1587.15898718828,-1313.851963949639,243.5565862305762,127.7910771713468,4.363431660700823,0.000110742656014713,1.578237313410236e-05,1.612370557676939e-07,6.082118291706342e-09,-2.713658694493622e-08,,75.18399764327293,0.08519227369778073,12.1491153241635,0.1953903609354089,0,0.5015327283502571,0.0322068351784293,0.09350371503414957,0,0,0.4877186182433245,4.047956672568187,4.110810636494079,0.009350371503414955,3.10322482055855,0,0,0,0,KCP109C,/Users/lopezama/PycharmProjects/sci-cluster/review_outputs/rmelts_parity_audit_v2/2026-02-26/kcp109c_phase7_parity_20260225_224621/runs/kcp109c_phase7_parity_liam_exact/runs/20260225_224621/parallel-results/Parallel_MELTS_KCP109C_dP25.0_02-25_11cores.xlsx,liquid,liquid
750,848,75,0,96.01912511726715,2.206038885340249,-1583.007941220423,-1310.768280977273,242.8217992624979,127.4512658657919,4.352558141895926,0.0001106564068284374,1.577617372931327e-05,1.609824819765131e-07,6.061614380981254e-09,-2.704704099405257e-08,,75.21560397526952,0.0853994174907016,12.12702997913515,0.1960834233878196,0,0.5025560629578556,0.03228514563672865,0.09373106797759931,0,0,0.481593469246857,4.036438171656291,4.117856984308307,0.00937310679775993,3.102049196135387,0,0,0,0,KCP109C,/Users/lopezama/PycharmProjects/sci-cluster/review_outputs/rmelts_parity_audit_v2/2026-02-26/kcp109c_phase7_parity_20260225_224621/runs/kcp109c_phase7_parity_liam_exact/runs/20260225_224621/parallel-results/Parallel_MELTS_KCP109C_dP25.0_02-25_11cores.xlsx,liquid,liquid
751,847,75,0,95.78447807163798,2.206186708422359,-1578.838773497634,-1307.668064238992,242.0842826930695,127.1099135536062,4.341630638330395,0.0001105693496173962,1.576994095705947e-05,1.607240152133178e-07,6.041028953940308e-09,-2.695693467048248e-08,,75.24733500128345,0.08560862412767128,12.10487165808112,0.1967825836707224,0,0.5035903119405061,0.032364235950705,0.0939606850181758,0,0,0.4755729144132848,4.024748161263516,4.124917458503531,0.009396068501817578,3.100852297245497,0,0,0,0,KCP109C,/Users/lopezama/PycharmProjects/sci-cluster/review_outputs/rmelts_parity_audit_v2/2026-02-26/kcp109c_phase7_parity_20260225_224621/runs/kcp109c_phase7_parity_liam_exact/runs/20260225_224621/parallel-results/Parallel_MELTS_KCP109C_dP25.0_02-25_11cores.xlsx,liquid,liquid
752,846,75,0,95.54871103904605,2.206335552399762,-1574.652473075587,-1304.552111819508,241.3441998445951,126.7671026779865,4.33065183286018,0.0001104814982053603,1.576367589489215e-05,1.604617760891656e-07,6.020366976346379e-09,-2.68662924838785e-08,,75.27918704325003,0.08581986422263191,12.08264306282394,0.1974878018014767,0,0.5046352776322229,0.03244409501099499,0.09419253390288868,0,0,0.4696572788715993,4.012889470650441,4.131989757976607,0.009419253390288866,3.099634560466855,0,0,0,0,KCP109C,/Users/lopezama/PycharmProjects/sci-cluster/review_outputs/rmelts_parity_audit_v2/2026-02-26/kcp109c_phase7_parity_20260225_224621/runs/kcp109c_phase7_parity_liam_exact/runs/20260225_224621/parallel-results/Parallel_MELTS_KCP109C_dP25.0_02-25_11cores.xlsx,liquid,liquid
753,845,75,0,95.3118140318419,2.206485387311371,-1570.448887544052,-1301.420284912009,240.6015316657357,126.4228189799406,4.319621357111298,0.0001103928438714442,1.575737873543268e-05,1.601957438361231e-07,5.999628212107027e-09,-2.677511194856131e-08,,75.31116605417952,0.08603316932765889,12.06034039694325,0.198199164358422,0,0.5056911329932512,0.03252473474582226,0.09442664926206462,0,0,0.4638450072086356,4.000861924921249,4.139073201387936,0.009442664926206462,3.098395899745996,0,0,0,0,KCP109C,/Users/lopezama/PycharmProjects/sci-cluster/review_outputs/rmelts_parity_audit_v2/2026-02-26/kcp109c_phase7_parity_20260225_224621/runs/kcp109c_phase7_parity_liam_exact/runs/20260225_224621/parallel-results/Parallel_MELTS_KCP109C_dP25.0_02-25_11cores.xlsx,liquid,liquid
754,844,75,0,95.07382576259619,2.206636196695027,-1566.228678545926,-1298.273113432175,239.856389127468,126.077117099068,4.308541022982959,0.0001103033940656352,1.575105032452884e-05,1.599259993953357e-07,5.978816138277324e-09,-2.668340989925246e-08,,75.34327128934619,0.08624852736536848,12.03796438687873,0.1989166676602284,0,0.5067577853111729,0.03260615058934661,0.09466301784003857,0,0,0.4581357373097054,3.988667614851884,4.146165910615747,0.009466301784003855,3.097136610447589,0,0,0,0,KCP109C,/Users/lopezama/PycharmProjects/sci-cluster/review_outputs/rmelts_parity_audit_v2/2026-02-26/kcp109c_phase7_parity_20260225_224621/runs/kcp109c_phase7_parity_liam_exact/runs/20260225_224621/parallel-results/Parallel_MELTS_KCP109C_dP25.0_02-25_11cores.xlsx,liquid,liquid
755,843,75,0,94.8347797684147,2.206787961247366,-1561.992420704405,-1295.111056261108,239.1088692767969,125.7300442758889,4.297412412690989,0.00011021315474692,1.574469146351112e-05,1.596526137492634e-07,5.957933844505011e-09,-2.659120122259519e-08,,75.37550280011514,0.08646593064795073,12.01551521592458,0.1996403172851063,0,0.5078351684423781,0.03268833963520088,0.0949016311989703,0,0,0.4525288857990648,3.976308462413706,4.153266126657365,0.00949016311989703,3.095856958760645,0,0,0,0,KCP109C,/Users/lopezama/PycharmProjects/sci-cluster/review_outputs/rmelts_parity_audit_v2/2026-02-26/kcp109c_phase7_parity_20260225_224621/runs/kcp109c_phase7_parity_liam_exact/runs/20260225_224621/parallel-results/Parallel_MELTS_KCP109C_dP25.0_02-25_11cores.xlsx,liquid,liquid
756,842,75,0,94.59471093111853,2.206940661040812,-1557.740710561132,-1291.93459077072,238.3590725825326,125.3816495644103,4.286237169897755,0.0001101221323386592,1.573830297520573e-05,1.593756610119316e-07,5.936984513663298e-09,-2.649850133698999e-08,,75.40786054038917,0.08668537000813883,11.99299313281172,0.2003701159243676,0,0.5089232070780467,0.03277129841771102,0.09514247927722554,0,0,0.4470238069676994,3.963786523657313,4.160372054350037,0.009514247927722553,3.094557223190862,0,0,0,0,KCP109C,/Users/lopezama/PycharmProjects/sci-cluster/review_outputs/rmelts_parity_audit_v2/2026-02-26/kcp109c_phase7_parity_20260225_224621/runs/kcp109c_phase7_parity_liam_exact/runs/20260225_224621/parallel-results/Parallel_MELTS_KCP109C_dP25.0_02-25_11cores.xlsx,liquid,liquid
757,841,75,0,94.35365359328377,2.207094274832727,-1553.474135240389,-1288.744187023703,237.6070979820365,125.0319811997982,4.275016915642841,0.0001100303333268257,1.573188570055045e-05,1.5909521499958e-07,5.915971294853237e-09,-2.640532553855318e-08,,75.44034459649338,0.0869068364916943,11.97039829429009,0.2011060668476579,0,0.5100218270827146,0.03285502355173808,0.09538555224698153,0,0,0.4416197683461449,3.951103900450295,4.167481889298672,0.009538555224698151,3.093237689675939,0,0,0,0,KCP109C,/Users/lopezama/PycharmProjects/sci-cluster/review_outputs/rmelts_parity_audit_v2/2026-02-26/kcp109c_phase7_parity_20260225_224621/runs/kcp109c_phase7_parity_liam_exact/runs/20260225_224621/parallel-results/Parallel_MELTS_KCP109C_dP25.0_02-25_11cores.xlsx,liquid,liquid
758,840,75,0,94.1116618210326,2.207248786538712,-1549.193610444335,-1285.540585856329,236.8530966967665,124.6811152082531,4.263754153813056,0.0001099377708894749,1.572544073676806e-05,1.588113909712674e-07,5.894898817730783e-09,-2.631169693029782e-08,,75.47295230743808,0.08713030259836199,11.94773269974956,0.2018481348777852,0,0.5111308414600501,0.03293950464084416,0.09563081992503145,0,0,0.4363164554853333,3.938263656013822,4.174593397045318,0.009563081992503143,3.091898798773305,0,0,0,0,KCP109C,/Users/lopezama/PycharmProjects/sci-cluster/review_outputs/rmelts_parity_audit_v2/2026-02-26/kcp109c_phase7_parity_20260225_224621/runs/kcp109c_phase7_parity_liam_exact/runs/20260225_224621/parallel-results/Parallel_MELTS_KCP109C_dP25.0_02-25_11cores.xlsx,liquid,liquid
759,839,75,0,93.86871786306577,2.207404156590174,-1544.89885278945,-1282.323542259722,236.0970287548697,124.3290260073773,4.252448179134847,0.000109844433936958,1.571896826344644e-05,1.585241547246225e-07,5.873766274537703e-09,-2.621761016940385e-08,,75.50569142134201,0.08735580698626721,11.92499136244419,0.202596422857305,0,0.5122504650343916,0.03302475629968638,0.09587832474102498,0,0,0.4311115800087681,3.925265692349203,4.181705899042952,0.009587832474102496,3.090540436420094,0,0,0,0,KCP109C,/Users/lopezama/PycharmProjects/sci-cluster/review_outputs/rmelts_parity_audit_v2/2026-02-26/kcp109c_phase7_parity_20260225_224621/runs/kcp109c_phase7_parity_liam_exact/runs/20260225_224621/parallel-results/Parallel_MELTS_KCP109C_dP25.0_02-25_11cores.xlsx,liquid,liquid
760,838,75,0,93.62493792238347,2.207560386374175,-1540.591813917781,-1279.094650315395,235.3392103697842,123.97587735734,4.241104275120578,0.0001097503573489099,1.571247023146268e-05,1.582337530121942e-07,5.852583004017781e-09,-2.612311316840909e-08,,75.5385503696884,0.08758326369823836,11.90218225031122,0.2033507739581473,0,0.5133801554926833,0.03311074603226084,0.09612797235172502,0,0,0.4260063353969091,3.912116013887935,4.18881576912719,0.0096127972351725,3.089163552820101,0,0,0,0,KCP109C,/Users/lopezama/PycharmProjects/sci-cluster/review_outputs/rmelts_parity_audit_v2/2026-02-26/kcp109c_phase7_parity_20260225_224621/runs/kcp109c_phase7_parity_liam_exact/runs/20260225_224621/parallel-results/Parallel_MELTS_KCP109C_dP25.0_02-25_11cores.xlsx,liquid,liquid
761,837,75,0,93.38031613404885,2.207717438115531,-1536.27240758715,-1275.853828229259,234.5796328044774,123.6216603063338,4.229722269791766,0.0001096555341973414,1.570594698352801e-05,1.579401771501738e-07,5.831349077711782e-09,-2.602820530175474e-08,,75.57153532975126,0.08781269964858814,11.87930142592191,0.2041112668986373,0,0.5145200559937522,0.03319748401349063,0.09637979229723087,0,0,0.4209985616516133,3.89881520048838,4.195922071838829,0.009637979229723086,3.087768132266553,0,0,0,0,KCP109C,/Users/lopezama/PycharmProjects/sci-cluster/review_outputs/rmelts_parity_audit_v2/2026-02-26/kcp109c_phase7_parity_20260225_224621/runs/kcp109c_phase7_parity_liam_exact/runs/20260225_224621/parallel-results/Parallel_MELTS_KCP109C_dP25.0_02-25_11cores.xlsx,liquid,liquid
762,836,75,0,93.13490543869574,2.2078752916058,-1531.941528622974,-1272.601801828422,233.8184436681712,123.2664490488964,4.218304620409888,0.0001095599782419557,1.569939968196023e-05,1.576435429699355e-07,5.810069042062378e-09,-2.593290946823748e-08,,75.60464392305336,0.0880440866075067,11.85635068843941,0.2048778653874727,0,0.5156699747432079,0.03328495957113058,0.0966337535936049,0,0,0.416087644640883,3.885366557383303,4.203022524519494,0.00966337535936049,3.086354646701266,0,0,0,0,KCP109C,/Users/lopezama/PycharmProjects/sci-cluster/review_outputs/rmelts_parity_audit_v2/2026-02-26/kcp109c_phase7_parity_20260225_224621/runs/kcp109c_phase7_parity_liam_exact/runs/20260225_224621/parallel-results/Parallel_MELTS_KCP109C_dP25.0_02-25_11cores.xlsx,liquid,liquid
763,835,75,0,92.88875104946266,2.208033923511555,-1527.599941435275,-1269.339190457596,233.0557695056431,122.9103066335849,4.206853439177995,0.0001094637000733477,1.569282932623826e-05,1.573439490122699e-07,5.788746796988358e-09,-2.583724526755317e-08,,75.63787503986258,0.08827740296539059,11.83333097563107,0.2056505472681932,0,0.5168297598639415,0.03337316453569644,0.09688983252298966,0,0,0.4112725857920211,3.871773093997757,4.210115133017712,0.009688983252298966,3.084923481290346,0,0,0,0,KCP109C,/Users/lopezama/PycharmProjects/sci-cluster/review_outputs/rmelts_parity_audit_v2/2026-02-26/kcp109c_phase7_parity_20260225_224621/runs/kcp109c_phase7_parity_liam_exact/runs/20260225_224621/parallel-results/Parallel_MELTS_KCP109C_dP25.0_02-25_11cores.xlsx,liquid,liquid
764,834,75,0,92.64189796426834,2.208193309592094,-1523.248407584001,-1266.066611432653,232.2917365771104,122.5532959891534,4.195370829258672,0.0001093667116249586,1.568623704820827e-05,1.570414967335401e-07,5.767386309055324e-09,-2.574123265853332e-08,,75.67122738939634,0.08851262672828633,11.81024335723714,0.2064292892619165,0,0.5179992574329201,0.03346209059240093,0.09714800494568011,0,0,0.406552501529906,3.858037919006074,4.217197681744662,0.00971480049456801,3.083475081630069,0,0,0,0,KCP109C,/Users/lopezama/PycharmProjects/sci-cluster/review_outputs/rmelts_parity_audit_v2/2026-02-26/kcp109c_phase7_parity_20260225_224621/runs/kcp109c_phase7_parity_liam_exact/runs/20260225_224621/parallel-results/Parallel_MELTS_KCP109C_dP25.0_02-25_11cores.xlsx,liquid,liquid
765,833,75,0,92.39439179975824,2.208353425230476,-1518.887696894631,-1262.784689826456,231.5264720591009,122.1954806014899,4.183858921500096,0.0001092690240704165,1.567962387736607e-05,1.567362866665235e-07,5.745991494125063e-09,-2.564489145400069e-08,,75.70469981060354,0.08874973470340776,11.78708879815834,0.2072140660619571,0,0.5191783058200654,0.03355172897323951,0.09740824540617923,0,0,0.4019262788314993,3.84416420051303,4.224268155327527,0.009740824540617922,3.082009851060572,0,0,0,0,KCP109C,/Users/lopezama/PycharmProjects/sci-cluster/review_outputs/rmelts_parity_audit_v2/2026-02-26/kcp109c_phase7_parity_20260225_224621/runs/kcp109c_phase7_parity_liam_exact/runs/20260225_224621/parallel-results/Parallel_MELTS_KCP109C_dP25.0_02-25_11cores.xlsx,liquid,liquid
766,832,75,0,92.14627744568149,2.208514244886936,-1514.51856693216,-1259.494041133974,230.7601011610962,121.8369229588495,4.172319814509454,0.0001091706489985956,1.567299089074561e-05,1.564284193968136e-07,5.724566238495303e-09,-2.554824135435536e-08,,75.73829116489655,0.08898870376359146,11.76386824992047,0.2080048524266197,0,0.5203667438585742,0.03364207093501628,0.097670528521015,0,0,0.3973927945659986,3.83015515648098,4.231324467132573,0.009767052852101499,3.080528214646525,0,0,0,0,KCP109C,/Users/lopezama/PycharmProjects/sci-cluster/review_outputs/rmelts_parity_audit_v2/2026-02-26/kcp109c_phase7_parity_20260225_224621/runs/kcp109c_phase7_parity_liam_exact/runs/20260225_224621/parallel-results/Parallel_MELTS_KCP109C_dP25.0_02-25_11cores.xlsx,liquid,liquid
767,831,75,0,91.8976118297482,2.208675746625242,-1510.141974415886,-1256.195445825137,229.9927805015163,121.4777023822815,4.160756144045301,0.0001090716020180244,1.566633928095566e-05,1.561180202509949e-07,5.703115287201336e-09,-2.545130670697776e-08,,75.77199855634532,0.08922949845258073,11.74058382256166,0.2088015974728101,0,0.5215643354278443,0.03373310307353661,0.09793481537478371,0,0,0.392951132571343,3.816014582319594,4.238364396061331,0.00979348153747837,3.07903067880171,0,0,0,0,KCP109C,/Users/lopezama/PycharmProjects/sci-cluster/review_outputs/rmelts_parity_audit_v2/2026-02-26/kcp109c_phase7_parity_20260225_224621/runs/kcp109c_phase7_parity_liam_exact/runs/20260225_224621/parallel-results/Parallel_MELTS_KCP109C_dP25.0_02-25_11cores.xlsx,liquid,liquid
768,830,75,0,91.64843516284702,2.208837902353279,-1505.758598622647,-1252.889456035846,229.2246227501256,121.1178748060103,4.149169799431887,0.0001089718943154718,1.565967016592713e-05,1.558051828448609e-07,5.681642212133726e-09,-2.535410562112227e-08,,75.80582135683666,0.08947209871949288,11.71723613664259,0.2096042822252912,0,0.522770938181351,0.03382481780858877,0.09820108396041902,0,0,0.3886000667086326,3.801745665663761,4.245385763718805,0.0098201083960419,3.077517681138346,0,0,0,0,KCP109C,/Users/lopezama/PycharmProjects/sci-cluster/review_outputs/rmelts_parity_audit_v2/2026-02-26/kcp109c_phase7_parity_20260225_224621/runs/kcp109c_phase7_parity_liam_exact/runs/20260225_224621/parallel-results/Parallel_MELTS_KCP109C_dP25.0_02-25_11cores.xlsx,liquid,liquid
769,829,75,0,91.3987967272988,2.209000686449369,-1501.369265317318,-1249.576746060369,228.4557630603356,120.7575082705249,4.137563074921828,0.0001088715378083348,1.565298449827131e-05,1.554900138797762e-07,5.660151049929014e-09,-2.525665897981033e-08,,75.83975805172872,0.08971647502584992,11.69382633096136,0.2104128688916532,0,0.5239863512704527,0.03391720397318716,0.09846930185764015,0,0,0.3843381134681331,3.787351883601604,4.252386878645191,0.009846930185764014,3.075989610390427,0,0,0,0,KCP109C,/Users/lopezama/PycharmProjects/sci-cluster/review_outputs/rmelts_parity_audit_v2/2026-02-26/kcp109c_phase7_parity_20260225_224621/runs/kcp109c_phase7_parity_liam_exact/runs/20260225_224621/parallel-results/Parallel_MELTS_KCP109C_dP25.0_02-25_11cores.xlsx,liquid,liquid
770,828,75,0,91.14875021512333,2.20916407519917,-1496.974881292326,-1246.258056241693,227.6863506794106,120.396678364791,4.125938459636851,0.0001087705518954638,1.564628390588037e-05,1.551726434017828e-07,5.638646583315713e-09,-2.515899112761314e-08,,75.87380530007906,0.08996259268487573,11.67035691524315,0.2112273066522634,0,0.5252103446354331,0.03401024845403838,0.0987394309955953,0,0,0.3801648625971736,3.772837376926347,4.25936451302883,0.009873943099559529,3.07444716560366,0,0,0,0,KCP109C,/Users/lopezama/PycharmProjects/sci-cluster/review_outputs/rmelts_parity_audit_v2/2026-02-26/kcp109c_phase7_parity_20260225_224621/runs/kcp109c_phase7_parity_liam_exact/runs/20260225_224621/parallel-results/Parallel_MELTS_KCP109C_dP25.0_02-25_11cores.xlsx,liquid,liquid
771,827,75,0,90.89834402236113,2.209328041884096,-1492.576252889679,-1242.93404688409,226.9165168436931,120.0354512546818,4.114298207379099,0.000108668946662219,1.563956912094349e-05,1.54853172255587e-07,5.617132600127126e-09,-2.506112199383264e-08,,75.90796200176811,0.09021042135197323,11.64682868005544,0.2120475568692619,0,0.5264427117791001,0.03410393977940451,0.09901143806923889,0,0,0.376078370799277,3.758205541767437,4.266317550377901,0.009901143806923888,3.072890643575893,0,0,0,0,KCP109C,/Users/lopezama/PycharmProjects/sci-cluster/review_outputs/rmelts_parity_audit_v2/2026-02-26/kcp109c_phase7_parity_20260225_224621/runs/kcp109c_phase7_parity_liam_exact/runs/20260225_224621/parallel-results/Parallel_MELTS_KCP109C_dP25.0_02-25_11cores.xlsx,liquid,liquid
772,826,75,0,90.64762861545452,2.209492560788038,-1488.17422642232,-1239.605410849699,226.1464000114823,119.6738970093312,4.102644662588233,0.0001085667374414229,1.563284136700453e-05,1.545317162829395e-07,5.595613351603978e-09,-2.496307361610848e-08,,75.9422258503105,0.09045992779463644,11.62324333222817,0.2128735731801946,0,0.5276832301937373,0.03419826538577719,0.09928528660386925,0,0,0.3720774607436442,3.743460223661672,4.273243755894348,0.009928528660386923,3.071320565343069,0,0,0,0,KCP109C,/Users/lopezama/PycharmProjects/sci-cluster/review_outputs/rmelts_parity_audit_v2/2026-02-26/kcp109c_phase7_parity_20260225_224621/runs/kcp109c_phase7_parity_liam_exact/runs/20260225_224621/parallel-results/Parallel_MELTS_KCP109C_dP25.0_02-25_11cores.xlsx,liquid,liquid
773,825,75,0,90.39665666442046,2.209657607769526,-1483.76969003536,-1236.272875302006,225.3761460031448,119.3120897011168,4.090980265294076,0.0001084639442300616,1.562610230193793e-05,1.542084051765708e-07,5.574093512058898e-09,-2.486486989343453e-08,,75.9765933939227,0.09071107567975792,11.59960346856128,0.2137053011359829,0,0.5289316599957852,0.03429321153746945,0.09956093672168552,0,0,0.3681616651324883,3.728605757758298,4.280139785383102,0.009956093672168551,3.069737650499264,0,0,0,0,KCP109C,/Users/lopezama/PycharmProjects/sci-cluster/review_outputs/rmelts_parity_audit_v2/2026-02-26/kcp109c_phase7_parity_20260225_224621/runs/kcp109c_phase7_parity_liam_exact/runs/20260225_224621/parallel-results/Parallel_MELTS_KCP109C_dP25.0_02-25_11cores.xlsx,liquid,liquid
774,824,75,0,90.14547632984362,2.209823155154152,-1479.363440976704,-1232.937095670784,224.6058837040699,118.9500945761084,4.079307256763506,0.0001083605763132098,1.561935249369372e-05,1.538833367547521e-07,5.5525766912657e-09,-2.476653027499096e-08,,76.01106364979216,0.0909638322634155,11.57590971202646,0.2145426977724326,0,0.5301877795043698,0.03438876585568147,0.09983835248423653,0,0,0.3643286495064679,3.713645499133284,4.28700509093287,0.009983835248423651,3.068142135480199,0,0,0,0,KCP109C,/Users/lopezama/PycharmProjects/sci-cluster/review_outputs/rmelts_parity_audit_v2/2026-02-26/kcp109c_phase7_parity_20260225_224621/runs/kcp109c_phase7_parity_liam_exact/runs/20260225_224621/parallel-results/Parallel_MELTS_KCP109C_dP25.0_02-25_11cores.xlsx,liquid,liquid
775,823,75,0,89.8941399858095,2.209989179029331,-1474.956361871892,-1229.598795932832,223.8357578242578,118.5879853436589,4.067628060753344,0.000108256654643629,1.561259366299161e-05,1.535566421312699e-07,5.531067547626782e-09,-2.466807863569691e-08,,76.04563291127849,0.09121815964257897,11.55216484411949,0.2153857050371268,0,0.5314513395961056,0.03448491401121887,0.1001174922906354,0,0,0.3605780108469081,3.69858393076889,4.293836168943606,0.01001174922906354,3.066534774235892,0,0,0,0,KCP109C,/Users/lopezama/PycharmProjects/sci-cluster/review_outputs/rmelts_parity_audit_v2/2026-02-26/kcp109c_phase7_parity_20260225_224621/runs/kcp109c_phase7_parity_liam_exact/runs/20260225_224621/parallel-results/Parallel_MELTS_KCP109C_dP25.0_02-25_11cores.xlsx,liquid,liquid
776,822,75,0,89.07378088404445,2.210385808683905,-1461.065695451752,-1218.329076197996,221.6469152661789,117.4827848657422,4.029784326975943,0.0001081935177123957,1.560071738725739e-05,1.521838790158659e-07,5.472393231671357e-09,-2.44301290051769e-08,,76.03888515623984,0.09205827046936498,11.54681533207776,0.2176866960071001,0,0.5360604396600063,0.03480251688475992,0.101039565149303,0,0,0.3543927828229385,3.682769358598393,4.321921036459736,0.0101039565149303,3.063464889115855,0,0,0,0,KCP109C,/Users/lopezama/PycharmProjects/sci-cluster/review_outputs/rmelts_parity_audit_v2/2026-02-26/kcp109c_phase7_parity_20260225_224621/runs/kcp109c_phase7_parity_liam_exact/runs/20260225_224621/parallel-results/Parallel_MELTS_KCP109C_dP25.0_02-25_11cores.xlsx,liquid,liquid
777,821,75,0,87.85405160704923,2.210950216990388,-1440.526902978811,-1201.494862482859,218.4636845916487,115.8559428354074,3.973587959236768,0.0001081562137642433,1.558509502888773e-05,1.50073406708692e-07,5.387704859470164e-09,-2.409305279289604e-08,,76.00367475153583,0.09333637307202224,11.55392601693102,0.2210788066905441,0,0.5431701252432415,0.03528570201503279,0.1024423606888049,0,0,0.3467897980525407,3.665723013819442,4.36504205937895,0.01024423606888049,3.059286756503695,0,0,0,0,KCP109C,/Users/lopezama/PycharmProjects/sci-cluster/review_outputs/rmelts_parity_audit_v2/2026-02-26/kcp109c_phase7_parity_20260225_224621/runs/kcp109c_phase7_parity_liam_exact/runs/20260225_224621/parallel-results/Parallel_MELTS_KCP109C_dP25.0_02-25_11cores.xlsx,liquid,liquid
778,820,75,0,86.61701222112498,2.21152934833301,-1419.711184881176,-1184.422197417325,215.2394341708376,114.2064302129437,3.916611474607583,0.0001081162439345705,1.556912666038866e-05,1.47926248315837e-07,5.302000646065201e-09,-2.375016078437266e-08,,75.96800144792219,0.09466938025385536,11.56095558755948,0.2246097412421522,0,0.5505914311651782,0.03578964375450629,0.1039054173517925,0,0,0.3395309178257074,3.647706782403257,4.408892878882667,0.01039054173517925,3.054956229904027,0,0,0,0,KCP109C,/Users/lopezama/PycharmProjects/sci-cluster/review_outputs/rmelts_parity_audit_v2/2026-02-26/kcp109c_phase7_parity_20260225_224621/runs/kcp109c_phase7_parity_liam_exact/runs/20260225_224621/parallel-results/Parallel_MELTS_KCP109C_dP25.0_02-25_11cores.xlsx,liquid,liquid
779,819,75,0,85.36118422280066,2.212123841646066,-1398.594610240963,-1167.090861306895,211.9706532381706,112.5323252940126,3.858788672486006,0.0001080736234687768,1.555281041935764e-05,1.457401432546893e-07,5.215204148561156e-09,-2.340108406409005e-08,,75.93183447397902,0.09606215373168647,11.56789598129878,0.2282914436628019,0,0.5583522646430672,0.0363161800692961,0.1054340711689242,0,0,0.3326185143300537,3.628711095841947,4.453468518472158,0.01054340711689242,3.050471895685367,0,0,0,0,KCP109C,/Users/lopezama/PycharmProjects/sci-cluster/review_outputs/rmelts_parity_audit_v2/2026-02-26/kcp109c_phase7_parity_20260225_224621/runs/kcp109c_phase7_parity_liam_exact/runs/20260225_224621/parallel-results/Parallel_MELTS_KCP109C_dP25.0_02-25_11cores.xlsx,liquid,liquid
780,818,75,0,84.08469179195767,2.212734461018004,-1377.146734801986,-1149.475165666529,208.6528608673939,110.8311866374505,3.800035353237693,0.0001080283859766222,1.553614426539415e-05,1.435121694845166e-07,5.127215738253876e-09,-2.304535073915613e-08,,75.89513134869013,0.09752048044981525,11.5747407194567,0.2321381003618437,0,0.5664858714532635,0.03686749870663746,0.1070346736644314,0,0,0.326054092247079,3.608727023050275,4.498764414595502,0.01070346736644313,3.045832309957854,0,0,0,0,KCP109C,/Users/lopezama/PycharmProjects/sci-cluster/review_outputs/rmelts_parity_audit_v2/2026-02-26/kcp109c_phase7_parity_20260225_224621/runs/kcp109c_phase7_parity_liam_exact/runs/20260225_224621/parallel-results/Parallel_MELTS_KCP109C_dP25.0_02-25_11cores.xlsx,liquid,liquid
781,817,75,0,82.78532799581545,2.213362082061745,-1355.331727997489,-1131.544892086713,205.280774123539,109.1001399634671,3.740252381964589,0.0001079805747914267,1.551912718228051e-05,1.41238874357042e-07,5.037917350624917e-09,-2.268239965848413e-08,,75.85784503264354,0.09905112519796308,11.58148132777793,0.2361662497947002,0,0.5750311556331007,0.03744615708703482,0.1087146496075204,0,0,0.319840587721971,3.587745308499758,4.544770622546968,0.01087146496075204,3.041036318528746,0,0,0,0,KCP109C,/Users/lopezama/PycharmProjects/sci-cluster/review_outputs/rmelts_parity_audit_v2/2026-02-26/kcp109c_phase7_parity_20260225_224621/runs/kcp109c_phase7_parity_liam_exact/runs/20260225_224621/parallel-results/Parallel_MELTS_KCP109C_dP25.0_02-25_11cores.xlsx,liquid,liquid
782,816,75,0,81.46041546624211,2.214007734617572,-1333.10608424708,-1113.263373183827,201.8479649848532,107.3356948961895,3.679319371497717,0.0001079302454986339,1.550175899215112e-05,1.389160352506555e-07,4.94716412322764e-09,-2.231154281802872e-08,,75.81992118311302,0.1006621460503998,11.5881070657847,0.2403955367510557,0,0.5840345087589531,0.03805520155563893,0.1104828432260485,0,0,0.3139824072526791,3.565755397859001,4.591472457318027,0.01104828432260485,3.036082968007847,0,0,0,0,KCP109C,/Users/lopezama/PycharmProjects/sci-cluster/review_outputs/rmelts_parity_audit_v2/2026-02-26/kcp109c_phase7_parity_20260225_224621/runs/kcp109c_phase7_parity_liam_exact/runs/20260225_224621/parallel-results/Parallel_MELTS_KCP109C_dP25.0_02-25_11cores.xlsx,liquid,liquid
783,815,75,0,80.1065932010009,2.214672678863314,-1310.415116856388,-1094.584550110655,198.3463371279077,105.5334657399695,3.61708499705319,0.0001078774749956321,1.548403968089658e-05,1.365382898002391e-07,4.854771505335443e-09,-2.193190935591464e-08,,75.7812901339989,0.1023633669545847,11.59460673780728,0.2448498555939465,0,0.5935525387070814,0.03869834604380642,0.1123500369013735,0,0,0.3084846231161315,3.542745622783172,4.638852451304072,0.01123500369013735,3.030971283099499,0,0,0,0,KCP109C,/Users/lopezama/PycharmProjects/sci-cluster/review_outputs/rmelts_parity_audit_v2/2026-02-26/kcp109c_phase7_parity_20260225_224621/runs/kcp109c_phase7_parity_liam_exact/runs/20260225_224621/parallel-results/Parallel_MELTS_KCP109C_dP25.0_02-25_11cores.xlsx,liquid,liquid
784,814,75,0,78.71973097081361,2.21535843620027,-1287.191595838597,-1075.451824669677,194.7659211414432,103.6880590843355,3.553363179722366,0.0001078223559015297,1.546597070464363e-05,1.340990107195266e-07,4.760511018769884e-09,-2.154241828314144e-08,,75.74187166902084,0.1041667807497492,11.60096466252512,0.2495582904556383,0,0.6036544279770524,0.03938012442978323,0.1143293935058223,0,0,0.3033556961057961,3.518701595660178,4.686883826892827,0.01143293935058223,3.025700593326596,0,0,0,0,KCP109C,/Users/lopezama/PycharmProjects/sci-cluster/review_outputs/rmelts_parity_audit_v2/2026-02-26/kcp109c_phase7_parity_20260225_224621/runs/kcp109c_phase7_parity_liam_exact/runs/20260225_224621/parallel-results/Parallel_MELTS_KCP109C_dP25.0_02-25_11cores.xlsx,liquid,liquid
785,813,75,0,77.29456400257591,2.216066919564801,-1263.349745299042,-1055.793020970897,191.0939781136536,101.7925947299052,3.487916511914508,0.0001077650099318751,1.544755407165209e-05,1.315896760259852e-07,4.664088345918574e-09,-2.114168201881397e-08,,75.70156311576682,0.1060874257956312,11.6071623200094,0.2545572257780481,0,0.6144270045080572,0.04010622194712888,0.1164374185561806,0,0,0.2986065040240573,3.493605411851318,4.735533404377417,0.01164374185561806,3.02027020553029,0,0,0,0,KCP109C,/Users/lopezama/PycharmProjects/sci-cluster/review_outputs/rmelts_parity_audit_v2/2026-02-26/kcp109c_phase7_parity_20260225_224621/runs/kcp109c_phase7_parity_liam_exact/runs/20260225_224621/parallel-results/Parallel_MELTS_KCP109C_dP25.0_02-25_11cores.xlsx,liquid,liquid
786,812,75,0,75.82434845444322,2.216800559464947,-1238.779629722301,-1035.515668209137,187.3141607272401,99.83825422817468,3.420440694617309,0.0001077055939540479,1.542879318369359e-05,1.289993011825491e-07,4.565123671963312e-09,-2.072791121645973e-08,,75.66023512055692,0.1081444398952817,11.61317578539199,0.2598928505862498,0,0.6259808678403912,0.04088387361894796,0.118695116958236,0,0,0.2942524146580212,3.467434118539325,4.784756323399234,0.0118695116958236,3.014679576859573,0,0,0,0,KCP109C,/Users/lopezama/PycharmProjects/sci-cluster/review_outputs/rmelts_parity_audit_v2/2026-02-26/kcp109c_phase7_parity_20260225_224621/runs/kcp109c_phase7_parity_liam_exact/runs/20260225_224621/parallel-results/Parallel_MELTS_KCP109C_dP25.0_02-25_11cores.xlsx,liquid,liquid
787,811,75,0,74.3003233692346,2.217562510291651,-1213.338359685655,-1014.499611830544,183.4052002537575,97.81357567098313,3.350540200080435,0.0001076443147100179,1.540969307030906e-05,1.263135367522305e-07,4.463120438956949e-09,-2.029876909988678e-08,,75.6177199782203,0.110362670007087,11.61897408019829,0.2656250000794149,0,0.6384597309154753,0.04172247280755727,0.121129759763876,0,0,0.290314427914869,3.440157807689663,4.834492822603392,0.01211297597638759,3.008928273823699,0,0,0,0,KCP109C,/Users/lopezama/PycharmProjects/sci-cluster/review_outputs/rmelts_parity_audit_v2/2026-02-26/kcp109c_phase7_parity_20260225_224621/runs/kcp109c_phase7_parity_liam_exact/runs/20260225_224621/parallel-results/Parallel_MELTS_KCP109C_dP25.0_02-25_11cores.xlsx,liquid,liquid
788,810,75,0,72.71087823734375,2.218356958483821,-1186.836501756918,-992.5855969553864,179.3388771652414,95.70336331028294,3.277690633117919,0.0001075814535758103,1.539026193716302e-05,1.235132891931243e-07,4.357417460616013e-09,-1.985114548675585e-08,,75.57379603646395,0.1127751809294945,11.62451577355068,0.2718331222104528,0,0.6520549973439977,0.04263451961968692,0.1237776376055427,0,0,0.2868223686804524,3.411737523498767,4.88465874475202,0.01237776376055427,3.003016331584411,0,0,0,0,KCP109C,/Users/lopezama/PycharmProjects/sci-cluster/review_outputs/rmelts_parity_audit_v2/2026-02-26/kcp109c_phase7_parity_20260225_224621/runs/kcp109c_phase7_parity_liam_exact/runs/20260225_224621/parallel-results/Parallel_MELTS_KCP109C_dP25.0_02-25_11cores.xlsx,liquid,liquid
789,809,75,0,71.04035437775224,2.219189599471422,-1159.018502249408,-969.5588185090696,175.0770999772105,93.48711744382601,3.201184540278712,0.0001075174068971844,1.537051284422864e-05,1.205727275180233e-07,4.247119845274742e-09,-1.938083311043641e-08,,75.52816132203377,0.1154271104535693,11.62974460129666,0.2786254550317058,0,0.6670281550941144,0.04363707834220303,0.1266882919612346,0,0,0.2838180272146669,3.38212242578901,4.93513411416048,0.01266882919612346,2.996944589426461,0,0,0,0,KCP109C,/Users/lopezama/PycharmProjects/sci-cluster/review_outputs/rmelts_parity_audit_v2/2026-02-26/kcp109c_phase7_parity_20260225_224621/runs/kcp109c_phase7_parity_liam_exact/runs/20260225_224621/parallel-results/Parallel_MELTS_KCP109C_dP25.0_02-25_11cores.xlsx,liquid,liquid
790,808,75,0,69.26712659697417,2.220068406058298,-1129.531372105486,-945.1226081955813,170.5672329555611,91.1365224705578,3.120044698080138,0.0001074527581732365,1.535046794153822e-05,1.174561131740928e-07,4.130988985503965e-09,-1.888200992467847e-08,,75.48039214436861,0.1183820322756468,11.63458170497278,0.2861541440517354,0,0.6837477640029089,0.04475418293347623,0.1299314988391245,0,0,0.2813614019028552,3.351246932190707,4.985739241998864,0.01299314988391245,2.990715802579361,0,0,0,0,KCP109C,/Users/lopezama/PycharmProjects/sci-cluster/review_outputs/rmelts_parity_audit_v2/2026-02-26/kcp109c_phase7_parity_20260225_224621/runs/kcp109c_phase7_parity_liam_exact/runs/20260225_224621/parallel-results/Parallel_MELTS_KCP109C_dP25.0_02-25_11cores.xlsx,liquid,liquid
791,807,75,0,67.36057580167856,2.221004907574005,-1097.875276063539,-918.856909508144,165.7347280983146,88.61148386314362,3.032887301237721,0.0001073884100083713,1.533016627414408e-05,1.141128101619241e-07,4.007269434821605e-09,-1.834642511220558e-08,,75.4298720406656,0.1217326827257838,11.63891329384015,0.2946407051856641,0,0.7027518300558437,0.04602089224999143,0.1336090420161042,0,0,0.2795398234987201,3.319028683749876,5.036193254311481,0.01336090420161041,2.984336847499174,0,0,0,0,KCP109C,/Users/lopezama/PycharmProjects/sci-cluster/review_outputs/rmelts_parity_audit_v2/2026-02-26/kcp109c_phase7_parity_20260225_224621/runs/kcp109c_phase7_parity_liam_exact/runs/20260225_224621/parallel-results/Parallel_MELTS_KCP109C_dP25.0_02-25_11cores.xlsx,liquid,liquid
792,806,75,0,64.75931754030282,2.221709958046029,-1055.076061949141,-883.28739746665,159.1888657577637,85.17218861998799,2.914841215243864,0.0001072705554649162,1.530572167151438e-05,1.095419352445656e-07,3.841138968804577e-09,-1.761519421067176e-08,,75.39300190484794,0.1245176747095997,11.64946855650093,0.2952187296015223,0,0.7025037647004767,0.04786946648220304,0.1385422444890023,0,0,0.2784435313910995,3.279368548432102,5.100773353819664,0.01389758704322024,2.976394637982222,0,0,0,0,KCP109C,/Users/lopezama/PycharmProjects/sci-cluster/review_outputs/rmelts_parity_audit_v2/2026-02-26/kcp109c_phase7_parity_20260225_224621/runs/kcp109c_phase7_parity_liam_exact/runs/20260225_224621/parallel-results/Parallel_MELTS_KCP109C_dP25.0_02-25_11cores.xlsx,liquid,liquid
793,805,75,0,61.13122917857935,2.222277326463121,-995.6879082980564,-833.837473860017,150.1186610750261,80.38330775110849,2.750837100780447,0.0001071014067101096,1.527693631418894e-05,1.031892720402394e-07,3.613357423962816e-09,-1.659817555526854e-08,,75.3648313598075,0.1275041187777128,11.66586357198785,0.289259301965044,0,0.6865089568128935,0.05071048356705522,0.145831420615735,0,0,0.2791412108263706,3.230256061855127,5.178644556435169,0.01472239845495151,2.966726558894599,0,0,0,0,KCP109C,/Users/lopezama/PycharmProjects/sci-cluster/review_outputs/rmelts_parity_audit_v2/2026-02-26/kcp109c_phase7_parity_20260225_224621/runs/kcp109c_phase7_parity_liam_exact/runs/20260225_224621/parallel-results/Parallel_MELTS_KCP109C_dP25.0_02-25_11cores.xlsx,liquid,liquid
794,804,75,0,49.35429481860939,2.223281011434873,-803.6995549133477,-673.2803684020207,121.0780174639809,64.90157017057216,2.219885590924777,0.0001069504544250554,1.524984307532592e-05,8.313844550849762e-08,2.907030947890447e-09,-1.336467617481086e-08,,75.30597362995559,0.1416940978565918,11.69546057155106,0.2808924991216435,0,0.6657008597462977,0.06281103557982395,0.177047981695608,0,0,0.2863001734060985,3.169293982894042,5.239412404375904,0.01823546194252953,2.957177301874804,0,0,0,0,KCP109C,/Users/lopezama/PycharmProjects/sci-cluster/review_outputs/rmelts_parity_audit_v2/2026-02-26/kcp109c_phase7_parity_20260225_224621/runs/kcp109c_phase7_parity_liam_exact/runs/20260225_224621/parallel-results/Parallel_MELTS_KCP109C_dP25.0_02-25_11cores.xlsx,liquid,liquid
795,803,75,0,34.31383013389613,2.224845594097958,-558.7317034278315,-468.2119964072021,84.11439578184203,45.14924012294409,1.54230164218692,0.0001068994808442647,1.523390055339225e-05,5.775890344161648e-08,2.016195134657478e-09,-9.264476647972357e-09,,75.19841237609906,0.1673215604885054,11.74701698204561,0.2713418619556189,0,0.643464040545321,0.0903424193346475,0.2457700103408253,0,0,0.2970946601364574,3.108665375979347,5.252826919957405,0.02622844432296217,2.951515348794251,0,0,0,0,KCP109C,/Users/lopezama/PycharmProjects/sci-cluster/review_outputs/rmelts_parity_audit_v2/2026-02-26/kcp109c_phase7_parity_20260225_224621/runs/kcp109c_phase7_parity_liam_exact/runs/20260225_224621/parallel-results/Parallel_MELTS_KCP109C_dP25.0_02-25_11cores.xlsx,liquid,liquid
796,802,75,0,22.21366545932033,2.226664184344864,-361.6388055913759,-303.1488599238949,54.40166085428179,29.23889937127807,0.997620818419734,0.0001068401833972145,1.522397190261446e-05,3.736017751670452e-08,1.301972809792427e-09,-5.973536443882804e-09,,75.03813817041505,0.2054405542981549,11.86946928944606,0.2600034547857607,0,0.6178880905314025,0.1395534900474382,0.2698791083024776,0,0,0.3114348931001537,3.022884731342889,5.279153903607982,0.04051552936861109,2.945638784754021,0,0,0,0,KCP109C,/Users/lopezama/PycharmProjects/sci-cluster/review_outputs/rmelts_parity_audit_v2/2026-02-26/kcp109c_phase7_parity_20260225_224621/runs/kcp109c_phase7_parity_liam_exact/runs/20260225_224621/parallel-results/Parallel_MELTS_KCP109C_dP25.0_02-25_11cores.xlsx,liquid,liquid
797,801,75,0,15.57510199018175,2.22854467422144,-253.5019917280079,-212.5691276046871,38.10721419105408,20.50723981066234,0.6988911719089962,0.0001068032901406006,1.522050229749533e-05,2.618847308716166e-08,9.11080618997824e-10,-4.172032302805857e-09,,74.85411215095813,0.238722550593785,12.02523395999779,0.2504967551018028,0,0.5970782506409079,0.199035271487043,0.274654656885171,0,0,0.3262440184826238,2.931698978722334,5.303457405225666,0.0577844336575286,2.941481568247211,0,0,0,0,KCP109C,/Users/lopezama/PycharmProjects/sci-cluster/review_outputs/rmelts_parity_audit_v2/2026-02-26/kcp109c_phase7_parity_20260225_224621/runs/kcp109c_phase7_parity_liam_exact/runs/20260225_224621/parallel-results/Parallel_MELTS_KCP109C_dP25.0_02-25_11cores.xlsx,liquid,liquid
798,800,75,0,11.98059898425405,2.230356368227038,-194.9486912205956,-163.5203512662691,29.28606434732004,15.77969653292375,0.537160749507385,0.000106789832699383,1.522054204042356e-05,2.01508256190691e-08,6.997859669882496e-10,-3.198443217611928e-09,,74.67119788370456,0.263069809400607,12.18237061129377,0.2432163629743476,0,0.581518638561562,0.2587512319563277,0.2779881387122512,0,0,0.3402036517277564,2.846451454894046,5.321122876572358,0.07512132540667578,2.938988014795724,0,0,0,0,KCP109C,/Users/lopezama/PycharmProjects/sci-cluster/review_outputs/rmelts_parity_audit_v2/2026-02-26/kcp109c_phase7_parity_20260225_224621/runs/kcp109c_phase7_parity_liam_exact/runs/20260225_224621/parallel-results/Parallel_MELTS_KCP109C_dP25.0_02-25_11cores.xlsx,liquid,liquid
799,799,75,0,9.76928164990749,2.232090358495872,-158.9260263055282,-133.3446194687367,23.85991403888587,12.87149669182757,0.4376741117456674,0.0001067919457894349,1.522269337226801e-05,1.644279039543906e-08,5.699749378170594e-10,-2.60047411946427e-09,,74.49263074292047,0.2815911654198086,12.33707146466927,0.2373353267861625,0,0.5691712276124443,0.3173206524880564,0.2803971045937492,0,0,0.353575655206659,2.766882403997264,5.334292395107385,0.09212535072233895,2.93760651047639,0,0,0,0,KCP109C,/Users/lopezama/PycharmProjects/sci-cluster/review_outputs/rmelts_parity_audit_v2/2026-02-26/kcp109c_phase7_parity_20260225_224621/runs/kcp109c_phase7_parity_liam_exact/runs/20260225_224621/parallel-results/Parallel_MELTS_KCP109C_dP25.0_02-25_11cores.xlsx,liquid,liquid
800,903,50,0,101.2083181013742,2.218704347104757,-1680.494848409526,-1377.005348449635,258.036389882151,134.4941000355591,4.561595520081057,9.81844765612661e-05,1.471037837925109e-05,1.259163925060341e-07,5.422226174333745e-09,-2.175915245247234e-08,,74.91457608492978,0.08102077603487536,12.79535426404434,0.1764679262036851,0,0.485392580430738,0.03062980557416019,0.08892524198949733,0,0,0.6916407710294237,4.317814527712259,3.96211355975427,0.008892524198949732,2.447171938098025,0,0,0,0,KCP109C,/Users/lopezama/PycharmProjects/sci-cluster/review_outputs/rmelts_parity_audit_v2/2026-02-26/kcp109c_phase7_parity_20260225_224621/runs/kcp109c_phase7_parity_liam_exact/runs/20260225_224621/parallel-results/Parallel_MELTS_KCP109C_dP25.0_02-25_11cores.xlsx,liquid,liquid
801,902,50,0,101.0209940003662,2.218790117212627,-1677.080463876228,-1374.566971567564,257.4254285058623,134.2195791688009,4.552976562166892,9.813248269695989e-05,1.470700150630583e-05,1.258309351001591e-07,5.408547104210558e-09,-2.170764267045653e-08,,74.94133828507708,0.08117101378624729,12.77621668931619,0.1769729780813314,0,0.486132640203489,0.03068660277284958,0.08909013708246652,0,0,0.6837290230593932,4.310867744444389,3.968030633187845,0.008909013708246651,2.446855239280478,0,0,0,0,KCP109C,/Users/lopezama/PycharmProjects/sci-cluster/review_outputs/rmelts_parity_audit_v2/2026-02-26/kcp109c_phase7_parity_20260225_224621/runs/kcp109c_phase7_parity_liam_exact/runs/20260225_224621/parallel-results/Parallel_MELTS_KCP109C_dP25.0_02-25_11cores.xlsx,liquid,liquid
802,901,50,0,100.8117186789582,2.218865913879795,-1673.296970921723,-1371.826944507557,256.7559736099864,133.913888629197,4.543389397635301,9.807436425506545e-05,1.470341012808542e-05,1.257112351414499e-07,5.393481573340782e-09,-2.16495558480555e-08,,74.97117934030432,0.08133951716901953,12.75493429770805,0.177515781734173,0,0.4869839569804599,0.0307503052712147,0.08927507981965557,0,0,0.6750462412425535,4.302998117163773,3.974633496775162,0.008927507981965557,2.446416357849666,0,0,0,0,KCP109C,/Users/lopezama/PycharmProjects/sci-cluster/review_outputs/rmelts_parity_audit_v2/2026-02-26/kcp109c_phase7_parity_20260225_224621/runs/kcp109c_phase7_parity_liam_exact/runs/20260225_224621/parallel-results/Parallel_MELTS_KCP109C_dP25.0_02-25_11cores.xlsx,liquid,liquid
803,900,50,0,100.6012807928733,2.218942817314617,-1669.495276844786,-1369.070651383466,256.0837279643008,133.6066817340925,4.533748233973051,9.801568959501536e-05,1.469979316342032e-05,1.255887664052637e-07,5.37834485028812e-09,-2.159103729663324e-08,,75.00107771661823,0.08150966352985542,12.73361591012318,0.1780631197856271,0,0.4878442566532722,0.03081462889543314,0.08946182582545105,0,0,0.6664748179297192,4.294963609926771,3.981263911039819,0.008946182582545105,2.445964357090101,0,0,0,0,KCP109C,/Users/lopezama/PycharmProjects/sci-cluster/review_outputs/rmelts_parity_audit_v2/2026-02-26/kcp109c_phase7_parity_20260225_224621/runs/kcp109c_phase7_parity_liam_exact/runs/20260225_224621/parallel-results/Parallel_MELTS_KCP109C_dP25.0_02-25_11cores.xlsx,liquid,liquid
804,899,50,0,100.3896728700766,2.219020819500483,-1665.675269710075,-1366.297988298478,255.4086775682268,133.2979485274097,4.524052770837679,9.79564527051304e-05,1.469615063761024e-05,1.254635124712156e-07,5.363136718623627e-09,-2.153208490467342e-08,,75.03103627261602,0.08168147519152519,12.71225972369413,0.1786150493768257,0,0.4887136652896922,0.03087958208460099,0.08965039960045447,0,0,0.6580146969404271,4.286763357359002,3.987921582862835,0.008965039960045445,2.445499155024451,0,0,0,0,KCP109C,/Users/lopezama/PycharmProjects/sci-cluster/review_outputs/rmelts_parity_audit_v2/2026-02-26/kcp109c_phase7_parity_20260225_224621/runs/kcp109c_phase7_parity_liam_exact/runs/20260225_224621/parallel-results/Parallel_MELTS_KCP109C_dP25.0_02-25_11cores.xlsx,liquid,liquid
805,898,50,0,100.1768874369643,2.219099911575552,-1661.836837298389,-1363.508851027996,254.7308084108719,132.9876789795296,4.514302709599005,9.789664740854133e-05,1.469248256949148e-05,1.253354567413715e-07,5.34785695872729e-09,-2.147269658220483e-08,,75.06105799199695,0.0818549748338931,12.69086384144219,0.1791716286362198,0,0.48959231090827,0.03094517341281324,0.08984082603719974,0,0,0.649665748825581,4.278396480229089,3.994606275715663,0.008984082603719972,2.445020665358421,0,0,0,0,KCP109C,/Users/lopezama/PycharmProjects/sci-cluster/review_outputs/rmelts_parity_audit_v2/2026-02-26/kcp109c_phase7_parity_20260225_224621/runs/kcp109c_phase7_parity_liam_exact/runs/20260225_224621/parallel-results/Parallel_MELTS_KCP109C_dP25.0_02-25_11cores.xlsx,liquid,liquid
806,897,50,0,99.96292603261367,2.219180087782125,-1657.980020369982,-1360.703259651656,254.0501309390468,132.675875952609,4.504498151500531,9.783627024549099e-05,1.468878911869776e-05,1.252045974567605e-07,5.332505962024202e-09,-2.141287303031299e-08,,75.09114467549297,0.08203017810445151,12.66942722066024,0.1797329017496188,0,0.4904802781602826,0.03101140879558532,0.09003312230976383,0,0,0.641428163943174,4.269862575897079,4.001317292475965,0.009003312230976383,2.444528870179891,0,0,0,0,KCP109C,/Users/lopezama/PycharmProjects/sci-cluster/review_outputs/rmelts_parity_audit_v2/2026-02-26/kcp109c_phase7_parity_20260225_224621/runs/kcp109c_phase7_parity_liam_exact/runs/20260225_224621/parallel-results/Parallel_MELTS_KCP109C_dP25.0_02-25_11cores.xlsx,liquid,liquid
807,896,50,0,99.74778637201916,2.219261339847107,-1654.104794427755,-1357.881181194146,253.3666451983139,132.3625367378981,4.49463903061057,9.777531637490898e-05,1.468507037714952e-05,1.250709263810727e-07,5.317083854922122e-09,-2.135261377690967e-08,,75.12129880215558,0.0822071040459578,12.64794832900196,0.1802989199993305,0,0.4913776723065891,0.03107829543200843,0.09022730931873416,0,0,0.6333018895540365,4.261161045165426,4.008054185081675,0.009022730931873415,2.444023717006805,0,0,0,0,KCP109C,/Users/lopezama/PycharmProjects/sci-cluster/review_outputs/rmelts_parity_audit_v2/2026-02-26/kcp109c_phase7_parity_20260225_224621/runs/kcp109c_phase7_parity_liam_exact/runs/20260225_224621/parallel-results/Parallel_MELTS_KCP109C_dP25.0_02-25_11cores.xlsx,liquid,liquid
808,895,50,0,99.53146814695134,2.219343659381864,-1650.211168524015,-1355.042609915943,252.6803566391923,132.0476614185669,4.484725370322912,9.771378150633037e-05,1.468132647448816e-05,1.24934438664993e-07,5.301590902342384e-09,-2.129191898789881e-08,,75.15152268820437,0.08238577036763609,12.62642575745035,0.1808697322018133,0,0.4922845902241841,0.03114584001703315,0.09042340650106398,0,0,0.6252868873167409,4.252291421316585,4.014816396098225,0.009042340650106397,2.443505169651882,0,0,0,0,KCP109C,/Users/lopezama/PycharmProjects/sci-cluster/review_outputs/rmelts_parity_audit_v2/2026-02-26/kcp109c_phase7_parity_20260225_224621/runs/kcp109c_phase7_parity_liam_exact/runs/20260225_224621/parallel-results/Parallel_MELTS_KCP109C_dP25.0_02-25_11cores.xlsx,liquid,liquid
809,894,50,0,99.31397570119866,2.219427039087789,-1646.299230481402,-1352.187604172431,251.9912833046066,131.7312566899953,4.474757401442575,9.765166271909959e-05,1.467755761372817e-05,1.247951371750474e-07,5.286027683356183e-09,-2.123079028341065e-08,,75.18181809739168,0.08256619119116963,12.60485849636617,0.181445380161873,0,0.4932011065753885,0.03121404788934462,0.09062142935616178,0,0,0.6173832400819029,4.243253499246427,4.021603141853719,0.009062142935616177,2.442973226950548,0,0,0,0,KCP109C,/Users/lopezama/PycharmProjects/sci-cluster/review_outputs/rmelts_parity_audit_v2/2026-02-26/kcp109c_phase7_parity_20260225_224621/runs/kcp109c_phase7_parity_liam_exact/runs/20260225_224621/parallel-results/Parallel_MELTS_KCP109C_dP25.0_02-25_11cores.xlsx,liquid,liquid
810,893,50,0,99.09530594862295,2.219511467113456,-1642.368941480925,-1349.316119292604,251.2994230487682,131.4133184601864,4.464735029168356,9.758895450854974e-05,1.467376386921923e-05,1.246530122151351e-07,5.270394265662646e-09,-2.11692270104219e-08,,75.2121880507081,0.08274838705943861,12.58324462551908,0.1820259189808576,0,0.4941273351118296,0.03128292681515362,0.09082140043109115,0,0,0.6095905896519929,4.234046686210572,4.02841411671491,0.009082140043109114,2.442427822753875,0,0,0,0,KCP109C,/Users/lopezama/PycharmProjects/sci-cluster/review_outputs/rmelts_parity_audit_v2/2026-02-26/kcp109c_phase7_parity_20260225_224621/runs/kcp109c_phase7_parity_liam_exact/runs/20260225_224621/parallel-results/Parallel_MELTS_KCP109C_dP25.0_02-25_11cores.xlsx,liquid,liquid
811,892,50,0,98.87547226752017,2.219596938501378,-1638.420542820426,-1346.428338568876,250.6048184796379,131.0938663436802,4.454658886594008,9.752565681734307e-05,1.466994561157594e-05,1.245080821949787e-07,5.254691854246323e-09,-2.110723363464156e-08,,75.24263318215513,0.08293236503631561,12.56158396746155,0.1826113765382854,0,0.4950633069106811,0.03135247946494858,0.09102332747888298,0,0,0.6019093056602298,4.224671335965708,4.035247986497989,0.009102332747888296,2.441869034082401,0,0,0,0,KCP109C,/Users/lopezama/PycharmProjects/sci-cluster/review_outputs/rmelts_parity_audit_v2/2026-02-26/kcp109c_phase7_parity_20260225_224621/runs/kcp109c_phase7_parity_liam_exact/runs/20260225_224621/parallel-results/Parallel_MELTS_KCP109C_dP25.0_02-25_11cores.xlsx,liquid,liquid
812,891,50,0,98.65447372681567,2.21968344007984,-1634.454031549779,-1343.524246622739,249.9074732010823,130.7728991601746,4.444528978567644,9.746176455263566e-05,1.466610294237004e-05,1.243603408894479e-07,5.23892065504314e-09,-2.104481020903441e-08,,75.27315648880919,0.08311814433125823,12.53987461743185,0.1832018057744889,0,0.4960091270662938,0.03142271310084152,0.09122723158308829,0,0,0.5943389229167415,4.21512700498776,4.042104415006064,0.009122723158308829,2.441296805834117,0,0,0,0,KCP109C,/Users/lopezama/PycharmProjects/sci-cluster/review_outputs/rmelts_parity_audit_v2/2026-02-26/kcp109c_phase7_parity_20260225_224621/runs/kcp109c_phase7_parity_liam_exact/runs/20260225_224621/parallel-results/Parallel_MELTS_KCP109C_dP25.0_02-25_11cores.xlsx,liquid,liquid
813,890,50,0,98.43232199096389,2.219770963264211,-1630.469618160307,-1340.604001946881,249.2074248492673,130.4504337323226,4.434345868107829,9.739727656918824e-05,1.466223616220219e-05,1.242098030593541e-07,5.223081722628629e-09,-2.098196068358319e-08,,75.30375924168624,0.08330573380073496,12.5181159145803,0.1837972389072283,0,0.4969648370048231,0.03149363107100955,0.09143312246422128,0,0,0.5868794320994057,4.205413945531279,4.048982409276229,0.009143312246422126,2.440711181332083,0,0,0,0,KCP109C,/Users/lopezama/PycharmProjects/sci-cluster/review_outputs/rmelts_parity_audit_v2/2026-02-26/kcp109c_phase7_parity_20260225_224621/runs/kcp109c_phase7_parity_liam_exact/runs/20260225_224621/parallel-results/Parallel_MELTS_KCP109C_dP25.0_02-25_11cores.xlsx,liquid,liquid
814,889,50,0,98.20901343964422,2.219859493284171,-1626.467256765704,-1337.66755395021,248.5046704947673,130.1264653548334,4.424109441915574,9.733218767609962e-05,1.465834546053732e-05,1.240564606643745e-07,5.207175171197384e-09,-2.091868445233275e-08,,75.33444478139403,0.08349515541476575,12.49630578912215,0.1843977343273649,0,0.4979305588648665,0.03156524168119193,0.0916410242357185,0,0,0.5795304111920673,4.195531808157166,4.055881260558365,0.009164102423571848,2.440112132628744,0,0,0,0,KCP109C,/Users/lopezama/PycharmProjects/sci-cluster/review_outputs/rmelts_parity_audit_v2/2026-02-26/kcp109c_phase7_parity_20260225_224621/runs/kcp109c_phase7_parity_liam_exact/runs/20260225_224621/parallel-results/Parallel_MELTS_KCP109C_dP25.0_02-25_11cores.xlsx,liquid,liquid
815,888,50,0,97.98459516934685,2.219949031672483,-1622.447751672593,-1334.715545905391,247.7993418311175,129.8010605482836,4.413821838762055,9.726650608147259e-05,1.465443144298495e-05,1.239003825390255e-07,5.191204256004069e-09,-2.085499618131336e-08,,75.36521003258227,0.08368638818466463,12.47444655113453,0.1850032654888812,0,0.4989061496558803,0.03163753699664151,0.09185091386121727,0,0,0.5722925108006506,4.185482438724499,4.062799239749123,0.009185091386121726,2.439499881435514,0,0,0,0,KCP109C,/Users/lopezama/PycharmProjects/sci-cluster/review_outputs/rmelts_parity_audit_v2/2026-02-26/kcp109c_phase7_parity_20260225_224621/runs/kcp109c_phase7_parity_liam_exact/runs/20260225_224621/parallel-results/Parallel_MELTS_KCP109C_dP25.0_02-25_11cores.xlsx,liquid,liquid
816,887,50,0,97.75902883988081,2.220039548885315,-1618.410473383302,-1331.74745122902,247.0913434937572,129.4741655105192,4.40348141045351,9.72002169324564e-05,1.465049398800856e-05,1.237415075687421e-07,5.175166916291365e-09,-2.079088485783145e-08,,75.39606318662312,0.08387948399272378,12.45253278774244,0.1856139507905406,0,0.4998919153473237,0.03171053663139557,0.09206284828469682,0,0,0.5651642305575358,4.175264021926003,4.069736538993375,0.009206284828469682,2.438874214282376,0,0,0,0,KCP109C,/Users/lopezama/PycharmProjects/sci-cluster/review_outputs/rmelts_parity_audit_v2/2026-02-26/kcp109c_phase7_parity_20260225_224621/runs/kcp109c_phase7_parity_liam_exact/runs/20260225_224621/parallel-results/Parallel_MELTS_KCP109C_dP25.0_02-25_11cores.xlsx,liquid,liquid
817,886,50,0,97.53235179947885,2.220131040672943,-1614.356062023509,-1328.763779507964,246.3807811892725,129.1458328828506,4.393089867790681,9.713332568915755e-05,1.464653362602476e-05,1.235798900298811e-07,5.159065800269756e-09,-2.072636227539221e-08,,75.42700270499867,0.08407443038903473,12.43056575200306,0.1862297811234185,0,0.5008877651487174,0.03178423587878142,0.09227681384162346,0,0,0.5581457930167362,4.164878062338111,4.076691676144938,0.009227681384162346,2.43823530373273,0,0,0,0,KCP109C,/Users/lopezama/PycharmProjects/sci-cluster/review_outputs/rmelts_parity_audit_v2/2026-02-26/kcp109c_phase7_parity_20260225_224621/runs/kcp109c_phase7_parity_liam_exact/runs/20260225_224621/parallel-results/Parallel_MELTS_KCP109C_dP25.0_02-25_11cores.xlsx,liquid,liquid
818,885,50,0,97.30457855100741,2.22022349639402,-1610.284777689227,-1325.764730102507,245.6677007181455,128.8160836597773,4.382647904998971,9.706583279516348e-05,1.464255084310746e-05,1.23415552585894e-07,5.142902236275234e-09,-2.066143351289115e-08,,75.45802969507622,0.08427123442217156,12.40854498492745,0.1868507854742052,0,0.5018937290193538,0.03185863740350388,0.09249281826823706,0,0,0.5512372236464411,4.154325307155137,4.083663037089173,0.009249281826823705,2.437583265691275,0,0,0,0,KCP109C,/Users/lopezama/PycharmProjects/sci-cluster/review_outputs/rmelts_parity_audit_v2/2026-02-26/kcp109c_phase7_parity_20260225_224621/runs/kcp109c_phase7_parity_liam_exact/runs/20260225_224621/parallel-results/Parallel_MELTS_KCP109C_dP25.0_02-25_11cores.xlsx,liquid,liquid
819,884,50,0,97.0757491816417,2.220316909559232,-1606.197304245487,-1322.750849185832,244.952214544056,128.4849739631284,4.372157360226237,9.699774413914597e-05,1.463854616008915e-05,1.232485533657295e-07,5.126679006125124e-09,-2.05961112229394e-08,,75.48914260777322,0.08446988095351102,12.38647170877449,0.1874769499836199,0,0.50290969906573,0.0319337354824249,0.0927108449489755,0,0,0.5444384693330089,4.143607440062471,4.090649306522999,0.009271084494897549,2.436918272604625,0,0,0,0,KCP109C,/Users/lopezama/PycharmProjects/sci-cluster/review_outputs/rmelts_parity_audit_v2/2026-02-26/kcp109c_phase7_parity_20260225_224621/runs/kcp109c_phase7_parity_liam_exact/runs/20260225_224621/parallel-results/Parallel_MELTS_KCP109C_dP25.0_02-25_11cores.xlsx,liquid,liquid
820,883,50,0,96.84582618528768,2.220411246024127,-1602.093025173245,-1319.721620782904,244.2342294601404,128.1524508478706,4.361616631094803,9.692904456360649e-05,1.463451946363763e-05,1.230788324738015e-07,5.110394095974781e-09,-2.053038473921731e-08,,75.52035015165296,0.0846704223331492,12.36434014217794,0.1881083952071794,0,0.5039359830360527,0.03200954990643445,0.09293095134126131,0,0,0.5377476489922159,4.132722777217478,4.097650775070341,0.00929309513412613,2.436240107930853,0,0,0,0,KCP109C,/Users/lopezama/PycharmProjects/sci-cluster/review_outputs/rmelts_parity_audit_v2/2026-02-26/kcp109c_phase7_parity_20260225_224621/runs/kcp109c_phase7_parity_liam_exact/runs/20260225_224621/parallel-results/Parallel_MELTS_KCP109C_dP25.0_02-25_11cores.xlsx,liquid,liquid
821,882,50,0,96.61485622445801,2.220506502782585,-1597.972738538294,-1316.677684265437,243.5138763561943,127.8185802723268,4.351027844475437,9.68597431372825e-05,1.463047152597898e-05,1.22906462195918e-07,5.094050823977815e-09,-2.046426891548518e-08,,75.55164959057304,0.08487283790758778,12.34215244769378,0.1887450957157318,0,0.5049724395998216,0.03208607286750269,0.09315311477662072,0,0,0.5311652438803941,4.121673615071947,4.104665176428801,0.009315311477662071,2.435549054007105,0,0,0,0,KCP109C,/Users/lopezama/PycharmProjects/sci-cluster/review_outputs/rmelts_parity_audit_v2/2026-02-26/kcp109c_phase7_parity_20260225_224621/runs/kcp109c_phase7_parity_liam_exact/runs/20260225_224621/parallel-results/Parallel_MELTS_KCP109C_dP25.0_02-25_11cores.xlsx,liquid,liquid
822,881,50,0,96.38289629834674,2.220602677284696,-1593.837412121599,-1313.619818628787,242.7913126481058,127.4834421799163,4.340393591536222,9.678985104345309e-05,1.462640310756283e-05,1.227315289305444e-07,5.077653068152279e-09,-2.03977816710836e-08,,75.58303721635315,0.08507709743364743,12.31991137067063,0.1893870076831654,0,0.506018867734644,0.03216329293223257,0.09337730206132035,0,0,0.524691541498449,4.110462650129875,4.111690516097785,0.009337730206132034,2.434845407198961,0,0,0,0,KCP109C,/Users/lopezama/PycharmProjects/sci-cluster/review_outputs/rmelts_parity_audit_v2/2026-02-26/kcp109c_phase7_parity_20260225_224621/runs/kcp109c_phase7_parity_liam_exact/runs/20260225_224621/parallel-results/Parallel_MELTS_KCP109C_dP25.0_02-25_11cores.xlsx,liquid,liquid
823,880,50,0,96.14992258636079,2.220699738116414,-1589.686659782306,-1310.547696383179,242.0664817232169,127.1470029486822,4.329712879955337,9.671935731987105e-05,1.462231430342129e-05,1.225539957239378e-07,5.061199714866486e-09,-2.033091661235134e-08,,75.61452008423011,0.08528324169438277,12.29761231080612,0.190034228937168,0,0.5070755036721897,0.03224122551860812,0.09360355795724937,0,0,0.5183249336942117,4.099089029096135,4.11872647434495,0.009360355795724936,2.434129054253141,0,0,0,0,KCP109C,/Users/lopezama/PycharmProjects/sci-cluster/review_outputs/rmelts_parity_audit_v2/2026-02-26/kcp109c_phase7_parity_20260225_224621/runs/kcp109c_phase7_parity_liam_exact/runs/20260225_224621/parallel-results/Parallel_MELTS_KCP109C_dP25.0_02-25_11cores.xlsx,liquid,liquid
824,879,50,0,95.91597854423209,2.220797676464147,-1585.521222419444,-1307.461911568572,241.339505143317,126.809323472437,4.318987702515302,9.664826970152138e-05,1.461820580557623e-05,1.223739293902057e-07,5.044693824741227e-09,-2.026368767122901e-08,,75.64609638375076,0.08549125222719754,12.27525673648726,0.1906867393304494,0,0.5081422187487159,0.03231986364686736,0.09383186220058266,0,0,0.5120653189645636,4.08755498637972,4.125771213067894,0.009383186220058265,2.433400238975926,0,0,0,0,KCP109C,/Users/lopezama/PycharmProjects/sci-cluster/review_outputs/rmelts_parity_audit_v2/2026-02-26/kcp109c_phase7_parity_20260225_224621/runs/kcp109c_phase7_parity_liam_exact/runs/20260225_224621/parallel-results/Parallel_MELTS_KCP109C_dP25.0_02-25_11cores.xlsx,liquid,liquid
825,878,50,0,95.681091463432,2.220896476992501,-1581.341569809983,-1304.362836968001,240.6104615749312,126.4704418794752,4.308219336409667,9.657659155555852e-05,1.461407818134773e-05,1.221913723730108e-07,5.028137459674252e-09,-2.019610394314686e-08,,75.67776651335163,0.08570112460494385,12.25284460907416,0.191344546818578,0,0.5092189706063263,0.03239920564333243,0.09406220993225543,0,0,0.5059121563357244,4.07586209650322,4.132823219640466,0.009406220993225542,2.432659126496153,0,0,0,0,KCP109C,/Users/lopezama/PycharmProjects/sci-cluster/review_outputs/rmelts_parity_audit_v2/2026-02-26/kcp109c_phase7_parity_20260225_224621/runs/kcp109c_phase7_parity_liam_exact/runs/20260225_224621/parallel-results/Parallel_MELTS_KCP109C_dP25.0_02-25_11cores.xlsx,liquid,liquid
826,877,50,0,95.44527160740525,2.220996116775861,-1577.147885749774,-1301.250611725573,239.879384449159,126.1303722221356,4.297408306411615,9.650432132090399e-05,1.460993183875607e-05,1.220063407146893e-07,5.011531614198731e-09,-2.012816939814318e-08,,75.70953333962589,0.0859128695557814,12.23037418881701,0.1920076899685402,0,0.5103058098395242,0.03247925556377101,0.09429461292707712,0,0,0.4998643500071201,4.064011192511139,4.139881443513666,0.009429461292707712,2.431905786377758,0,0,0,0,KCP109C,/Users/lopezama/PycharmProjects/sci-cluster/review_outputs/rmelts_parity_audit_v2/2026-02-26/kcp109c_phase7_parity_20260225_224621/runs/kcp109c_phase7_parity_liam_exact/runs/20260225_224621/parallel-results/Parallel_MELTS_KCP109C_dP25.0_02-25_11cores.xlsx,liquid,liquid
827,876,50,0,95.20859329685229,2.221096596014143,-1572.941427105082,-1298.126253425194,239.1464766826678,125.7892186694073,4.28655797625859,9.643147599722128e-05,1.46057677985711e-05,1.218189507234593e-07,4.994881273397235e-09,-2.00599074193421e-08,,75.74139093608825,0.08612643998633164,12.2078497748497,0.1926760915468359,0,0.51140243151361,0.03255999560458879,0.09452901949719325,0,0,0.4939224031530144,4.052006140654526,4.146943213612023,0.009452901949719325,2.431140651544184,0,0,0,0,KCP109C,/Users/lopezama/PycharmProjects/sci-cluster/review_outputs/rmelts_parity_audit_v2/2026-02-26/kcp109c_phase7_parity_20260225_224621/runs/kcp109c_phase7_parity_liam_exact/runs/20260225_224621/parallel-results/Parallel_MELTS_KCP109C_dP25.0_02-25_11cores.xlsx,liquid,liquid
828,875,50,0,94.97103270356654,2.221197877289607,-1568.721805995424,-1294.989434053493,238.4116813499381,125.4469472142487,4.275667362849002,9.635804441985922e-05,1.46015861836595e-05,1.216291662406474e-07,4.978185318091491e-09,-1.999131173917462e-08,,75.77334700252989,0.08634187699901985,12.18526632054722,0.193349851283354,0,0.5125090726878855,0.0326414413045075,0.09476547475502177,0,0,0.4880842190227441,4.039846330128309,4.154008249496595,0.009476547475502176,2.430363613769943,0,0,0,0,KCP109C,/Users/lopezama/PycharmProjects/sci-cluster/review_outputs/rmelts_parity_audit_v2/2026-02-26/kcp109c_phase7_parity_20260225_224621/runs/kcp109c_phase7_parity_liam_exact/runs/20260225_224621/parallel-results/Parallel_MELTS_KCP109C_dP25.0_02-25_11cores.xlsx,liquid,liquid
829,874,50,0,94.73266000814652,2.221299957246186,-1564.490208517253,-1291.841114287351,237.6751900186566,125.1036560025995,4.264739649371331,9.628404249413297e-05,1.459738798038659e-05,1.214370976048066e-07,4.961448460508323e-09,-1.992240453717021e-08,,75.80539633219435,0.08655913653004661,12.16262761944766,0.1940288983429299,0,0.5136254467579504,0.03272357600526152,0.09500393033785604,0,0,0.4823500004944923,4.027535546395187,4.161074035149269,0.009500393033785602,2.429575085311205,0,0,0,0,KCP109C,/Users/lopezama/PycharmProjects/sci-cluster/review_outputs/rmelts_parity_audit_v2/2026-02-26/kcp109c_phase7_parity_20260225_224621/runs/kcp109c_phase7_parity_liam_exact/runs/20260225_224621/parallel-results/Parallel_MELTS_KCP109C_dP25.0_02-25_11cores.xlsx,liquid,liquid
830,873,50,0,94.49348192251858,2.221402808077785,-1560.246757848479,-1288.681385015309,236.9370264216461,124.7593539084908,4.253775208121093,9.620946804459718e-05,1.459317362250995e-05,1.212427570387863e-07,4.944671485228928e-09,-1.985318885423769e-08,,75.83754253442538,0.08677823180961164,12.13993143613365,0.1947132768710994,0,0.5147516191918988,0.03280640470851171,0.0952444007666469,0,0,0.4767183047050705,4.015074719770189,4.168139493067186,0.00952444007666469,2.428775138474114,0,0,0,0,KCP109C,/Users/lopezama/PycharmProjects/sci-cluster/review_outputs/rmelts_parity_audit_v2/2026-02-26/kcp109c_phase7_parity_20260225_224621/runs/kcp109c_phase7_parity_liam_exact/runs/20260225_224621/parallel-results/Parallel_MELTS_KCP109C_dP25.0_02-25_11cores.xlsx,liquid,liquid
831,872,50,0,94.2535550037528,2.221506419764949,-1555.992410727837,-1285.51102025992,236.1973457345479,124.4141197720111,4.242776620637697,9.61343333070111e-05,1.458894398830736e-05,1.210462344520384e-07,4.927858250278636e-09,-1.978368280841142e-08,,75.86978235841156,0.08699913022518635,12.11718021974218,0.195402939201726,0,0.5158873735844013,0.03288991508513142,0.09548685024715574,0,0,0.4711888453526291,4.00246713330755,4.175202431406932,0.009548685024715573,2.427964118410836,0,0,0,0,KCP109C,/Users/lopezama/PycharmProjects/sci-cluster/review_outputs/rmelts_parity_audit_v2/2026-02-26/kcp109c_phase7_parity_20260225_224621/runs/kcp109c_phase7_parity_liam_exact/runs/20260225_224621/parallel-results/Parallel_MELTS_KCP109C_dP25.0_02-25_11cores.xlsx,liquid,liquid
832,871,50,0,94.012900750456,2.221610768278943,-1551.727536815785,-1282.330313628029,235.4562104512139,124.0679831122904,4.231744916472778,9.605864052425455e-05,1.45846996578851e-05,1.20847565669388e-07,4.911010447275854e-09,-1.971389395580432e-08,,75.90211747988005,0.087221830914675,12.09437305421651,0.1960979015096676,0,0.5170326885267874,0.0329741068092064,0.09573127783317988,0,0,0.4657603946441428,3.989714520782578,4.182261432629036,0.009573127783317986,2.427142184470832,0,0,0,0,KCP109C,/Users/lopezama/PycharmProjects/sci-cluster/review_outputs/rmelts_parity_audit_v2/2026-02-26/kcp109c_phase7_parity_20260225_224621/runs/kcp109c_phase7_parity_liam_exact/runs/20260225_224621/parallel-results/Parallel_MELTS_KCP109C_dP25.0_02-25_11cores.xlsx,liquid,liquid
833,870,50,0,93.77156225460128,2.221715837016126,-1547.452866448052,-1279.139854722652,234.7137398638851,123.7210037199502,4.220682082391829,9.598239830549781e-05,1.458044140858292e-05,1.20646820435712e-07,4.894131095461014e-09,-1.964383640136926e-08,,75.93454658961743,0.08744631275078706,12.0715110593042,0.1967981393968052,0,0.5181874179937934,0.03305897189359022,0.09597766033622968,0,0,0.4604321960229587,3.976819671482474,4.1893145979551,0.009597766033622968,2.426309617212986,0,0,0,0,KCP109C,/Users/lopezama/PycharmProjects/sci-cluster/review_outputs/rmelts_parity_audit_v2/2026-02-26/kcp109c_phase7_parity_20260225_224621/runs/kcp109c_phase7_parity_liam_exact/runs/20260225_224621/parallel-results/Parallel_MELTS_KCP109C_dP25.0_02-25_11cores.xlsx,liquid,liquid
834,869,50,0,93.5295773227705,2.2218216066608,-1543.169040954226,-1275.940160760084,233.9700391315868,123.373233891612,4.209589871769099,9.590561383916207e-05,1.45761699770126e-05,1.204440605934558e-07,4.877222881714925e-09,-1.957352266789301e-08,,75.9670691487268,0.08767255900903088,12.04859482711887,0.1975036374183848,0,0.5193514429096131,0.03314450401560923,0.09622597940015583,0,0,0.4552032917255585,3.963785194484336,4.19636014568337,0.009622597940015583,2.425466671568257,0,0,0,0,KCP109C,/Users/lopezama/PycharmProjects/sci-cluster/review_outputs/rmelts_parity_audit_v2/2026-02-26/kcp109c_phase7_parity_20260225_224621/runs/kcp109c_phase7_parity_liam_exact/runs/20260225_224621/parallel-results/Parallel_MELTS_KCP109C_dP25.0_02-25_11cores.xlsx,liquid,liquid
835,868,50,0,93.28700062101348,2.221928063874109,-1538.876982734132,-1272.731980050978,233.225257576264,123.0247495256089,4.198470784799404,9.58282994201853e-05,1.457188625096863e-05,1.20239374612012e-07,4.860289521939436e-09,-1.950297040310313e-08,,75.99968221889877,0.08790053661365271,12.02562657800158,0.198214347307553,0,0.5205245437264354,0.03323069067101504,0.09647619872230175,0,0,0.4500730902331123,3.950614528706335,4.203395949156197,0.009647619872230173,2.424613698090804,0,0,0,0,KCP109C,/Users/lopezama/PycharmProjects/sci-cluster/review_outputs/rmelts_parity_audit_v2/2026-02-26/kcp109c_phase7_parity_20260225_224621/runs/kcp109c_phase7_parity_liam_exact/runs/20260225_224621/parallel-results/Parallel_MELTS_KCP109C_dP25.0_02-25_11cores.xlsx,liquid,liquid
836,867,50,0,93.04383085635723,2.222035172663811,-1534.576678922127,-1269.515294221399,232.4793971852197,122.6755479458458,4.187324845304533,9.57504511417905e-05,1.45675906635368e-05,1.200327644253978e-07,4.843331305217349e-09,-1.943218039321661e-08,,76.03239087376477,0.08813026468062482,12.0026030859918,0.1989303259450727,0,0.521706821249685,0.03331753908657767,0.09672833928361259,0,0,0.445039543034478,3.9373086204587,4.210420998968386,0.009672833928361258,2.423750753607929,0,0,0,0,KCP109C,/Users/lopezama/PycharmProjects/sci-cluster/review_outputs/rmelts_parity_audit_v2/2026-02-26/kcp109c_phase7_parity_20260225_224621/runs/kcp109c_phase7_parity_liam_exact/runs/20260225_224621/parallel-results/Parallel_MELTS_KCP109C_dP25.0_02-25_11cores.xlsx,liquid,liquid
837,866,50,0,92.80014980514898,2.222142929256949,-1530.269503557941,-1266.291223220046,231.7326781704741,122.3257429740719,4.176155754129639,9.567208954656195e-05,1.456328434224976e-05,1.198243613573467e-07,4.826353594304875e-09,-1.936117850773998e-08,,76.06518830159371,0.08836168350954293,11.97952919918428,0.199651471633254,0,0.5228978923218107,0.03340502669263208,0.09698233555925442,0,0,0.4401026277722668,3.923872268463183,4.217432617719188,0.009698233555925442,2.422878341994946,0,0,0,0,KCP109C,/Users/lopezama/PycharmProjects/sci-cluster/review_outputs/rmelts_parity_audit_v2/2026-02-26/kcp109c_phase7_parity_20260225_224621/runs/kcp109c_phase7_parity_liam_exact/runs/20260225_224621/parallel-results/Parallel_MELTS_KCP109C_dP25.0_02-25_11cores.xlsx,liquid,liquid
838,865,50,0,92.55598600871116,2.222251308289917,-1525.955940650138,-1263.060157487536,230.9851804793761,121.975373635273,4.164964856289612,9.55932195956009e-05,1.455896796218267e-05,1.196142140120873e-07,4.809358476965834e-09,-1.928997451388482e-08,,76.09807534578098,0.08859478296988842,11.95640455829546,0.2003777826110143,0,0.524097677981679,0.03349314965934806,0.09723817643036532,0,0,0.4352608990299314,3.910307898602024,4.22442923132589,0.009723817643036531,2.421996679670365,0,0,0,0,KCP109C,/Users/lopezama/PycharmProjects/sci-cluster/review_outputs/rmelts_parity_audit_v2/2026-02-26/kcp109c_phase7_parity_20260225_224621/runs/kcp109c_phase7_parity_liam_exact/runs/20260225_224621/parallel-results/Parallel_MELTS_KCP109C_dP25.0_02-25_11cores.xlsx,liquid,liquid
839,864,50,0,92.31138400394642,2.222360290388285,-1521.636740888831,-1259.822706829807,230.2370259499837,121.6245013793156,4.153754204626201,9.55138512815478e-05,1.455464235307101e-05,1.194023965487686e-07,4.792349023480884e-09,-1.921858307911242e-08,,76.13105049545847,0.08882953719730063,11.9332304011758,0.2011092254336854,0,0.525306002680692,0.0335818982087356,0.0974958335092324,0,0,0.4305132994824271,3.896618722239458,4.231408921719016,0.00974958335092324,2.421106079544268,0,0,0,0,KCP109C,/Users/lopezama/PycharmProjects/sci-cluster/review_outputs/rmelts_parity_audit_v2/2026-02-26/kcp109c_phase7_parity_20260225_224621/runs/kcp109c_phase7_parity_liam_exact/runs/20260225_224621/parallel-results/Parallel_MELTS_KCP109C_dP25.0_02-25_11cores.xlsx,liquid,liquid
840,863,50,0,92.06637135470284,2.222469848856106,-1517.312371448599,-1256.579248748525,229.4882917749186,121.2731638479907,4.142525101165667,9.54339898715909e-05,1.455030823133357e-05,1.191889573940276e-07,4.775327276447067e-09,-1.914701380110232e-08,,76.16411467823906,0.08906593606733881,11.9100063173062,0.2018457984321911,0,0.5265227874232516,0.03367126851326223,0.09775529568366455,0,0,0.4258583223638103,3.882807250973491,4.238370040249319,0.009775529568366453,2.420206775180039,0,0,0,0,KCP109C,/Users/lopezama/PycharmProjects/sci-cluster/review_outputs/rmelts_parity_audit_v2/2026-02-26/kcp109c_phase7_parity_20260225_224621/runs/kcp109c_phase7_parity_liam_exact/runs/20260225_224621/parallel-results/Parallel_MELTS_KCP109C_dP25.0_02-25_11cores.xlsx,liquid,liquid
841,862,50,0,91.82103888947329,2.222579982911817,-1512.984353492064,-1253.331027280326,228.7392205538809,120.9214872338109,4.131281645449623,9.535365933280387e-05,1.454596678220156e-05,1.189740429715487e-07,4.758299085997089e-09,-1.907529528605022e-08,,76.19725952879776,0.08930390757845888,11.88673816984808,0.2025873751583621,0,0.5277475735186009,0.03376123335283201,0.09801648392757681,0,0,0.4212959890272589,3.86887888294956,4.24530988330643,0.00980164839275768,2.419299324142329,0,0,0,0,KCP109C,/Users/lopezama/PycharmProjects/sci-cluster/review_outputs/rmelts_parity_audit_v2/2026-02-26/kcp109c_phase7_parity_20260225_224621/runs/kcp109c_phase7_parity_liam_exact/runs/20260225_224621/parallel-results/Parallel_MELTS_KCP109C_dP25.0_02-25_11cores.xlsx,liquid,liquid
842,861,50,0,91.57537427784148,2.222690648384618,-1508.652487332797,-1250.077873346911,227.9897844076051,120.5694530993846,4.120023375470427,9.527285320035156e-05,1.454161839664608e-05,1.187576398748767e-07,4.74126404307265e-09,-1.900342505162256e-08,,76.23049186412396,0.08954347892004731,11.86342155488722,0.2033340295289718,0,0.5289805106331141,0.03385180300635935,0.09827942808297875,0,0,0.4168236312070849,3.854834442001013,4.252227566952016,0.009827942808297874,2.418383747848952,0,0,0,0,KCP109C,/Users/lopezama/PycharmProjects/sci-cluster/review_outputs/rmelts_parity_audit_v2/2026-02-26/kcp109c_phase7_parity_20260225_224621/runs/kcp109c_phase7_parity_liam_exact/runs/20260225_224621/parallel-results/Parallel_MELTS_KCP109C_dP25.0_02-25_11cores.xlsx,liquid,liquid
843,860,50,0,91.3294511492874,2.222801837048022,-1504.318006146535,-1246.820795681112,227.2401804398562,120.2171634728728,4.108753629184367,9.519159089801337e-05,1.453726414973426e-05,1.185398688097675e-07,4.724226947989396e-09,-1.893142658377553e-08,,76.26380571031949,0.08978459323173389,11.84006071345732,0.2040856656652965,0,0.530221232953826,0.03394295597785062,0.09854406574214694,0,0,0.412440797166058,3.840678660509227,4.259120670282067,0.009854406574214693,2.417460528120765,0,0,0,0,KCP109C,/Users/lopezama/PycharmProjects/sci-cluster/review_outputs/rmelts_parity_audit_v2/2026-02-26/kcp109c_phase7_parity_20260225_224621/runs/kcp109c_phase7_parity_liam_exact/runs/20260225_224621/parallel-results/Parallel_MELTS_KCP109C_dP25.0_02-25_11cores.xlsx,liquid,liquid
844,859,50,0,91.08331425831207,2.222913528287413,-1499.981660409337,-1243.560407205178,226.4905297038013,119.8646797806441,4.097474467595908,9.510988319238012e-05,1.45329048628789e-05,1.183208052974032e-07,4.707190819085362e-09,-1.88593145916978e-08,,76.29719936612845,0.09002722082878775,11.81665698282427,0.2048422427353922,0,0.5314695412042728,0.03403468104502951,0.09881036432427923,0,0,0.4081461969289172,3.826415004111106,4.265987377759173,0.009881036432427921,2.416529985677893,0,0,0,0,KCP109C,/Users/lopezama/PycharmProjects/sci-cluster/review_outputs/rmelts_parity_audit_v2/2026-02-26/kcp109c_phase7_parity_20260225_224621/runs/kcp109c_phase7_parity_liam_exact/runs/20260225_224621/parallel-results/Parallel_MELTS_KCP109C_dP25.0_02-25_11cores.xlsx,liquid,liquid
845,858,50,0,90.83700962189091,2.223025702616428,-1495.644222173425,-1240.297339058029,225.740956650662,119.5120653834743,4.086188005607796,9.502774211059147e-05,1.452854144490296e-05,1.181005286487732e-07,4.690158791782814e-09,-1.878710433482162e-08,,76.33067068905223,0.09027132999497567,11.7932120223205,0.2056037154638021,0,0.5327252239542343,0.03412696621761275,0.09907828901887572,0,0,0.4039387182361499,3.81204709320656,4.272825641047145,0.00990782890188757,2.415592482586009,0,0,0,0,KCP109C,/Users/lopezama/PycharmProjects/sci-cluster/review_outputs/rmelts_parity_audit_v2/2026-02-26/kcp109c_phase7_parity_20260225_224621/runs/kcp109c_phase7_parity_liam_exact/runs/20260225_224621/parallel-results/Parallel_MELTS_KCP109C_dP25.0_02-25_11cores.xlsx,liquid,liquid
846,857,50,0,90.5905653846789,2.223138331639472,-1491.306163644545,-1237.03197655882,224.9915383672299,119.1593582945385,4.074895569717973,9.494517358745996e-05,1.452417457710318e-05,1.178790886744432e-07,4.673132850239936e-09,-1.871480547177705e-08,,76.36422044740154,0.09051690604905961,11.7697254900065,0.2063700736012785,0,0.5339881736984408,0.03421980594537619,0.09934782371238247,0,0,0.3998165197584845,3.797577741307868,4.27963398554213,0.009934782371238246,2.414648250605691,0,0,0,0,KCP109C,/Users/lopezama/PycharmProjects/sci-cluster/review_outputs/rmelts_parity_audit_v2/2026-02-26/kcp109c_phase7_parity_20260225_224621/runs/kcp109c_phase7_parity_liam_exact/runs/20260225_224621/parallel-results/Parallel_MELTS_KCP109C_dP25.0_02-25_11cores.xlsx,liquid,liquid
847,856,50,0,90.34404223724309,2.22325140179769,-1486.968498608325,-1233.765151148224,224.2424367533993,118.8066421355601,4.063599922356606,9.486219381364536e-05,1.451980520167139e-05,1.17656586466627e-07,4.656116940245318e-09,-1.86424375250802e-08,,76.39784429792913,0.09076390116098312,11.74620048676778,0.2071412396248322,0,0.5352580799054959,0.03431318214622533,0.0996189159083961,0,0,0.3957786774356132,3.78301124049265,4.286410384536319,0.009961891590839609,2.413697702501736,0,0,0,0,KCP109C,/Users/lopezama/PycharmProjects/sci-cluster/review_outputs/rmelts_parity_audit_v2/2026-02-26/kcp109c_phase7_parity_20260225_224621/runs/kcp109c_phase7_parity_liam_exact/runs/20260225_224621/parallel-results/Parallel_MELTS_KCP109C_dP25.0_02-25_11cores.xlsx,liquid,liquid
848,855,50,0,90.09748740611549,2.223364895184513,-1482.632018598315,-1230.497511805398,223.4937790124688,118.4539820750372,4.052303227475329,9.477881648662676e-05,1.45154343169657e-05,1.174331055864171e-07,4.639114287542666e-09,-1.857001624934107e-08,,76.43153947009812,0.09101227992191147,11.72263912027465,0.2079171604018399,0,0.5365347088559905,0.03440708143389336,0.09989152674356135,0,0,0.391824248350867,3.768351468253854,4.293152534854131,0.009989152674356135,2.412741248136824,0,0,0,0,KCP109C,/Users/lopezama/PycharmProjects/sci-cluster/review_outputs/rmelts_parity_audit_v2/2026-02-26/kcp109c_phase7_parity_20260225_224621/runs/kcp109c_phase7_parity_liam_exact/runs/20260225_224621/parallel-results/Parallel_MELTS_KCP109C_dP25.0_02-25_11cores.xlsx,liquid,liquid
849,854,50,0,89.85093510688961,2.223478785285713,-1478.297292733679,-1227.229525767359,222.745656715007,118.101424171113,4.04100707870455,9.469504895703148e-05,1.451106252766441e-05,1.172087035885566e-07,4.622127128462338e-09,-1.849755290623109e-08,,76.46530584538995,0.09126201923194012,11.69904157345855,0.208697809252909,0,0.5378179008935079,0.03450149507548955,0.1001656308643245,0,0,0.3879512398202025,3.753601506805892,4.29985930664188,0.01001656308643245,2.411779109478908,0,0,0,0,KCP109C,/Users/lopezama/PycharmProjects/sci-cluster/review_outputs/rmelts_parity_audit_v2/2026-02-26/kcp109c_phase7_parity_20260225_224621/runs/kcp109c_phase7_parity_liam_exact/runs/20260225_224621/parallel-results/Parallel_MELTS_KCP109C_dP25.0_02-25_11cores.xlsx,liquid,liquid
850,853,50,0,89.60443830630487,2.223593055839181,-1473.965203776717,-1223.961918812387,221.9982106862587,117.7490410985237,4.029713893511341,9.46109057287833e-05,1.450669070761974e-05,1.169834701767542e-07,4.605158902083815e-09,-1.842506467743545e-08,,76.49913994100436,0.09151307620570225,11.67541034341169,0.2094831186438089,0,0.5391073758129178,0.03459640685825328,0.1004411812013805,0,0,0.384158493648299,3.738765394586278,4.306528885915933,0.01004411812013805,2.41081166459124,0,0,0,0,KCP109C,/Users/lopezama/PycharmProjects/sci-cluster/review_outputs/rmelts_parity_audit_v2/2026-02-26/kcp109c_phase7_parity_20260225_224621/runs/kcp109c_phase7_parity_liam_exact/runs/20260225_224621/parallel-results/Parallel_MELTS_KCP109C_dP25.0_02-25_11cores.xlsx,liquid,liquid
851,852,50,0,89.35803796545008,2.223707687660697,-1469.636438611459,-1220.695255508278,221.2515514404134,117.3968894136108,4.018425553920409,9.452639991907024e-05,1.450231989260166e-05,1.167574815229299e-07,4.588212477315859e-09,-1.835256553350651e-08,,76.53303945701755,0.09176541921505497,11.6517472555055,0.2102730426648536,0,0.5404029234550753,0.03469180482520371,0.100718143040914,0,0,0.3804450795721686,3.723846938430058,4.313158788546919,0.0100718143040914,2.4098393334226,0,0,0,0,KCP109C,/Users/lopezama/PycharmProjects/sci-cluster/review_outputs/rmelts_parity_audit_v2/2026-02-26/kcp109c_phase7_parity_20260225_224621/runs/kcp109c_phase7_parity_liam_exact/runs/20260225_224621/parallel-results/Parallel_MELTS_KCP109C_dP25.0_02-25_11cores.xlsx,liquid,liquid
852,851,50,0,89.11177655437409,2.223822659889812,-1465.311703232285,-1217.430117503536,220.5057916903876,117.0450269061156,4.00714401204948,9.444154282332248e-05,1.449795082982843e-05,1.165308104487685e-07,4.571290607259124e-09,-1.828006936778877e-08,,76.56700244074662,0.09201901425274756,11.62805375085153,0.2110675320000069,0,0.5417043178100852,0.03478767611994114,0.1009964790578936,0,0,0.376809445664792,3.708849748582231,4.319747522342531,0.01009964790578936,2.408862424665802,0,0,0,0,KCP109C,/Users/lopezama/PycharmProjects/sci-cluster/review_outputs/rmelts_parity_audit_v2/2026-02-26/kcp109c_phase7_parity_20260225_224621/runs/kcp109c_phase7_parity_liam_exact/runs/20260225_224621/parallel-results/Parallel_MELTS_KCP109C_dP25.0_02-25_11cores.xlsx,liquid,liquid
853,850,50,0,88.86570323879812,2.223937953870284,-1460.991811323903,-1214.16717622967,219.7610604943532,116.6935202643735,3.995871516295971,9.435634681608825e-05,1.449358415625982e-05,1.163035374192398e-07,4.554396334234842e-09,-1.820759185848081e-08,,76.60102608961571,0.09227381948674845,11.60433174767723,0.2118665221357535,0,0.5430112843296078,0.03488400492791709,0.1012761433391141,0,0,0.3732498964492075,3.693777568903784,4.326294086949061,0.01012761433391141,2.407881221851943,0,0,0,0,KCP109C,/Users/lopezama/PycharmProjects/sci-cluster/review_outputs/rmelts_parity_audit_v2/2026-02-26/kcp109c_phase7_parity_20260225_224621/runs/kcp109c_phase7_parity_liam_exact/runs/20260225_224621/parallel-results/Parallel_MELTS_KCP109C_dP25.0_02-25_11cores.xlsx,liquid,liquid
854,849,50,0,88.28744407221801,2.224182380001843,-1451.126575089471,-1206.279542140393,218.1945666346546,115.9098974201617,3.96943366092779,9.429687500398324e-05,1.44865123010252e-05,1.156066179717986e-07,4.519423116659438e-09,-1.807761649770909e-08,,76.61159009618652,0.09287818975637836,11.59081832275092,0.2135101764026122,0,0.5463375360769809,0.03511248637131377,0.1019394765618787,0,0,0.368354639561961,3.67787529414909,4.345195462413363,0.01019394765618787,2.406194372112794,0,0,0,0,KCP109C,/Users/lopezama/PycharmProjects/sci-cluster/review_outputs/rmelts_parity_audit_v2/2026-02-26/kcp109c_phase7_parity_20260225_224621/runs/kcp109c_phase7_parity_liam_exact/runs/20260225_224621/parallel-results/Parallel_MELTS_KCP109C_dP25.0_02-25_11cores.xlsx,liquid,liquid
855,848,50,0,87.06604240457317,2.224681089721254,-1430.529753783053,-1189.440317684735,215.0376275238085,114.2895078745179,3.913641501554827,9.428585620212456e-05,1.447410727134065e-05,1.139994341362985e-07,4.449484001703538e-09,-1.783541890772034e-08,,76.57699889568616,0.09418113055275844,11.59677933190165,0.2168404605913107,0,0.5537003374473649,0.03560506155043307,0.1033695335335154,0,0,0.3610229021051566,3.659910597583237,4.388153165583396,0.01033695335335153,2.403101630111646,0,0,0,0,KCP109C,/Users/lopezama/PycharmProjects/sci-cluster/review_outputs/rmelts_parity_audit_v2/2026-02-26/kcp109c_phase7_parity_20260225_224621/runs/kcp109c_phase7_parity_liam_exact/runs/20260225_224621/parallel-results/Parallel_MELTS_KCP109C_dP25.0_02-25_11cores.xlsx,liquid,liquid
856,847,50,0,85.82989368886257,2.225192849971157,-1409.69821718733,-1172.398366428358,211.846494450718,112.6499865442633,3.857188993303439,9.42731922709578e-05,1.446145057875135e-05,1.123681724202535e-07,4.378849489169963e-09,-1.758929531733287e-08,,76.54190468882112,0.09553756018408399,11.60268169517429,0.2203016523610773,0,0.5613706260129259,0.03611785811837322,0.104858297763019,0,0,0.3540329398451234,3.641061971656564,4.431737051885081,0.0104858297763019,2.399909828402055,0,0,0,0,KCP109C,/Users/lopezama/PycharmProjects/sci-cluster/review_outputs/rmelts_parity_audit_v2/2026-02-26/kcp109c_phase7_parity_20260225_224621/runs/kcp109c_phase7_parity_liam_exact/runs/20260225_224621/parallel-results/Parallel_MELTS_KCP109C_dP25.0_02-25_11cores.xlsx,liquid,liquid
857,846,50,0,84.5777580392114,2.225718212499399,-1388.611882241731,-1155.136767228681,208.6182504695972,110.9897308954136,3.800020935454973,9.425891916374962e-05,1.44485427204134e-05,1.107114087317235e-07,4.307466815384843e-09,-1.733901203668713e-08,,76.50627818332329,0.09695195469963568,11.60851923361053,0.2239044116395272,0,0.56937439804689,0.03665256824010617,0.106410681987405,0,0,0.3473854630721095,3.621327452285789,4.475935760736891,0.0106410681987405,2.39661882415908,0,0,0,0,KCP109C,/Users/lopezama/PycharmProjects/sci-cluster/review_outputs/rmelts_parity_audit_v2/2026-02-26/kcp109c_phase7_parity_20260225_224621/runs/kcp109c_phase7_parity_liam_exact/runs/20260225_224621/parallel-results/Parallel_MELTS_KCP109C_dP25.0_02-25_11cores.xlsx,liquid,liquid
858,845,50,0,83.30807813734833,2.22625783256898,-1367.245455169354,-1137.634239036877,205.3492072910408,109.3067243812697,3.742067828739107,9.42430843362535e-05,1.443538422519522e-05,1.090273120068113e-07,4.2352676967272e-09,-1.708427212070824e-08,,76.47008235320996,0.09842958193322611,11.61428600584177,0.2276612521212792,0,0.577742277106667,0.03721118341378059,0.1080324679754921,0,0,0.3410810319258,3.600705172964045,4.520736938129501,0.0108032467975492,2.393228488580911,0,0,0,0,KCP109C,/Users/lopezama/PycharmProjects/sci-cluster/review_outputs/rmelts_parity_audit_v2/2026-02-26/kcp109c_phase7_parity_20260225_224621/runs/kcp109c_phase7_parity_liam_exact/runs/20260225_224621/parallel-results/Parallel_MELTS_KCP109C_dP25.0_02-25_11cores.xlsx,liquid,liquid
859,844,50,0,82.01901907759796,2.226812466686494,-1345.569111318578,-1119.865703352019,202.0350069073612,107.5985889283459,3.683247705166776,9.422574344527211e-05,1.442197630809921e-05,1.073137056676089e-07,4.162170770406409e-09,-1.682472135975319e-08,,76.43327548943634,0.09997656319400612,11.61997470202367,0.2315866783585123,0,0.5865098811698076,0.03779601779285597,0.1097303742373238,0,0,0.3351211684216523,3.579193261082469,4.566123940009984,0.01097303742373238,2.389738886849647,0,0,0,0,KCP109C,/Users/lopezama/PycharmProjects/sci-cluster/review_outputs/rmelts_parity_audit_v2/2026-02-26/kcp109c_phase7_parity_20260225_224621/runs/kcp109c_phase7_parity_liam_exact/runs/20260225_224621/parallel-results/Parallel_MELTS_KCP109C_dP25.0_02-25_11cores.xlsx,liquid,liquid
860,843,50,0,80.70836995963683,2.227383007097994,-1323.546877661787,-1101.80093129133,198.6703815530678,105.8624563369185,3.623461690353377,9.420696271238741e-05,1.440832077098316e-05,1.055679378918441e-07,4.088076680338848e-09,-1.655992822470222e-08,,76.39580886890472,0.1016001189667091,11.62557664652854,0.2356977562167493,0,0.5957192628462551,0.03840980107278027,0.1115123256951685,0,0,0.3295084511257816,3.556789462588311,4.612075837560935,0.01115123256951685,2.386150235924546,0,0,0,0,KCP109C,/Users/lopezama/PycharmProjects/sci-cluster/review_outputs/rmelts_parity_audit_v2/2026-02-26/kcp109c_phase7_parity_20260225_224621/runs/kcp109c_phase7_parity_liam_exact/runs/20260225_224621/parallel-results/Parallel_MELTS_KCP109C_dP25.0_02-25_11cores.xlsx,liquid,liquid
861,842,50,0,79.37345208625707,2.227970517100374,-1301.135132316012,-1083.403286781067,195.2489311168414,104.0948483759579,3.562589876169406,9.418681997454395e-05,1.439442014435983e-05,1.037867639282901e-07,4.012863651879221e-09,-1.628936438022806e-08,,76.357625559824,0.1033088535751583,11.63108110076576,0.2400147699346287,0,0.605420581452667,0.03905578610768178,0.1133877661190761,0,0,0.3242470387183445,3.533490605498187,4.658566235625464,0.01133877661190761,2.382462925767096,0,0,0,0,KCP109C,/Users/lopezama/PycharmProjects/sci-cluster/review_outputs/rmelts_parity_audit_v2/2026-02-26/kcp109c_phase7_parity_20260225_224621/runs/kcp109c_phase7_parity_liam_exact/runs/20260225_224621/parallel-results/Parallel_MELTS_KCP109C_dP25.0_02-25_11cores.xlsx,liquid,liquid
862,841,50,0,78.01090302449838,2.228576314264053,-1278.27903972072,-1064.626743701312,191.7625957181777,102.2913948390105,3.500481564180137,9.416541503995823e-05,1.438027675567579e-05,1.01966053794411e-07,3.936376458582109e-09,-1.601236315676521e-08,,76.31865124237008,0.1051132646250407,11.63647724755234,0.2445624200777151,0,0.6156750755603675,0.03973794150458856,0.1153682172713861,0,0,0.3193414862927271,3.50929222391553,4.705566818330135,0.01153682172713861,2.378677240772921,0,0,0,0,KCP109C,/Users/lopezama/PycharmProjects/sci-cluster/review_outputs/rmelts_parity_audit_v2/2026-02-26/kcp109c_phase7_parity_20260225_224621/runs/kcp109c_phase7_parity_liam_exact/runs/20260225_224621/parallel-results/Parallel_MELTS_KCP109C_dP25.0_02-25_11cores.xlsx,liquid,liquid
863,840,50,0,76.61670730120139,2.229201967800577,-1254.913123252665,-1045.416356893206,188.2017395314731,100.446874089463,3.436956740927095,9.414285727544386e-05,1.43658951186679e-05,1.001008633797466e-07,3.858429204787625e-09,-1.572811857742227e-08,,76.2788052571936,0.107026017429708,11.64174808228746,0.2493704177582156,0,0.6265567102158368,0.04046105536976764,0.117467580105777,0,0,0.3148009415535676,3.484187754811727,4.753035421599219,0.0117467580105777,2.374794003664546,0,0,0,0,KCP109C,/Users/lopezama/PycharmProjects/sci-cluster/review_outputs/rmelts_parity_audit_v2/2026-02-26/kcp109c_phase7_parity_20260225_224621/runs/kcp109c_phase7_parity_liam_exact/runs/20260225_224621/parallel-results/Parallel_MELTS_KCP109C_dP25.0_02-25_11cores.xlsx,liquid,liquid
864,839,50,0,75.18577767131185,2.229849465352035,-1230.954339871955,-1025.702467930663,184.5541266387555,98.55466613692809,3.371787147050395,9.411928811032142e-05,1.43512796437245e-05,9.818486156884647e-08,3.778783710259628e-09,-1.54356063309796e-08,,76.23798059624717,0.1090629327297458,11.64687514262197,0.2544758133473415,0,0.6381579347050432,0.04123110871490387,0.1197032188497209,0,0,0.3106359159682219,3.458167775907449,4.800925341591417,0.01197032188497209,2.370813897432018,0,0,0,0,KCP109C,/Users/lopezama/PycharmProjects/sci-cluster/review_outputs/rmelts_parity_audit_v2/2026-02-26/kcp109c_phase7_parity_20260225_224621/runs/kcp109c_phase7_parity_liam_exact/runs/20260225_224621/parallel-results/Parallel_MELTS_KCP109C_dP25.0_02-25_11cores.xlsx,liquid,liquid
865,838,50,0,73.71172991586428,2.230521305015143,-1206.298445765263,-1005.397655656606,180.8043829443882,96.60646002461533,3.304686207216651,9.409488277317716e-05,1.433643694820483e-05,9.621006949895047e-08,3.697139673587531e-09,-1.513353302870808e-08,,76.19604578222383,0.1112439198806501,11.65183416735102,0.2599251218714708,0,0.6505951896914948,0.04205562824756283,0.1220969852348598,0,0,0.3068622133112025,3.431220024701369,4.84917314461905,0.01220969852348598,2.366738124344,0,0,0,0,KCP109C,/Users/lopezama/PycharmProjects/sci-cluster/review_outputs/rmelts_parity_audit_v2/2026-02-26/kcp109c_phase7_parity_20260225_224621/runs/kcp109c_phase7_parity_liam_exact/runs/20260225_224621/parallel-results/Parallel_MELTS_KCP109C_dP25.0_02-25_11cores.xlsx,liquid,liquid
866,837,50,0,72.18652170087877,2.231220682889194,-1180.814068585553,-984.3917650338996,176.9331203455866,94.59178194004488,3.235292781859878,9.406986280062726e-05,1.432137494929278e-05,9.416638068269111e-08,3.613116816588963e-09,-1.482026352593321e-08,,76.15283220771275,0.1135943656967872,11.65659438907125,0.2657775510546993,0,0.6640170450150343,0.04294421142195612,0.1246767428379371,0,0,0.3035000693676641,3.40332718491105,4.897700513053026,0.01246767428379371,2.36256804557404,0,0,0,0,KCP109C,/Users/lopezama/PycharmProjects/sci-cluster/review_outputs/rmelts_parity_audit_v2/2026-02-26/kcp109c_phase7_parity_20260225_224621/runs/kcp109c_phase7_parity_liam_exact/runs/20260225_224621/parallel-results/Parallel_MELTS_KCP109C_dP25.0_02-25_11cores.xlsx,liquid,liquid
867,836,50,0,70.59982177968459,2.23195175715727,-1154.332415907742,-962.5432835332765,172.9154148442187,92.4971743745366,3.16314282122317,9.404451978242467e-05,1.430610539327252e-05,9.20407777320547e-08,3.526225246843177e-09,-1.449369028957976e-08,,76.10812208923352,0.1161473543052314,11.66111552958315,0.2721101037302986,0,0.6786172581100626,0.04390936565197771,0.1274788035057417,0,0,0.3005780494003172,3.374467838662799,4.946399784065695,0.01274788035057417,2.358305943400635,0,0,0,0,KCP109C,/Users/lopezama/PycharmProjects/sci-cluster/review_outputs/rmelts_parity_audit_v2/2026-02-26/kcp109c_phase7_parity_20260225_224621/runs/kcp109c_phase7_parity_liam_exact/runs/20260225_224621/parallel-results/Parallel_MELTS_KCP109C_dP25.0_02-25_11cores.xlsx,liquid,liquid
868,835,50,0,68.9383327622026,2.232720018530321,-1126.636202704343,-939.6700517366696,168.7191724655265,90.30531337522005,3.087638942189491,9.40192453265882e-05,1.42906445699908e-05,8.981646477342694e-08,3.435833049323249e-09,-1.415109558114816e-08,,76.0616272321726,0.1189466376201432,11.66534470300663,0.2790244381433614,0,0.6946522186912003,0.04496763129541999,0.1305511876318645,0,0,0.2981338997476483,3.344615310002708,4.995126475592086,0.01305511876318645,2.353955147333139,0,0,0,0,KCP109C,/Users/lopezama/PycharmProjects/sci-cluster/review_outputs/rmelts_parity_audit_v2/2026-02-26/kcp109c_phase7_parity_20260225_224621/runs/kcp109c_phase7_parity_liam_exact/runs/20260225_224621/parallel-results/Parallel_MELTS_KCP109C_dP25.0_02-25_11cores.xlsx,liquid,liquid
869,834,50,0,67.18459304921832,2.233532871881473,-1097.440096879156,-915.532872177406,164.3022397161629,87.99344887963431,3.007996609095064,9.399458492034653e-05,1.42750179433838e-05,8.747137243811166e-08,3.341109877590714e-09,-1.378890498211448e-08,,76.0129605882048,0.1220515431341481,11.6692098402302,0.2866581385137148,0,0.712469828267235,0.04614143703851941,0.1339590107569918,0,0,0.2962205431637527,3.313739371279728,5.043672385773925,0.01339590107569918,2.349521412561274,0,0,0,0,KCP109C,/Users/lopezama/PycharmProjects/sci-cluster/review_outputs/rmelts_parity_audit_v2/2026-02-26/kcp109c_phase7_parity_20260225_224621/runs/kcp109c_phase7_parity_liam_exact/runs/20260225_224621/parallel-results/Parallel_MELTS_KCP109C_dP25.0_02-25_11cores.xlsx,liquid,liquid
870,833,50,0,65.31576563500224,2.234400441772407,-1066.370962266578,-889.8189180361275,159.609496207974,85.53182953159377,2.92318979238974,9.397132102367211e-05,1.425926437842865e-05,8.497664139579699e-08,3.240970330276713e-09,-1.340244340598681e-08,,75.96158967686192,0.1255437113317923,11.67261322953663,0.2952002160507652,0,0.7325491200155717,0.04746164696689709,0.1377918782909916,0,0,0.294908306442323,3.281810245232518,5.091738596407164,0.01377918782909916,2.345014185034351,0,0,0,0,KCP109C,/Users/lopezama/PycharmProjects/sci-cluster/review_outputs/rmelts_parity_audit_v2/2026-02-26/kcp109c_phase7_parity_20260225_224621/runs/kcp109c_phase7_parity_liam_exact/runs/20260225_224621/parallel-results/Parallel_MELTS_KCP109C_dP25.0_02-25_11cores.xlsx,liquid,liquid
871,832,50,0,63.30168537732343,2.235336852629213,-1032.936032634768,-862.1150246576636,154.5681653866939,82.88116383078858,2.831863363361442,9.395061203585729e-05,1.424344695899329e-05,8.229421468419115e-08,3.133983451133691e-09,-1.298553848715064e-08,,75.90676940142382,0.1295381622637735,11.67541790307036,0.3049164548739746,0,0.7555654404138479,0.04897174427045096,0.1421760317529221,0,0,0.294293450775335,3.248808095626716,5.13887573917502,0.01421760317529221,2.340449973178501,0,0,0,0,KCP109C,/Users/lopezama/PycharmProjects/sci-cluster/review_outputs/rmelts_parity_audit_v2/2026-02-26/kcp109c_phase7_parity_20260225_224621/runs/kcp109c_phase7_parity_liam_exact/runs/20260225_224621/parallel-results/Parallel_MELTS_KCP109C_dP25.0_02-25_11cores.xlsx,liquid,liquid
872,831,50,0,61.10310047272371,2.23636201618194,-996.4943704603464,-831.8836704693807,149.0836389901424,79.99034256571021,2.732254439602888,9.393422074712282e-05,1.422767019977164e-05,7.937474367701771e-08,3.018294696600818e-09,-1.253017284383362e-08,,75.84744179989772,0.1341991533329884,11.67743073952218,0.3161856380647039,0,0.7824839347987765,0.05073382626003219,0.147291753658158,0,0,0.2945048339577185,3.21474741807368,5.184393752513919,0.01472917536581579,2.335857974554296,0,0,0,0,KCP109C,/Users/lopezama/PycharmProjects/sci-cluster/review_outputs/rmelts_parity_audit_v2/2026-02-26/kcp109c_phase7_parity_20260225_224621/runs/kcp109c_phase7_parity_liam_exact/runs/20260225_224621/parallel-results/Parallel_MELTS_KCP109C_dP25.0_02-25_11cores.xlsx,liquid,liquid
873,830,50,0,57.8380875287704,2.237132662482703,-942.8586449263819,-787.3197693539762,140.995218757563,75.70441034217275,2.585366907324281,9.386845420413012e-05,1.420804204258397e-05,7.5030960528821e-08,2.849116204120038e-09,-1.18509706379529e-08,,75.80114637663361,0.138990122019477,11.68735205981925,0.3185488543592611,0,0.7869155058200694,0.05359780016342104,0.1549576223420535,0,0,0.2963750883564344,3.170763155839603,5.245896611298304,0.01556065166034804,2.329896151688183,0,0,0,0,KCP109C,/Users/lopezama/PycharmProjects/sci-cluster/review_outputs/rmelts_parity_audit_v2/2026-02-26/kcp109c_phase7_parity_20260225_224621/runs/kcp109c_phase7_parity_liam_exact/runs/20260225_224621/parallel-results/Parallel_MELTS_KCP109C_dP25.0_02-25_11cores.xlsx,liquid,liquid
874,829,50,0,52.60151547794105,2.237723005773022,-857.281514634803,-716.0919599635514,128.103755996236,68.84159430844788,2.350671434410616,9.374553704244853e-05,1.418363549986444e-05,6.80918033960603e-08,2.582263319369977e-09,-1.076084361063395e-08,,75.76324316377891,0.145540789056845,11.70780778233703,0.311161018718325,0,0.7670177361386714,0.05893355820820528,0.1686358976368641,0,0,0.3022321573114476,3.111544928285631,5.324625626707243,0.01710974270560798,2.322147599115215,0,0,0,0,KCP109C,/Users/lopezama/PycharmProjects/sci-cluster/review_outputs/rmelts_parity_audit_v2/2026-02-26/kcp109c_phase7_parity_20260225_224621/runs/kcp109c_phase7_parity_liam_exact/runs/20260225_224621/parallel-results/Parallel_MELTS_KCP109C_dP25.0_02-25_11cores.xlsx,liquid,liquid
875,828,50,0,43.17055487450129,2.2387014930978,-703.4389790123554,-587.7816028668356,105.0332617223084,56.50461318658557,1.928374774734442,9.363229592889426e-05,1.416015322996943e-05,5.576370910073479e-08,2.111880419888322e-09,-8.808634368097125e-09,,75.69891402701349,0.1609601357012252,11.73970173481061,0.3021692353197473,0,0.7440342053461142,0.0718080800771157,0.2013769542372883,0,0,0.3149909058666414,3.041379665899977,5.38940310078588,0.02084750711916262,2.314414447822754,0,0,0,0,KCP109C,/Users/lopezama/PycharmProjects/sci-cluster/review_outputs/rmelts_parity_audit_v2/2026-02-26/kcp109c_phase7_parity_20260225_224621/runs/kcp109c_phase7_parity_liam_exact/runs/20260225_224621/parallel-results/Parallel_MELTS_KCP109C_dP25.0_02-25_11cores.xlsx,liquid,liquid
876,827,50,0,32.20477026307784,2.240102346852076,-524.7077902644277,-438.5734346067059,78.29328333201995,42.17285435646842,1.437647271265703,9.359353494645365e-05,1.414564462826017e-05,4.156390402879761e-08,1.571559699754946e-09,-6.551530421970892e-09,,75.59936997222943,0.1852889306262212,11.78722178674327,0.2929392184048052,0,0.7216293083723017,0.09625886843885126,0.2617395205717302,0,0,0.3277143949076053,2.979212749304906,5.410967799893594,0.02794612309515036,2.309711327412143,0,0,0,0,KCP109C,/Users/lopezama/PycharmProjects/sci-cluster/review_outputs/rmelts_parity_audit_v2/2026-02-26/kcp109c_phase7_parity_20260225_224621/runs/kcp109c_phase7_parity_liam_exact/runs/20260225_224621/parallel-results/Parallel_MELTS_KCP109C_dP25.0_02-25_11cores.xlsx,liquid,liquid
877,826,50,0,23.44745330811839,2.24163650329086,-381.9697337180802,-319.3666103546129,56.95594173995117,30.71749474073538,1.045997121910537,9.355892318400193e-05,1.413517978756641e-05,3.023998684136255e-08,1.141537828219973e-09,-4.752986378347465e-09,,75.47173985557474,0.2156869154898007,11.87114763945407,0.283226447186365,0,0.6985956996563626,0.1322103002352554,0.3000921543362862,0,0,0.3409337599418528,2.907062250667575,5.435594140808795,0.03838363555217091,2.305327201096734,0,0,0,0,KCP109C,/Users/lopezama/PycharmProjects/sci-cluster/review_outputs/rmelts_parity_audit_v2/2026-02-26/kcp109c_phase7_parity_20260225_224621/runs/kcp109c_phase7_parity_liam_exact/runs/20260225_224621/parallel-results/Parallel_MELTS_KCP109C_dP25.0_02-25_11cores.xlsx,liquid,liquid
878,825,50,0,16.79327645487022,2.243340206197348,-273.5077159141049,-228.7530839938317,40.75457079658808,22.0058811396045,0.7485835812364924,9.352521065983407e-05,1.413043421593281e-05,2.164672961276798e-08,8.158166903320867e-10,-3.389253753062393e-09,,75.30482680166821,0.2522075437117997,12.0086213479794,0.2730994706588506,0,0.6752856583008143,0.1845973877885055,0.3048247078537732,0,0,0.3557344040236586,2.819350826582466,5.466474447746296,0.05359279000311449,2.301384613683115,0,0,0,0,KCP109C,/Users/lopezama/PycharmProjects/sci-cluster/review_outputs/rmelts_parity_audit_v2/2026-02-26/kcp109c_phase7_parity_20260225_224621/runs/kcp109c_phase7_parity_liam_exact/runs/20260225_224621/parallel-results/Parallel_MELTS_KCP109C_dP25.0_02-25_11cores.xlsx,liquid,liquid
879,824,50,0,12.98562391721808,2.245015987653594,-211.4432921231544,-176.8980323537156,31.48635990469748,17.02127334855873,0.578420108748988,9.351037134174237e-05,1.412922004121198e-05,1.673992863219068e-08,6.298075670138784e-10,-2.610459791402271e-09,,75.13594511449885,0.2806856202269843,12.15065253579552,0.2650629272131625,0,0.6571950007503644,0.2387251538937654,0.3083251203691669,0,0,0.3688515404905977,2.737712511490152,5.488693545532543,0.06930730274335124,2.298843626995547,0,0,0,0,KCP109C,/Users/lopezama/PycharmProjects/sci-cluster/review_outputs/rmelts_parity_audit_v2/2026-02-26/kcp109c_phase7_parity_20260225_224621/runs/kcp109c_phase7_parity_liam_exact/runs/20260225_224621/parallel-results/Parallel_MELTS_KCP109C_dP25.0_02-25_11cores.xlsx,liquid,liquid
880,823,50,0,10.58514691001114,2.246642365444809,-172.3152211507025,-144.2052114948161,25.64430931522726,13.87897672610742,0.4711540685255173,9.350748654577306e-05,1.413017670148105e-05,1.365211885854999e-08,5.127239654428609e-10,-2.120307303919618e-09,,74.96908484834358,0.3031665181566652,12.29292692755926,0.2584550789907721,0,0.6425793937258051,0.2928627425837269,0.3109505315672532,0,0,0.381031692732393,2.661400675565309,5.50526447096793,0.08502466720172716,2.297252452605566,0,0,0,0,KCP109C,/Users/lopezama/PycharmProjects/sci-cluster/review_outputs/rmelts_parity_audit_v2/2026-02-26/kcp109c_phase7_parity_20260225_224621/runs/kcp109c_phase7_parity_liam_exact/runs/20260225_224621/parallel-results/Parallel_MELTS_KCP109C_dP25.0_02-25_11cores.xlsx,liquid,liquid
881,822,50,0,8.956150619084108,2.248211783787032,-145.7619443167251,-122.0188858247647,21.68018855130379,11.74667819101886,0.3983677464761702,9.351316494871014e-05,1.413254965109387e-05,1.156020522147468e-08,4.333723598445747e-10,-1.788185862166156e-09,,74.8060859620628,0.3212920068351018,12.43316531645615,0.2528475523942634,0,0.6303317906554444,0.346130314415159,0.3129538425767459,0,0,0.39259109816875,2.589981262555358,5.517785987187291,0.10048944612053,2.296345420572398,0,0,0,0,KCP109C,/Users/lopezama/PycharmProjects/sci-cluster/review_outputs/rmelts_parity_audit_v2/2026-02-26/kcp109c_phase7_parity_20260225_224621/runs/kcp109c_phase7_parity_liam_exact/runs/20260225_224621/parallel-results/Parallel_MELTS_KCP109C_dP25.0_02-25_11cores.xlsx,liquid,liquid
