Index,T_C,P_MPa,deltaQFM,Mass_g,Density_g_cm3,G_kJ,H_kJ,S_J_per_K,Cp_J_per_K,V_cm3,alpha_1_per_K,beta_1_per_bar,d2V/dT2,d2V/dP2,d2V/dTdP,Outcome,SiO2_wt_pct,TiO2_wt_pct,Al2O3_wt_pct,Fe2O3_wt_pct,Cr2O3_wt_pct,FeO_wt_pct,MnO_wt_pct,MgO_wt_pct,NiO_wt_pct,CoO_wt_pct,CaO_wt_pct,Na2O_wt_pct,K2O_wt_pct,P2O5_wt_pct,H2O_wt_pct,CO2_wt_pct,SO3_wt_pct,Cl2O-1_wt_pct,F2O-1_wt_pct,sample_label,source_excel,phase,phase_sheet_name
23,754,400,0,0.05181923434719619,2.547787143997305,-0.8421388098212238,-0.7375187813919998,0.1018546740293277,0.06002949153670499,0.002033891821351109,0,1.238449047884392e-06,0,2.897148525488466e-15,0,Success,100.0,0,0,0,0,0,0,0,0,0,0,0,0,0,0,0,0,0,0,KCP109C,/Users/lopezama/PycharmProjects/sci-cluster/review_outputs/rmelts_parity_audit_v2/2026-02-26/kcp109c_phase7_parity_20260225_224621/runs/kcp109c_phase7_parity_liam_exact/runs/20260225_224621/parallel-results/Parallel_MELTS_KCP109C_dP25.0_02-25_11cores.xlsx,quartz,quartz
24,753,400,0,0.3008175917316996,2.547787143997305,-4.888137406510419,-4.281743704744639,0.5909406049464296,0.3484347737984832,0.01180701427277544,0,1.238449047884392e-06,0,1.681833499289517e-14,0,Success,100.0,0,0,0,0,0,0,0,0,0,0,0,0,0,0,0,0,0,0,KCP109C,/Users/lopezama/PycharmProjects/sci-cluster/review_outputs/rmelts_parity_audit_v2/2026-02-26/kcp109c_phase7_parity_20260225_224621/runs/kcp109c_phase7_parity_liam_exact/runs/20260225_224621/parallel-results/Parallel_MELTS_KCP109C_dP25.0_02-25_11cores.xlsx,quartz,quartz
25,752,400,0,0.5486912947785785,2.547787143997305,-8.914885184779541,-7.81053612805194,1.07725606665132,0.6354637644484732,0.02153599432634389,0,1.238449047884392e-06,0,3.067664344411773e-14,0,Success,100.0,0,0,0,0,0,0,0,0,0,0,0,0,0,0,0,0,0,0,KCP109C,/Users/lopezama/PycharmProjects/sci-cluster/review_outputs/rmelts_parity_audit_v2/2026-02-26/kcp109c_phase7_parity_20260225_224621/runs/kcp109c_phase7_parity_liam_exact/runs/20260225_224621/parallel-results/Parallel_MELTS_KCP109C_dP25.0_02-25_11cores.xlsx,quartz,quartz
26,751,400,0,0.7954539586544921,2.547787143997305,-12.92261079711875,-11.32408585881539,1.560830872727001,0.9211324892189111,0.03122136637389883,0,1.238449047884392e-06,0,4.44728350860807e-14,0,Success,100.0,0,0,0,0,0,0,0,0,0,0,0,0,0,0,0,0,0,0,KCP109C,/Users/lopezama/PycharmProjects/sci-cluster/review_outputs/rmelts_parity_audit_v2/2026-02-26/kcp109c_phase7_parity_20260225_224621/runs/kcp109c_phase7_parity_liam_exact/runs/20260225_224621/parallel-results/Parallel_MELTS_KCP109C_dP25.0_02-25_11cores.xlsx,quartz,quartz
27,750,400,0,1.041118922069537,2.547787143997305,-16.9115382918566,-14.82257883232115,2.041694237927433,1.205456646789117,0.04086365395643263,0,1.238449047884392e-06,0,5.820765566936832e-14,0,Success,100.0,0,0,0,0,0,0,0,0,0,0,0,0,0,0,0,0,0,0,KCP109C,/Users/lopezama/PycharmProjects/sci-cluster/review_outputs/rmelts_parity_audit_v2/2026-02-26/kcp109c_phase7_parity_20260225_224621/runs/kcp109c_phase7_parity_liam_exact/runs/20260225_224621/parallel-results/Parallel_MELTS_KCP109C_dP25.0_02-25_11cores.xlsx,quartz,quartz
28,749,400,0,1.285699467044038,2.547787143997305,-20.88189068539226,-18.30620023913163,2.519875210351351,1.488451863377271,0.05046337838987848,0,1.238449047884392e-06,0,7.188184777511065e-14,0,Success,100.0,0,0,0,0,0,0,0,0,0,0,0,0,0,0,0,0,0,0,KCP109C,/Users/lopezama/PycharmProjects/sci-cluster/review_outputs/rmelts_parity_audit_v2/2026-02-26/kcp109c_phase7_parity_20260225_224621/runs/kcp109c_phase7_parity_liam_exact/runs/20260225_224621/parallel-results/Parallel_MELTS_KCP109C_dP25.0_02-25_11cores.xlsx,quartz,quartz
29,748,400,0,1.529208875370899,2.547787143997305,-24.83389087982469,-21.77513532873409,2.995402782246096,1.770133758103429,0.0600210609812433,0,1.238449047884392e-06,0,8.54961539717229e-14,0,Success,100.0,0,0,0,0,0,0,0,0,0,0,0,0,0,0,0,0,0,0,KCP109C,/Users/lopezama/PycharmProjects/sci-cluster/review_outputs/rmelts_parity_audit_v2/2026-02-26/kcp109c_phase7_parity_20260225_224621/runs/kcp109c_phase7_parity_liam_exact/runs/20260225_224621/parallel-results/Parallel_MELTS_KCP109C_dP25.0_02-25_11cores.xlsx,quartz,quartz
30,747,400,0,1.771660277294036,2.547787143997305,-28.76775920597656,-25.22956725460658,3.46830559365777,2.050517767812957,0.06953721708927463,0,1.238449047884392e-06,0,9.905130835470603e-14,0,Success,100.0,0,0,0,0,0,0,0,0,0,0,0,0,0,0,0,0,0,0,KCP109C,/Users/lopezama/PycharmProjects/sci-cluster/review_outputs/rmelts_parity_audit_v2/2026-02-26/kcp109c_phase7_parity_20260225_224621/runs/kcp109c_phase7_parity_liam_exact/runs/20260225_224621/parallel-results/Parallel_MELTS_KCP109C_dP25.0_02-25_11cores.xlsx,quartz,quartz
31,746,400,0,2.013066794370014,2.547787143997305,-32.68371574448994,-28.6696791079291,3.938612212687864,2.329619312479164,0.07901236173174375,0,1.238449047884392e-06,0,1.125480445338622e-13,0,Success,100.0,0,0,0,0,0,0,0,0,0,0,0,0,0,0,0,0,0,0,KCP109C,/Users/lopezama/PycharmProjects/sci-cluster/review_outputs/rmelts_parity_audit_v2/2026-02-26/kcp109c_phase7_parity_20260225_224621/runs/kcp109c_phase7_parity_liam_exact/runs/20260225_224621/parallel-results/Parallel_MELTS_KCP109C_dP25.0_02-25_11cores.xlsx,quartz,quartz
32,745,400,0,2.253441342948205,2.547787143997305,-36.58197713578275,-32.09565111849356,4.406350751155704,2.607453567779721,0.08844700187209156,0,1.238449047884392e-06,0,1.259870846461162e-13,0,Success,100.0,0,0,0,0,0,0,0,0,0,0,0,0,0,0,0,0,0,0,KCP109C,/Users/lopezama/PycharmProjects/sci-cluster/review_outputs/rmelts_parity_audit_v2/2026-02-26/kcp109c_phase7_parity_20260225_224621/runs/kcp109c_phase7_parity_liam_exact/runs/20260225_224621/parallel-results/Parallel_MELTS_KCP109C_dP25.0_02-25_11cores.xlsx,quartz,quartz
33,744,400,0,2.492797341411438,2.547787143997305,-40.46276806203522,-35.50767072751029,4.871550247775584,2.88403628345428,0.09784166417844498,0,1.238449047884392e-06,0,1.393691788964551e-13,0,Success,100.0,0,0,0,0,0,0,0,0,0,0,0,0,0,0,0,0,0,0,KCP109C,/Users/lopezama/PycharmProjects/sci-cluster/review_outputs/rmelts_parity_audit_v2/2026-02-26/kcp109c_phase7_parity_20260225_224621/runs/kcp109c_phase7_parity_liam_exact/runs/20260225_224621/parallel-results/Parallel_MELTS_KCP109C_dP25.0_02-25_11cores.xlsx,quartz,quartz
34,743,400,0,2.887210460586222,2.547787143997305,-46.85919074768584,-41.12907332200869,5.639046819541561,3.339915498916006,0.1133222791938727,0,1.238449047884392e-06,0,1.614203226666324e-13,0,Success,100.0,0,0,0,0,0,0,0,0,0,0,0,0,0,0,0,0,0,0,KCP109C,/Users/lopezama/PycharmProjects/sci-cluster/review_outputs/rmelts_parity_audit_v2/2026-02-26/kcp109c_phase7_parity_20260225_224621/runs/kcp109c_phase7_parity_liam_exact/runs/20260225_224621/parallel-results/Parallel_MELTS_KCP109C_dP25.0_02-25_11cores.xlsx,quartz,quartz
35,742,400,0,3.315283026097192,2.547787143997305,-53.80030040645251,-47.23091460285124,6.471344927942931,3.834606498585017,0.1301240189514316,0,1.238449047884392e-06,0,1.85353323946866e-13,0,Success,100.0,0,0,0,0,0,0,0,0,0,0,0,0,0,0,0,0,0,0,KCP109C,/Users/lopezama/PycharmProjects/sci-cluster/review_outputs/rmelts_parity_audit_v2/2026-02-26/kcp109c_phase7_parity_20260225_224621/runs/kcp109c_phase7_parity_liam_exact/runs/20260225_224621/parallel-results/Parallel_MELTS_KCP109C_dP25.0_02-25_11cores.xlsx,quartz,quartz
36,741,400,0,3.739137542676883,2.547787143997305,-60.67130054629428,-53.27364866203128,7.29443562023664,4.324288483895117,0.1467602013569481,0,1.238449047884392e-06,0,2.090504993914684e-13,0,Success,99.99999999999999,0,0,0,0,0,0,0,0,0,0,0,0,0,0,0,0,0,0,KCP109C,/Users/lopezama/PycharmProjects/sci-cluster/review_outputs/rmelts_parity_audit_v2/2026-02-26/kcp109c_phase7_parity_20260225_224621/runs/kcp109c_phase7_parity_liam_exact/runs/20260225_224621/parallel-results/Parallel_MELTS_KCP109C_dP25.0_02-25_11cores.xlsx,quartz,quartz
37,740,400,0,4.159004046801644,2.547787143997305,-67.47594944001311,-59.26053839837707,8.108780577047874,4.809228946625212,0.1632398552838464,0,1.238449047884392e-06,0,2.325247100518748e-13,0,Success,100.0,0,0,0,0,0,0,0,0,0,0,0,0,0,0,0,0,0,0,KCP109C,/Users/lopezama/PycharmProjects/sci-cluster/review_outputs/rmelts_parity_audit_v2/2026-02-26/kcp109c_phase7_parity_20260225_224621/runs/kcp109c_phase7_parity_liam_exact/runs/20260225_224621/parallel-results/Parallel_MELTS_KCP109C_dP25.0_02-25_11cores.xlsx,quartz,quartz
38,739,400,0,4.57512438813509,2.547787143997305,-74.21819517460946,-65.1950161145358,8.914863468926194,5.289708903210518,0.1795724732701583,0,1.238449047884392e-06,0,2.557894774400325e-13,0,Success,100.0,0,0,0,0,0,0,0,0,0,0,0,0,0,0,0,0,0,0,KCP109C,/Users/lopezama/PycharmProjects/sci-cluster/review_outputs/rmelts_parity_audit_v2/2026-02-26/kcp109c_phase7_parity_20260225_224621/runs/kcp109c_phase7_parity_liam_exact/runs/20260225_224621/parallel-results/Parallel_MELTS_KCP109C_dP25.0_02-25_11cores.xlsx,quartz,quartz
39,738,400,0,4.98775317949591,2.547787143997305,-80.90219094744967,-71.08069712295593,9.713191736630304,5.766023983179247,0.1957680488045192,0,1.238449047884392e-06,0,2.788590366399123e-13,0,Success,100.0,0,0,0,0,0,0,0,0,0,0,0,0,0,0,0,0,0,0,KCP109C,/Users/lopezama/PycharmProjects/sci-cluster/review_outputs/rmelts_parity_audit_v2/2026-02-26/kcp109c_phase7_parity_20260225_224621/runs/kcp109c_phase7_parity_liam_exact/runs/20260225_224621/parallel-results/Parallel_MELTS_KCP109C_dP25.0_02-25_11cores.xlsx,quartz,quartz
40,737,400,0,5.397159284400929,2.547787143997305,-87.53231907005788,-76.92140102006005,10.50429941097643,6.238486138026243,0.2118371347118564,0,1.238449047884392e-06,0,3.01748419474179e-13,0,Success,100.0,0,0,0,0,0,0,0,0,0,0,0,0,0,0,0,0,0,0,KCP109C,/Users/lopezama/PycharmProjects/sci-cluster/review_outputs/rmelts_parity_audit_v2/2026-02-26/kcp109c_phase7_parity_20260225_224621/runs/kcp109c_phase7_parity_liam_exact/runs/20260225_224621/parallel-results/Parallel_MELTS_KCP109C_dP25.0_02-25_11cores.xlsx,quartz,quartz
41,736,400,0,5.803646551275239,2.547787143997305,-94.11352706400714,-82.72144730032345,11.28878735934569,6.707447592594986,0.2277916569658842,0,1.238449047884392e-06,0,3.244746137279245e-13,0,Success,100.0,0,0,0,0,0,0,0,0,0,0,0,0,0,0,0,0,0,0,KCP109C,/Users/lopezama/PycharmProjects/sci-cluster/review_outputs/rmelts_parity_audit_v2/2026-02-26/kcp109c_phase7_parity_20260225_224621/runs/kcp109c_phase7_parity_liam_exact/runs/20260225_224621/parallel-results/Parallel_MELTS_KCP109C_dP25.0_02-25_11cores.xlsx,quartz,quartz
42,735,400,0,6.207520009836579,2.547787143997305,-100.6507792208326,-88.48517370394973,12.06725736932292,7.173261754645195,0.2436435879057542,0,1.238449047884392e-06,0,3.470546732308342e-13,0,Success,100.0,0,0,0,0,0,0,0,0,0,0,0,0,0,0,0,0,0,0,KCP109C,/Users/lopezama/PycharmProjects/sci-cluster/review_outputs/rmelts_parity_audit_v2/2026-02-26/kcp109c_phase7_parity_20260225_224621/runs/kcp109c_phase7_parity_liam_exact/runs/20260225_224621/parallel-results/Parallel_MELTS_KCP109C_dP25.0_02-25_11cores.xlsx,quartz,quartz
43,734,400,0,6.609135749395027,2.547787143997305,-107.1498652402956,-94.21764727173463,12.84040904389707,7.636340843415911,0.259406903946683,0,1.238449047884392e-06,0,3.695085064904851e-13,0,Success,99.99999999999999,0,0,0,0,0,0,0,0,0,0,0,0,0,0,0,0,0,0,KCP109C,/Users/lopezama/PycharmProjects/sci-cluster/review_outputs/rmelts_parity_audit_v2/2026-02-26/kcp109c_phase7_parity_20260225_224621/runs/kcp109c_phase7_parity_liam_exact/runs/20260225_224621/parallel-results/Parallel_MELTS_KCP109C_dP25.0_02-25_11cores.xlsx,quartz,quartz
44,733,400,0,7.008877928972056,2.547787143997305,-113.6170270618133,-99.92433687688096,13.60899486650334,8.09712928971102,0.2750966832329486,0,1.238449047884392e-06,0,3.918575913568808e-13,0,Success,100.0,0,0,0,0,0,0,0,0,0,0,0,0,0,0,0,0,0,0,KCP109C,/Users/lopezama/PycharmProjects/sci-cluster/review_outputs/rmelts_parity_audit_v2/2026-02-26/kcp109c_phase7_parity_20260225_224621/runs/kcp109c_phase7_parity_liam_exact/runs/20260225_224621/parallel-results/Parallel_MELTS_KCP109C_dP25.0_02-25_11cores.xlsx,quartz,quartz
45,732,400,0,7.407178704099602,2.547787143997305,-120.0592815796858,-105.6113975024643,14.37385870489124,8.556126730670956,0.2907298877597067,0,1.238449047884392e-06,0,4.141260891048434e-13,0,Success,100.0,0,0,0,0,0,0,0,0,0,0,0,0,0,0,0,0,0,0,KCP109C,/Users/lopezama/PycharmProjects/sci-cluster/review_outputs/rmelts_parity_audit_v2/2026-02-26/kcp109c_phase7_parity_20260225_224621/runs/kcp109c_phase7_parity_liam_exact/runs/20260225_224621/parallel-results/Parallel_MELTS_KCP109C_dP25.0_02-25_11cores.xlsx,quartz,quartz
46,731,400,0,7.804540149766118,2.547787143997305,-126.4847754775525,-111.2859831202549,15.1359780483967,9.013913291308914,0.3063262238430689,0,1.238449047884392e-06,0,4.363420701184841e-13,0,Success,100.0,0,0,0,0,0,0,0,0,0,0,0,0,0,0,0,0,0,0,KCP109C,/Users/lopezama/PycharmProjects/sci-cluster/review_outputs/rmelts_parity_audit_v2/2026-02-26/kcp109c_phase7_parity_20260225_224621/runs/kcp109c_phase7_parity_liam_exact/runs/20260225_224621/parallel-results/Parallel_MELTS_KCP109C_dP25.0_02-25_11cores.xlsx,quartz,quartz
47,730,400,0,8.20152901335344,2.547787143997305,-132.9026995288582,-116.9561722691582,15.89645343139114,9.47114346935283,0.3219079361742048,0,1.238449047884392e-06,0,4.585372205344722e-13,0,Success,100.0,0,0,0,0,0,0,0,0,0,0,0,0,0,0,0,0,0,0,KCP109C,/Users/lopezama/PycharmProjects/sci-cluster/review_outputs/rmelts_parity_audit_v2/2026-02-26/kcp109c_phase7_parity_20260225_224621/runs/kcp109c_phase7_parity_liam_exact/runs/20260225_224621/parallel-results/Parallel_MELTS_KCP109C_dP25.0_02-25_11cores.xlsx,quartz,quartz
48,729,400,0,8.598824613491548,2.547787143997305,-139.3240640662104,-122.6316515346412,16.65660083976377,9.928601389358755,0.3375016878372569,0,1.238449047884392e-06,0,4.807495202070445e-13,0,Success,100.0,0,0,0,0,0,0,0,0,0,0,0,0,0,0,0,0,0,0,KCP109C,/Users/lopezama/PycharmProjects/sci-cluster/review_outputs/rmelts_parity_audit_v2/2026-02-26/kcp109c_phase7_parity_20260225_224621/runs/kcp109c_phase7_parity_liam_exact/runs/20260225_224621/parallel-results/Parallel_MELTS_KCP109C_dP25.0_02-25_11cores.xlsx,quartz,quartz
49,728,400,0,8.997231884069121,2.547787143997305,-145.7619092206918,-128.3239022391856,17.41797630875111,10.38721577201706,0.3531390722834513,0,1.238449047884392e-06,0,5.030239719823081e-13,0,Success,100.0,0,0,0,0,0,0,0,0,0,0,0,0,0,0,0,0,0,0,KCP109C,/Users/lopezama/PycharmProjects/sci-cluster/review_outputs/rmelts_parity_audit_v2/2026-02-26/kcp109c_phase7_parity_20260225_224621/runs/kcp109c_phase7_parity_liam_exact/runs/20260225_224621/parallel-results/Parallel_MELTS_KCP109C_dP25.0_02-25_11cores.xlsx,quartz,quartz
50,727,400,0,10.14204664526988,2.547787143997305,-164.2891391670573,-144.6636431595932,19.62255262457033,11.70730571301732,0.3980727616576984,0,1.238449047884392e-06,0,5.670291322119603e-13,0,Success,100.0,0,0,0,0,0,0,0,0,0,0,0,0,0,0,0,0,0,0,KCP109C,/Users/lopezama/PycharmProjects/sci-cluster/review_outputs/rmelts_parity_audit_v2/2026-02-26/kcp109c_phase7_parity_20260225_224621/runs/kcp109c_phase7_parity_liam_exact/runs/20260225_224621/parallel-results/Parallel_MELTS_KCP109C_dP25.0_02-25_11cores.xlsx,quartz,quartz
51,726,400,0,12.31392489854671,2.547787143997305,-199.4471760535143,-175.6569904299826,23.81042448434333,14.21244615084197,0.4833184329216373,0,1.238449047884392e-06,0,6.884561266145111e-13,0,Success,99.99999999999999,0,0,0,0,0,0,0,0,0,0,0,0,0,0,0,0,0,0,KCP109C,/Users/lopezama/PycharmProjects/sci-cluster/review_outputs/rmelts_parity_audit_v2/2026-02-26/kcp109c_phase7_parity_20260225_224621/runs/kcp109c_phase7_parity_liam_exact/runs/20260225_224621/parallel-results/Parallel_MELTS_KCP109C_dP25.0_02-25_11cores.xlsx,quartz,quartz
52,725,400,0,14.86414200117233,2.547787143997305,-240.7240059714598,-212.0527542759606,28.72439182036685,17.15351050744024,0.583413808182245,0,1.238449047884392e-06,0,8.310355724828974e-13,0,Success,100.0,0,0,0,0,0,0,0,0,0,0,0,0,0,0,0,0,0,0,KCP109C,/Users/lopezama/PycharmProjects/sci-cluster/review_outputs/rmelts_parity_audit_v2/2026-02-26/kcp109c_phase7_parity_20260225_224621/runs/kcp109c_phase7_parity_liam_exact/runs/20260225_224621/parallel-results/Parallel_MELTS_KCP109C_dP25.0_02-25_11cores.xlsx,quartz,quartz
53,724,400,0,17.45668704626691,2.547787143997305,-282.6764137317841,-249.0583036296874,33.71419555944109,20.14260740941765,0.6851705444623036,0,1.238449047884392e-06,0,9.759815206289758e-13,0,Success,100.0,0,0,0,0,0,0,0,0,0,0,0,0,0,0,0,0,0,0,KCP109C,/Users/lopezama/PycharmProjects/sci-cluster/review_outputs/rmelts_parity_audit_v2/2026-02-26/kcp109c_phase7_parity_20260225_224621/runs/kcp109c_phase7_parity_liam_exact/runs/20260225_224621/parallel-results/Parallel_MELTS_KCP109C_dP25.0_02-25_11cores.xlsx,quartz,quartz
54,723,400,0,20.11603180351344,2.547787143997305,-325.7003875400201,-287.0229560211723,38.82691514214498,23.20794725752634,0.7895491525227161,0,1.238449047884392e-06,0,1.124662157062175e-12,0,Success,100.0,0,0,0,0,0,0,0,0,0,0,0,0,0,0,0,0,0,0,KCP109C,/Users/lopezama/PycharmProjects/sci-cluster/review_outputs/rmelts_parity_audit_v2/2026-02-26/kcp109c_phase7_parity_20260225_224621/runs/kcp109c_phase7_parity_liam_exact/runs/20260225_224621/parallel-results/Parallel_MELTS_KCP109C_dP25.0_02-25_11cores.xlsx,quartz,quartz
55,722,400,0,22.66890907891311,2.547787143997305,-366.9905001420469,-323.4745013297374,43.72808000031092,26.14962391316012,0.8897489388908343,0,1.238449047884392e-06,0,1.267390329860378e-12,0,Success,100.0,0,0,0,0,0,0,0,0,0,0,0,0,0,0,0,0,0,0,KCP109C,/Users/lopezama/PycharmProjects/sci-cluster/review_outputs/rmelts_parity_audit_v2/2026-02-26/kcp109c_phase7_parity_20260225_224621/runs/kcp109c_phase7_parity_liam_exact/runs/20260225_224621/parallel-results/Parallel_MELTS_KCP109C_dP25.0_02-25_11cores.xlsx,quartz,quartz
56,721,400,0,25.09683890035609,2.547787143997305,-406.2482372318673,-358.1488481766343,48.38242624878838,28.94637062033761,0.9850445693426669,0,1.238449047884392e-06,0,1.403132846915989e-12,0,Success,100.0,0,0,0,0,0,0,0,0,0,0,0,0,0,0,0,0,0,0,KCP109C,/Users/lopezama/PycharmProjects/sci-cluster/review_outputs/rmelts_parity_audit_v2/2026-02-26/kcp109c_phase7_parity_20260225_224621/runs/kcp109c_phase7_parity_liam_exact/runs/20260225_224621/parallel-results/Parallel_MELTS_KCP109C_dP25.0_02-25_11cores.xlsx,quartz,quartz
57,720,400,0,27.29603791602552,2.547787143997305,-441.7945654343452,-389.5643847823678,52.59042506366351,31.47855833644826,1.071362573609657,0,1.238449047884392e-06,0,1.526087310944019e-12,0,Success,100.0,0,0,0,0,0,0,0,0,0,0,0,0,0,0,0,0,0,0,KCP109C,/Users/lopezama/PycharmProjects/sci-cluster/review_outputs/rmelts_parity_audit_v2/2026-02-26/kcp109c_phase7_parity_20260225_224621/runs/kcp109c_phase7_parity_liam_exact/runs/20260225_224621/parallel-results/Parallel_MELTS_KCP109C_dP25.0_02-25_11cores.xlsx,quartz,quartz
58,719,400,0,29.06540258338015,2.547787143997305,-470.3762810514497,-414.8499714303614,55.96563989425815,33.5144075600999,1.140809688590331,0,1.238449047884392e-06,0,1.625010274620638e-12,0,Success,100.0,0,0,0,0,0,0,0,0,0,0,0,0,0,0,0,0,0,0,KCP109C,/Users/lopezama/PycharmProjects/sci-cluster/review_outputs/rmelts_parity_audit_v2/2026-02-26/kcp109c_phase7_parity_20260225_224621/runs/kcp109c_phase7_parity_liam_exact/runs/20260225_224621/parallel-results/Parallel_MELTS_KCP109C_dP25.0_02-25_11cores.xlsx,quartz,quartz
59,718,400,0,30.27447084617265,2.547787143997305,-489.8848088520664,-432.1418872586094,58.2585094016618,34.90371096108898,1.188265311625447,0,1.238449047884392e-06,0,1.692607767692315e-12,0,Success,100.0,0,0,0,0,0,0,0,0,0,0,0,0,0,0,0,0,0,0,KCP109C,/Users/lopezama/PycharmProjects/sci-cluster/review_outputs/rmelts_parity_audit_v2/2026-02-26/kcp109c_phase7_parity_20260225_224621/runs/kcp109c_phase7_parity_liam_exact/runs/20260225_224621/parallel-results/Parallel_MELTS_KCP109C_dP25.0_02-25_11cores.xlsx,quartz,quartz
60,717,400,0,31.02181266519582,2.547787143997305,-501.9182038476833,-442.8453082031357,59.66055208256077,35.76036208644957,1.217598288706517,0,1.238449047884392e-06,0,1.734390713277963e-12,0,Success,100.0,0,0,0,0,0,0,0,0,0,0,0,0,0,0,0,0,0,0,KCP109C,/Users/lopezama/PycharmProjects/sci-cluster/review_outputs/rmelts_parity_audit_v2/2026-02-26/kcp109c_phase7_parity_20260225_224621/runs/kcp109c_phase7_parity_liam_exact/runs/20260225_224621/parallel-results/Parallel_MELTS_KCP109C_dP25.0_02-25_11cores.xlsx,quartz,quartz
62,753,375,0,0.1526690733081845,2.54699844867025,-2.482295383747569,-2.174542223516597,0.299910500639256,0.176835449409509,0.005994077985712585,0,1.238421671197672e-06,0,8.53553677885303e-15,0,Success,100.0,0,0,0,0,0,0,0,0,0,0,0,0,0,0,0,0,0,0,KCP109C,/Users/lopezama/PycharmProjects/sci-cluster/review_outputs/rmelts_parity_audit_v2/2026-02-26/kcp109c_phase7_parity_20260225_224621/runs/kcp109c_phase7_parity_liam_exact/runs/20260225_224621/parallel-results/Parallel_MELTS_KCP109C_dP25.0_02-25_11cores.xlsx,quartz,quartz
63,752,375,0,0.3931899578920036,2.54699844867025,-6.392229338634352,-5.600857280712372,0.7719573310461685,0.4553707579527358,0.01543738505601691,0,1.238421671197672e-06,0,2.198275835399961e-14,0,Success,100.0,0,0,0,0,0,0,0,0,0,0,0,0,0,0,0,0,0,0,KCP109C,/Users/lopezama/PycharmProjects/sci-cluster/review_outputs/rmelts_parity_audit_v2/2026-02-26/kcp109c_phase7_parity_20260225_224621/runs/kcp109c_phase7_parity_liam_exact/runs/20260225_224621/parallel-results/Parallel_MELTS_KCP109C_dP25.0_02-25_11cores.xlsx,quartz,quartz
64,751,375,0,0.6325962705533803,2.54699844867025,-10.28310149381524,-9.011851406547137,1.241273336198894,0.7325439405079819,0.02483693191425575,0,1.238421671197672e-06,0,3.536766560817378e-14,0,Success,100.0,0,0,0,0,0,0,0,0,0,0,0,0,0,0,0,0,0,0,KCP109C,/Users/lopezama/PycharmProjects/sci-cluster/review_outputs/rmelts_parity_audit_v2/2026-02-26/kcp109c_phase7_parity_20260225_224621/runs/kcp109c_phase7_parity_liam_exact/runs/20260225_224621/parallel-results/Parallel_MELTS_KCP109C_dP25.0_02-25_11cores.xlsx,quartz,quartz
65,750,375,0,0.8709027807102564,2.54699844867025,-14.15515927814379,-12.40773104152692,1.707890569923142,1.008372361177952,0.03419329843584875,0,1.238421671197672e-06,0,4.869108428104448e-14,0,Success,100.0,0,0,0,0,0,0,0,0,0,0,0,0,0,0,0,0,0,0,KCP109C,/Users/lopezama/PycharmProjects/sci-cluster/review_outputs/rmelts_parity_audit_v2/2026-02-26/kcp109c_phase7_parity_20260225_224621/runs/kcp109c_phase7_parity_liam_exact/runs/20260225_224621/parallel-results/Parallel_MELTS_KCP109C_dP25.0_02-25_11cores.xlsx,quartz,quartz
66,749,375,0,1.181326958385442,2.546998448670249,-19.19830161410238,-16.83170456820091,2.315312865921313,1.367620005715058,0.04638114165331333,0,1.238421671197672e-06,0,6.604651146859986e-14,0,Success,100.0,0,0,0,0,0,0,0,0,0,0,0,0,0,0,0,0,0,0,KCP109C,/Users/lopezama/PycharmProjects/sci-cluster/review_outputs/rmelts_parity_audit_v2/2026-02-26/kcp109c_phase7_parity_20260225_224621/runs/kcp109c_phase7_parity_liam_exact/runs/20260225_224621/parallel-results/Parallel_MELTS_KCP109C_dP25.0_02-25_11cores.xlsx,quartz,quartz
67,748,375,0,1.627595473607938,2.54699844867025,-26.4476327088905,-23.19208222784798,3.188121706940719,1.884021037787246,0.06390249175289767,0,1.238421671197672e-06,0,9.099682551967455e-14,0,Success,100.0,0,0,0,0,0,0,0,0,0,0,0,0,0,0,0,0,0,0,KCP109C,/Users/lopezama/PycharmProjects/sci-cluster/review_outputs/rmelts_parity_audit_v2/2026-02-26/kcp109c_phase7_parity_20260225_224621/runs/kcp109c_phase7_parity_liam_exact/runs/20260225_224621/parallel-results/Parallel_MELTS_KCP109C_dP25.0_02-25_11cores.xlsx,quartz,quartz
68,747,375,0,2.069522402015286,2.54699844867025,-33.62467718737715,-29.49162323801941,4.051417879093995,2.395263082096524,0.08125338290236311,0,1.238421671197672e-06,0,1.157044068866747e-13,0,Success,100.0,0,0,0,0,0,0,0,0,0,0,0,0,0,0,0,0,0,0,KCP109C,/Users/lopezama/PycharmProjects/sci-cluster/review_outputs/rmelts_parity_audit_v2/2026-02-26/kcp109c_phase7_parity_20260225_224621/runs/kcp109c_phase7_parity_liam_exact/runs/20260225_224621/parallel-results/Parallel_MELTS_KCP109C_dP25.0_02-25_11cores.xlsx,quartz,quartz
69,746,375,0,2.507356125429398,2.54699844867025,-40.73349717125146,-35.73385216368055,4.905700836550966,2.901635091989704,0.09844356704412015,0,1.238421671197672e-06,0,1.40183142286341e-13,0,Success,100.0,0,0,0,0,0,0,0,0,0,0,0,0,0,0,0,0,0,0,KCP109C,/Users/lopezama/PycharmProjects/sci-cluster/review_outputs/rmelts_parity_audit_v2/2026-02-26/kcp109c_phase7_parity_20260225_224621/runs/kcp109c_phase7_parity_liam_exact/runs/20260225_224621/parallel-results/Parallel_MELTS_KCP109C_dP25.0_02-25_11cores.xlsx,quartz,quartz
70,745,375,0,2.941358355881228,2.546998448670249,-47.77836934218521,-41.9224847151212,5.751494992942115,3.403441302415779,0.1154833194899223,0,1.238421671197672e-06,0,1.644476637107155e-13,0,Success,100.0,0,0,0,0,0,0,0,0,0,0,0,0,0,0,0,0,0,0,KCP109C,/Users/lopezama/PycharmProjects/sci-cluster/review_outputs/rmelts_parity_audit_v2/2026-02-26/kcp109c_phase7_parity_20260225_224621/runs/kcp109c_phase7_parity_liam_exact/runs/20260225_224621/parallel-results/Parallel_MELTS_KCP109C_dP25.0_02-25_11cores.xlsx,quartz,quartz
71,744,375,0,3.371800773871585,2.54699844867025,-54.76373021401317,-48.06137990674741,6.589343073554298,3.900997329738347,0.1323833069325956,0,1.238421671197672e-06,0,1.885131604765111e-13,0,Success,100.0,0,0,0,0,0,0,0,0,0,0,0,0,0,0,0,0,0,0,KCP109C,/Users/lopezama/PycharmProjects/sci-cluster/review_outputs/rmelts_parity_audit_v2/2026-02-26/kcp109c_phase7_parity_20260225_224621/runs/kcp109c_phase7_parity_liam_exact/runs/20260225_224621/parallel-results/Parallel_MELTS_KCP109C_dP25.0_02-25_11cores.xlsx,quartz,quartz
72,743,375,0,3.798967931236562,2.54699844867025,-61.69422318005599,-54.15458149493012,7.419811725754924,4.39463352139755,0.1491547014180533,0,1.238421671197672e-06,0,2.123955415206842e-13,0,Success,100.0,0,0,0,0,0,0,0,0,0,0,0,0,0,0,0,0,0,0,KCP109C,/Users/lopezama/PycharmProjects/sci-cluster/review_outputs/rmelts_parity_audit_v2/2026-02-26/kcp109c_phase7_parity_20260225_224621/runs/kcp109c_phase7_parity_liam_exact/runs/20260225_224621/parallel-results/Parallel_MELTS_KCP109C_dP25.0_02-25_11cores.xlsx,quartz,quartz
73,742,375,0,4.223169184303882,2.54699844867025,-68.57489215848761,-60.20648817391663,8.24351473631579,4.884708747723336,0.1658096488636943,0,1.238421671197672e-06,0,2.361121025682683e-13,0,Success,100.0,0,0,0,0,0,0,0,0,0,0,0,0,0,0,0,0,0,0,KCP109C,/Users/lopezama/PycharmProjects/sci-cluster/review_outputs/rmelts_parity_audit_v2/2026-02-26/kcp109c_phase7_parity_20260225_224621/runs/kcp109c_phase7_parity_liam_exact/runs/20260225_224621/parallel-results/Parallel_MELTS_KCP109C_dP25.0_02-25_11cores.xlsx,quartz,quartz
74,741,375,0,4.644736235119865,2.54699844867025,-75.4111414333109,-66.22181866316207,9.061108090665915,5.371607538641125,0.1823611725223002,0,1.238421671197672e-06,0,2.596813886654515e-13,0,Success,100.0,0,0,0,0,0,0,0,0,0,0,0,0,0,0,0,0,0,0,KCP109C,/Users/lopezama/PycharmProjects/sci-cluster/review_outputs/rmelts_parity_audit_v2/2026-02-26/kcp109c_phase7_parity_20260225_224621/runs/kcp109c_phase7_parity_liam_exact/runs/20260225_224621/parallel-results/Parallel_MELTS_KCP109C_dP25.0_02-25_11cores.xlsx,quartz,quartz
75,740,375,0,5.064023231223393,2.54699844867025,-82.20873705967509,-72.20561325870457,9.873290036984157,5.855740181044262,0.1988231768993516,0,1.238421671197672e-06,0,2.831231997578137e-13,0,Success,100.0,0,0,0,0,0,0,0,0,0,0,0,0,0,0,0,0,0,0,KCP109C,/Users/lopezama/PycharmProjects/sci-cluster/review_outputs/rmelts_parity_audit_v2/2026-02-26/kcp109c_phase7_parity_20260225_224621/runs/kcp109c_phase7_parity_liam_exact/runs/20260225_224621/parallel-results/Parallel_MELTS_KCP109C_dP25.0_02-25_11cores.xlsx,quartz,quartz
76,739,375,0,5.481422259324386,2.54699844867025,-88.97405814118348,-78.16345489769041,10.68083114508033,6.337560614220479,0.2152110560642923,0,1.238421671197672e-06,0,3.064594569224961e-13,0,Success,100.0,0,0,0,0,0,0,0,0,0,0,0,0,0,0,0,0,0,0,KCP109C,/Users/lopezama/PycharmProjects/sci-cluster/review_outputs/rmelts_parity_audit_v2/2026-02-26/kcp109c_phase7_parity_20260225_224621/runs/kcp109c_phase7_parity_liam_exact/runs/20260225_224621/parallel-results/Parallel_MELTS_KCP109C_dP25.0_02-25_11cores.xlsx,quartz,quartz
77,738,375,0,5.897366710429602,2.54699844867025,-95.71415108032151,-84.10151736673568,11.48458063945592,6.817570289910909,0.231541825771764,0,1.238421671197673e-06,0,3.297143905081713e-13,0,Success,99.99999999999999,0,0,0,0,0,0,0,0,0,0,0,0,0,0,0,0,0,0,KCP109C,/Users/lopezama/PycharmProjects/sci-cluster/review_outputs/rmelts_parity_audit_v2/2026-02-26/kcp109c_phase7_parity_20260225_224621/runs/kcp109c_phase7_parity_liam_exact/runs/20260225_224621/parallel-results/Parallel_MELTS_KCP109C_dP25.0_02-25_11cores.xlsx,quartz,quartz
78,737,375,0,6.312340052753035,2.54699844867025,-102.4368715479487,-90.02669065944525,12.2854832336816,7.296328279845953,0.2478344679027431,0,1.238421671197672e-06,0,3.529150306174824e-13,0,Success,100.0,0,0,0,0,0,0,0,0,0,0,0,0,0,0,0,0,0,0,KCP109C,/Users/lopezama/PycharmProjects/sci-cluster/review_outputs/rmelts_parity_audit_v2/2026-02-26/kcp109c_phase7_parity_20260225_224621/runs/kcp109c_phase7_parity_liam_exact/runs/20260225_224621/parallel-results/Parallel_MELTS_KCP109C_dP25.0_02-25_11cores.xlsx,quartz,quartz
79,736,375,0,6.726894164687143,2.54699844867025,-109.1511814734861,-95.94684275145698,13.08461449935997,7.774472423834584,0.2641106502518348,0,1.238421671197672e-06,0,3.760922320805154e-13,0,Success,100.0,0,0,0,0,0,0,0,0,0,0,0,0,0,0,0,0,0,0,KCP109C,/Users/lopezama/PycharmProjects/sci-cluster/review_outputs/rmelts_parity_audit_v2/2026-02-26/kcp109c_phase7_parity_20260225_224621/runs/kcp109c_phase7_parity_liam_exact/runs/20260225_224621/parallel-results/Parallel_MELTS_KCP109C_dP25.0_02-25_11cores.xlsx,quartz,quartz
80,735,375,0,7.141659434543734,2.54699844867025,-115.8673122449602,-101.8709640609982,13.88320010312157,8.252730946551113,0.2803951230622967,0,1.238421671197672e-06,0,3.992812391186687e-13,0,Success,100.0,0,0,0,0,0,0,0,0,0,0,0,0,0,0,0,0,0,0,KCP109C,/Users/lopezama/PycharmProjects/sci-cluster/review_outputs/rmelts_parity_audit_v2/2026-02-26/kcp109c_phase7_parity_20260225_224621/runs/kcp109c_phase7_parity_liam_exact/runs/20260225_224621/parallel-results/Parallel_MELTS_KCP109C_dP25.0_02-25_11cores.xlsx,quartz,quartz
81,734,375,0,7.557375308582993,2.54699844867025,-122.5972595087017,-107.8096036839954,14.68267470059698,8.731957691024553,0.2967169183997182,0,1.238421671197672e-06,0,4.22523393246717e-13,0,Success,100.0,0,0,0,0,0,0,0,0,0,0,0,0,0,0,0,0,0,0,KCP109C,/Users/lopezama/PycharmProjects/sci-cluster/review_outputs/rmelts_parity_audit_v2/2026-02-26/kcp109c_phase7_parity_20260225_224621/runs/kcp109c_phase7_parity_liam_exact/runs/20260225_224621/parallel-results/Parallel_MELTS_KCP109C_dP25.0_02-25_11cores.xlsx,quartz,quartz
82,733,375,0,7.97491993718531,2.54699844867025,-129.3552629860562,-113.7752929742895,15.48473886773022,9.213166281518355,0.3131105141170737,0,1.238421671197672e-06,0,4.458677907531669e-13,0,Success,100.0,0,0,0,0,0,0,0,0,0,0,0,0,0,0,0,0,0,0,KCP109C,/Users/lopezama/PycharmProjects/sci-cluster/review_outputs/rmelts_parity_audit_v2/2026-02-26/kcp109c_phase7_parity_20260225_224621/runs/kcp109c_phase7_parity_liam_exact/runs/20260225_224621/parallel-results/Parallel_MELTS_KCP109C_dP25.0_02-25_11cores.xlsx,quartz,quartz
83,732,375,0,8.395363228311751,2.54699844867025,-136.1586655735454,-119.7833032994203,16.29146124869435,9.69759129635875,0.3296179168344153,0,1.238421671197672e-06,0,4.693742488528203e-13,0,Success,100.0,0,0,0,0,0,0,0,0,0,0,0,0,0,0,0,0,0,0,KCP109C,/Users/lopezama/PycharmProjects/sci-cluster/review_outputs/rmelts_parity_audit_v2/2026-02-26/kcp109c_phase7_parity_20260225_224621/runs/kcp109c_phase7_parity_liam_exact/runs/20260225_224621/parallel-results/Parallel_MELTS_KCP109C_dP25.0_02-25_11cores.xlsx,quartz,quartz
84,731,375,0,8.820027249099184,2.54699844867025,-143.0288909880297,-125.8525090139064,17.10539458658902,10.18675787743169,0.3462910334202987,0,1.238421671197672e-06,0,4.931166826643473e-13,0,Success,100.0,0,0,0,0,0,0,0,0,0,0,0,0,0,0,0,0,0,0,KCP109C,/Users/lopezama/PycharmProjects/sci-cluster/review_outputs/rmelts_parity_audit_v2/2026-02-26/kcp109c_phase7_parity_20260225_224621/runs/kcp109c_phase7_parity_liam_exact/runs/20260225_224621/parallel-results/Parallel_MELTS_KCP109C_dP25.0_02-25_11cores.xlsx,quartz,quartz
85,730,375,0,10.76806811602101,2.54699844867025,-174.5981797795625,-153.6614384150123,20.87099772172678,12.43498838430602,0.4227748203632735,0,1.238421671197672e-06,0,6.020292089934673e-13,0,Success,100.0,0,0,0,0,0,0,0,0,0,0,0,0,0,0,0,0,0,0,KCP109C,/Users/lopezama/PycharmProjects/sci-cluster/review_outputs/rmelts_parity_audit_v2/2026-02-26/kcp109c_phase7_parity_20260225_224621/runs/kcp109c_phase7_parity_liam_exact/runs/20260225_224621/parallel-results/Parallel_MELTS_KCP109C_dP25.0_02-25_11cores.xlsx,quartz,quartz
86,729,375,0,13.65170910325121,2.54699844867025,-221.328347339247,-194.8270555516572,26.44443624965306,15.76289598429484,0.5359920462605138,0,1.238421671197672e-06,0,7.632499668730002e-13,0,Success,100.0,0,0,0,0,0,0,0,0,0,0,0,0,0,0,0,0,0,0,KCP109C,/Users/lopezama/PycharmProjects/sci-cluster/review_outputs/rmelts_parity_audit_v2/2026-02-26/kcp109c_phase7_parity_20260225_224621/runs/kcp109c_phase7_parity_liam_exact/runs/20260225_224621/parallel-results/Parallel_MELTS_KCP109C_dP25.0_02-25_11cores.xlsx,quartz,quartz
87,728,375,0,16.80566037701969,2.54699844867025,-272.429241280642,-239.8573095176972,32.53451706831627,19.40196971431085,0.6598221677674628,0,1.238421671197672e-06,0,9.395834345008409e-13,0,Success,100.0,0,0,0,0,0,0,0,0,0,0,0,0,0,0,0,0,0,0,KCP109C,/Users/lopezama/PycharmProjects/sci-cluster/review_outputs/rmelts_parity_audit_v2/2026-02-26/kcp109c_phase7_parity_20260225_224621/runs/kcp109c_phase7_parity_liam_exact/runs/20260225_224621/parallel-results/Parallel_MELTS_KCP109C_dP25.0_02-25_11cores.xlsx,quartz,quartz
88,727,375,0,20.23914963922205,2.54699844867025,-328.0488705536702,-288.884847321311,39.15814950993261,23.36273145700679,0.794627481999002,0,1.238421671197672e-06,0,1.131545521138817e-12,0,Success,100.0,0,0,0,0,0,0,0,0,0,0,0,0,0,0,0,0,0,0,KCP109C,/Users/lopezama/PycharmProjects/sci-cluster/review_outputs/rmelts_parity_audit_v2/2026-02-26/kcp109c_phase7_parity_20260225_224621/runs/kcp109c_phase7_parity_liam_exact/runs/20260225_224621/parallel-results/Parallel_MELTS_KCP109C_dP25.0_02-25_11cores.xlsx,quartz,quartz
89,726,375,0,23.5424162772166,2.54699844867025,-381.5447588010039,-336.0614171470739,45.52203538400641,27.17211014013373,0.9243200084989354,0,1.238421671197672e-06,0,1.316227023868874e-12,0,Success,99.99999999999999,0,0,0,0,0,0,0,0,0,0,0,0,0,0,0,0,0,0,KCP109C,/Users/lopezama/PycharmProjects/sci-cluster/review_outputs/rmelts_parity_audit_v2/2026-02-26/kcp109c_phase7_parity_20260225_224621/runs/kcp109c_phase7_parity_liam_exact/runs/20260225_224621/parallel-results/Parallel_MELTS_KCP109C_dP25.0_02-25_11cores.xlsx,quartz,quartz
90,725,375,0,26.49656320645041,2.54699844867025,-429.3704979785473,-378.2616191278255,51.20360552093552,30.5775520266864,1.040305431685044,0,1.238421671197672e-06,0,1.481389680707108e-12,0,Success,100.0,0,0,0,0,0,0,0,0,0,0,0,0,0,0,0,0,0,0,KCP109C,/Users/lopezama/PycharmProjects/sci-cluster/review_outputs/rmelts_parity_audit_v2/2026-02-26/kcp109c_phase7_parity_20260225_224621/runs/kcp109c_phase7_parity_liam_exact/runs/20260225_224621/parallel-results/Parallel_MELTS_KCP109C_dP25.0_02-25_11cores.xlsx,quartz,quartz
91,724,375,0,28.73060083186463,2.546998448670249,-465.5170415928995,-410.187613992743,55.48756716658131,33.15114784719096,1.128017994940847,0,1.238421671197672e-06,0,1.606291927795303e-12,0,Success,99.99999999999999,0,0,0,0,0,0,0,0,0,0,0,0,0,0,0,0,0,0,KCP109C,/Users/lopezama/PycharmProjects/sci-cluster/review_outputs/rmelts_parity_audit_v2/2026-02-26/kcp109c_phase7_parity_20260225_224621/runs/kcp109c_phase7_parity_liam_exact/runs/20260225_224621/parallel-results/Parallel_MELTS_KCP109C_dP25.0_02-25_11cores.xlsx,quartz,quartz
92,723,375,0,30.11279480973739,2.54699844867025,-487.8543560899406,-429.9559807805861,58.12214556979816,34.74125317295616,1.182285557553395,0,1.238421671197672e-06,0,1.683568662879864e-12,0,Success,100.0,0,0,0,0,0,0,0,0,0,0,0,0,0,0,0,0,0,0,KCP109C,/Users/lopezama/PycharmProjects/sci-cluster/review_outputs/rmelts_parity_audit_v2/2026-02-26/kcp109c_phase7_parity_20260225_224621/runs/kcp109c_phase7_parity_liam_exact/runs/20260225_224621/parallel-results/Parallel_MELTS_KCP109C_dP25.0_02-25_11cores.xlsx,quartz,quartz
93,721,375,0,31.38600594186482,2.54699844867025,-508.3604348977246,-448.2075321085933,60.50686796673675,36.20021485145872,1.232274246505764,0,1.238421671197672e-06,0,1.754752303482575e-12,0,Success,100.0,0,0,0,0,0,0,0,0,0,0,0,0,0,0,0,0,0,0,KCP109C,/Users/lopezama/PycharmProjects/sci-cluster/review_outputs/rmelts_parity_audit_v2/2026-02-26/kcp109c_phase7_parity_20260225_224621/runs/kcp109c_phase7_parity_liam_exact/runs/20260225_224621/parallel-results/Parallel_MELTS_KCP109C_dP25.0_02-25_11cores.xlsx,quartz,quartz
116,753,350,0,0.3583398356280008,2.546210014948822,-5.829880033131599,-5.107531921221939,0.70394007884779,0.4150623600543597,0.01407345951528681,0,1.238394201272627e-06,0,2.003433164329674e-14,0,Success,100.0,0,0,0,0,0,0,0,0,0,0,0,0,0,0,0,0,0,0,KCP109C,/Users/lopezama/PycharmProjects/sci-cluster/review_outputs/rmelts_parity_audit_v2/2026-02-26/kcp109c_phase7_parity_20260225_224621/runs/kcp109c_phase7_parity_liam_exact/runs/20260225_224621/parallel-results/Parallel_MELTS_KCP109C_dP25.0_02-25_11cores.xlsx,quartz,quartz
117,752,350,0,0.8146585061474915,2.546210014948822,-13.25219130192368,-11.61253096581035,1.599434557004656,0.9434922077000767,0.03199494548229031,0,1.238394201272627e-06,0,4.554653729633011e-14,0,Success,100.0,0,0,0,0,0,0,0,0,0,0,0,0,0,0,0,0,0,0,KCP109C,/Users/lopezama/PycharmProjects/sci-cluster/review_outputs/rmelts_parity_audit_v2/2026-02-26/kcp109c_phase7_parity_20260225_224621/runs/kcp109c_phase7_parity_liam_exact/runs/20260225_224621/parallel-results/Parallel_MELTS_KCP109C_dP25.0_02-25_11cores.xlsx,quartz,quartz
118,751,350,0,1.266942433193753,2.546210014948822,-20.60708573984579,-18.0610690247104,2.485980291105198,1.467114249024343,0.04975797069980569,0,1.238394201272627e-06,0,7.083316549243176e-14,0,Success,100.0,0,0,0,0,0,0,0,0,0,0,0,0,0,0,0,0,0,0,KCP109C,/Users/lopezama/PycharmProjects/sci-cluster/review_outputs/rmelts_parity_audit_v2/2026-02-26/kcp109c_phase7_parity_20260225_224621/runs/kcp109c_phase7_parity_liam_exact/runs/20260225_224621/parallel-results/Parallel_MELTS_KCP109C_dP25.0_02-25_11cores.xlsx,quartz,quartz
119,750,350,0,1.715488253990327,2.546210014948822,-27.89941292412656,-24.45736097412301,3.364171382498712,1.986273301181224,0.06737418531537774,0,1.238394201272627e-06,0,9.591080084744197e-14,0,Success,100.0,0,0,0,0,0,0,0,0,0,0,0,0,0,0,0,0,0,0,KCP109C,/Users/lopezama/PycharmProjects/sci-cluster/review_outputs/rmelts_parity_audit_v2/2026-02-26/kcp109c_phase7_parity_20260225_224621/runs/kcp109c_phase7_parity_liam_exact/runs/20260225_224621/parallel-results/Parallel_MELTS_KCP109C_dP25.0_02-25_11cores.xlsx,quartz,quartz
120,749,350,0,2.160585865951343,2.546210014948822,-35.13391048214577,-30.80552697114442,4.234587400089366,2.501306207706251,0.08485497477688501,0,1.238394201272627e-06,0,1.207956511628938e-13,0,Success,100.0,0,0,0,0,0,0,0,0,0,0,0,0,0,0,0,0,0,0,KCP109C,/Users/lopezama/PycharmProjects/sci-cluster/review_outputs/rmelts_parity_audit_v2/2026-02-26/kcp109c_phase7_parity_20260225_224621/runs/kcp109c_phase7_parity_liam_exact/runs/20260225_224621/parallel-results/Parallel_MELTS_KCP109C_dP25.0_02-25_11cores.xlsx,quartz,quartz
121,748,350,0,2.602542469798354,2.546210014948822,-42.31559508574171,-37.109935247733,5.097840511196896,3.012569673695217,0.1022124041033066,0,1.238394201272627e-06,0,1.45504891646578e-13,0,Success,99.99999999999999,0,0,0,0,0,0,0,0,0,0,0,0,0,0,0,0,0,0,KCP109C,/Users/lopezama/PycharmProjects/sci-cluster/review_outputs/rmelts_parity_audit_v2/2026-02-26/kcp109c_phase7_parity_20260225_224621/runs/kcp109c_phase7_parity_liam_exact/runs/20260225_224621/parallel-results/Parallel_MELTS_KCP109C_dP25.0_02-25_11cores.xlsx,quartz,quartz
122,747,350,0,3.041690411643287,2.546210014948822,-49.44988977669895,-43.37531404061422,5.954590732818442,3.52044932834814,0.1194595258751436,0,1.238394201272627e-06,0,1.700571033535845e-13,0,Success,100.0,0,0,0,0,0,0,0,0,0,0,0,0,0,0,0,0,0,0,KCP109C,/Users/lopezama/PycharmProjects/sci-cluster/review_outputs/rmelts_parity_audit_v2/2026-02-26/kcp109c_phase7_parity_20260225_224621/runs/kcp109c_phase7_parity_liam_exact/runs/20260225_224621/parallel-results/Parallel_MELTS_KCP109C_dP25.0_02-25_11cores.xlsx,quartz,quartz
123,746,350,0,3.478380483042934,2.546210014948822,-56.5425148137566,-49.60665618557729,6.805532677406962,4.025351951614372,0.13661011710037,0,1.238394201272627e-06,0,1.944718986007356e-13,0,Success,100.0,0,0,0,0,0,0,0,0,0,0,0,0,0,0,0,0,0,0,KCP109C,/Users/lopezama/PycharmProjects/sci-cluster/review_outputs/rmelts_parity_audit_v2/2026-02-26/kcp109c_phase7_parity_20260225_224621/runs/kcp109c_phase7_parity_liam_exact/runs/20260225_224621/parallel-results/Parallel_MELTS_KCP109C_dP25.0_02-25_11cores.xlsx,quartz,quartz
124,745,350,0,3.912993063451218,2.546210014948822,-63.59966859934352,-55.80937814382808,7.651417232741186,4.527718352164666,0.1536791168237498,0,1.238394201272627e-06,0,2.187705439271448e-13,0,Success,100.0,0,0,0,0,0,0,0,0,0,0,0,0,0,0,0,0,0,0,KCP109C,/Users/lopezama/PycharmProjects/sci-cluster/review_outputs/rmelts_parity_audit_v2/2026-02-26/kcp109c_phase7_parity_20260225_224621/runs/kcp109c_phase7_parity_liam_exact/runs/20260225_224621/parallel-results/Parallel_MELTS_KCP109C_dP25.0_02-25_11cores.xlsx,quartz,quartz
125,744,350,0,4.345942215921172,2.546210014948822,-70.62809395566019,-61.98937859265464,8.493059394391738,5.028028082465624,0.170682786981675,0,1.238394201272627e-06,0,2.429761890797864e-13,0,Success,100.0,0,0,0,0,0,0,0,0,0,0,0,0,0,0,0,0,0,0,KCP109C,/Users/lopezama/PycharmProjects/sci-cluster/review_outputs/rmelts_parity_audit_v2/2026-02-26/kcp109c_phase7_parity_20260225_224621/runs/kcp109c_phase7_parity_liam_exact/runs/20260225_224621/parallel-results/Parallel_MELTS_KCP109C_dP25.0_02-25_11cores.xlsx,quartz,quartz
126,743,350,0,4.777682385519169,2.546210014948822,-77.63518664616383,-68.15313417186806,9.331351153172038,5.526807160796146,0.1876389754760743,0,1.238394201272627e-06,0,2.67114241513451e-13,0,Success,100.0,0,0,0,0,0,0,0,0,0,0,0,0,0,0,0,0,0,0,KCP109C,/Users/lopezama/PycharmProjects/sci-cluster/review_outputs/rmelts_parity_audit_v2/2026-02-26/kcp109c_phase7_parity_20260225_224621/runs/kcp109c_phase7_parity_liam_exact/runs/20260225_224621/parallel-results/Parallel_MELTS_KCP109C_dP25.0_02-25_11cores.xlsx,quartz,quartz
127,742,350,0,5.208718537255693,2.546210014948822,-84.6291597030409,-74.30784434497194,10.16728105015905,6.024639765303516,0.2045675143320959,0,1.238394201272627e-06,0,2.91212933189764e-13,0,Success,99.99999999999999,0,0,0,0,0,0,0,0,0,0,0,0,0,0,0,0,0,0,KCP109C,/Users/lopezama/PycharmProjects/sci-cluster/review_outputs/rmelts_parity_audit_v2/2026-02-26/kcp109c_phase7_parity_20260225_224621/runs/kcp109c_phase7_parity_liam_exact/runs/20260225_224621/parallel-results/Parallel_MELTS_KCP109C_dP25.0_02-25_11cores.xlsx,quartz,quartz
128,741,350,0,5.639618559062971,2.546210014948822,-91.61924443382732,-80.46160864648236,11.00195808050581,6.522182538130989,0.2214907068133704,0,1.238394201272627e-06,0,3.153040140121392e-13,0,Success,100.0,0,0,0,0,0,0,0,0,0,0,0,0,0,0,0,0,0,0,KCP109C,/Users/lopezama/PycharmProjects/sci-cluster/review_outputs/rmelts_parity_audit_v2/2026-02-26/kcp109c_phase7_parity_20260225_224621/runs/kcp109c_phase7_parity_liam_exact/runs/20260225_224621/parallel-results/Parallel_MELTS_KCP109C_dP25.0_02-25_11cores.xlsx,quartz,quartz
129,740,350,0,6.071028411696333,2.546210014948822,-98.61593590395911,-86.62364320929538,11.83664086725927,7.020182054347154,0.2384339224201174,0,1.238394201272627e-06,0,3.394235988377991e-13,0,Success,100.0,0,0,0,0,0,0,0,0,0,0,0,0,0,0,0,0,0,0,KCP109C,/Users/lopezama/PycharmProjects/sci-cluster/review_outputs/rmelts_parity_audit_v2/2026-02-26/kcp109c_phase7_parity_20260225_224621/runs/kcp109c_phase7_parity_liam_exact/runs/20260225_224621/parallel-results/Parallel_MELTS_KCP109C_dP25.0_02-25_11cores.xlsx,quartz,quartz
130,739,350,0,6.503694420251939,2.546210014948822,-105.631354235557,-92.80459930445095,12.67278064625402,7.519500533752797,0.2554264723675067,0,1.238394201272627e-06,0,3.636134137686265e-13,0,Success,100.0,0,0,0,0,0,0,0,0,0,0,0,0,0,0,0,0,0,0,KCP109C,/Users/lopezama/PycharmProjects/sci-cluster/review_outputs/rmelts_parity_audit_v2/2026-02-26/kcp109c_phase7_parity_20260225_224621/runs/kcp109c_phase7_parity_liam_exact/runs/20260225_224621/parallel-results/Parallel_MELTS_KCP109C_dP25.0_02-25_11cores.xlsx,quartz,quartz
131,738,350,0,6.938492843455832,2.546210014948822,-112.6797238365569,-99.01698589406259,13.51207826978619,8.021149945219879,0.2725027708916341,0,1.238394201272627e-06,0,3.879224493331017e-13,0,Success,100.0,0,0,0,0,0,0,0,0,0,0,0,0,0,0,0,0,0,0,KCP109C,/Users/lopezama/PycharmProjects/sci-cluster/review_outputs/rmelts_parity_audit_v2/2026-02-26/kcp109c_phase7_parity_20260225_224621/runs/kcp109c_phase7_parity_liam_exact/runs/20260225_224621/parallel-results/Parallel_MELTS_KCP109C_dP25.0_02-25_11cores.xlsx,quartz,quartz
132,737,350,0,7.37647101112073,2.546210014948822,-119.7780401283641,-105.2757574880483,14.35656352058188,8.526339454800244,0.289703950884389,0,1.238394201272627e-06,0,4.124092604300155e-13,0,Success,100.0,0,0,0,0,0,0,0,0,0,0,0,0,0,0,0,0,0,0,KCP109C,/Users/lopezama/PycharmProjects/sci-cluster/review_outputs/rmelts_parity_audit_v2/2026-02-26/kcp109c_phase7_parity_20260225_224621/runs/kcp109c_phase7_parity_liam_exact/runs/20260225_224621/parallel-results/Parallel_MELTS_KCP109C_dP25.0_02-25_11cores.xlsx,quartz,quartz
133,736,350,0,7.818909688050065,2.546210014948822,-126.9470804261025,-111.5992052506694,15.20871542925548,9.03654736732809,0.3070803131770425,0,1.238394201272627e-06,0,4.371454530162775e-13,0,Success,100.0,0,0,0,0,0,0,0,0,0,0,0,0,0,0,0,0,0,0,KCP109C,/Users/lopezama/PycharmProjects/sci-cluster/review_outputs/rmelts_parity_audit_v2/2026-02-26/kcp109c_phase7_parity_20260225_224621/runs/kcp109c_phase7_parity_liam_exact/runs/20260225_224621/parallel-results/Parallel_MELTS_KCP109C_dP25.0_02-25_11cores.xlsx,quartz,quartz
134,735,350,0,8.267412082017161,2.546210014948822,-134.2128466330843,-118.0102288604547,16.07163395588915,9.553623798852092,0.3246948222447917,0,1.238394201272627e-06,0,4.622206604316131e-13,0,Success,100.0,0,0,0,0,0,0,0,0,0,0,0,0,0,0,0,0,0,0,KCP109C,/Users/lopezama/PycharmProjects/sci-cluster/review_outputs/rmelts_parity_audit_v2/2026-02-26/kcp109c_phase7_parity_20260225_224621/runs/kcp109c_phase7_parity_liam_exact/runs/20260225_224621/parallel-results/Parallel_MELTS_KCP109C_dP25.0_02-25_11cores.xlsx,quartz,quartz
135,734,350,0,8.775707465780737,2.546210014948822,-142.4474394348969,-125.27585057985,17.04968361718407,10.13964546831189,0.3446576446663268,0,1.238394201272627e-06,0,4.906388190581292e-13,0,Success,100.0,0,0,0,0,0,0,0,0,0,0,0,0,0,0,0,0,0,0,KCP109C,/Users/lopezama/PycharmProjects/sci-cluster/review_outputs/rmelts_parity_audit_v2/2026-02-26/kcp109c_phase7_parity_20260225_224621/runs/kcp109c_phase7_parity_liam_exact/runs/20260225_224621/parallel-results/Parallel_MELTS_KCP109C_dP25.0_02-25_11cores.xlsx,quartz,quartz
136,733,350,0,11.9038815907443,2.546210014948822,-193.200897030044,-169.9452255414001,23.11352332022456,13.75216821671824,0.467513736921012,0,1.238394201272627e-06,0,6.655311185638959e-13,0,Success,99.99999999999999,0,0,0,0,0,0,0,0,0,0,0,0,0,0,0,0,0,0,KCP109C,/Users/lopezama/PycharmProjects/sci-cluster/review_outputs/rmelts_parity_audit_v2/2026-02-26/kcp109c_phase7_parity_20260225_224621/runs/kcp109c_phase7_parity_liam_exact/runs/20260225_224621/parallel-results/Parallel_MELTS_KCP109C_dP25.0_02-25_11cores.xlsx,quartz,quartz
137,732,350,0,15.7655872144069,2.546210014948822,-255.8460682188649,-225.0949029530657,30.59360818365339,18.21103116025177,0.6191785878559505,0,1.238394201272627e-06,0,8.814342459336269e-13,0,Success,100.0,0,0,0,0,0,0,0,0,0,0,0,0,0,0,0,0,0,0,KCP109C,/Users/lopezama/PycharmProjects/sci-cluster/review_outputs/rmelts_parity_audit_v2/2026-02-26/kcp109c_phase7_parity_20260225_224621/runs/kcp109c_phase7_parity_liam_exact/runs/20260225_224621/parallel-results/Parallel_MELTS_KCP109C_dP25.0_02-25_11cores.xlsx,quartz,quartz
138,731,350,0,19.87847140835334,2.546210014948822,-322.551942330687,-283.8400190759783,38.55193273386315,22.95879247210101,0.7807082405475846,0,1.238394201272627e-06,0,1.111380452744795e-12,0,Success,100.0,0,0,0,0,0,0,0,0,0,0,0,0,0,0,0,0,0,0,KCP109C,/Users/lopezama/PycharmProjects/sci-cluster/review_outputs/rmelts_parity_audit_v2/2026-02-26/kcp109c_phase7_parity_20260225_224621/runs/kcp109c_phase7_parity_liam_exact/runs/20260225_224621/parallel-results/Parallel_MELTS_KCP109C_dP25.0_02-25_11cores.xlsx,quartz,quartz
139,730,350,0,24.03508190055895,2.546210014948822,-389.9513130487094,-343.2190405550866,46.58552808017022,27.75576463939887,0.9439552024164841,0,1.238394201272627e-06,0,1.343771342155436e-12,0,Success,100.0,0,0,0,0,0,0,0,0,0,0,0,0,0,0,0,0,0,0,KCP109C,/Users/lopezama/PycharmProjects/sci-cluster/review_outputs/rmelts_parity_audit_v2/2026-02-26/kcp109c_phase7_parity_20260225_224621/runs/kcp109c_phase7_parity_liam_exact/runs/20260225_224621/parallel-results/Parallel_MELTS_KCP109C_dP25.0_02-25_11cores.xlsx,quartz,quartz
140,729,350,0,27.34202467885996,2.546210014948822,-443.5510186629289,-390.4734905235853,52.96365627834517,31.57036879069231,1.073832265144457,0,1.238394201272627e-06,0,1.528658373288267e-12,0,Success,100.0,0,0,0,0,0,0,0,0,0,0,0,0,0,0,0,0,0,0,KCP109C,/Users/lopezama/PycharmProjects/sci-cluster/review_outputs/rmelts_parity_audit_v2/2026-02-26/kcp109c_phase7_parity_20260225_224621/runs/kcp109c_phase7_parity_liam_exact/runs/20260225_224621/parallel-results/Parallel_MELTS_KCP109C_dP25.0_02-25_11cores.xlsx,quartz,quartz
141,728,350,0,29.37680869535798,2.546210014948822,-476.5030437421712,-419.5663101195694,56.87133159127187,33.91523687993967,1.153746490779883,0,1.238394201272627e-06,0,1.642420600525877e-12,0,Success,100.0,0,0,0,0,0,0,0,0,0,0,0,0,0,0,0,0,0,0,KCP109C,/Users/lopezama/PycharmProjects/sci-cluster/review_outputs/rmelts_parity_audit_v2/2026-02-26/kcp109c_phase7_parity_20260225_224621/runs/kcp109c_phase7_parity_liam_exact/runs/20260225_224621/parallel-results/Parallel_MELTS_KCP109C_dP25.0_02-25_11cores.xlsx,quartz,quartz
142,727,350,0,30.47482958690177,2.546210014948822,-494.2543820348302,-435.2836764854897,58.96186127015004,35.17812124166883,1.196870227042694,0,1.238394201272627e-06,0,1.703809574079165e-12,0,Success,100.0,0,0,0,0,0,0,0,0,0,0,0,0,0,0,0,0,0,0,KCP109C,/Users/lopezama/PycharmProjects/sci-cluster/review_outputs/rmelts_parity_audit_v2/2026-02-26/kcp109c_phase7_parity_20260225_224621/runs/kcp109c_phase7_parity_liam_exact/runs/20260225_224621/parallel-results/Parallel_MELTS_KCP109C_dP25.0_02-25_11cores.xlsx,quartz,quartz
143,725,350,0,31.48326126872522,2.546210014948822,-510.4878237653377,-449.7601673718784,60.84021078340869,36.33229909529732,1.236475431479992,0,1.238394201272627e-06,0,1.760189727063975e-12,0,Success,100.0,0,0,0,0,0,0,0,0,0,0,0,0,0,0,0,0,0,0,KCP109C,/Users/lopezama/PycharmProjects/sci-cluster/review_outputs/rmelts_parity_audit_v2/2026-02-26/kcp109c_phase7_parity_20260225_224621/runs/kcp109c_phase7_parity_liam_exact/runs/20260225_224621/parallel-results/Parallel_MELTS_KCP109C_dP25.0_02-25_11cores.xlsx,quartz,quartz
163,756,325,0,0.02533864248407071,2.545421842800536,-0.4126361412118458,-0.3613205104866424,0.04986214907953494,0.02936077122411498,0.000995459458153801,0,1.238366638203147e-06,0,1.416651782593868e-15,0,Success,100.0,0,0,0,0,0,0,0,0,0,0,0,0,0,0,0,0,0,0,KCP109C,/Users/lopezama/PycharmProjects/sci-cluster/review_outputs/rmelts_parity_audit_v2/2026-02-26/kcp109c_phase7_parity_20260225_224621/runs/kcp109c_phase7_parity_liam_exact/runs/20260225_224621/parallel-results/Parallel_MELTS_KCP109C_dP25.0_02-25_11cores.xlsx,quartz,quartz
164,755,325,0,0.4882363113578271,2.545421842800536,-7.94989747771756,-6.962651114934627,0.9602162746514927,0.565664642382669,0.01918095865872894,0,1.238366638203147e-06,0,2.729668099808177e-14,0,Success,100.0,0,0,0,0,0,0,0,0,0,0,0,0,0,0,0,0,0,0,KCP109C,/Users/lopezama/PycharmProjects/sci-cluster/review_outputs/rmelts_parity_audit_v2/2026-02-26/kcp109c_phase7_parity_20260225_224621/runs/kcp109c_phase7_parity_liam_exact/runs/20260225_224621/parallel-results/Parallel_MELTS_KCP109C_dP25.0_02-25_11cores.xlsx,quartz,quartz
165,754,325,0,0.9477306513521837,2.545421842800537,-15.42992926555818,-13.51651605255347,1.862837183473402,1.097889419462256,0.03723275393557034,0,1.238366638203147e-06,0,5.298643435617969e-14,0,Success,100.0,0,0,0,0,0,0,0,0,0,0,0,0,0,0,0,0,0,0,KCP109C,/Users/lopezama/PycharmProjects/sci-cluster/review_outputs/rmelts_parity_audit_v2/2026-02-26/kcp109c_phase7_parity_20260225_224621/runs/kcp109c_phase7_parity_liam_exact/runs/20260225_224621/parallel-results/Parallel_MELTS_KCP109C_dP25.0_02-25_11cores.xlsx,quartz,quartz
166,753,325,0,1.404153048381316,2.545421842800537,-22.85814775090726,-20.02762989471393,2.758386060705866,1.626420007469389,0.05516386418828057,0,1.238366638203147e-06,0,7.85044392285232e-14,0,Success,100.0,0,0,0,0,0,0,0,0,0,0,0,0,0,0,0,0,0,0,KCP109C,/Users/lopezama/PycharmProjects/sci-cluster/review_outputs/rmelts_parity_audit_v2/2026-02-26/kcp109c_phase7_parity_20260225_224621/runs/kcp109c_phase7_parity_liam_exact/runs/20260225_224621/parallel-results/Parallel_MELTS_KCP109C_dP25.0_02-25_11cores.xlsx,quartz,quartz
167,752,325,0,1.857840027285804,2.545421842800537,-30.24005020171563,-26.50078205365468,3.647532700639852,2.151647071343663,0.07298751020545034,0,1.238366638203147e-06,0,1.038695102976902e-13,0,Success,99.99999999999999,0,0,0,0,0,0,0,0,0,0,0,0,0,0,0,0,0,0,KCP109C,/Users/lopezama/PycharmProjects/sci-cluster/review_outputs/rmelts_parity_audit_v2/2026-02-26/kcp109c_phase7_parity_20260225_224621/runs/kcp109c_phase7_parity_liam_exact/runs/20260225_224621/parallel-results/Parallel_MELTS_KCP109C_dP25.0_02-25_11cores.xlsx,quartz,quartz
168,751,325,0,2.309157197282433,2.545421842800536,-37.58160457392773,-32.94117840449564,4.531002460022544,2.673994759833004,0.090718055390844,0,1.238366638203147e-06,0,1.291020883173249e-13,0,Success,100.0,0,0,0,0,0,0,0,0,0,0,0,0,0,0,0,0,0,0,KCP109C,/Users/lopezama/PycharmProjects/sci-cluster/review_outputs/rmelts_parity_audit_v2/2026-02-26/kcp109c_phase7_parity_20260225_224621/runs/kcp109c_phase7_parity_liam_exact/runs/20260225_224621/parallel-results/Parallel_MELTS_KCP109C_dP25.0_02-25_11cores.xlsx,quartz,quartz
169,750,325,0,2.758497904475843,2.545421842800536,-44.88922730222665,-39.35442222903765,5.409573447870792,3.193919122605439,0.1083709528256769,0,1.238366638203147e-06,0,1.542241647757505e-13,0,Success,100.0,0,0,0,0,0,0,0,0,0,0,0,0,0,0,0,0,0,0,KCP109C,/Users/lopezama/PycharmProjects/sci-cluster/review_outputs/rmelts_parity_audit_v2/2026-02-26/kcp109c_phase7_parity_20260225_224621/runs/kcp109c_phase7_parity_liam_exact/runs/20260225_224621/parallel-results/Parallel_MELTS_KCP109C_dP25.0_02-25_11cores.xlsx,quartz,quartz
170,749,325,0,3.206275762934962,2.545421842800536,-52.16966150459172,-45.7464078108996,6.284061726451223,3.711899441643356,0.1259624518428481,0,1.238366638203147e-06,0,1.792588643178021e-13,0,Success,100.0,0,0,0,0,0,0,0,0,0,0,0,0,0,0,0,0,0,0,KCP109C,/Users/lopezama/PycharmProjects/sci-cluster/review_outputs/rmelts_parity_audit_v2/2026-02-26/kcp109c_phase7_parity_20260225_224621/runs/kcp109c_phase7_parity_liam_exact/runs/20260225_224621/parallel-results/Parallel_MELTS_KCP109C_dP25.0_02-25_11cores.xlsx,quartz,quartz
171,748,325,0,3.652957975914402,2.545421842800536,-59.43051889610097,-52.12379601037432,7.155386462054203,4.228476785769972,0.1435109070917427,0,1.238366638203147e-06,0,2.042323076926043e-13,0,Success,100.0,0,0,0,0,0,0,0,0,0,0,0,0,0,0,0,0,0,0,KCP109C,/Users/lopezama/PycharmProjects/sci-cluster/review_outputs/rmelts_parity_audit_v2/2026-02-26/kcp109c_phase7_parity_20260225_224621/runs/kcp109c_phase7_parity_liam_exact/runs/20260225_224621/parallel-results/Parallel_MELTS_KCP109C_dP25.0_02-25_11cores.xlsx,quartz,quartz
172,747,325,0,4.099046374557078,2.545421842800537,-66.67997082185713,-58.49374399461135,8.024532497422706,4.744232023396886,0.1610360336205493,0,1.238366638203147e-06,0,2.291725516511696e-13,0,Success,100.0,0,0,0,0,0,0,0,0,0,0,0,0,0,0,0,0,0,0,KCP109C,/Users/lopezama/PycharmProjects/sci-cluster/review_outputs/rmelts_parity_audit_v2/2026-02-26/kcp109c_phase7_parity_20260225_224621/runs/kcp109c_phase7_parity_liam_exact/runs/20260225_224621/parallel-results/Parallel_MELTS_KCP109C_dP25.0_02-25_11cores.xlsx,quartz,quartz
173,746,325,0,4.545103831425482,2.545421842800536,-73.9271775456949,-64.86428239122766,8.892601829433595,5.259816362042502,0.1785599445640353,0,1.238366638203147e-06,0,2.541110656938681e-13,0,Success,100.0,0,0,0,0,0,0,0,0,0,0,0,0,0,0,0,0,0,0,KCP109C,/Users/lopezama/PycharmProjects/sci-cluster/review_outputs/rmelts_parity_audit_v2/2026-02-26/kcp109c_phase7_parity_20260225_224621/runs/kcp109c_phase7_parity_liam_exact/runs/20260225_224621/parallel-results/Parallel_MELTS_KCP109C_dP25.0_02-25_11cores.xlsx,quartz,quartz
174,745,325,0,4.991759945474993,2.545421842800536,-81.18238011520263,-71.24439677894803,9.760824373868893,5.775957878850296,0.1961073744846526,0,1.238366638203147e-06,0,2.790830499101683e-13,0,Success,100.0,0,0,0,0,0,0,0,0,0,0,0,0,0,0,0,0,0,0,KCP109C,/Users/lopezama/PycharmProjects/sci-cluster/review_outputs/rmelts_parity_audit_v2/2026-02-26/kcp109c_phase7_parity_20260225_224621/runs/kcp109c_phase7_parity_liam_exact/runs/20260225_224621/parallel-results/Parallel_MELTS_KCP109C_dP25.0_02-25_11cores.xlsx,quartz,quartz
175,744,325,0,5.439734094318967,2.545421842800536,-88.45727457626153,-77.64435711060723,10.63060263054053,6.293488138701376,0.2137065850088737,0,1.238366638203147e-06,0,3.041287238019226e-13,0,Success,100.0,0,0,0,0,0,0,0,0,0,0,0,0,0,0,0,0,0,0,KCP109C,/Users/lopezama/PycharmProjects/sci-cluster/review_outputs/rmelts_parity_audit_v2/2026-02-26/kcp109c_phase7_parity_20260225_224621/runs/kcp109c_phase7_parity_liam_exact/runs/20260225_224621/parallel-results/Parallel_MELTS_KCP109C_dP25.0_02-25_11cores.xlsx,quartz,quartz
176,743,325,0,5.889857635292794,2.545421842800536,-95.76537207852115,-84.07603514535683,11.50355452754448,6.813367806422064,0.2313902370230558,0,1.238366638203147e-06,0,3.292945675170668e-13,0,Success,100.0,0,0,0,0,0,0,0,0,0,0,0,0,0,0,0,0,0,0,KCP109C,/Users/lopezama/PycharmProjects/sci-cluster/review_outputs/rmelts_parity_audit_v2/2026-02-26/kcp109c_phase7_parity_20260225_224621/runs/kcp109c_phase7_parity_liam_exact/runs/20260225_224621/parallel-results/Parallel_MELTS_KCP109C_dP25.0_02-25_11cores.xlsx,quartz,quartz
177,742,325,0,6.343106251795124,2.545421842800537,-103.1225236583311,-90.55336686741538,12.38157591579153,7.336723972849658,0.2491966614388867,0,1.238366638203147e-06,0,3.546351302930674e-13,0,Success,100.0,0,0,0,0,0,0,0,0,0,0,0,0,0,0,0,0,0,0,KCP109C,/Users/lopezama/PycharmProjects/sci-cluster/review_outputs/rmelts_parity_audit_v2/2026-02-26/kcp109c_phase7_parity_20260225_224621/runs/kcp109c_phase7_parity_liam_exact/runs/20260225_224621/parallel-results/Parallel_MELTS_KCP109C_dP25.0_02-25_11cores.xlsx,quartz,quartz
178,741,325,0,6.80065126055637,2.545421842800536,-110.5477528635779,-97.09308583470643,13.26693983027315,7.864909379064264,0.2671718748619728,0,1.238366638203147e-06,0,3.802158989820779e-13,0,Success,100.0,0,0,0,0,0,0,0,0,0,0,0,0,0,0,0,0,0,0,KCP109C,/Users/lopezama/PycharmProjects/sci-cluster/review_outputs/rmelts_parity_audit_v2/2026-02-26/kcp109c_phase7_parity_20260225_224621/runs/kcp109c_phase7_parity_liam_exact/runs/20260225_224621/parallel-results/Parallel_MELTS_KCP109C_dP25.0_02-25_11cores.xlsx,quartz,quartz
179,740,325,0,7.263925754416427,2.545421842800537,-118.0643289098071,-103.7156687072883,14.16242432267557,8.399578747979508,0.2853721780914897,0,1.238366638203147e-06,0,4.061169960108436e-13,0,Success,100.0,0,0,0,0,0,0,0,0,0,0,0,0,0,0,0,0,0,0,KCP109C,/Users/lopezama/PycharmProjects/sci-cluster/review_outputs/rmelts_parity_audit_v2/2026-02-26/kcp109c_phase7_parity_20260225_224621/runs/kcp109c_phase7_parity_liam_exact/runs/20260225_224621/parallel-results/Parallel_MELTS_KCP109C_dP25.0_02-25_11cores.xlsx,quartz,quartz
180,739,325,0,7.734732334065225,2.545421842800537,-125.7015149519771,-110.4468750971555,15.07152087617608,8.942813139148907,0.3038683884929376,0,1.238366638203147e-06,0,4.324392025274589e-13,0,Success,100.0,0,0,0,0,0,0,0,0,0,0,0,0,0,0,0,0,0,0,KCP109C,/Users/lopezama/PycharmProjects/sci-cluster/review_outputs/rmelts_parity_audit_v2/2026-02-26/kcp109c_phase7_parity_20260225_224621/runs/kcp109c_phase7_parity_liam_exact/runs/20260225_224621/parallel-results/Parallel_MELTS_KCP109C_dP25.0_02-25_11cores.xlsx,quartz,quartz
181,738,325,0,8.215406611699342,2.545421842800536,-133.4972213739119,-117.3200846153795,15.9987506883572,9.497308677855479,0.3227522634386035,0,1.238366638203147e-06,0,4.593130996861356e-13,0,Success,100.0,0,0,0,0,0,0,0,0,0,0,0,0,0,0,0,0,0,0,KCP109C,/Users/lopezama/PycharmProjects/sci-cluster/review_outputs/rmelts_parity_audit_v2/2026-02-26/kcp109c_phase7_parity_20260225_224621/runs/kcp109c_phase7_parity_liam_exact/runs/20260225_224621/parallel-results/Parallel_MELTS_KCP109C_dP25.0_02-25_11cores.xlsx,quartz,quartz
182,737,325,0,9.560422155601294,2.545421842800536,-155.3345979513481,-136.5386257239453,18.60711006029085,11.0507320515403,0.3755928386739497,0,1.238366638203147e-06,0,5.345112350670273e-13,0,Success,100.0,0,0,0,0,0,0,0,0,0,0,0,0,0,0,0,0,0,0,KCP109C,/Users/lopezama/PycharmProjects/sci-cluster/review_outputs/rmelts_parity_audit_v2/2026-02-26/kcp109c_phase7_parity_20260225_224621/runs/kcp109c_phase7_parity_liam_exact/runs/20260225_224621/parallel-results/Parallel_MELTS_KCP109C_dP25.0_02-25_11cores.xlsx,quartz,quartz
183,736,325,0,14.10606114730521,2.545421842800536,-229.1632006917129,-201.4741654753643,27.43797772020875,16.30279601756589,0.5541738076618911,0,1.238366638203147e-06,0,7.886522209021534e-13,0,Success,100.0,0,0,0,0,0,0,0,0,0,0,0,0,0,0,0,0,0,0,KCP109C,/Users/lopezama/PycharmProjects/sci-cluster/review_outputs/rmelts_parity_audit_v2/2026-02-26/kcp109c_phase7_parity_20260225_224621/runs/kcp109c_phase7_parity_liam_exact/runs/20260225_224621/parallel-results/Parallel_MELTS_KCP109C_dP25.0_02-25_11cores.xlsx,quartz,quartz
184,735,325,0,18.77232765846039,2.545421842800536,-304.9335829964619,-268.1432492456873,36.49291648145073,21.69285315628764,0.7374937757981448,0,1.238366638203147e-06,0,1.049537340349329e-12,0,Success,100.0,0,0,0,0,0,0,0,0,0,0,0,0,0,0,0,0,0,0,KCP109C,/Users/lopezama/PycharmProjects/sci-cluster/review_outputs/rmelts_parity_audit_v2/2026-02-26/kcp109c_phase7_parity_20260225_224621/runs/kcp109c_phase7_parity_liam_exact/runs/20260225_224621/parallel-results/Parallel_MELTS_KCP109C_dP25.0_02-25_11cores.xlsx,quartz,quartz
185,734,325,0,23.88691671905405,2.545421842800536,-387.9674267461895,-341.2274556938555,46.40815276009927,27.59946908061069,0.9384266418006797,0,1.238366638203147e-06,0,1.335487612329372e-12,0,Success,100.0,0,0,0,0,0,0,0,0,0,0,0,0,0,0,0,0,0,0,KCP109C,/Users/lopezama/PycharmProjects/sci-cluster/review_outputs/rmelts_parity_audit_v2/2026-02-26/kcp109c_phase7_parity_20260225_224621/runs/kcp109c_phase7_parity_liam_exact/runs/20260225_224621/parallel-results/Parallel_MELTS_KCP109C_dP25.0_02-25_11cores.xlsx,quartz,quartz
186,733,325,0,27.57676305766946,2.545421842800536,-447.8437513982798,-393.9692116105202,53.54523658277557,31.85853971670256,1.083386753188573,0,1.238366638203147e-06,0,1.541782302204061e-12,0,Success,100.0,0,0,0,0,0,0,0,0,0,0,0,0,0,0,0,0,0,0,KCP109C,/Users/lopezama/PycharmProjects/sci-cluster/review_outputs/rmelts_parity_audit_v2/2026-02-26/kcp109c_phase7_parity_20260225_224621/runs/kcp109c_phase7_parity_liam_exact/runs/20260225_224621/parallel-results/Parallel_MELTS_KCP109C_dP25.0_02-25_11cores.xlsx,quartz,quartz
187,732,325,0,29.54112467768056,2.545421842800536,-479.6874364779519,-422.0667468869673,57.3254634541954,34.12333043468952,1.160559094015579,0,1.238366638203147e-06,0,1.651607301408226e-12,0,Success,100.0,0,0,0,0,0,0,0,0,0,0,0,0,0,0,0,0,0,0,KCP109C,/Users/lopezama/PycharmProjects/sci-cluster/review_outputs/rmelts_parity_audit_v2/2026-02-26/kcp109c_phase7_parity_20260225_224621/runs/kcp109c_phase7_parity_liam_exact/runs/20260225_224621/parallel-results/Parallel_MELTS_KCP109C_dP25.0_02-25_11cores.xlsx,quartz,quartz
188,731,325,0,30.54409216894863,2.545421842800536,-495.9143227038412,-436.4318540753826,59.23663658662407,35.2771326803798,1.199961894541742,0,1.238366638203147e-06,0,1.707681958339111e-12,0,Success,100.0,0,0,0,0,0,0,0,0,0,0,0,0,0,0,0,0,0,0,KCP109C,/Users/lopezama/PycharmProjects/sci-cluster/review_outputs/rmelts_parity_audit_v2/2026-02-26/kcp109c_phase7_parity_20260225_224621/runs/kcp109c_phase7_parity_liam_exact/runs/20260225_224621/parallel-results/Parallel_MELTS_KCP109C_dP25.0_02-25_11cores.xlsx,quartz,quartz
207,758,300,0,0.2248048607664089,2.544633932192805,-3.664008296800906,-3.207328854927467,0.4428836171977295,0.2605552022018007,0.008834467619186631,0,1.238338982083055e-06,0,1.256855835669601e-14,0,Success,100.0,0,0,0,0,0,0,0,0,0,0,0,0,0,0,0,0,0,0,KCP109C,/Users/lopezama/PycharmProjects/sci-cluster/review_outputs/rmelts_parity_audit_v2/2026-02-26/kcp109c_phase7_parity_20260225_224621/runs/kcp109c_phase7_parity_liam_exact/runs/20260225_224621/parallel-results/Parallel_MELTS_KCP109C_dP25.0_02-25_11cores.xlsx,quartz,quartz
208,757,300,0,0.6922400056469876,2.544633932192805,-11.28119125693285,-9.877107160472544,1.36298994948338,0.8022243509231066,0.0272039131793884,0,1.238338982083055e-06,0,3.870227217575266e-14,0,Success,100.0,0,0,0,0,0,0,0,0,0,0,0,0,0,0,0,0,0,0,KCP109C,/Users/lopezama/PycharmProjects/sci-cluster/review_outputs/rmelts_parity_audit_v2/2026-02-26/kcp109c_phase7_parity_20260225_224621/runs/kcp109c_phase7_parity_liam_exact/runs/20260225_224621/parallel-results/Parallel_MELTS_KCP109C_dP25.0_02-25_11cores.xlsx,quartz,quartz
209,756,300,0,1.157341214837876,2.544633932192805,-18.85850354493125,-16.51466470506386,2.277451139160846,1.341051741759891,0.04548163883991566,0,1.238338982083055e-06,0,6.470549857199896e-14,0,Success,100.0,0,0,0,0,0,0,0,0,0,0,0,0,0,0,0,0,0,0,KCP109C,/Users/lopezama/PycharmProjects/sci-cluster/review_outputs/rmelts_parity_audit_v2/2026-02-26/kcp109c_phase7_parity_20260225_224621/runs/kcp109c_phase7_parity_liam_exact/runs/20260225_224621/parallel-results/Parallel_MELTS_KCP109C_dP25.0_02-25_11cores.xlsx,quartz,quartz
210,755,300,0,1.620509098440895,2.544633932192805,-26.40248753920238,-23.12571013433644,3.187061620255745,1.877502099542959,0.06368338793016261,0,1.238338982083055e-06,0,9.060063515474749e-14,0,Success,100.0,0,0,0,0,0,0,0,0,0,0,0,0,0,0,0,0,0,0,KCP109C,/Users/lopezama/PycharmProjects/sci-cluster/review_outputs/rmelts_parity_audit_v2/2026-02-26/kcp109c_phase7_parity_20260225_224621/runs/kcp109c_phase7_parity_liam_exact/runs/20260225_224621/parallel-results/Parallel_MELTS_KCP109C_dP25.0_02-25_11cores.xlsx,quartz,quartz
211,754,300,0,2.082145089861509,2.544633932192805,-33.91969586576002,-29.71596570186834,4.092615649020762,2.412040869083126,0.08182493613402567,0,1.238338982083055e-06,0,1.16410125563187e-13,0,Success,100.0,0,0,0,0,0,0,0,0,0,0,0,0,0,0,0,0,0,0,KCP109C,/Users/lopezama/PycharmProjects/sci-cluster/review_outputs/rmelts_parity_audit_v2/2026-02-26/kcp109c_phase7_parity_20260225_224621/runs/kcp109c_phase7_parity_liam_exact/runs/20260225_224621/parallel-results/Parallel_MELTS_KCP109C_dP25.0_02-25_11cores.xlsx,quartz,quartz
212,753,300,0,2.542726345725574,2.544633932192805,-41.41791142294245,-36.29223631702271,4.99505443250962,2.945220969306004,0.09992503493555213,0,1.238338982083055e-06,0,1.421606470269686e-13,0,Success,100.0,0,0,0,0,0,0,0,0,0,0,0,0,0,0,0,0,0,0,KCP109C,/Users/lopezama/PycharmProjects/sci-cluster/review_outputs/rmelts_parity_audit_v2/2026-02-26/kcp109c_phase7_parity_20260225_224621/runs/kcp109c_phase7_parity_liam_exact/runs/20260225_224621/parallel-results/Parallel_MELTS_KCP109C_dP25.0_02-25_11cores.xlsx,quartz,quartz
213,752,300,0,3.0027255207948,2.544633932192805,-48.9048400311276,-42.86126484038249,5.895308189772339,3.477589823654445,0.1180022589028057,0,1.238338982083055e-06,0,1.678786250821543e-13,0,Success,100.0,0,0,0,0,0,0,0,0,0,0,0,0,0,0,0,0,0,0,KCP109C,/Users/lopezama/PycharmProjects/sci-cluster/review_outputs/rmelts_parity_audit_v2/2026-02-26/kcp109c_phase7_parity_20260225_224621/runs/kcp109c_phase7_parity_liam_exact/runs/20260225_224621/parallel-results/Parallel_MELTS_KCP109C_dP25.0_02-25_11cores.xlsx,quartz,quartz
214,751,300,0,3.46270122857322,2.544633932192805,-56.38958362005327,-49.43102340730285,6.794473673534564,4.009794114913001,0.1360785606434668,0,1.238338982083055e-06,0,1.935952911104872e-13,0,Success,100.0,0,0,0,0,0,0,0,0,0,0,0,0,0,0,0,0,0,0,KCP109C,/Users/lopezama/PycharmProjects/sci-cluster/review_outputs/rmelts_parity_audit_v2/2026-02-26/kcp109c_phase7_parity_20260225_224621/runs/kcp109c_phase7_parity_liam_exact/runs/20260225_224621/parallel-results/Parallel_MELTS_KCP109C_dP25.0_02-25_11cores.xlsx,quartz,quartz
215,750,300,0,3.923252855254778,2.544633932192805,-63.88190363143754,-56.01006882908577,7.693725067049575,4.542527401192868,0.1541774950660179,0,1.238338982083055e-06,0,2.193441560437644e-13,0,Success,100.0,0,0,0,0,0,0,0,0,0,0,0,0,0,0,0,0,0,0,KCP109C,/Users/lopezama/PycharmProjects/sci-cluster/review_outputs/rmelts_parity_audit_v2/2026-02-26/kcp109c_phase7_parity_20260225_224621/runs/kcp109c_phase7_parity_liam_exact/runs/20260225_224621/parallel-results/Parallel_MELTS_KCP109C_dP25.0_02-25_11cores.xlsx,quartz,quartz
216,749,300,0,4.385053584424843,2.544633932192805,-71.3927582985383,-62.60801434145214,8.59437847388951,5.076568316351939,0.1723255171971271,0,1.238338982083055e-06,0,2.451628567335584e-13,0,Success,100.0,0,0,0,0,0,0,0,0,0,0,0,0,0,0,0,0,0,0,KCP109C,/Users/lopezama/PycharmProjects/sci-cluster/review_outputs/rmelts_parity_audit_v2/2026-02-26/kcp109c_phase7_parity_20260225_224621/runs/kcp109c_phase7_parity_liam_exact/runs/20260225_224621/parallel-results/Parallel_MELTS_KCP109C_dP25.0_02-25_11cores.xlsx,quartz,quartz
217,748,300,0,4.8488769213478,2.544633932192805,-78.93473371811392,-69.23590876450488,9.49794344964896,5.612811216050899,0.1905530245432727,0,1.238338982083055e-06,0,2.710946388909339e-13,0,Success,100.0,0,0,0,0,0,0,0,0,0,0,0,0,0,0,0,0,0,0,KCP109C,/Users/lopezama/PycharmProjects/sci-cluster/review_outputs/rmelts_parity_audit_v2/2026-02-26/kcp109c_phase7_parity_20260225_224621/runs/kcp109c_phase7_parity_liam_exact/runs/20260225_224621/parallel-results/Parallel_MELTS_KCP109C_dP25.0_02-25_11cores.xlsx,quartz,quartz
218,747,300,0,5.315612271347391,2.544633932192805,-86.52229644531918,-75.90645954017002,10.40615292373587,6.152284130821218,0.208894969295907,0,1.238338982083055e-06,0,2.971892280541917e-13,0,Success,100.0,0,0,0,0,0,0,0,0,0,0,0,0,0,0,0,0,0,0,KCP109C,/Users/lopezama/PycharmProjects/sci-cluster/review_outputs/rmelts_parity_audit_v2/2026-02-26/kcp109c_phase7_parity_20260225_224621/runs/kcp109c_phase7_parity_liam_exact/runs/20260225_224621/parallel-results/Parallel_MELTS_KCP109C_dP25.0_02-25_11cores.xlsx,quartz,quartz
219,746,300,0,5.786305626260221,2.544633932192805,-94.17245454271628,-82.6346144476412,11.3210421381299,6.696195760886894,0.2273924572433076,0,1.238338982083055e-06,0,3.235051043175527e-13,0,Success,100.0,0,0,0,0,0,0,0,0,0,0,0,0,0,0,0,0,0,0,KCP109C,/Users/lopezama/PycharmProjects/sci-cluster/review_outputs/rmelts_parity_audit_v2/2026-02-26/kcp109c_phase7_parity_20260225_224621/runs/kcp109c_phase7_parity_liam_exact/runs/20260225_224621/parallel-results/Parallel_MELTS_KCP109C_dP25.0_02-25_11cores.xlsx,quartz,quartz
220,745,300,0,6.262209420091555,2.544633932192805,-101.9055673651463,-89.43827455764236,12.24504523646213,7.245993043350678,0.2460947070172556,0,1.238338982083055e-06,0,3.501122896984656e-13,0,Success,100.0,0,0,0,0,0,0,0,0,0,0,0,0,0,0,0,0,0,0,KCP109C,/Users/lopezama/PycharmProjects/sci-cluster/review_outputs/rmelts_parity_audit_v2/2026-02-26/kcp109c_phase7_parity_20260225_224621/runs/kcp109c_phase7_parity_liam_exact/runs/20260225_224621/parallel-results/Parallel_MELTS_KCP109C_dP25.0_02-25_11cores.xlsx,quartz,quartz
221,744,300,0,6.744862607634016,2.544633932192805,-109.7466465247864,-96.33943921851542,13.18115057392808,7.803453639884124,0.2650621970532995,0,1.238338982083055e-06,0,3.770968252329357e-13,0,Success,100.0,0,0,0,0,0,0,0,0,0,0,0,0,0,0,0,0,0,0,KCP109C,/Users/lopezama/PycharmProjects/sci-cluster/review_outputs/rmelts_parity_audit_v2/2026-02-26/kcp109c_phase7_parity_20260225_224621/runs/kcp109c_phase7_parity_liam_exact/runs/20260225_224621/parallel-results/Parallel_MELTS_KCP109C_dP25.0_02-25_11cores.xlsx,quartz,quartz
222,743,300,0,7.236195846551087,2.544633932192805,-117.7270643341664,-103.3657101890598,14.13310450731348,8.370807390390397,0.284370799076604,0,1.238338982083055e-06,0,4.045666515741481e-13,0,Success,100.0,0,0,0,0,0,0,0,0,0,0,0,0,0,0,0,0,0,0,KCP109C,/Users/lopezama/PycharmProjects/sci-cluster/review_outputs/rmelts_parity_audit_v2/2026-02-26/kcp109c_phase7_parity_20260225_224621/runs/kcp109c_phase7_parity_liam_exact/runs/20260225_224621/parallel-results/Parallel_MELTS_KCP109C_dP25.0_02-25_11cores.xlsx,quartz,quartz
223,742,300,0,7.738727739177802,2.544633932192805,-125.8877423121512,-110.5530973519777,15.10579220821896,8.950962993456766,0.304119490087482,0,1.238338982083055e-06,0,4.3266258062589e-13,0,Success,100.0,0,0,0,0,0,0,0,0,0,0,0,0,0,0,0,0,0,0,KCP109C,/Users/lopezama/PycharmProjects/sci-cluster/review_outputs/rmelts_parity_audit_v2/2026-02-26/kcp109c_phase7_parity_20260225_224621/runs/kcp109c_phase7_parity_liam_exact/runs/20260225_224621/parallel-results/Parallel_MELTS_KCP109C_dP25.0_02-25_11cores.xlsx,quartz,quartz
224,741,300,0,8.255856508692204,2.544633932192805,-134.2838896665596,-117.9501892448285,16.10580330496577,9.547844875390645,0.3244418147634237,0,1.238338982083055e-06,0,4.6157460279218e-13,0,Success,100.0,0,0,0,0,0,0,0,0,0,0,0,0,0,0,0,0,0,0,KCP109C,/Users/lopezama/PycharmProjects/sci-cluster/review_outputs/rmelts_parity_audit_v2/2026-02-26/kcp109c_phase7_parity_20260225_224621/runs/kcp109c_phase7_parity_liam_exact/runs/20260225_224621/parallel-results/Parallel_MELTS_KCP109C_dP25.0_02-25_11cores.xlsx,quartz,quartz
225,740,300,0,11.69182478626181,2.544633932192805,-190.1481035636719,-167.0528756280809,22.79546753747323,13.51974212292517,0.4594698136476759,0,1.238338982083055e-06,0,6.536752880761289e-13,0,Success,100.0,0,0,0,0,0,0,0,0,0,0,0,0,0,0,0,0,0,0,KCP109C,/Users/lopezama/PycharmProjects/sci-cluster/review_outputs/rmelts_parity_audit_v2/2026-02-26/kcp109c_phase7_parity_20260225_224621/runs/kcp109c_phase7_parity_liam_exact/runs/20260225_224621/parallel-results/Parallel_MELTS_KCP109C_dP25.0_02-25_11cores.xlsx,quartz,quartz
226,739,300,0,17.11920204080945,2.544633932192805,-278.3820093205213,-244.6190747475518,33.35763925600894,19.79303463004678,0.6727569661093534,0,1.238338982083055e-06,0,9.571131564346208e-13,0,Success,100.0,0,0,0,0,0,0,0,0,0,0,0,0,0,0,0,0,0,0,KCP109C,/Users/lopezama/PycharmProjects/sci-cluster/review_outputs/rmelts_parity_audit_v2/2026-02-26/kcp109c_phase7_parity_20260225_224621/runs/kcp109c_phase7_parity_liam_exact/runs/20260225_224621/parallel-results/Parallel_MELTS_KCP109C_dP25.0_02-25_11cores.xlsx,quartz,quartz
227,738,300,0,23.06801331399217,2.544633932192805,-375.0730094326585,-329.6492801194107,44.92283965113761,26.66746192645801,0.906535632577752,0,1.238338982083055e-06,0,1.289703748048466e-12,0,Success,100.0,0,0,0,0,0,0,0,0,0,0,0,0,0,0,0,0,0,0,KCP109C,/Users/lopezama/PycharmProjects/sci-cluster/review_outputs/rmelts_parity_audit_v2/2026-02-26/kcp109c_phase7_parity_20260225_224621/runs/kcp109c_phase7_parity_liam_exact/runs/20260225_224621/parallel-results/Parallel_MELTS_KCP109C_dP25.0_02-25_11cores.xlsx,quartz,quartz
228,737,300,0,27.39327222796878,2.544633932192805,-445.3459728270219,-391.4902773739792,53.31455274270427,31.66342515835737,1.076511315887507,0,1.238338982083055e-06,0,1.531523559607707e-12,0,Success,100.0,0,0,0,0,0,0,0,0,0,0,0,0,0,0,0,0,0,0,KCP109C,/Users/lopezama/PycharmProjects/sci-cluster/review_outputs/rmelts_parity_audit_v2/2026-02-26/kcp109c_phase7_parity_20260225_224621/runs/kcp109c_phase7_parity_liam_exact/runs/20260225_224621/parallel-results/Parallel_MELTS_KCP109C_dP25.0_02-25_11cores.xlsx,quartz,quartz
229,736,300,0,29.46403122871563,2.544633932192805,-478.9539979756944,-421.1185335049227,57.31106819677127,34.05246056718721,1.157888797125541,0,1.238338982083055e-06,0,1.647297103181501e-12,0,Success,100.0,0,0,0,0,0,0,0,0,0,0,0,0,0,0,0,0,0,0,KCP109C,/Users/lopezama/PycharmProjects/sci-cluster/review_outputs/rmelts_parity_audit_v2/2026-02-26/kcp109c_phase7_parity_20260225_224621/runs/kcp109c_phase7_parity_liam_exact/runs/20260225_224621/parallel-results/Parallel_MELTS_KCP109C_dP25.0_02-25_11cores.xlsx,quartz,quartz
230,735,300,0,30.47856451561655,2.544633932192805,-495.3865263479914,-435.6541063106346,59.24953631637835,35.22030067239591,1.197758315254094,0,1.238338982083055e-06,0,1.704018389268257e-12,0,Success,100.0,0,0,0,0,0,0,0,0,0,0,0,0,0,0,0,0,0,0,KCP109C,/Users/lopezama/PycharmProjects/sci-cluster/review_outputs/rmelts_parity_audit_v2/2026-02-26/kcp109c_phase7_parity_20260225_224621/runs/kcp109c_phase7_parity_liam_exact/runs/20260225_224621/parallel-results/Parallel_MELTS_KCP109C_dP25.0_02-25_11cores.xlsx,quartz,quartz
249,761,275,0,0.05983702310197223,2.543846283092942,-0.9762026335494202,-0.8540847660926149,0.1180852559655807,0.06937899316897969,0.00235222637073885,0,1.238311233006107e-06,0,3.345413058170321e-15,0,Success,100.0,0,0,0,0,0,0,0,0,0,0,0,0,0,0,0,0,0,0,KCP109C,/Users/lopezama/PycharmProjects/sci-cluster/review_outputs/rmelts_parity_audit_v2/2026-02-26/kcp109c_phase7_parity_20260225_224621/runs/kcp109c_phase7_parity_liam_exact/runs/20260225_224621/parallel-results/Parallel_MELTS_KCP109C_dP25.0_02-25_11cores.xlsx,quartz,quartz
250,760,275,0,0.535656300606116,2.543846283092941,-8.737832015802804,-7.646320345720175,1.056489057816026,0.6209972861391095,0.02105694452397639,0,1.238311233006107e-06,0,2.994787323702678e-14,0,Success,100.0,0,0,0,0,0,0,0,0,0,0,0,0,0,0,0,0,0,0,KCP109C,/Users/lopezama/PycharmProjects/sci-cluster/review_outputs/rmelts_parity_audit_v2/2026-02-26/kcp109c_phase7_parity_20260225_224621/runs/kcp109c_phase7_parity_liam_exact/runs/20260225_224621/parallel-results/Parallel_MELTS_KCP109C_dP25.0_02-25_11cores.xlsx,quartz,quartz
251,759,275,0,1.009982227389685,2.543846283092942,-16.47322788949192,-14.41834027181302,1.990880799960178,1.170745675202963,0.03970295823699284,0,1.238311233006107e-06,0,5.646684204645925e-14,0,Success,100.0,0,0,0,0,0,0,0,0,0,0,0,0,0,0,0,0,0,0,KCP109C,/Users/lopezama/PycharmProjects/sci-cluster/review_outputs/rmelts_parity_audit_v2/2026-02-26/kcp109c_phase7_parity_20260225_224621/runs/kcp109c_phase7_parity_liam_exact/runs/20260225_224621/parallel-results/Parallel_MELTS_KCP109C_dP25.0_02-25_11cores.xlsx,quartz,quartz
252,758,275,0,1.48326095667344,2.543846283092941,-24.18967675075047,-21.1765088702297,2.92214312226231,1.719141468589777,0.05830780603889375,0,1.238311233006107e-06,0,8.292726335454977e-14,0,Success,100.0,0,0,0,0,0,0,0,0,0,0,0,0,0,0,0,0,0,0,KCP109C,/Users/lopezama/PycharmProjects/sci-cluster/review_outputs/rmelts_parity_audit_v2/2026-02-26/kcp109c_phase7_parity_20260225_224621/runs/kcp109c_phase7_parity_liam_exact/runs/20260225_224621/parallel-results/Parallel_MELTS_KCP109C_dP25.0_02-25_11cores.xlsx,quartz,quartz
253,757,275,0,1.955968052282453,2.543846283092941,-31.89494115585566,-27.92761246495255,3.851214571570272,2.266735797365646,0.07689018260585637,0,1.238311233006107e-06,0,1.093557253394514e-13,0,Success,100.0,0,0,0,0,0,0,0,0,0,0,0,0,0,0,0,0,0,0,KCP109C,/Users/lopezama/PycharmProjects/sci-cluster/review_outputs/rmelts_parity_audit_v2/2026-02-26/kcp109c_phase7_parity_20260225_224621/runs/kcp109c_phase7_parity_liam_exact/runs/20260225_224621/parallel-results/Parallel_MELTS_KCP109C_dP25.0_02-25_11cores.xlsx,quartz,quartz
254,756,275,0,2.428635801401126,2.543846283092941,-39.59770475773154,-34.67924955520614,4.779143178861578,2.814145240671869,0.09547101244058911,0,1.238311233006107e-06,0,1.357819875113318e-13,0,Success,100.0,0,0,0,0,0,0,0,0,0,0,0,0,0,0,0,0,0,0,KCP109C,/Users/lopezama/PycharmProjects/sci-cluster/review_outputs/rmelts_parity_audit_v2/2026-02-26/kcp109c_phase7_parity_20260225_224621/runs/kcp109c_phase7_parity_liam_exact/runs/20260225_224621/parallel-results/Parallel_MELTS_KCP109C_dP25.0_02-25_11cores.xlsx,quartz,quartz
255,755,275,0,2.90182629508335,2.543846283092941,-47.30713289734602,-41.4394467203765,5.707033192597891,3.362020593879849,0.114072391652343,0,1.238311233006107e-06,0,1.622374756773933e-13,0,Success,100.0,0,0,0,0,0,0,0,0,0,0,0,0,0,0,0,0,0,0,KCP109C,/Users/lopezama/PycharmProjects/sci-cluster/review_outputs/rmelts_parity_audit_v2/2026-02-26/kcp109c_phase7_parity_20260225_224621/runs/kcp109c_phase7_parity_liam_exact/runs/20260225_224621/parallel-results/Parallel_MELTS_KCP109C_dP25.0_02-25_11cores.xlsx,quartz,quartz
256,754,275,0,3.376176587171426,2.543846283092941,-55.03360843290884,-48.21730373482394,6.636133668972288,3.911099158820255,0.132719363178914,0,1.238311233006107e-06,0,1.887578067205005e-13,0,Success,100.0,0,0,0,0,0,0,0,0,0,0,0,0,0,0,0,0,0,0,KCP109C,/Users/lopezama/PycharmProjects/sci-cluster/review_outputs/rmelts_parity_audit_v2/2026-02-26/kcp109c_phase7_parity_20260225_224621/runs/kcp109c_phase7_parity_liam_exact/runs/20260225_224621/parallel-results/Parallel_MELTS_KCP109C_dP25.0_02-25_11cores.xlsx,quartz,quartz
257,753,275,0,3.852397373932455,2.543846283092942,-62.7887094896129,-55.02297514274925,7.567835449850069,4.462203157205102,0.1514398648824216,0,1.238311233006107e-06,0,2.153827147793036e-13,0,Success,100.0,0,0,0,0,0,0,0,0,0,0,0,0,0,0,0,0,0,0,KCP109C,/Users/lopezama/PycharmProjects/sci-cluster/review_outputs/rmelts_parity_audit_v2/2026-02-26/kcp109c_phase7_parity_20260225_224621/runs/kcp109c_phase7_parity_liam_exact/runs/20260225_224621/parallel-results/Parallel_MELTS_KCP109C_dP25.0_02-25_11cores.xlsx,quartz,quartz
258,752,275,0,4.331301305550133,2.543846283092942,-70.58567012597638,-61.86807508354441,8.50372632534943,5.016272462817519,0.1702658424896613,0,1.238311233006107e-06,0,2.421576341083048e-13,0,Success,100.0,0,0,0,0,0,0,0,0,0,0,0,0,0,0,0,0,0,0,KCP109C,/Users/lopezama/PycharmProjects/sci-cluster/review_outputs/rmelts_parity_audit_v2/2026-02-26/kcp109c_phase7_parity_20260225_224621/runs/kcp109c_phase7_parity_liam_exact/runs/20260225_224621/parallel-results/Parallel_MELTS_KCP109C_dP25.0_02-25_11cores.xlsx,quartz,quartz
259,751,275,0,4.813818578424899,2.543846283092941,-78.43963341287572,-68.76590061871588,9.445621045901317,5.574382579342672,0.189233862534021,0,1.238311233006107e-06,0,2.691345708238408e-13,0,Success,100.0,0,0,0,0,0,0,0,0,0,0,0,0,0,0,0,0,0,0,KCP109C,/Users/lopezama/PycharmProjects/sci-cluster/review_outputs/rmelts_parity_audit_v2/2026-02-26/kcp109c_phase7_parity_20260225_224621/runs/kcp109c_phase7_parity_liam_exact/runs/20260225_224621/parallel-results/Parallel_MELTS_KCP109C_dP25.0_02-25_11cores.xlsx,quartz,quartz
260,750,275,0,5.301051284885354,2.543846283092941,-86.3685357943919,-75.73220886544554,10.39566723251367,6.137807478931052,0.2083872488726032,0,1.238311233006107e-06,0,2.963751415284143e-13,0,Success,99.99999999999999,0,0,0,0,0,0,0,0,0,0,0,0,0,0,0,0,0,0,KCP109C,/Users/lopezama/PycharmProjects/sci-cluster/review_outputs/rmelts_parity_audit_v2/2026-02-26/kcp109c_phase7_parity_20260225_224621/runs/kcp109c_phase7_parity_liam_exact/runs/20260225_224621/parallel-results/Parallel_MELTS_KCP109C_dP25.0_02-25_11cores.xlsx,quartz,quartz
261,749,275,0,5.794314812984155,2.543846283092941,-94.39377984741621,-82.78580948654916,11.35642553526102,6.708067399459672,0.2277777101350292,0,1.238311233006107e-06,0,3.239528879214581e-13,0,Success,100.0,0,0,0,0,0,0,0,0,0,0,0,0,0,0,0,0,0,0,KCP109C,/Users/lopezama/PycharmProjects/sci-cluster/review_outputs/rmelts_parity_audit_v2/2026-02-26/kcp109c_phase7_parity_20260225_224621/runs/kcp109c_phase7_parity_liam_exact/runs/20260225_224621/parallel-results/Parallel_MELTS_KCP109C_dP25.0_02-25_11cores.xlsx,quartz,quartz
262,748,275,0,6.295229980217647,2.543846283092941,-102.5417329521548,-89.94988238320468,12.33104888503174,7.287035330804812,0.2474689615507576,0,1.238311233006107e-06,0,3.519584278802677e-13,0,Success,100.0,0,0,0,0,0,0,0,0,0,0,0,0,0,0,0,0,0,0,KCP109C,/Users/lopezama/PycharmProjects/sci-cluster/review_outputs/rmelts_parity_audit_v2/2026-02-26/kcp109c_phase7_parity_20260225_224621/runs/kcp109c_phase7_parity_liam_exact/runs/20260225_224621/parallel-results/Parallel_MELTS_KCP109C_dP25.0_02-25_11cores.xlsx,quartz,quartz
263,747,275,0,6.805842653681873,2.543846283092941,-110.8456725509706,-97.25368880094427,13.32351492430165,7.877075230037357,0.2675414272833724,0,1.238311233006107e-06,0,3.805061432731843e-13,0,Success,100.0,0,0,0,0,0,0,0,0,0,0,0,0,0,0,0,0,0,0,KCP109C,/Users/lopezama/PycharmProjects/sci-cluster/review_outputs/rmelts_parity_audit_v2/2026-02-26/kcp109c_phase7_parity_20260225_224621/runs/kcp109c_phase7_parity_liam_exact/runs/20260225_224621/parallel-results/Parallel_MELTS_KCP109C_dP25.0_02-25_11cores.xlsx,quartz,quartz
264,746,275,0,7.328813026026916,2.543846283092942,-119.3488643443447,-104.7352787091087,14.33899390201251,8.481260736469624,0.2880996809727104,0,1.238311233006107e-06,0,4.097447621412683e-13,0,Success,100.0,0,0,0,0,0,0,0,0,0,0,0,0,0,0,0,0,0,0,KCP109C,/Users/lopezama/PycharmProjects/sci-cluster/review_outputs/rmelts_parity_audit_v2/2026-02-26/kcp109c_phase7_parity_20260225_224621/runs/kcp109c_phase7_parity_liam_exact/runs/20260225_224621/parallel-results/Parallel_MELTS_KCP109C_dP25.0_02-25_11cores.xlsx,quartz,quartz
265,745,275,0,7.867754831922447,2.543846283092941,-128.1100797432574,-112.4463424507098,15.38450846392732,9.103767209699166,0.3092857805211571,0,1.238311233006107e-06,0,4.398763238662595e-13,0,Success,100.0,0,0,0,0,0,0,0,0,0,0,0,0,0,0,0,0,0,0,KCP109C,/Users/lopezama/PycharmProjects/sci-cluster/review_outputs/rmelts_parity_audit_v2/2026-02-26/kcp109c_phase7_parity_20260225_224621/runs/kcp109c_phase7_parity_liam_exact/runs/20260225_224621/parallel-results/Parallel_MELTS_KCP109C_dP25.0_02-25_11cores.xlsx,quartz,quartz
266,744,275,0,8.694492909490345,2.543846283092941,-141.5547995757725,-124.2721838070682,16.99121640731882,10.0590740372855,0.3417853101925296,0,1.238311233006107e-06,0,4.860982148796029e-13,0,Success,100.0,0,0,0,0,0,0,0,0,0,0,0,0,0,0,0,0,0,0,KCP109C,/Users/lopezama/PycharmProjects/sci-cluster/review_outputs/rmelts_parity_audit_v2/2026-02-26/kcp109c_phase7_parity_20260225_224621/runs/kcp109c_phase7_parity_liam_exact/runs/20260225_224621/parallel-results/Parallel_MELTS_KCP109C_dP25.0_02-25_11cores.xlsx,quartz,quartz
267,743,275,0,15.46862232700247,2.543846283092941,-251.8139932718626,-221.1141106144761,30.21195951127926,17.89405107875089,0.6080800726762039,0,1.238311233006107e-06,0,8.648313108168877e-13,0,Success,100.0,0,0,0,0,0,0,0,0,0,0,0,0,0,0,0,0,0,0,KCP109C,/Users/lopezama/PycharmProjects/sci-cluster/review_outputs/rmelts_parity_audit_v2/2026-02-26/kcp109c_phase7_parity_20260225_224621/runs/kcp109c_phase7_parity_liam_exact/runs/20260225_224621/parallel-results/Parallel_MELTS_KCP109C_dP25.0_02-25_11cores.xlsx,quartz,quartz
268,742,275,0,21.95429980354512,2.543846283092941,-357.3515919585844,-313.8481371035697,42.85421352018381,25.39333747250629,0.8630356303153638,0,1.238311233006107e-06,0,1.22743741981618e-12,0,Success,100.0,0,0,0,0,0,0,0,0,0,0,0,0,0,0,0,0,0,0,KCP109C,/Users/lopezama/PycharmProjects/sci-cluster/review_outputs/rmelts_parity_audit_v2/2026-02-26/kcp109c_phase7_parity_20260225_224621/runs/kcp109c_phase7_parity_liam_exact/runs/20260225_224621/parallel-results/Parallel_MELTS_KCP109C_dP25.0_02-25_11cores.xlsx,quartz,quartz
269,741,275,0,27.03127315807475,2.543846283092941,-439.9370745759566,-386.4573759744711,52.73351930334329,31.26149329580491,1.062614252194858,0,1.238311233006107e-06,0,1.511284644757194e-12,0,Success,100.0,0,0,0,0,0,0,0,0,0,0,0,0,0,0,0,0,0,0,KCP109C,/Users/lopezama/PycharmProjects/sci-cluster/review_outputs/rmelts_parity_audit_v2/2026-02-26/kcp109c_phase7_parity_20260225_224621/runs/kcp109c_phase7_parity_liam_exact/runs/20260225_224621/parallel-results/Parallel_MELTS_KCP109C_dP25.0_02-25_11cores.xlsx,quartz,quartz
270,740,275,0,29.29956090463915,2.543846283092941,-476.7965762518763,-418.9202353148749,57.12514527661394,33.88029798488902,1.15178189418801,0,1.238311233006107e-06,0,1.638101773244895e-12,0,Success,100.0,0,0,0,0,0,0,0,0,0,0,0,0,0,0,0,0,0,0,KCP109C,/Users/lopezama/PycharmProjects/sci-cluster/review_outputs/rmelts_parity_audit_v2/2026-02-26/kcp109c_phase7_parity_20260225_224621/runs/kcp109c_phase7_parity_liam_exact/runs/20260225_224621/parallel-results/Parallel_MELTS_KCP109C_dP25.0_02-25_11cores.xlsx,quartz,quartz
271,739,275,0,30.36539635078633,2.543846283092941,-494.0819060014912,-434.1944832215093,59.16852519881624,35.10813997600273,1.193680473250392,0,1.238311233006107e-06,0,1.697691298835516e-12,0,Success,100.0,0,0,0,0,0,0,0,0,0,0,0,0,0,0,0,0,0,0,KCP109C,/Users/lopezama/PycharmProjects/sci-cluster/review_outputs/rmelts_parity_audit_v2/2026-02-26/kcp109c_phase7_parity_20260225_224621/runs/kcp109c_phase7_parity_liam_exact/runs/20260225_224621/parallel-results/Parallel_MELTS_KCP109C_dP25.0_02-25_11cores.xlsx,quartz,quartz
297,764,250,0,0.046416451345984,2.543058895468163,-0.757985887585135,-0.6628207565615074,0.09175638145266117,0.05383848015265429,0.001825221249444913,0,1.238283391065995e-06,0,2.595085691047089e-15,0,Success,100.0,0,0,0,0,0,0,0,0,0,0,0,0,0,0,0,0,0,0,KCP109C,/Users/lopezama/PycharmProjects/sci-cluster/review_outputs/rmelts_parity_audit_v2/2026-02-26/kcp109c_phase7_parity_20260225_224621/runs/kcp109c_phase7_parity_liam_exact/runs/20260225_224621/parallel-results/Parallel_MELTS_KCP109C_dP25.0_02-25_11cores.xlsx,quartz,quartz
298,763,250,0,0.5310229142144706,2.543058895468163,-8.670614670744529,-7.583552538563169,1.049135870464083,0.6158571123445683,0.02088126685389692,0,1.238283391065995e-06,0,2.968882640390235e-14,0,Success,100.0,0,0,0,0,0,0,0,0,0,0,0,0,0,0,0,0,0,0,KCP109C,/Users/lopezama/PycharmProjects/sci-cluster/review_outputs/rmelts_parity_audit_v2/2026-02-26/kcp109c_phase7_parity_20260225_224621/runs/kcp109c_phase7_parity_liam_exact/runs/20260225_224621/parallel-results/Parallel_MELTS_KCP109C_dP25.0_02-25_11cores.xlsx,quartz,quartz
299,762,250,0,1.015118666010818,2.543058895468162,-16.57299123416582,-14.49811422348126,2.004421591735076,1.177143021584173,0.03991722990843044,0,1.238283391065995e-06,0,5.675401390001796e-14,0,Success,100.0,0,0,0,0,0,0,0,0,0,0,0,0,0,0,0,0,0,0,KCP109C,/Users/lopezama/PycharmProjects/sci-cluster/review_outputs/rmelts_parity_audit_v2/2026-02-26/kcp109c_phase7_parity_20260225_224621/runs/kcp109c_phase7_parity_liam_exact/runs/20260225_224621/parallel-results/Parallel_MELTS_KCP109C_dP25.0_02-25_11cores.xlsx,quartz,quartz
300,761,250,0,1.499206239710323,2.543058895468163,-24.47332367344144,-21.41368167622239,2.958605615451384,1.738278645421549,0.05895287137792882,0,1.238283391065995e-06,0,8.381874416897638e-14,0,Success,100.0,0,0,0,0,0,0,0,0,0,0,0,0,0,0,0,0,0,0,KCP109C,/Users/lopezama/PycharmProjects/sci-cluster/review_outputs/rmelts_parity_audit_v2/2026-02-26/kcp109c_phase7_parity_20260225_224621/runs/kcp109c_phase7_parity_liam_exact/runs/20260225_224621/parallel-results/Parallel_MELTS_KCP109C_dP25.0_02-25_11cores.xlsx,quartz,quartz
301,760,250,0,1.983829494484354,2.543058895468163,-32.38049065183118,-28.33802341634158,3.91275926582742,2.299894038105223,0.07800957728582775,0,1.238283391065995e-06,0,1.109134236962506e-13,0,Success,100.0,0,0,0,0,0,0,0,0,0,0,0,0,0,0,0,0,0,0,KCP109C,/Users/lopezama/PycharmProjects/sci-cluster/review_outputs/rmelts_parity_audit_v2/2026-02-26/kcp109c_phase7_parity_20260225_224621/runs/kcp109c_phase7_parity_liam_exact/runs/20260225_224621/parallel-results/Parallel_MELTS_KCP109C_dP25.0_02-25_11cores.xlsx,quartz,quartz
302,759,250,0,2.469589718458206,2.543058895468163,-40.30430379939021,-35.27973089544655,4.868064626210984,2.862685504757008,0.0971109919183987,0,1.238283391065996e-06,0,1.380716697482389e-13,0,Success,100.0,0,0,0,0,0,0,0,0,0,0,0,0,0,0,0,0,0,0,KCP109C,/Users/lopezama/PycharmProjects/sci-cluster/review_outputs/rmelts_parity_audit_v2/2026-02-26/kcp109c_phase7_parity_20260225_224621/runs/kcp109c_phase7_parity_liam_exact/runs/20260225_224621/parallel-results/Parallel_MELTS_KCP109C_dP25.0_02-25_11cores.xlsx,quartz,quartz
303,758,250,0,2.957145579015036,2.543058895468163,-48.25550634226695,-42.24821811923185,5.825814113402609,3.427415500063575,0.1162830158705641,0,1.238283391065995e-06,0,1.653303075938192e-13,0,Success,99.99999999999999,0,0,0,0,0,0,0,0,0,0,0,0,0,0,0,0,0,0,KCP109C,/Users/lopezama/PycharmProjects/sci-cluster/review_outputs/rmelts_parity_audit_v2/2026-02-26/kcp109c_phase7_parity_20260225_224621/runs/kcp109c_phase7_parity_liam_exact/runs/20260225_224621/parallel-results/Parallel_MELTS_KCP109C_dP25.0_02-25_11cores.xlsx,quartz,quartz
304,757,250,0,3.44724481182596,2.543058895468163,-56.24628959222827,-49.25417475141332,6.787472543624664,3.994949308160029,0.1355550521448439,0,1.238283391065995e-06,0,1.927311421983549e-13,0,Success,100.0,0,0,0,0,0,0,0,0,0,0,0,0,0,0,0,0,0,0,KCP109C,/Users/lopezama/PycharmProjects/sci-cluster/review_outputs/rmelts_parity_audit_v2/2026-02-26/kcp109c_phase7_parity_20260225_224621/runs/kcp109c_phase7_parity_liam_exact/runs/20260225_224621/parallel-results/Parallel_MELTS_KCP109C_dP25.0_02-25_11cores.xlsx,quartz,quartz
305,756,250,0,3.940737841788402,2.543058895468163,-64.29051429401758,-56.30976126033882,7.754703428731236,4.56627075817891,0.1549605417637382,0,1.238283391065995e-06,0,2.203217197533064e-13,0,Success,100.0,0,0,0,0,0,0,0,0,0,0,0,0,0,0,0,0,0,0,KCP109C,/Users/lopezama/PycharmProjects/sci-cluster/review_outputs/rmelts_parity_audit_v2/2026-02-26/kcp109c_phase7_parity_20260225_224621/runs/kcp109c_phase7_parity_liam_exact/runs/20260225_224621/parallel-results/Parallel_MELTS_KCP109C_dP25.0_02-25_11cores.xlsx,quartz,quartz
306,755,250,0,4.438603461086966,2.543058895468163,-72.4041284936607,-63.42897645999255,8.729418891862235,5.142511896568269,0.1745379735009969,0,1.238283391065995e-06,0,2.481567633044715e-13,0,Success,100.0,0,0,0,0,0,0,0,0,0,0,0,0,0,0,0,0,0,0,KCP109C,/Users/lopezama/PycharmProjects/sci-cluster/review_outputs/rmelts_parity_audit_v2/2026-02-26/kcp109c_phase7_parity_20260225_224621/runs/kcp109c_phase7_parity_liam_exact/runs/20260225_224621/parallel-results/Parallel_MELTS_KCP109C_dP25.0_02-25_11cores.xlsx,quartz,quartz
307,754,250,0,4.942002836202238,2.543058895468163,-80.60604716209781,-70.62843009125125,9.71388509063581,5.725015453575997,0.1943330075842559,0,1.238283391065996e-06,0,2.763011922162417e-13,0,Success,100.0,0,0,0,0,0,0,0,0,0,0,0,0,0,0,0,0,0,0,KCP109C,/Users/lopezama/PycharmProjects/sci-cluster/review_outputs/rmelts_parity_audit_v2/2026-02-26/kcp109c_phase7_parity_20260225_224621/runs/kcp109c_phase7_parity_liam_exact/runs/20260225_224621/parallel-results/Parallel_MELTS_KCP109C_dP25.0_02-25_11cores.xlsx,quartz,quartz
308,753,250,0,5.452333404733039,2.543058895468163,-88.91902938728607,-77.9281142033558,10.71082705640529,6.315397133577525,0.2144005950648381,0,1.238283391065995e-06,0,3.04833135475467e-13,0,Success,99.99999999999999,0,0,0,0,0,0,0,0,0,0,0,0,0,0,0,0,0,0,KCP109C,/Users/lopezama/PycharmProjects/sci-cluster/review_outputs/rmelts_parity_audit_v2/2026-02-26/kcp109c_phase7_parity_20260225_224621/runs/kcp109c_phase7_parity_liam_exact/runs/20260225_224621/parallel-results/Parallel_MELTS_KCP109C_dP25.0_02-25_11cores.xlsx,quartz,quartz
309,752,250,0,5.971325412285616,2.543058895468163,-97.3712502433815,-85.35278439705834,11.7236168817472,6.915657239958807,0.2348087739110867,0,1.238283391065995e-06,0,3.338493289480864e-13,0,Success,100.0,0,0,0,0,0,0,0,0,0,0,0,0,0,0,0,0,0,0,KCP109C,/Users/lopezama/PycharmProjects/sci-cluster/review_outputs/rmelts_parity_audit_v2/2026-02-26/kcp109c_phase7_parity_20260225_224621/runs/kcp109c_phase7_parity_liam_exact/runs/20260225_224621/parallel-results/Parallel_MELTS_KCP109C_dP25.0_02-25_11cores.xlsx,quartz,quartz
310,751,250,0,6.501173796578294,2.543058895468163,-105.9984478460765,-92.93384702410907,12.75653060778932,7.528333144782327,0.2556438550504535,0,1.238283391065995e-06,0,3.634724888543276e-13,0,Success,100.0,0,0,0,0,0,0,0,0,0,0,0,0,0,0,0,0,0,0,KCP109C,/Users/lopezama/PycharmProjects/sci-cluster/review_outputs/rmelts_parity_audit_v2/2026-02-26/kcp109c_phase7_parity_20260225_224621/runs/kcp109c_phase7_parity_liam_exact/runs/20260225_224621/parallel-results/Parallel_MELTS_KCP109C_dP25.0_02-25_11cores.xlsx,quartz,quartz
311,750,250,0,7.044769736300902,2.543058895468163,-114.8476936507722,-100.7126721187057,13.81519965993899,8.156767035644695,0.277019527501112,0,1.238283391065995e-06,0,3.938642573755868e-13,0,Success,100.0,0,0,0,0,0,0,0,0,0,0,0,0,0,0,0,0,0,0,KCP109C,/Users/lopezama/PycharmProjects/sci-cluster/review_outputs/rmelts_parity_audit_v2/2026-02-26/kcp109c_phase7_parity_20260225_224621/runs/kcp109c_phase7_parity_liam_exact/runs/20260225_224621/parallel-results/Parallel_MELTS_KCP109C_dP25.0_02-25_11cores.xlsx,quartz,quartz
312,749,250,0,7.606059588686333,2.543058895468163,-123.9832365457674,-108.7457292445394,14.90731037639093,8.805520930772037,0.2990909727745846,0,1.238283391065995e-06,0,4.252452704047397e-13,0,Success,100.0,0,0,0,0,0,0,0,0,0,0,0,0,0,0,0,0,0,0,KCP109C,/Users/lopezama/PycharmProjects/sci-cluster/review_outputs/rmelts_parity_audit_v2/2026-02-26/kcp109c_phase7_parity_20260225_224621/runs/kcp109c_phase7_parity_liam_exact/runs/20260225_224621/parallel-results/Parallel_MELTS_KCP109C_dP25.0_02-25_11cores.xlsx,quartz,quartz
313,748,250,0,8.206020357824539,2.543058895468163,-133.7468707582196,-117.3330173428251,16.07389062859966,9.498868263857066,0.3226830637877876,0,1.238283391065995e-06,0,4.587883259816256e-13,0,Success,100.0,0,0,0,0,0,0,0,0,0,0,0,0,0,0,0,0,0,0,KCP109C,/Users/lopezama/PycharmProjects/sci-cluster/review_outputs/rmelts_parity_audit_v2/2026-02-26/kcp109c_phase7_parity_20260225_224621/runs/kcp109c_phase7_parity_liam_exact/runs/20260225_224621/parallel-results/Parallel_MELTS_KCP109C_dP25.0_02-25_11cores.xlsx,quartz,quartz
314,747,250,0,14.2685146138063,2.543058895468163,-232.5292666358473,-204.0335419127742,27.93287724655507,16.51436401825068,0.5610768448671555,0,1.238283391065995e-06,0,7.977347908564042e-13,0,Success,100.0,0,0,0,0,0,0,0,0,0,0,0,0,0,0,0,0,0,0,KCP109C,/Users/lopezama/PycharmProjects/sci-cluster/review_outputs/rmelts_parity_audit_v2/2026-02-26/kcp109c_phase7_parity_20260225_224621/runs/kcp109c_phase7_parity_liam_exact/runs/20260225_224621/parallel-results/Parallel_MELTS_KCP109C_dP25.0_02-25_11cores.xlsx,quartz,quartz
315,746,250,0,21.46442742494651,2.543058895468163,-349.7566714912371,-306.9568010112812,41.99565371138286,24.83968480346002,0.8440397296026854,0,1.238283391065995e-06,0,1.200049268346681e-12,0,Success,99.99999999999999,0,0,0,0,0,0,0,0,0,0,0,0,0,0,0,0,0,0,KCP109C,/Users/lopezama/PycharmProjects/sci-cluster/review_outputs/rmelts_parity_audit_v2/2026-02-26/kcp109c_phase7_parity_20260225_224621/runs/kcp109c_phase7_parity_liam_exact/runs/20260225_224621/parallel-results/Parallel_MELTS_KCP109C_dP25.0_02-25_11cores.xlsx,quartz,quartz
316,745,250,0,26.8824165649404,2.543058895468162,-437.9886654468119,-384.469062986199,52.56553794687715,31.1056035259781,1.057089814665559,0,1.238283391065995e-06,0,1.502962258972431e-12,0,Success,100.0,0,0,0,0,0,0,0,0,0,0,0,0,0,0,0,0,0,0,KCP109C,/Users/lopezama/PycharmProjects/sci-cluster/review_outputs/rmelts_parity_audit_v2/2026-02-26/kcp109c_phase7_parity_20260225_224621/runs/kcp109c_phase7_parity_liam_exact/runs/20260225_224621/parallel-results/Parallel_MELTS_KCP109C_dP25.0_02-25_11cores.xlsx,quartz,quartz
317,744,250,0,29.22356074123882,2.543058895468163,-476.0752305167302,-417.9856355349535,57.11015580964129,33.81013294154987,1.149149978135246,0,1.238283391065995e-06,0,1.63385269924552e-12,0,Success,100.0,0,0,0,0,0,0,0,0,0,0,0,0,0,0,0,0,0,0,KCP109C,/Users/lopezama/PycharmProjects/sci-cluster/review_outputs/rmelts_parity_audit_v2/2026-02-26/kcp109c_phase7_parity_20260225_224621/runs/kcp109c_phase7_parity_liam_exact/runs/20260225_224621/parallel-results/Parallel_MELTS_KCP109C_dP25.0_02-25_11cores.xlsx,quartz,quartz
318,743,250,0,30.29654989927791,2.543058895468163,-493.4958942151344,-433.3676871150183,59.17257009311233,35.04694858709232,1.191342833359763,0,1.238283391065996e-06,0,1.693842179913065e-12,0,Success,100.0,0,0,0,0,0,0,0,0,0,0,0,0,0,0,0,0,0,0,KCP109C,/Users/lopezama/PycharmProjects/sci-cluster/review_outputs/rmelts_parity_audit_v2/2026-02-26/kcp109c_phase7_parity_20260225_224621/runs/kcp109c_phase7_parity_liam_exact/runs/20260225_224621/parallel-results/Parallel_MELTS_KCP109C_dP25.0_02-25_11cores.xlsx,quartz,quartz
347,767,225,0,0.263564536491071,2.542271769285584,-4.308194412647359,-3.765340676596223,0.5218994722406732,0.3058225926097667,0.01036728408328809,0,1.238255456356343e-06,0,1.473556330743959e-14,0,Success,100.0,0,0,0,0,0,0,0,0,0,0,0,0,0,0,0,0,0,0,KCP109C,/Users/lopezama/PycharmProjects/sci-cluster/review_outputs/rmelts_parity_audit_v2/2026-02-26/kcp109c_phase7_parity_20260225_224621/runs/kcp109c_phase7_parity_liam_exact/runs/20260225_224621/parallel-results/Parallel_MELTS_KCP109C_dP25.0_02-25_11cores.xlsx,quartz,quartz
348,766,225,0,0.7577546917496172,2.542271769285584,-12.38466757426482,-10.8263286323525,1.499628486659599,0.8791387775005319,0.02980620329047502,0,1.238255456356343e-06,0,4.236511626504097e-14,0,Success,100.0,0,0,0,0,0,0,0,0,0,0,0,0,0,0,0,0,0,0,KCP109C,/Users/lopezama/PycharmProjects/sci-cluster/review_outputs/rmelts_parity_audit_v2/2026-02-26/kcp109c_phase7_parity_20260225_224621/runs/kcp109c_phase7_parity_liam_exact/runs/20260225_224621/parallel-results/Parallel_MELTS_KCP109C_dP25.0_02-25_11cores.xlsx,quartz,quartz
349,765,225,0,1.252637728130795,2.542271769285584,-20.47050854527968,-17.89836344634177,2.477623752769742,1.453116315751388,0.04927237690574698,0,1.238255456356343e-06,0,7.003340733886617e-14,0,Success,100.0,0,0,0,0,0,0,0,0,0,0,0,0,0,0,0,0,0,0,KCP109C,/Users/lopezama/PycharmProjects/sci-cluster/review_outputs/rmelts_parity_audit_v2/2026-02-26/kcp109c_phase7_parity_20260225_224621/runs/kcp109c_phase7_parity_liam_exact/runs/20260225_224621/parallel-results/Parallel_MELTS_KCP109C_dP25.0_02-25_11cores.xlsx,quartz,quartz
350,764,225,0,1.748784291354288,2.542271769285584,-28.57503919203898,-24.98960167165879,3.457009613248022,2.028416340136643,0.06878825122011728,0,1.238255456356343e-06,0,9.777234061677336e-14,0,Success,100.0,0,0,0,0,0,0,0,0,0,0,0,0,0,0,0,0,0,0,KCP109C,/Users/lopezama/PycharmProjects/sci-cluster/review_outputs/rmelts_parity_audit_v2/2026-02-26/kcp109c_phase7_parity_20260225_224621/runs/kcp109c_phase7_parity_liam_exact/runs/20260225_224621/parallel-results/Parallel_MELTS_KCP109C_dP25.0_02-25_11cores.xlsx,quartz,quartz
351,763,225,0,2.246823266114773,2.542271769285584,-36.70852838299976,-32.10903479257636,4.439022912149204,2.605767193050309,0.08837856334872349,0,1.238255456356343e-06,0,1.256170762548097e-13,0,Success,100.0,0,0,0,0,0,0,0,0,0,0,0,0,0,0,0,0,0,0,KCP109C,/Users/lopezama/PycharmProjects/sci-cluster/review_outputs/rmelts_parity_audit_v2/2026-02-26/kcp109c_phase7_parity_20260225_224621/runs/kcp109c_phase7_parity_liam_exact/runs/20260225_224621/parallel-results/Parallel_MELTS_KCP109C_dP25.0_02-25_11cores.xlsx,quartz,quartz
352,762,225,0,2.747461945021474,2.542271769285584,-44.8825208996476,-39.26677781627195,5.425052488408093,3.185987770631381,0.1080711345740016,0,1.238255456356343e-06,0,1.53607158097374e-13,0,Success,100.0,0,0,0,0,0,0,0,0,0,0,0,0,0,0,0,0,0,0,KCP109C,/Users/lopezama/PycharmProjects/sci-cluster/review_outputs/rmelts_parity_audit_v2/2026-02-26/kcp109c_phase7_parity_20260225_224621/runs/kcp109c_phase7_parity_liam_exact/runs/20260225_224621/parallel-results/Parallel_MELTS_KCP109C_dP25.0_02-25_11cores.xlsx,quartz,quartz
353,761,225,0,3.251491361319439,2.542271769285584,-53.10992377444199,-46.47414594803023,6.416649254374843,3.769993646935664,0.127897080107732,0,1.238255456356343e-06,0,1.817868118229886e-13,0,Success,100.0,0,0,0,0,0,0,0,0,0,0,0,0,0,0,0,0,0,0,KCP109C,/Users/lopezama/PycharmProjects/sci-cluster/review_outputs/rmelts_parity_audit_v2/2026-02-26/kcp109c_phase7_parity_20260225_224621/runs/kcp109c_phase7_parity_liam_exact/runs/20260225_224621/parallel-results/Parallel_MELTS_KCP109C_dP25.0_02-25_11cores.xlsx,quartz,quartz
354,760,225,0,3.759822609454928,2.542271769285584,-61.40559866188599,-53.74417425407661,7.415597355475363,4.358839117908281,0.1478922377567641,0,1.238255456356343e-06,0,2.102069755816437e-13,0,Success,100.0,0,0,0,0,0,0,0,0,0,0,0,0,0,0,0,0,0,0,KCP109C,/Users/lopezama/PycharmProjects/sci-cluster/review_outputs/rmelts_parity_audit_v2/2026-02-26/kcp109c_phase7_parity_20260225_224621/runs/kcp109c_phase7_parity_liam_exact/runs/20260225_224621/parallel-results/Parallel_MELTS_KCP109C_dP25.0_02-25_11cores.xlsx,quartz,quartz
355,759,225,0,4.273521770077753,2.542271769285584,-69.78693099167582,-61.09211762658308,8.423982333084098,4.953757595453049,0.1680985416944105,0,1.238255456356343e-06,0,2.389272526079601e-13,0,Success,100.0,0,0,0,0,0,0,0,0,0,0,0,0,0,0,0,0,0,0,KCP109C,/Users/lopezama/PycharmProjects/sci-cluster/review_outputs/rmelts_parity_audit_v2/2026-02-26/kcp109c_phase7_parity_20260225_224621/runs/kcp109c_phase7_parity_liam_exact/runs/20260225_224621/parallel-results/Parallel_MELTS_KCP109C_dP25.0_02-25_11cores.xlsx,quartz,quartz
356,758,225,0,4.793860342066457,2.542271769285584,-78.27465191122694,-68.53617268986818,9.444289600309128,5.556219943358799,0.188566006198999,0,1.238255456356343e-06,0,2.680187308125857e-13,0,Success,100.0,0,0,0,0,0,0,0,0,0,0,0,0,0,0,0,0,0,0,KCP109C,/Users/lopezama/PycharmProjects/sci-cluster/review_outputs/rmelts_parity_audit_v2/2026-02-26/kcp109c_phase7_parity_20260225_224621/runs/kcp109c_phase7_parity_liam_exact/runs/20260225_224621/parallel-results/Parallel_MELTS_KCP109C_dP25.0_02-25_11cores.xlsx,quartz,quartz
357,757,225,0,5.322391992510413,2.542271769285584,-86.89408930538337,-76.09857634622266,10.4795543941763,6.168023267536195,0.2093557446065683,0,1.238255456356343e-06,0,2.975682737776207e-13,0,Success,100.0,0,0,0,0,0,0,0,0,0,0,0,0,0,0,0,0,0,0,KCP109C,/Users/lopezama/PycharmProjects/sci-cluster/review_outputs/rmelts_parity_audit_v2/2026-02-26/kcp109c_phase7_parity_20260225_224621/runs/kcp109c_phase7_parity_liam_exact/runs/20260225_224621/parallel-results/Parallel_MELTS_KCP109C_dP25.0_02-25_11cores.xlsx,quartz,quartz
358,756,225,0,5.861069489891407,2.542271769285584,-95.67707387040501,-83.80727943342595,11.53359028030807,6.791426199312946,0.2305445688656038,0,1.238255456356343e-06,0,3.276850583444232e-13,0,Success,100.0,0,0,0,0,0,0,0,0,0,0,0,0,0,0,0,0,0,0,KCP109C,/Users/lopezama/PycharmProjects/sci-cluster/review_outputs/rmelts_parity_audit_v2/2026-02-26/kcp109c_phase7_parity_20260225_224621/runs/kcp109c_phase7_parity_liam_exact/runs/20260225_224621/parallel-results/Parallel_MELTS_KCP109C_dP25.0_02-25_11cores.xlsx,quartz,quartz
359,755,225,0,6.412414619076796,2.542271769285584,-104.6647085921931,-91.69837884147539,12.61132106279989,7.429345458189514,0.2522316731259137,0,1.238255456356343e-06,0,3.585100743481791e-13,0,Success,99.99999999999999,0,0,0,0,0,0,0,0,0,0,0,0,0,0,0,0,0,0,KCP109C,/Users/lopezama/PycharmProjects/sci-cluster/review_outputs/rmelts_parity_audit_v2/2026-02-26/kcp109c_phase7_parity_20260225_224621/runs/kcp109c_phase7_parity_liam_exact/runs/20260225_224621/parallel-results/Parallel_MELTS_KCP109C_dP25.0_02-25_11cores.xlsx,quartz,quartz
360,754,225,0,6.979805721483969,2.542271769285584,-113.9120558970372,-99.82023300132465,13.71934274031304,8.085688524040064,0.2745499441015859,0,1.238255456356343e-06,0,3.902322006285563e-13,0,Success,100.0,0,0,0,0,0,0,0,0,0,0,0,0,0,0,0,0,0,0,KCP109C,/Users/lopezama/PycharmProjects/sci-cluster/review_outputs/rmelts_parity_audit_v2/2026-02-26/kcp109c_phase7_parity_20260225_224621/runs/kcp109c_phase7_parity_liam_exact/runs/20260225_224621/parallel-results/Parallel_MELTS_KCP109C_dP25.0_02-25_11cores.xlsx,quartz,quartz
361,753,225,0,7.567957517712018,2.542271769285584,-123.4959591387412,-108.2403294810694,14.86686123634154,8.765908770895333,0.2976848348451246,0,1.238255456356343e-06,0,4.231150313124042e-13,0,Success,100.0,0,0,0,0,0,0,0,0,0,0,0,0,0,0,0,0,0,0,KCP109C,/Users/lopezama/PycharmProjects/sci-cluster/review_outputs/rmelts_parity_audit_v2/2026-02-26/kcp109c_phase7_parity_20260225_224621/runs/kcp109c_phase7_parity_liam_exact/runs/20260225_224621/parallel-results/Parallel_MELTS_KCP109C_dP25.0_02-25_11cores.xlsx,quartz,quartz
362,752,225,0,8.264781622291071,2.542271769285584,-134.8506905698241,-118.2161934026693,16.22640312847367,9.571810765040565,0.3250943397217363,0,1.238255456356343e-06,0,4.620735947211138e-13,0,Success,100.0,0,0,0,0,0,0,0,0,0,0,0,0,0,0,0,0,0,0,KCP109C,/Users/lopezama/PycharmProjects/sci-cluster/review_outputs/rmelts_parity_audit_v2/2026-02-26/kcp109c_phase7_parity_20260225_224621/runs/kcp109c_phase7_parity_liam_exact/runs/20260225_224621/parallel-results/Parallel_MELTS_KCP109C_dP25.0_02-25_11cores.xlsx,quartz,quartz
363,751,225,0,15.07574267364864,2.542271769285584,-245.9508125701446,-215.6549665754439,29.58145388341619,17.45764946508173,0.5930027959947473,0,1.238255456356343e-06,0,8.42865901201181e-13,0,Success,100.0,0,0,0,0,0,0,0,0,0,0,0,0,0,0,0,0,0,0,KCP109C,/Users/lopezama/PycharmProjects/sci-cluster/review_outputs/rmelts_parity_audit_v2/2026-02-26/kcp109c_phase7_parity_20260225_224621/runs/kcp109c_phase7_parity_liam_exact/runs/20260225_224621/parallel-results/Parallel_MELTS_KCP109C_dP25.0_02-25_11cores.xlsx,quartz,quartz
364,750,225,0,22.72178531345641,2.542271769285584,-370.6463908357918,-325.0561250535431,44.55873115598762,26.30835589711044,0.8937591011303079,0,1.238255456356343e-06,0,1.270346573943687e-12,0,Success,99.99999999999999,0,0,0,0,0,0,0,0,0,0,0,0,0,0,0,0,0,0,KCP109C,/Users/lopezama/PycharmProjects/sci-cluster/review_outputs/rmelts_parity_audit_v2/2026-02-26/kcp109c_phase7_parity_20260225_224621/runs/kcp109c_phase7_parity_liam_exact/runs/20260225_224621/parallel-results/Parallel_MELTS_KCP109C_dP25.0_02-25_11cores.xlsx,quartz,quartz
365,749,225,0,27.4700111172777,2.542271769285584,-448.0473986011222,-393.0156847309148,53.83917611916775,31.80198038699648,1.080530077435316,0,1.238255456356343e-06,0,1.5358139348479e-12,0,Success,100.0,0,0,0,0,0,0,0,0,0,0,0,0,0,0,0,0,0,0,KCP109C,/Users/lopezama/PycharmProjects/sci-cluster/review_outputs/rmelts_parity_audit_v2/2026-02-26/kcp109c_phase7_parity_20260225_224621/runs/kcp109c_phase7_parity_liam_exact/runs/20260225_224621/parallel-results/Parallel_MELTS_KCP109C_dP25.0_02-25_11cores.xlsx,quartz,quartz
366,748,225,0,29.44109657115771,2.542271769285584,-480.1389430861991,-421.2502464420724,57.66899735017063,34.07950330104467,1.158062522144558,0,1.238255456356343e-06,0,1.646014855186841e-12,0,Success,100.0,0,0,0,0,0,0,0,0,0,0,0,0,0,0,0,0,0,0,KCP109C,/Users/lopezama/PycharmProjects/sci-cluster/review_outputs/rmelts_parity_audit_v2/2026-02-26/kcp109c_phase7_parity_20260225_224621/runs/kcp109c_phase7_parity_liam_exact/runs/20260225_224621/parallel-results/Parallel_MELTS_KCP109C_dP25.0_02-25_11cores.xlsx,quartz,quartz
367,747,225,0,30.38000797440144,2.542271769285584,-495.3916511573775,-434.7195792736193,59.47367728643653,35.16178972695375,1.194994506151428,0,1.238255456356343e-06,0,1.698508216421134e-12,0,Success,99.99999999999999,0,0,0,0,0,0,0,0,0,0,0,0,0,0,0,0,0,0,KCP109C,/Users/lopezama/PycharmProjects/sci-cluster/review_outputs/rmelts_parity_audit_v2/2026-02-26/kcp109c_phase7_parity_20260225_224621/runs/kcp109c_phase7_parity_liam_exact/runs/20260225_224621/parallel-results/Parallel_MELTS_KCP109C_dP25.0_02-25_11cores.xlsx,quartz,quartz
401,771,200,0,0.3269961733220875,2.541484904512223,-5.350849386614639,-4.673236944870808,0.6489608214756803,0.3796113630603815,0.01286634332320957,0,1.238227428970708e-06,0,1.828194671949482e-14,0,Success,100.0,0,0,0,0,0,0,0,0,0,0,0,0,0,0,0,0,0,0,KCP109C,/Users/lopezama/PycharmProjects/sci-cluster/review_outputs/rmelts_parity_audit_v2/2026-02-26/kcp109c_phase7_parity_20260225_224621/runs/kcp109c_phase7_parity_liam_exact/runs/20260225_224621/parallel-results/Parallel_MELTS_KCP109C_dP25.0_02-25_11cores.xlsx,quartz,quartz
402,770,200,0,0.831179280763956,2.541484904512223,-13.59947380365052,-11.87969017788916,1.648644610805118,0.9648014294588584,0.03270447443100123,0,1.238227428970708e-06,0,4.647019312457581e-14,0,Success,100.0,0,0,0,0,0,0,0,0,0,0,0,0,0,0,0,0,0,0,KCP109C,/Users/lopezama/PycharmProjects/sci-cluster/review_outputs/rmelts_parity_audit_v2/2026-02-26/kcp109c_phase7_parity_20260225_224621/runs/kcp109c_phase7_parity_liam_exact/runs/20260225_224621/parallel-results/Parallel_MELTS_KCP109C_dP25.0_02-25_11cores.xlsx,quartz,quartz
403,769,200,0,1.337023930712896,2.541484904512223,-21.87328135158719,-19.11106341099254,2.650499391253324,1.551775837628547,0.05260798237829808,0,1.238227428970708e-06,0,7.475133429132282e-14,0,Success,99.99999999999999,0,0,0,0,0,0,0,0,0,0,0,0,0,0,0,0,0,0,KCP109C,/Users/lopezama/PycharmProjects/sci-cluster/review_outputs/rmelts_parity_audit_v2/2026-02-26/kcp109c_phase7_parity_20260225_224621/runs/kcp109c_phase7_parity_liam_exact/runs/20260225_224621/parallel-results/Parallel_MELTS_KCP109C_dP25.0_02-25_11cores.xlsx,quartz,quartz
404,768,200,0,1.845122143685822,2.541484904512223,-30.18194792843975,-26.37582508319701,3.655691154245532,2.141220437005966,0.07260016144144478,0,1.238227428970708e-06,0,1.031584693457505e-13,0,Success,99.99999999999999,0,0,0,0,0,0,0,0,0,0,0,0,0,0,0,0,0,0,KCP109C,/Users/lopezama/PycharmProjects/sci-cluster/review_outputs/rmelts_parity_audit_v2/2026-02-26/kcp109c_phase7_parity_20260225_224621/runs/kcp109c_phase7_parity_liam_exact/runs/20260225_224621/parallel-results/Parallel_MELTS_KCP109C_dP25.0_02-25_11cores.xlsx,quartz,quartz
405,767,200,0,2.356193838353619,2.541484904512223,-38.53723662056657,-33.68427481834679,4.665636496870433,2.733969136856442,0.09270933831518602,0,1.238227428970708e-06,0,1.3173184803956e-13,0,Success,100.0,0,0,0,0,0,0,0,0,0,0,0,0,0,0,0,0,0,0,KCP109C,/Users/lopezama/PycharmProjects/sci-cluster/review_outputs/rmelts_parity_audit_v2/2026-02-26/kcp109c_phase7_parity_20260225_224621/runs/kcp109c_phase7_parity_liam_exact/runs/20260225_224621/parallel-results/Parallel_MELTS_KCP109C_dP25.0_02-25_11cores.xlsx,quartz,quartz
406,766,200,0,2.871008378947721,2.541484904512223,-46.95171345034549,-41.04742251267996,5.681846641645125,3.330912792679727,0.1129657852325014,0,1.238227428970708e-06,0,1.605144845638475e-13,0,Success,100.0,0,0,0,0,0,0,0,0,0,0,0,0,0,0,0,0,0,0,KCP109C,/Users/lopezama/PycharmProjects/sci-cluster/review_outputs/rmelts_parity_audit_v2/2026-02-26/kcp109c_phase7_parity_20260225_224621/runs/kcp109c_phase7_parity_liam_exact/runs/20260225_224621/parallel-results/Parallel_MELTS_KCP109C_dP25.0_02-25_11cores.xlsx,quartz,quartz
407,765,200,0,3.390467512206297,2.541484904512223,-55.44010305994393,-48.47817448411946,6.706091196671452,3.933095378951859,0.1334049832909401,0,1.238227428970708e-06,0,1.895567944499454e-13,0,Success,100.0,0,0,0,0,0,0,0,0,0,0,0,0,0,0,0,0,0,0,KCP109C,/Users/lopezama/PycharmProjects/sci-cluster/review_outputs/rmelts_parity_audit_v2/2026-02-26/kcp109c_phase7_parity_20260225_224621/runs/kcp109c_phase7_parity_liam_exact/runs/20260225_224621/parallel-results/Parallel_MELTS_KCP109C_dP25.0_02-25_11cores.xlsx,quartz,quartz
408,764,200,0,3.91561104031914,2.541484904512223,-64.01938016250651,-55.99141535942438,7.74040862274707,4.541720471226321,0.1540678456664156,0,1.238227428970708e-06,0,2.189169117366698e-13,0,Success,100.0,0,0,0,0,0,0,0,0,0,0,0,0,0,0,0,0,0,0,KCP109C,/Users/lopezama/PycharmProjects/sci-cluster/review_outputs/rmelts_parity_audit_v2/2026-02-26/kcp109c_phase7_parity_20260225_224621/runs/kcp109c_phase7_parity_liam_exact/runs/20260225_224621/parallel-results/Parallel_MELTS_KCP109C_dP25.0_02-25_11cores.xlsx,quartz,quartz
409,763,200,0,4.447707649218064,2.541484904512223,-72.71025303121138,-63.60530778109815,8.7872849009441,5.158256482118567,0.1750042914408612,0,1.238227428970708e-06,0,2.486657670663383e-13,0,Success,100.0,0,0,0,0,0,0,0,0,0,0,0,0,0,0,0,0,0,0,KCP109C,/Users/lopezama/PycharmProjects/sci-cluster/review_outputs/rmelts_parity_audit_v2/2026-02-26/kcp109c_phase7_parity_20260225_224621/runs/kcp109c_phase7_parity_liam_exact/runs/20260225_224621/parallel-results/Parallel_MELTS_KCP109C_dP25.0_02-25_11cores.xlsx,quartz,quartz
410,762,200,0,4.988295460574943,2.541484904512223,-81.53782410660364,-71.3418737017878,9.849732313979464,5.784483516682005,0.1962748412047848,0,1.238227428970708e-06,0,2.788893548962183e-13,0,Success,100.0,0,0,0,0,0,0,0,0,0,0,0,0,0,0,0,0,0,0,KCP109C,/Users/lopezama/PycharmProjects/sci-cluster/review_outputs/rmelts_parity_audit_v2/2026-02-26/kcp109c_phase7_parity_20260225_224621/runs/kcp109c_phase7_parity_liam_exact/runs/20260225_224621/parallel-results/Parallel_MELTS_KCP109C_dP25.0_02-25_11cores.xlsx,quartz,quartz
411,761,200,0,5.539313639870382,2.541484904512223,-90.5337383346998,-79.22887833652472,10.93154764606207,6.422645767762739,0.2179557954499643,0,1.238227428970708e-06,0,3.096960915409001e-13,0,Success,100.0,0,0,0,0,0,0,0,0,0,0,0,0,0,0,0,0,0,0,KCP109C,/Users/lopezama/PycharmProjects/sci-cluster/review_outputs/rmelts_parity_audit_v2/2026-02-26/kcp109c_phase7_parity_20260225_224621/runs/kcp109c_phase7_parity_liam_exact/runs/20260225_224621/parallel-results/Parallel_MELTS_KCP109C_dP25.0_02-25_11cores.xlsx,quartz,quartz
412,760,200,0,6.103274270737833,2.541484904512223,-99.73898797848268,-87.3022910056527,12.03764891141651,7.075650476624997,0.2401459973223492,0,1.238227428970708e-06,0,3.412264244517256e-13,0,Success,100.0,0,0,0,0,0,0,0,0,0,0,0,0,0,0,0,0,0,0,KCP109C,/Users/lopezama/PycharmProjects/sci-cluster/review_outputs/rmelts_parity_audit_v2/2026-02-26/kcp109c_phase7_parity_20260225_224621/runs/kcp109c_phase7_parity_liam_exact/runs/20260225_224621/parallel-results/Parallel_MELTS_KCP109C_dP25.0_02-25_11cores.xlsx,quartz,quartz
413,759,200,0,6.683537224510808,2.541484904512223,-109.2083983351742,-95.61022055293856,13.174613943938,7.747386130622476,0.2629776479350583,0,1.238227428970708e-06,0,3.736681998290941e-13,0,Success,100.0,0,0,0,0,0,0,0,0,0,0,0,0,0,0,0,0,0,0,KCP109C,/Users/lopezama/PycharmProjects/sci-cluster/review_outputs/rmelts_parity_audit_v2/2026-02-26/kcp109c_phase7_parity_20260225_224621/runs/kcp109c_phase7_parity_liam_exact/runs/20260225_224621/parallel-results/Parallel_MELTS_KCP109C_dP25.0_02-25_11cores.xlsx,quartz,quartz
414,758,200,0,7.284779410973116,2.541484904512223,-119.0182860015336,-104.219633587024,14.35160007225878,8.443265710317032,0.2866347700133696,0,1.238227428970708e-06,0,4.072828978445037e-13,0,Success,100.0,0,0,0,0,0,0,0,0,0,0,0,0,0,0,0,0,0,0,KCP109C,/Users/lopezama/PycharmProjects/sci-cluster/review_outputs/rmelts_parity_audit_v2/2026-02-26/kcp109c_phase7_parity_20260225_224621/runs/kcp109c_phase7_parity_liam_exact/runs/20260225_224621/parallel-results/Parallel_MELTS_KCP109C_dP25.0_02-25_11cores.xlsx,quartz,quartz
415,757,200,0,7.996001212405654,2.541484904512223,-130.6224365651267,-114.4039891393341,15.74377267950558,9.266420360388215,0.31461926837375,0,1.238227428970708e-06,0,4.470464184613809e-13,0,Success,100.0,0,0,0,0,0,0,0,0,0,0,0,0,0,0,0,0,0,0,KCP109C,/Users/lopezama/PycharmProjects/sci-cluster/review_outputs/rmelts_parity_audit_v2/2026-02-26/kcp109c_phase7_parity_20260225_224621/runs/kcp109c_phase7_parity_liam_exact/runs/20260225_224621/parallel-results/Parallel_MELTS_KCP109C_dP25.0_02-25_11cores.xlsx,quartz,quartz
416,756,200,0,11.12256374030072,2.541484904512223,-181.675974895935,-159.1506413476353,21.8873182221247,12.88810359946885,0.4376403621580993,0,1.238227428970708e-06,0,6.21848615592431e-13,0,Success,99.99999999999999,0,0,0,0,0,0,0,0,0,0,0,0,0,0,0,0,0,0,KCP109C,/Users/lopezama/PycharmProjects/sci-cluster/review_outputs/rmelts_parity_audit_v2/2026-02-26/kcp109c_phase7_parity_20260225_224621/runs/kcp109c_phase7_parity_liam_exact/runs/20260225_224621/parallel-results/Parallel_MELTS_KCP109C_dP25.0_02-25_11cores.xlsx,quartz,quartz
417,755,200,0,19.63011647272615,2.541484904512223,-320.5997378937066,-280.9063340278461,38.60662730716376,22.74321380069709,0.77238768713024,0,1.238227428970708e-06,0,1.097495239182409e-12,0,Success,100.0,0,0,0,0,0,0,0,0,0,0,0,0,0,0,0,0,0,0,KCP109C,/Users/lopezama/PycharmProjects/sci-cluster/review_outputs/rmelts_parity_audit_v2/2026-02-26/kcp109c_phase7_parity_20260225_224621/runs/kcp109c_phase7_parity_liam_exact/runs/20260225_224621/parallel-results/Parallel_MELTS_KCP109C_dP25.0_02-25_11cores.xlsx,quartz,quartz
418,754,200,0,26.01458667693896,2.541484904512223,-424.8199766915832,-372.2980351383667,51.13366261326629,30.1363466756564,1.023597922252143,0,1.238227428970708e-06,0,1.454442976276117e-12,0,Success,99.99999999999999,0,0,0,0,0,0,0,0,0,0,0,0,0,0,0,0,0,0,KCP109C,/Users/lopezama/PycharmProjects/sci-cluster/review_outputs/rmelts_parity_audit_v2/2026-02-26/kcp109c_phase7_parity_20260225_224621/runs/kcp109c_phase7_parity_liam_exact/runs/20260225_224621/parallel-results/Parallel_MELTS_KCP109C_dP25.0_02-25_11cores.xlsx,quartz,quartz
419,753,200,0,28.8116336364846,2.541484904512223,-470.4393293004179,-412.3603018267522,56.59896455066575,33.3723004399526,1.133653541885361,0,1.238227428970708e-06,0,1.61082237046545e-12,0,Success,100.0,0,0,0,0,0,0,0,0,0,0,0,0,0,0,0,0,0,0,KCP109C,/Users/lopezama/PycharmProjects/sci-cluster/review_outputs/rmelts_parity_audit_v2/2026-02-26/kcp109c_phase7_parity_20260225_224621/runs/kcp109c_phase7_parity_liam_exact/runs/20260225_224621/parallel-results/Parallel_MELTS_KCP109C_dP25.0_02-25_11cores.xlsx,quartz,quartz
420,752,200,0,30.01823097979672,2.541484904512223,-490.0818230074657,-429.6642341325638,58.93536445876395,34.76544687701528,1.181129619400907,0,1.238227428970708e-06,0,1.678281717522054e-12,0,Success,100.0,0,0,0,0,0,0,0,0,0,0,0,0,0,0,0,0,0,0,KCP109C,/Users/lopezama/PycharmProjects/sci-cluster/review_outputs/rmelts_parity_audit_v2/2026-02-26/kcp109c_phase7_parity_20260225_224621/runs/kcp109c_phase7_parity_liam_exact/runs/20260225_224621/parallel-results/Parallel_MELTS_KCP109C_dP25.0_02-25_11cores.xlsx,quartz,quartz
421,751,200,0,30.67748864338902,2.541484904512223,-500.7847431485689,-439.1360077221663,60.19502555914918,35.52440863437046,1.207069480874089,0,1.238227428970708e-06,0,1.715139988240536e-12,0,Success,100.0,0,0,0,0,0,0,0,0,0,0,0,0,0,0,0,0,0,0,KCP109C,/Users/lopezama/PycharmProjects/sci-cluster/review_outputs/rmelts_parity_audit_v2/2026-02-26/kcp109c_phase7_parity_20260225_224621/runs/kcp109c_phase7_parity_liam_exact/runs/20260225_224621/parallel-results/Parallel_MELTS_KCP109C_dP25.0_02-25_11cores.xlsx,quartz,quartz
459,776,175,0,0.390551390841503,2.540698301115,-6.398567666863777,-5.583105427215319,0.7772599148343489,0.4536693579071809,0.01537181296457385,0,1.238199309002582e-06,0,2.183523937314122e-14,0,Success,100.0,0,0,0,0,0,0,0,0,0,0,0,0,0,0,0,0,0,0,KCP109C,/Users/lopezama/PycharmProjects/sci-cluster/review_outputs/rmelts_parity_audit_v2/2026-02-26/kcp109c_phase7_parity_20260225_224621/runs/kcp109c_phase7_parity_liam_exact/runs/20260225_224621/parallel-results/Parallel_MELTS_KCP109C_dP25.0_02-25_11cores.xlsx,quartz,quartz
460,775,175,0,0.904052001280483,2.540698301115,-14.80966539187183,-12.92487459786317,1.798207121126426,1.050030618548266,0.03558281598738956,0,1.238199309002582e-06,0,5.054441570722214e-14,0,Success,100.0,0,0,0,0,0,0,0,0,0,0,0,0,0,0,0,0,0,0,KCP109C,/Users/lopezama/PycharmProjects/sci-cluster/review_outputs/rmelts_parity_audit_v2/2026-02-26/kcp109c_phase7_parity_20260225_224621/runs/kcp109c_phase7_parity_liam_exact/runs/20260225_224621/parallel-results/Parallel_MELTS_KCP109C_dP25.0_02-25_11cores.xlsx,quartz,quartz
461,774,175,0,1.42000644239466,2.540698301114999,-23.25891373744257,-20.30292077193563,2.822893535316766,1.649096388165484,0.05589039996490266,0,1.238199309002582e-06,0,7.93907826426696e-14,0,Success,100.0,0,0,0,0,0,0,0,0,0,0,0,0,0,0,0,0,0,0,KCP109C,/Users/lopezama/PycharmProjects/sci-cluster/review_outputs/rmelts_parity_audit_v2/2026-02-26/kcp109c_phase7_parity_20260225_224621/runs/kcp109c_phase7_parity_liam_exact/runs/20260225_224621/parallel-results/Parallel_MELTS_KCP109C_dP25.0_02-25_11cores.xlsx,quartz,quartz
462,773,175,0,1.939074324329738,2.540698301115,-31.7571025177503,-27.72668399799314,3.852620102047659,2.251631092167315,0.07632052666303453,0,1.238199309002582e-06,0,1.084112181570357e-13,0,Success,100.0,0,0,0,0,0,0,0,0,0,0,0,0,0,0,0,0,0,0,KCP109C,/Users/lopezama/PycharmProjects/sci-cluster/review_outputs/rmelts_parity_audit_v2/2026-02-26/kcp109c_phase7_parity_20260225_224621/runs/kcp109c_phase7_parity_liam_exact/runs/20260225_224621/parallel-results/Parallel_MELTS_KCP109C_dP25.0_02-25_11cores.xlsx,quartz,quartz
463,772,175,0,2.462000384257926,2.540698301115,-40.3164103194919,-35.20682470948859,4.888853858301018,2.858497611691614,0.09690250838430772,0,1.238199309002582e-06,0,1.376473595733632e-13,0,Success,100.0,0,0,0,0,0,0,0,0,0,0,0,0,0,0,0,0,0,0,KCP109C,/Users/lopezama/PycharmProjects/sci-cluster/review_outputs/rmelts_parity_audit_v2/2026-02-26/kcp109c_phase7_parity_20260225_224621/runs/kcp109c_phase7_parity_liam_exact/runs/20260225_224621/parallel-results/Parallel_MELTS_KCP109C_dP25.0_02-25_11cores.xlsx,quartz,quartz
464,771,175,0,2.989618141314071,2.540698301115,-48.95046350832022,-42.75527648812812,5.933234707840924,3.470661464091269,0.1176691518234204,0,1.238199309002582e-06,0,1.671458079030895e-13,0,Success,100.0,0,0,0,0,0,0,0,0,0,0,0,0,0,0,0,0,0,0,KCP109C,/Users/lopezama/PycharmProjects/sci-cluster/review_outputs/rmelts_parity_audit_v2/2026-02-26/kcp109c_phase7_parity_20260225_224621/runs/kcp109c_phase7_parity_liam_exact/runs/20260225_224621/parallel-results/Parallel_MELTS_KCP109C_dP25.0_02-25_11cores.xlsx,quartz,quartz
465,770,175,0,3.522929594297825,2.540698301114999,-57.67564012730646,-50.38638644738455,6.9877330009317,4.089283247457065,0.1386598949096698,0,1.238199309002582e-06,0,1.969625836448096e-13,0,Success,100.0,0,0,0,0,0,0,0,0,0,0,0,0,0,0,0,0,0,0,KCP109C,/Users/lopezama/PycharmProjects/sci-cluster/review_outputs/rmelts_parity_audit_v2/2026-02-26/kcp109c_phase7_parity_20260225_224621/runs/kcp109c_phase7_parity_liam_exact/runs/20260225_224621/parallel-results/Parallel_MELTS_KCP109C_dP25.0_02-25_11cores.xlsx,quartz,quartz
466,769,175,0,4.063123596649939,2.540698301115,-66.5113690253051,-58.11717903684638,8.054685015073387,4.715739844101325,0.1599215300323858,0,1.238199309002582e-06,0,2.271641541061999e-13,0,Success,100.0,0,0,0,0,0,0,0,0,0,0,0,0,0,0,0,0,0,0,KCP109C,/Users/lopezama/PycharmProjects/sci-cluster/review_outputs/rmelts_parity_audit_v2/2026-02-26/kcp109c_phase7_parity_20260225_224621/runs/kcp109c_phase7_parity_liam_exact/runs/20260225_224621/parallel-results/Parallel_MELTS_KCP109C_dP25.0_02-25_11cores.xlsx,quartz,quartz
467,768,175,0,4.611653281160834,2.540698301115,-75.48139526819621,-65.96846466475013,9.136945304179099,5.351714133288612,0.1815112514200125,0,1.238199309002582e-06,0,2.578317621225538e-13,0,Success,100.0,0,0,0,0,0,0,0,0,0,0,0,0,0,0,0,0,0,0,KCP109C,/Users/lopezama/PycharmProjects/sci-cluster/review_outputs/rmelts_parity_audit_v2/2026-02-26/kcp109c_phase7_parity_20260225_224621/runs/kcp109c_phase7_parity_liam_exact/runs/20260225_224621/parallel-results/Parallel_MELTS_KCP109C_dP25.0_02-25_11cores.xlsx,quartz,quartz
468,767,175,0,5.170347423640676,2.540698301115,-84.61560006304076,-73.96643438630414,10.23810573161238,5.99932401696458,0.2035010383315343,0,1.238199309002582e-06,0,2.890676522601721e-13,0,Success,100.0,0,0,0,0,0,0,0,0,0,0,0,0,0,0,0,0,0,0,KCP109C,/Users/lopezama/PycharmProjects/sci-cluster/review_outputs/rmelts_parity_audit_v2/2026-02-26/kcp109c_phase7_parity_20260225_224621/runs/kcp109c_phase7_parity_liam_exact/runs/20260225_224621/parallel-results/Parallel_MELTS_KCP109C_dP25.0_02-25_11cores.xlsx,quartz,quartz
469,766,175,0,5.741562029786776,2.540698301115,-93.95247755922976,-82.1448308421068,11.36279335718901,6.661298014738117,0.2259836214031024,0,1.238199309002582e-06,0,3.210035458483642e-13,0,Success,100.0,0,0,0,0,0,0,0,0,0,0,0,0,0,0,0,0,0,0,KCP109C,/Users/lopezama/PycharmProjects/sci-cluster/review_outputs/rmelts_parity_audit_v2/2026-02-26/kcp109c_phase7_parity_20260225_224621/runs/kcp109c_phase7_parity_liam_exact/runs/20260225_224621/parallel-results/Parallel_MELTS_KCP109C_dP25.0_02-25_11cores.xlsx,quartz,quartz
470,765,175,0,6.328430616079421,2.540698301115,-103.5432246482935,-90.5485323860646,12.51716251238158,7.34126521564055,0.2490823335183935,0,1.238199309002582e-06,0,3.538146338710346e-13,0,Success,100.0,0,0,0,0,0,0,0,0,0,0,0,0,0,0,0,0,0,0,KCP109C,/Users/lopezama/PycharmProjects/sci-cluster/review_outputs/rmelts_parity_audit_v2/2026-02-26/kcp109c_phase7_parity_20260225_224621/runs/kcp109c_phase7_parity_liam_exact/runs/20260225_224621/parallel-results/Parallel_MELTS_KCP109C_dP25.0_02-25_11cores.xlsx,quartz,quartz
471,764,175,0,6.935260155557513,2.540698301115,-113.4582108250725,-99.23922332714788,13.70967314074593,8.044213967485534,0.2729666939405571,0,1.238199309002582e-06,0,3.877417137993571e-13,0,Success,100.0,0,0,0,0,0,0,0,0,0,0,0,0,0,0,0,0,0,0,KCP109C,/Users/lopezama/PycharmProjects/sci-cluster/review_outputs/rmelts_parity_audit_v2/2026-02-26/kcp109c_phase7_parity_20260225_224621/runs/kcp109c_phase7_parity_liam_exact/runs/20260225_224621/parallel-results/Parallel_MELTS_KCP109C_dP25.0_02-25_11cores.xlsx,quartz,quartz
472,763,175,0,7.610792992205449,2.540698301114999,-124.4946295493605,-108.9145017691187,15.03655627104352,8.82666429143746,0.2995551651632707,0,1.238199309002582e-06,0,4.255099090702605e-13,0,Success,100.0,0,0,0,0,0,0,0,0,0,0,0,0,0,0,0,0,0,0,KCP109C,/Users/lopezama/PycharmProjects/sci-cluster/review_outputs/rmelts_parity_audit_v2/2026-02-26/kcp109c_phase7_parity_20260225_224621/runs/kcp109c_phase7_parity_liam_exact/runs/20260225_224621/parallel-results/Parallel_MELTS_KCP109C_dP25.0_02-25_11cores.xlsx,quartz,quartz
473,762,175,0,8.43836831834635,2.540698301115,-138.0151438649546,-120.7673313503543,16.6621383515436,9.78522680361443,0.332127915960865,0,1.238199309002582e-06,0,4.717786096032601e-13,0,Success,100.0,0,0,0,0,0,0,0,0,0,0,0,0,0,0,0,0,0,0,KCP109C,/Users/lopezama/PycharmProjects/sci-cluster/review_outputs/rmelts_parity_audit_v2/2026-02-26/kcp109c_phase7_parity_20260225_224621/runs/kcp109c_phase7_parity_liam_exact/runs/20260225_224621/parallel-results/Parallel_MELTS_KCP109C_dP25.0_02-25_11cores.xlsx,quartz,quartz
474,761,175,0,14.65792968940536,2.540698301114999,-239.7112848576682,-209.7967767119082,28.92666261737655,16.99537094383161,0.5769252367733962,0,1.238199309002582e-06,0,8.195065002667702e-13,0,Success,100.0,0,0,0,0,0,0,0,0,0,0,0,0,0,0,0,0,0,0,KCP109C,/Users/lopezama/PycharmProjects/sci-cluster/review_outputs/rmelts_parity_audit_v2/2026-02-26/kcp109c_phase7_parity_20260225_224621/runs/kcp109c_phase7_parity_liam_exact/runs/20260225_224621/parallel-results/Parallel_MELTS_KCP109C_dP25.0_02-25_11cores.xlsx,quartz,quartz
475,760,175,0,22.71423306750908,2.540698301115,-371.4167858810567,-325.1317885010039,44.79988131447791,26.33307416657559,0.894015360168534,0,1.238199309002582e-06,0,1.269924337326607e-12,0,Success,100.0,0,0,0,0,0,0,0,0,0,0,0,0,0,0,0,0,0,0,KCP109C,/Users/lopezama/PycharmProjects/sci-cluster/review_outputs/rmelts_parity_audit_v2/2026-02-26/kcp109c_phase7_parity_20260225_224621/runs/kcp109c_phase7_parity_liam_exact/runs/20260225_224621/parallel-results/Parallel_MELTS_KCP109C_dP25.0_02-25_11cores.xlsx,quartz,quartz
476,759,175,0,27.16858378505101,2.540698301115,-444.1995128518271,-388.922910060447,53.55481547389444,31.49313037908084,1.069335299398907,0,1.238199309002582e-06,0,1.518961510027198e-12,0,Success,100.0,0,0,0,0,0,0,0,0,0,0,0,0,0,0,0,0,0,0,KCP109C,/Users/lopezama/PycharmProjects/sci-cluster/review_outputs/rmelts_parity_audit_v2/2026-02-26/kcp109c_phase7_parity_20260225_224621/runs/kcp109c_phase7_parity_liam_exact/runs/20260225_224621/parallel-results/Parallel_MELTS_KCP109C_dP25.0_02-25_11cores.xlsx,quartz,quartz
477,758,175,0,29.22525803980225,2.540698301114999,-477.7680272049369,-418.3984277900366,57.5761037820882,33.8729020004282,1.15028447206725,0,1.238199309002582e-06,0,1.633947593083538e-12,0,Success,100.0,0,0,0,0,0,0,0,0,0,0,0,0,0,0,0,0,0,0,KCP109C,/Users/lopezama/PycharmProjects/sci-cluster/review_outputs/rmelts_parity_audit_v2/2026-02-26/kcp109c_phase7_parity_20260225_224621/runs/kcp109c_phase7_parity_liam_exact/runs/20260225_224621/parallel-results/Parallel_MELTS_KCP109C_dP25.0_02-25_11cores.xlsx,quartz,quartz
478,757,175,0,30.19452901802309,2.540698301114999,-493.553985200791,-432.309824723976,59.4516919640974,34.99189045029716,1.188434258596232,0,1.238199309002582e-06,0,1.688138320150952e-12,0,Success,100.0,0,0,0,0,0,0,0,0,0,0,0,0,0,0,0,0,0,0,KCP109C,/Users/lopezama/PycharmProjects/sci-cluster/review_outputs/rmelts_parity_audit_v2/2026-02-26/kcp109c_phase7_parity_20260225_224621/runs/kcp109c_phase7_parity_liam_exact/runs/20260225_224621/parallel-results/Parallel_MELTS_KCP109C_dP25.0_02-25_11cores.xlsx,quartz,quartz
547,783,150,0,0.1910643635644089,2.539911959060734,-3.134835055577086,-2.731675929849526,0.3817252527837519,0.2221296890471885,0.007522479780561565,0,1.238171096545389e-06,0,1.068216939419079e-14,0,Success,100.0,0,0,0,0,0,0,0,0,0,0,0,0,0,0,0,0,0,0,KCP109C,/Users/lopezama/PycharmProjects/sci-cluster/review_outputs/rmelts_parity_audit_v2/2026-02-26/kcp109c_phase7_parity_20260225_224621/runs/kcp109c_phase7_parity_liam_exact/runs/20260225_224621/parallel-results/Parallel_MELTS_KCP109C_dP25.0_02-25_11cores.xlsx,quartz,quartz
548,782,150,0,0.7109976775698927,2.539911959060734,-11.66407524420296,-10.16606723526527,1.419710950042827,0.8265006728809741,0.0279930048375701,0,1.238171096545389e-06,0,3.975099013227302e-14,0,Success,100.0,0,0,0,0,0,0,0,0,0,0,0,0,0,0,0,0,0,0,KCP109C,/Users/lopezama/PycharmProjects/sci-cluster/review_outputs/rmelts_parity_audit_v2/2026-02-26/kcp109c_phase7_parity_20260225_224621/runs/kcp109c_phase7_parity_liam_exact/runs/20260225_224621/parallel-results/Parallel_MELTS_KCP109C_dP25.0_02-25_11cores.xlsx,quartz,quartz
549,781,150,0,1.233674921607461,2.539911959060734,-20.23624912981441,-17.64090399637168,2.462026403683284,1.433916171069972,0.04857156238059832,0,1.238171096545389e-06,0,6.897322056362154e-14,0,Success,100.0,0,0,0,0,0,0,0,0,0,0,0,0,0,0,0,0,0,0,KCP109C,/Users/lopezama/PycharmProjects/sci-cluster/review_outputs/rmelts_parity_audit_v2/2026-02-26/kcp109c_phase7_parity_20260225_224621/runs/kcp109c_phase7_parity_liam_exact/runs/20260225_224621/parallel-results/Parallel_MELTS_KCP109C_dP25.0_02-25_11cores.xlsx,quartz,quartz
550,780,150,0,1.759727263910402,2.539911959060734,-28.86169394511883,-25.16522167121775,3.509920024593916,2.045108102741672,0.0692830024140346,0,1.238171096545389e-06,0,9.83841485140686e-14,0,Success,100.0,0,0,0,0,0,0,0,0,0,0,0,0,0,0,0,0,0,0,KCP109C,/Users/lopezama/PycharmProjects/sci-cluster/review_outputs/rmelts_parity_audit_v2/2026-02-26/kcp109c_phase7_parity_20260225_224621/runs/kcp109c_phase7_parity_liam_exact/runs/20260225_224621/parallel-results/Parallel_MELTS_KCP109C_dP25.0_02-25_11cores.xlsx,quartz,quartz
551,779,150,0,2.289868304780078,2.539911959060734,-37.55209373166648,-32.74923757578836,4.564801744882492,2.660903816166484,0.09015542041177194,0,1.238171096545389e-06,0,1.280236704831848e-13,0,Success,100.0,0,0,0,0,0,0,0,0,0,0,0,0,0,0,0,0,0,0,KCP109C,/Users/lopezama/PycharmProjects/sci-cluster/review_outputs/rmelts_parity_audit_v2/2026-02-26/kcp109c_phase7_parity_20260225_224621/runs/kcp109c_phase7_parity_liam_exact/runs/20260225_224621/parallel-results/Parallel_MELTS_KCP109C_dP25.0_02-25_11cores.xlsx,quartz,quartz
552,778,150,0,2.824931468791401,2.539911959060734,-46.32109165457649,-40.40488618130303,5.628317055865916,3.282269474879309,0.1112216295023103,0,1.238171096545389e-06,0,1.579383821956799e-13,0,Success,100.0,0,0,0,0,0,0,0,0,0,0,0,0,0,0,0,0,0,0,KCP109C,/Users/lopezama/PycharmProjects/sci-cluster/review_outputs/rmelts_parity_audit_v2/2026-02-26/kcp109c_phase7_parity_20260225_224621/runs/kcp109c_phase7_parity_liam_exact/runs/20260225_224621/parallel-results/Parallel_MELTS_KCP109C_dP25.0_02-25_11cores.xlsx,quartz,quartz
553,777,150,0,3.365892697653508,2.539911959060734,-55.18466087229968,-48.14614441075486,6.702391526491271,3.910336334919438,0.1325200539194368,0,1.238171096545389e-06,0,1.881828473308365e-13,0,Success,99.99999999999999,0,0,0,0,0,0,0,0,0,0,0,0,0,0,0,0,0,0,KCP109C,/Users/lopezama/PycharmProjects/sci-cluster/review_outputs/rmelts_parity_audit_v2/2026-02-26/kcp109c_phase7_parity_20260225_224621/runs/kcp109c_phase7_parity_liam_exact/runs/20260225_224621/parallel-results/Parallel_MELTS_KCP109C_dP25.0_02-25_11cores.xlsx,quartz,quartz
554,776,150,0,3.913937210079628,2.539911959060734,-64.16219753935329,-55.98998748449206,7.789362869810062,4.546478191154238,0.1540973574346652,0,1.238171096545389e-06,0,2.188233299832647e-13,0,Success,100.0,0,0,0,0,0,0,0,0,0,0,0,0,0,0,0,0,0,0,KCP109C,/Users/lopezama/PycharmProjects/sci-cluster/review_outputs/rmelts_parity_audit_v2/2026-02-26/kcp109c_phase7_parity_20260225_224621/runs/kcp109c_phase7_parity_liam_exact/runs/20260225_224621/parallel-results/Parallel_MELTS_KCP109C_dP25.0_02-25_11cores.xlsx,quartz,quartz
555,775,150,0,4.470525897284494,2.539911959060734,-73.27760704195491,-63.95734001788475,8.8921118390213,5.192388343273302,0.1760110574438063,0,1.238171096545389e-06,0,2.499415067520496e-13,0,Success,100.0,0,0,0,0,0,0,0,0,0,0,0,0,0,0,0,0,0,0,KCP109C,/Users/lopezama/PycharmProjects/sci-cluster/review_outputs/rmelts_parity_audit_v2/2026-02-26/kcp109c_phase7_parity_20260225_224621/runs/kcp109c_phase7_parity_liam_exact/runs/20260225_224621/parallel-results/Parallel_MELTS_KCP109C_dP25.0_02-25_11cores.xlsx,quartz,quartz
556,774,150,0,5.037492671731827,2.539911959060734,-82.56089674658692,-72.07447044818177,10.01425421229542,5.850192451489042,0.1983333577276712,0,1.238171096545389e-06,0,2.816399093873621e-13,0,Success,100.0,0,0,0,0,0,0,0,0,0,0,0,0,0,0,0,0,0,0,KCP109C,/Users/lopezama/PycharmProjects/sci-cluster/review_outputs/rmelts_parity_audit_v2/2026-02-26/kcp109c_phase7_parity_20260225_224621/runs/kcp109c_phase7_parity_liam_exact/runs/20260225_224621/parallel-results/Parallel_MELTS_KCP109C_dP25.0_02-25_11cores.xlsx,quartz,quartz
557,773,150,0,5.617224968576084,2.539911959060734,-92.05113024019325,-80.37557595177418,11.16049733634666,6.52265786424477,0.2211582550543739,0,1.238171096545389e-06,0,3.140520164001177e-13,0,Success,100.0,0,0,0,0,0,0,0,0,0,0,0,0,0,0,0,0,0,0,KCP109C,/Users/lopezama/PycharmProjects/sci-cluster/review_outputs/rmelts_parity_audit_v2/2026-02-26/kcp109c_phase7_parity_20260225_224621/runs/kcp109c_phase7_parity_liam_exact/runs/20260225_224621/parallel-results/Parallel_MELTS_KCP109C_dP25.0_02-25_11cores.xlsx,quartz,quartz
558,772,150,0,6.212894460785841,2.539911959060734,-101.8002021921994,-88.90608717244531,12.33709517270645,7.213461090990572,0.2446106227667586,0,1.238171096545389e-06,0,3.473551520557169e-13,0,Success,100.0,0,0,0,0,0,0,0,0,0,0,0,0,0,0,0,0,0,0,KCP109C,/Users/lopezama/PycharmProjects/sci-cluster/review_outputs/rmelts_parity_audit_v2/2026-02-26/kcp109c_phase7_parity_20260225_224621/runs/kcp109c_phase7_parity_liam_exact/runs/20260225_224621/parallel-results/Parallel_MELTS_KCP109C_dP25.0_02-25_11cores.xlsx,quartz,quartz
559,771,150,0,6.828847520403788,2.539911959060734,-111.8792276505983,-97.72826069711269,13.5526188320506,7.927640525623503,0.2688615838058069,0,1.238171096545389e-06,0,3.817923165743161e-13,0,Success,100.0,0,0,0,0,0,0,0,0,0,0,0,0,0,0,0,0,0,0,KCP109C,/Users/lopezama/PycharmProjects/sci-cluster/review_outputs/rmelts_parity_audit_v2/2026-02-26/kcp109c_phase7_parity_20260225_224621/runs/kcp109c_phase7_parity_liam_exact/runs/20260225_224621/parallel-results/Parallel_MELTS_KCP109C_dP25.0_02-25_11cores.xlsx,quartz,quartz
560,770,150,0,7.491527235796817,2.539911959060734,-122.7212611197833,-107.2206270565439,14.85944884555378,8.695881085105333,0.2949522407291315,0,1.238171096545389e-06,0,4.188419099252822e-13,0,Success,100.0,0,0,0,0,0,0,0,0,0,0,0,0,0,0,0,0,0,0,KCP109C,/Users/lopezama/PycharmProjects/sci-cluster/review_outputs/rmelts_parity_audit_v2/2026-02-26/kcp109c_phase7_parity_20260225_224621/runs/kcp109c_phase7_parity_liam_exact/runs/20260225_224621/parallel-results/Parallel_MELTS_KCP109C_dP25.0_02-25_11cores.xlsx,quartz,quartz
561,769,150,0,8.340098360755105,2.539911959060734,-136.6054560025963,-119.3752712697632,16.53330588958698,9.679679489928516,0.3283617107673013,0,1.238171096545389e-06,0,4.662844592878049e-13,0,Success,100.0,0,0,0,0,0,0,0,0,0,0,0,0,0,0,0,0,0,0,KCP109C,/Users/lopezama/PycharmProjects/sci-cluster/review_outputs/rmelts_parity_audit_v2/2026-02-26/kcp109c_phase7_parity_20260225_224621/runs/kcp109c_phase7_parity_liam_exact/runs/20260225_224621/parallel-results/Parallel_MELTS_KCP109C_dP25.0_02-25_11cores.xlsx,quartz,quartz
562,768,150,0,9.661643747028428,2.539911959060734,-158.2323731309775,-138.3023088184313,19.14235634879335,11.212108161513,0.3803928601761979,0,1.238171096545389e-06,0,5.401704075354175e-13,0,Success,100.0,0,0,0,0,0,0,0,0,0,0,0,0,0,0,0,0,0,0,KCP109C,/Users/lopezama/PycharmProjects/sci-cluster/review_outputs/rmelts_parity_audit_v2/2026-02-26/kcp109c_phase7_parity_20260225_224621/runs/kcp109c_phase7_parity_liam_exact/runs/20260225_224621/parallel-results/Parallel_MELTS_KCP109C_dP25.0_02-25_11cores.xlsx,quartz,quartz
563,767,150,0,19.13037960031039,2.539911959060734,-313.2675292935535,-273.8654224078392,37.88117760487848,22.19760808819634,0.7531906581275696,0,1.238171096545389e-06,0,1.06955557621188e-12,0,Success,100.0,0,0,0,0,0,0,0,0,0,0,0,0,0,0,0,0,0,0,KCP109C,/Users/lopezama/PycharmProjects/sci-cluster/review_outputs/rmelts_parity_audit_v2/2026-02-26/kcp109c_phase7_parity_20260225_224621/runs/kcp109c_phase7_parity_liam_exact/runs/20260225_224621/parallel-results/Parallel_MELTS_KCP109C_dP25.0_02-25_11cores.xlsx,quartz,quartz
564,766,150,0,25.61164823715585,2.539911959060734,-419.3501648146169,-366.679255285352,50.68653180894466,29.71435659342221,1.008367559583723,0,1.238171096545389e-06,0,1.43191519250265e-12,0,Success,100.0,0,0,0,0,0,0,0,0,0,0,0,0,0,0,0,0,0,0,KCP109C,/Users/lopezama/PycharmProjects/sci-cluster/review_outputs/rmelts_parity_audit_v2/2026-02-26/kcp109c_phase7_parity_20260225_224621/runs/kcp109c_phase7_parity_liam_exact/runs/20260225_224621/parallel-results/Parallel_MELTS_KCP109C_dP25.0_02-25_11cores.xlsx,quartz,quartz
565,765,150,0,28.28443405552289,2.539911959060734,-463.0568379549987,-404.9780600303495,55.94449542421545,32.81122042300721,1.113598995218029,0,1.238171096545389e-06,0,1.581347301837695e-12,0,Success,100.0,0,0,0,0,0,0,0,0,0,0,0,0,0,0,0,0,0,0,KCP109C,/Users/lopezama/PycharmProjects/sci-cluster/review_outputs/rmelts_parity_audit_v2/2026-02-26/kcp109c_phase7_parity_20260225_224621/runs/kcp109c_phase7_parity_liam_exact/runs/20260225_224621/parallel-results/Parallel_MELTS_KCP109C_dP25.0_02-25_11cores.xlsx,quartz,quartz
566,764,150,0,29.66822215808094,2.539911959060734,-485.6527731314694,-424.8256274311951,58.64835915757055,34.41219532092857,1.168080730209732,0,1.238171096545389e-06,0,1.6587131624379e-12,0,Success,100.0,0,0,0,0,0,0,0,0,0,0,0,0,0,0,0,0,0,0,KCP109C,/Users/lopezama/PycharmProjects/sci-cluster/review_outputs/rmelts_parity_audit_v2/2026-02-26/kcp109c_phase7_parity_20260225_224621/runs/kcp109c_phase7_parity_liam_exact/runs/20260225_224621/parallel-results/Parallel_MELTS_KCP109C_dP25.0_02-25_11cores.xlsx,quartz,quartz
567,763,150,0,30.40822304707178,2.539911959060734,-497.706093825016,-435.4571269790286,60.07717690101568,35.26612493738006,1.197215633344898,0,1.238171096545389e-06,0,1.700085685814752e-12,0,Success,100.0,0,0,0,0,0,0,0,0,0,0,0,0,0,0,0,0,0,0,KCP109C,/Users/lopezama/PycharmProjects/sci-cluster/review_outputs/rmelts_parity_audit_v2/2026-02-26/kcp109c_phase7_parity_20260225_224621/runs/kcp109c_phase7_parity_liam_exact/runs/20260225_224621/parallel-results/Parallel_MELTS_KCP109C_dP25.0_02-25_11cores.xlsx,quartz,quartz
627,792,125,0,0.1310611500486139,2.539125878316151,-2.154001782706913,-1.873719115548975,0.2631391514415227,0.1525326178600229,0.005161664144651567,0,1.238142791692488e-06,0,7.327464838019346e-15,0,Success,100.0,0,0,0,0,0,0,0,0,0,0,0,0,0,0,0,0,0,0,KCP109C,/Users/lopezama/PycharmProjects/sci-cluster/review_outputs/rmelts_parity_audit_v2/2026-02-26/kcp109c_phase7_parity_20260225_224621/runs/kcp109c_phase7_parity_liam_exact/runs/20260225_224621/parallel-results/Parallel_MELTS_KCP109C_dP25.0_02-25_11cores.xlsx,quartz,quartz
628,791,125,0,0.6557095464196815,2.539125878316152,-10.77532919183986,-9.375131548580013,1.315789731954943,0.7630436714330582,0.02582422368340881,0,1.238142791692488e-06,0,3.665989992886258e-14,0,Success,100.0,0,0,0,0,0,0,0,0,0,0,0,0,0,0,0,0,0,0,KCP109C,/Users/lopezama/PycharmProjects/sci-cluster/review_outputs/rmelts_parity_audit_v2/2026-02-26/kcp109c_phase7_parity_20260225_224621/runs/kcp109c_phase7_parity_liam_exact/runs/20260225_224621/parallel-results/Parallel_MELTS_KCP109C_dP25.0_02-25_11cores.xlsx,quartz,quartz
629,790,125,0,1.183307596572416,2.539125878316151,-19.44301771761352,-16.91994161635363,2.373208015105956,1.376843463084265,0.04660295130216778,0,1.238142791692488e-06,0,6.615724647028807e-14,0,Success,100.0,0,0,0,0,0,0,0,0,0,0,0,0,0,0,0,0,0,0,KCP109C,/Users/lopezama/PycharmProjects/sci-cluster/review_outputs/rmelts_parity_audit_v2/2026-02-26/kcp109c_phase7_parity_20260225_224621/runs/kcp109c_phase7_parity_liam_exact/runs/20260225_224621/parallel-results/Parallel_MELTS_KCP109C_dP25.0_02-25_11cores.xlsx,quartz,quartz
630,789,125,0,1.7144658139841,2.539125878316151,-28.16708150994915,-24.51688975220543,3.436606654186062,1.99464061337943,0.06752189123924278,0,1.238142791692488e-06,0,9.585363750657525e-14,0,Success,100.0,0,0,0,0,0,0,0,0,0,0,0,0,0,0,0,0,0,0,KCP109C,/Users/lopezama/PycharmProjects/sci-cluster/review_outputs/rmelts_parity_audit_v2/2026-02-26/kcp109c_phase7_parity_20260225_224621/runs/kcp109c_phase7_parity_liam_exact/runs/20260225_224621/parallel-results/Parallel_MELTS_KCP109C_dP25.0_02-25_11cores.xlsx,quartz,quartz
631,788,125,0,2.249880774858378,2.539125878316151,-36.95894360456806,-32.17595002595107,4.507368023952307,2.617243516125344,0.08860847719571947,0,1.238142791692488e-06,0,1.25788017741302e-13,0,Success,100.0,0,0,0,0,0,0,0,0,0,0,0,0,0,0,0,0,0,0,KCP109C,/Users/lopezama/PycharmProjects/sci-cluster/review_outputs/rmelts_parity_audit_v2/2026-02-26/kcp109c_phase7_parity_20260225_224621/runs/kcp109c_phase7_parity_liam_exact/runs/20260225_224621/parallel-results/Parallel_MELTS_KCP109C_dP25.0_02-25_11cores.xlsx,quartz,quartz
632,787,125,0,2.790373581743302,2.539125878316151,-45.83206683528638,-39.90888076345112,5.587120758227863,3.245605016142262,0.1098950471724454,0,1.238142791692488e-06,0,1.560062939900807e-13,0,Success,100.0,0,0,0,0,0,0,0,0,0,0,0,0,0,0,0,0,0,0,KCP109C,/Users/lopezama/PycharmProjects/sci-cluster/review_outputs/rmelts_parity_audit_v2/2026-02-26/kcp109c_phase7_parity_20260225_224621/runs/kcp109c_phase7_parity_liam_exact/runs/20260225_224621/parallel-results/Parallel_MELTS_KCP109C_dP25.0_02-25_11cores.xlsx,quartz,quartz
633,786,125,0,3.336922307841399,2.539125878316152,-54.80248543029945,-47.72968933720171,6.677803987251796,3.880860054376962,0.1314201212448087,0,1.238142791692488e-06,0,1.865631491013214e-13,0,Success,100.0,0,0,0,0,0,0,0,0,0,0,0,0,0,0,0,0,0,0,KCP109C,/Users/lopezama/PycharmProjects/sci-cluster/review_outputs/rmelts_parity_audit_v2/2026-02-26/kcp109c_phase7_parity_20260225_224621/runs/kcp109c_phase7_parity_liam_exact/runs/20260225_224621/parallel-results/Parallel_MELTS_KCP109C_dP25.0_02-25_11cores.xlsx,quartz,quartz
634,785,125,0,3.890719811359037,2.539125878316151,-63.88975282407219,-55.65546009306865,7.781782101784748,4.524392787595944,0.1532306785018161,0,1.238142791692488e-06,0,2.175252742841326e-13,0,Success,100.0,0,0,0,0,0,0,0,0,0,0,0,0,0,0,0,0,0,0,KCP109C,/Users/lopezama/PycharmProjects/sci-cluster/review_outputs/rmelts_parity_audit_v2/2026-02-26/kcp109c_phase7_parity_20260225_224621/runs/kcp109c_phase7_parity_liam_exact/runs/20260225_224621/parallel-results/Parallel_MELTS_KCP109C_dP25.0_02-25_11cores.xlsx,quartz,quartz
635,784,125,0,4.453246724358392,2.539125878316151,-73.11813792933262,-63.70739976393617,8.90198946733807,5.177921303243266,0.1753850316122023,0,1.238142791692488e-06,0,2.489754498236684e-13,0,Success,100.0,0,0,0,0,0,0,0,0,0,0,0,0,0,0,0,0,0,0,KCP109C,/Users/lopezama/PycharmProjects/sci-cluster/review_outputs/rmelts_parity_audit_v2/2026-02-26/kcp109c_phase7_parity_20260225_224621/runs/kcp109c_phase7_parity_liam_exact/runs/20260225_224621/parallel-results/Parallel_MELTS_KCP109C_dP25.0_02-25_11cores.xlsx,quartz,quartz
636,783,125,0,5.026383454393166,2.539125878316152,-82.51846101282838,-71.91244154776211,10.04215259675829,5.843627628549925,0.1979572378556697,0,1.238142791692488e-06,0,2.810188069523784e-13,0,Success,100.0,0,0,0,0,0,0,0,0,0,0,0,0,0,0,0,0,0,0,KCP109C,/Users/lopezama/PycharmProjects/sci-cluster/review_outputs/rmelts_parity_audit_v2/2026-02-26/kcp109c_phase7_parity_20260225_224621/runs/kcp109c_phase7_parity_liam_exact/runs/20260225_224621/parallel-results/Parallel_MELTS_KCP109C_dP25.0_02-25_11cores.xlsx,quartz,quartz
637,782,125,0,5.612567695597268,2.539125878316151,-92.13067527435025,-80.3055011226623,11.20710245148836,6.524340547575355,0.2210433024816912,0,1.238142791692488e-06,0,3.137916340978055e-13,0,Success,100.0,0,0,0,0,0,0,0,0,0,0,0,0,0,0,0,0,0,0,KCP109C,/Users/lopezama/PycharmProjects/sci-cluster/review_outputs/rmelts_parity_audit_v2/2026-02-26/kcp109c_phase7_parity_20260225_224621/runs/kcp109c_phase7_parity_liam_exact/runs/20260225_224621/parallel-results/Parallel_MELTS_KCP109C_dP25.0_02-25_11cores.xlsx,quartz,quartz
638,781,125,0,6.215038337490514,2.539125878316152,-102.0078645976642,-88.93297005222865,12.40325811832808,7.223818706094367,0.2447707847242329,0,1.238142791692488e-06,0,3.474750135185891e-13,0,Success,100.0,0,0,0,0,0,0,0,0,0,0,0,0,0,0,0,0,0,0,KCP109C,/Users/lopezama/PycharmProjects/sci-cluster/review_outputs/rmelts_parity_audit_v2/2026-02-26/kcp109c_phase7_parity_20260225_224621/runs/kcp109c_phase7_parity_liam_exact/runs/20260225_224621/parallel-results/Parallel_MELTS_KCP109C_dP25.0_02-25_11cores.xlsx,quartz,quartz
639,780,125,0,6.838225237293549,2.539125878316152,-112.2226321680063,-97.85829826766316,13.63939980092402,7.947203028544815,0.2693141484512926,0,1.238142791692488e-06,0,3.823166129866789e-13,0,Success,100.0,0,0,0,0,0,0,0,0,0,0,0,0,0,0,0,0,0,0,KCP109C,/Users/lopezama/PycharmProjects/sci-cluster/review_outputs/rmelts_parity_audit_v2/2026-02-26/kcp109c_phase7_parity_20260225_224621/runs/kcp109c_phase7_parity_liam_exact/runs/20260225_224621/parallel-results/Parallel_MELTS_KCP109C_dP25.0_02-25_11cores.xlsx,quartz,quartz
640,779,125,0,7.488370384515268,2.539125878316151,-122.8772813742806,-107.1708908697757,14.92790049375554,8.701737690080156,0.29491922588262,0,1.238142791692488e-06,0,4.186654143218495e-13,0,Success,100.0,0,0,0,0,0,0,0,0,0,0,0,0,0,0,0,0,0,0,KCP109C,/Users/lopezama/PycharmProjects/sci-cluster/review_outputs/rmelts_parity_audit_v2/2026-02-26/kcp109c_phase7_parity_20260225_224621/runs/kcp109c_phase7_parity_liam_exact/runs/20260225_224621/parallel-results/Parallel_MELTS_KCP109C_dP25.0_02-25_11cores.xlsx,quartz,quartz
641,778,125,0,8.320283080417665,2.539125878316151,-136.5116230572396,-119.086597054534,16.5771069806456,9.667282721337504,0.3276829696184795,0,1.238142791692488e-06,0,4.65176611768733e-13,0,Success,100.0,0,0,0,0,0,0,0,0,0,0,0,0,0,0,0,0,0,0,KCP109C,/Users/lopezama/PycharmProjects/sci-cluster/review_outputs/rmelts_parity_audit_v2/2026-02-26/kcp109c_phase7_parity_20260225_224621/runs/kcp109c_phase7_parity_liam_exact/runs/20260225_224621/parallel-results/Parallel_MELTS_KCP109C_dP25.0_02-25_11cores.xlsx,quartz,quartz
642,777,125,0,9.298352720074947,2.539125878316151,-152.5403778081932,-133.0963210409876,18.51550423006766,10.80239026085228,0.3662029046878625,0,1.238142791692488e-06,0,5.19859260982971e-13,0,Success,100.0,0,0,0,0,0,0,0,0,0,0,0,0,0,0,0,0,0,0,KCP109C,/Users/lopezama/PycharmProjects/sci-cluster/review_outputs/rmelts_parity_audit_v2/2026-02-26/kcp109c_phase7_parity_20260225_224621/runs/kcp109c_phase7_parity_liam_exact/runs/20260225_224621/parallel-results/Parallel_MELTS_KCP109C_dP25.0_02-25_11cores.xlsx,quartz,quartz
643,776,125,0,15.45458264692467,2.539125878316151,-253.5031609264918,-221.2343510499246,30.75709848598128,17.95223560988201,0.6086576005902291,0,1.238142791692488e-06,0,8.640463698784863e-13,0,Success,100.0,0,0,0,0,0,0,0,0,0,0,0,0,0,0,0,0,0,0,KCP109C,/Users/lopezama/PycharmProjects/sci-cluster/review_outputs/rmelts_parity_audit_v2/2026-02-26/kcp109c_phase7_parity_20260225_224621/runs/kcp109c_phase7_parity_liam_exact/runs/20260225_224621/parallel-results/Parallel_MELTS_KCP109C_dP25.0_02-25_11cores.xlsx,quartz,quartz
644,775,125,0,22.54741316576234,2.539125878316152,-369.8027529282168,-322.7953277985269,44.84799420854827,26.18817740525461,0.8879990298360041,0,1.238142791692488e-06,0,1.260597645443638e-12,0,Success,99.99999999999999,0,0,0,0,0,0,0,0,0,0,0,0,0,0,0,0,0,0,KCP109C,/Users/lopezama/PycharmProjects/sci-cluster/review_outputs/rmelts_parity_audit_v2/2026-02-26/kcp109c_phase7_parity_20260225_224621/runs/kcp109c_phase7_parity_liam_exact/runs/20260225_224621/parallel-results/Parallel_MELTS_KCP109C_dP25.0_02-25_11cores.xlsx,quartz,quartz
645,774,125,0,26.8686296479605,2.539125878316152,-440.6221001846449,-384.6903256088584,53.41333579314001,31.20335146697383,1.058184230936149,0,1.238142791692488e-06,0,1.502191449702427e-12,0,Success,100.0,0,0,0,0,0,0,0,0,0,0,0,0,0,0,0,0,0,0,KCP109C,/Users/lopezama/PycharmProjects/sci-cluster/review_outputs/rmelts_parity_audit_v2/2026-02-26/kcp109c_phase7_parity_20260225_224621/runs/kcp109c_phase7_parity_liam_exact/runs/20260225_224621/parallel-results/Parallel_MELTS_KCP109C_dP25.0_02-25_11cores.xlsx,quartz,quartz
646,773,125,0,28.72714083588205,2.539125878316151,-471.0429712621023,-411.332830711078,57.07607948288897,33.35762981519531,1.131379152219612,0,1.238142791692488e-06,0,1.606098483751109e-12,0,Success,100.0,0,0,0,0,0,0,0,0,0,0,0,0,0,0,0,0,0,0,KCP109C,/Users/lopezama/PycharmProjects/sci-cluster/review_outputs/rmelts_parity_audit_v2/2026-02-26/kcp109c_phase7_parity_20260225_224621/runs/kcp109c_phase7_parity_liam_exact/runs/20260225_224621/parallel-results/Parallel_MELTS_KCP109C_dP25.0_02-25_11cores.xlsx,quartz,quartz
647,772,125,0,29.835017918387,2.539125878316152,-489.1497270178223,-427.2307365884485,59.24411848000172,34.63985140286284,1.175011375890211,0,1.238142791692488e-06,0,1.668038504603141e-12,0,Success,100.0,0,0,0,0,0,0,0,0,0,0,0,0,0,0,0,0,0,0,KCP109C,/Users/lopezama/PycharmProjects/sci-cluster/review_outputs/rmelts_parity_audit_v2/2026-02-26/kcp109c_phase7_parity_20260225_224621/runs/kcp109c_phase7_parity_liam_exact/runs/20260225_224621/parallel-results/Parallel_MELTS_KCP109C_dP25.0_02-25_11cores.xlsx,quartz,quartz
648,770,125,0,30.89247652040963,2.539125878316151,-506.3643049256969,-442.4450320220387,61.27524603715506,35.85881673929706,1.216657936663476,0,1.238142791692488e-06,0,1.727159691324819e-12,0,Success,100.0,0,0,0,0,0,0,0,0,0,0,0,0,0,0,0,0,0,0,KCP109C,/Users/lopezama/PycharmProjects/sci-cluster/review_outputs/rmelts_parity_audit_v2/2026-02-26/kcp109c_phase7_parity_20260225_224621/runs/kcp109c_phase7_parity_liam_exact/runs/20260225_224621/parallel-results/Parallel_MELTS_KCP109C_dP25.0_02-25_11cores.xlsx,quartz,quartz
700,804,100,0,0.3475749511258001,2.538340058847875,-5.7242497010102,-4.967679395667438,0.7023815674165734,0.4050782391791503,0.01369300184639408,0,1.238114394537171e-06,0,1.943248042616674e-14,0,Success,100.0,0,0,0,0,0,0,0,0,0,0,0,0,0,0,0,0,0,0,KCP109C,/Users/lopezama/PycharmProjects/sci-cluster/review_outputs/rmelts_parity_audit_v2/2026-02-26/kcp109c_phase7_parity_20260225_224621/runs/kcp109c_phase7_parity_liam_exact/runs/20260225_224621/parallel-results/Parallel_MELTS_KCP109C_dP25.0_02-25_11cores.xlsx,quartz,quartz
701,803,100,0,0.8761581913399643,2.538340058847875,-14.42777454474146,-12.52342227985383,1.769597421258773,1.020994562034927,0.03451697451986174,0,1.238114394537171e-06,0,4.898490771067449e-14,0,Success,100.0,0,0,0,0,0,0,0,0,0,0,0,0,0,0,0,0,0,0,KCP109C,/Users/lopezama/PycharmProjects/sci-cluster/review_outputs/rmelts_parity_audit_v2/2026-02-26/kcp109c_phase7_parity_20260225_224621/runs/kcp109c_phase7_parity_liam_exact/runs/20260225_224621/parallel-results/Parallel_MELTS_KCP109C_dP25.0_02-25_11cores.xlsx,quartz,quartz
702,802,100,0,1.407938552069185,2.538340058847875,-23.18180596437806,-20.12609894127928,2.842121585917106,1.64049517123775,0.05546690039270123,0,1.238114394537171e-06,0,7.871608200105159e-14,0,Success,100.0,0,0,0,0,0,0,0,0,0,0,0,0,0,0,0,0,0,0,KCP109C,/Users/lopezama/PycharmProjects/sci-cluster/review_outputs/rmelts_parity_audit_v2/2026-02-26/kcp109c_phase7_parity_20260225_224621/runs/kcp109c_phase7_parity_liam_exact/runs/20260225_224621/parallel-results/Parallel_MELTS_KCP109C_dP25.0_02-25_11cores.xlsx,quartz,quartz
703,801,100,0,1.943524153196321,2.538340058847875,-31.99633783127153,-27.78441396034259,3.92116917649205,2.264286833823006,0.07656673684921736,0,1.238114394537171e-06,0,1.086600025187096e-13,0,Success,100.0,0,0,0,0,0,0,0,0,0,0,0,0,0,0,0,0,0,0,KCP109C,/Users/lopezama/PycharmProjects/sci-cluster/review_outputs/rmelts_parity_audit_v2/2026-02-26/kcp109c_phase7_parity_20260225_224621/runs/kcp109c_phase7_parity_liam_exact/runs/20260225_224621/parallel-results/Parallel_MELTS_KCP109C_dP25.0_02-25_11cores.xlsx,quartz,quartz
704,800,100,0,2.48364942659293,2.538340058847875,-40.88343835908197,-35.50888063793835,5.008207353253159,2.893223126187661,0.09784541743867967,0,1.238114394537171e-06,0,1.388577304302319e-13,0,Success,100.0,0,0,0,0,0,0,0,0,0,0,0,0,0,0,0,0,0,0,KCP109C,/Users/lopezama/PycharmProjects/sci-cluster/review_outputs/rmelts_parity_audit_v2/2026-02-26/kcp109c_phase7_parity_20260225_224621/runs/kcp109c_phase7_parity_liam_exact/runs/20260225_224621/parallel-results/Parallel_MELTS_KCP109C_dP25.0_02-25_11cores.xlsx,quartz,quartz
705,799,100,0,3.029165667668064,2.538340058847875,-49.85709332499998,-43.31168663423487,6.104935588084794,3.528293342402182,0.1193364796457953,0,1.238114394537171e-06,0,1.693568605962944e-13,0,Success,100.0,0,0,0,0,0,0,0,0,0,0,0,0,0,0,0,0,0,0,KCP109C,/Users/lopezama/PycharmProjects/sci-cluster/review_outputs/rmelts_parity_audit_v2/2026-02-26/kcp109c_phase7_parity_20260225_224621/runs/kcp109c_phase7_parity_liam_exact/runs/20260225_224621/parallel-results/Parallel_MELTS_KCP109C_dP25.0_02-25_11cores.xlsx,quartz,quartz
706,798,100,0,3.581118723895663,2.538340058847875,-58.93448342082345,-51.20780554661893,7.213441510717007,4.170712892779882,0.1410811254943159,0,1.238114394537171e-06,0,2.002158650399825e-13,0,Success,100.0,0,0,0,0,0,0,0,0,0,0,0,0,0,0,0,0,0,0,KCP109C,/Users/lopezama/PycharmProjects/sci-cluster/review_outputs/rmelts_parity_audit_v2/2026-02-26/kcp109c_phase7_parity_20260225_224621/runs/kcp109c_phase7_parity_liam_exact/runs/20260225_224621/parallel-results/Parallel_MELTS_KCP109C_dP25.0_02-25_11cores.xlsx,quartz,quartz
707,797,100,0,4.140793296405283,2.538340058847875,-68.13671128557876,-59.21563157860618,8.336289031418564,4.821974759947276,0.1631299668447396,0,1.238114394537171e-06,0,2.315065697932719e-13,0,Success,100.0,0,0,0,0,0,0,0,0,0,0,0,0,0,0,0,0,0,0,KCP109C,/Users/lopezama/PycharmProjects/sci-cluster/review_outputs/rmelts_parity_audit_v2/2026-02-26/kcp109c_phase7_parity_20260225_224621/runs/kcp109c_phase7_parity_liam_exact/runs/20260225_224621/parallel-results/Parallel_MELTS_KCP109C_dP25.0_02-25_11cores.xlsx,quartz,quartz
708,796,100,0,4.709806759789493,2.538340058847875,-77.49034272843156,-67.3583227133863,9.476705808394756,5.483958575765446,0.1855467215029977,0,1.238114394537171e-06,0,2.633194002450181e-13,0,Success,100.0,0,0,0,0,0,0,0,0,0,0,0,0,0,0,0,0,0,0,KCP109C,/Users/lopezama/PycharmProjects/sci-cluster/review_outputs/rmelts_parity_audit_v2/2026-02-26/kcp109c_phase7_parity_20260225_224621/runs/kcp109c_phase7_parity_liam_exact/runs/20260225_224621/parallel-results/Parallel_MELTS_KCP109C_dP25.0_02-25_11cores.xlsx,quartz,quartz
709,795,100,0,5.290211365714358,2.538340058847875,-87.02908474481866,-75.66526445482529,10.63878695875427,6.159049381860306,0.2084122396159767,0,1.238114394537171e-06,0,2.957690952168798e-13,0,Success,99.99999999999999,0,0,0,0,0,0,0,0,0,0,0,0,0,0,0,0,0,0,KCP109C,/Users/lopezama/PycharmProjects/sci-cluster/review_outputs/rmelts_parity_audit_v2/2026-02-26/kcp109c_phase7_parity_20260225_224621/runs/kcp109c_phase7_parity_liam_exact/runs/20260225_224621/parallel-results/Parallel_MELTS_KCP109C_dP25.0_02-25_11cores.xlsx,quartz,quartz
710,794,100,0,5.884683516767897,2.538340058847875,-96.79689451959658,-84.17477973830842,11.8278731024581,6.850357664096983,0.2318319602708745,0,1.238114394537171e-06,0,3.29005289027256e-13,0,Success,100.0,0,0,0,0,0,0,0,0,0,0,0,0,0,0,0,0,0,0,KCP109C,/Users/lopezama/PycharmProjects/sci-cluster/review_outputs/rmelts_parity_audit_v2/2026-02-26/kcp109c_phase7_parity_20260225_224621/runs/kcp109c_phase7_parity_liam_exact/runs/20260225_224621/parallel-results/Parallel_MELTS_KCP109C_dP25.0_02-25_11cores.xlsx,quartz,quartz
711,793,100,0,6.496777040959548,2.538340058847875,-106.8521387706049,-92.93775570532551,13.05105572881803,7.562013725493548,0.2559458894529823,0,1.238114394537171e-06,0,3.632266717515037e-13,0,Success,100.0,0,0,0,0,0,0,0,0,0,0,0,0,0,0,0,0,0,0,KCP109C,/Users/lopezama/PycharmProjects/sci-cluster/review_outputs/rmelts_parity_audit_v2/2026-02-26/kcp109c_phase7_parity_20260225_224621/runs/kcp109c_phase7_parity_liam_exact/runs/20260225_224621/parallel-results/Parallel_MELTS_KCP109C_dP25.0_02-25_11cores.xlsx,quartz,quartz
712,792,100,0,7.131327840096403,2.538340058847875,-117.2742393844898,-102.023437856665,14.31798481699741,8.299638022896097,0.280944541502183,0,1.238114394537171e-06,0,3.987036126061177e-13,0,Success,100.0,0,0,0,0,0,0,0,0,0,0,0,0,0,0,0,0,0,0,KCP109C,/Users/lopezama/PycharmProjects/sci-cluster/review_outputs/rmelts_parity_audit_v2/2026-02-26/kcp109c_phase7_parity_20260225_224621/runs/kcp109c_phase7_parity_liam_exact/runs/20260225_224621/parallel-results/Parallel_MELTS_KCP109C_dP25.0_02-25_11cores.xlsx,quartz,quartz
713,791,100,0,7.795123123147018,2.538340058847875,-128.1746647461265,-111.529012588784,15.64220472427993,9.071119064281316,0.3070953041132377,0,1.238114394537171e-06,0,4.358155759483616e-13,0,Success,100.0,0,0,0,0,0,0,0,0,0,0,0,0,0,0,0,0,0,0,KCP109C,/Users/lopezama/PycharmProjects/sci-cluster/review_outputs/rmelts_parity_audit_v2/2026-02-26/kcp109c_phase7_parity_20260225_224621/runs/kcp109c_phase7_parity_liam_exact/runs/20260225_224621/parallel-results/Parallel_MELTS_KCP109C_dP25.0_02-25_11cores.xlsx,quartz,quartz
714,790,100,0,8.57197512933592,2.538340058847875,-140.9311915943662,-122.6538259693428,17.19170918969416,9.973964467678277,0.3377000295707679,0,1.238114394537171e-06,0,4.792483991578522e-13,0,Success,100.0,0,0,0,0,0,0,0,0,0,0,0,0,0,0,0,0,0,0,KCP109C,/Users/lopezama/PycharmProjects/sci-cluster/review_outputs/rmelts_parity_audit_v2/2026-02-26/kcp109c_phase7_parity_20260225_224621/runs/kcp109c_phase7_parity_liam_exact/runs/20260225_224621/parallel-results/Parallel_MELTS_KCP109C_dP25.0_02-25_11cores.xlsx,quartz,quartz
715,789,100,0,9.598709890441425,2.538340058847875,-157.7924141203034,-137.3562342669164,19.2403896374212,11.16731312304769,0.37814909223779,0,1.238114394537171e-06,0,5.366518543936881e-13,0,Success,100.0,0,0,0,0,0,0,0,0,0,0,0,0,0,0,0,0,0,0,KCP109C,/Users/lopezama/PycharmProjects/sci-cluster/review_outputs/rmelts_parity_audit_v2/2026-02-26/kcp109c_phase7_parity_20260225_224621/runs/kcp109c_phase7_parity_liam_exact/runs/20260225_224621/parallel-results/Parallel_MELTS_KCP109C_dP25.0_02-25_11cores.xlsx,quartz,quartz
716,788,100,0,10.93386693110555,2.538340058847875,-179.7190418351538,-156.4748700082167,21.90469945524863,12.71915945564477,0.4307487049654141,0,1.238114394537171e-06,0,6.112988131993408e-13,0,Success,100.0,0,0,0,0,0,0,0,0,0,0,0,0,0,0,0,0,0,0,KCP109C,/Users/lopezama/PycharmProjects/sci-cluster/review_outputs/rmelts_parity_audit_v2/2026-02-26/kcp109c_phase7_parity_20260225_224621/runs/kcp109c_phase7_parity_liam_exact/runs/20260225_224621/parallel-results/Parallel_MELTS_KCP109C_dP25.0_02-25_11cores.xlsx,quartz,quartz
717,787,100,0,19.33362399500491,2.538340058847875,-317.746413062425,-276.7065132029343,38.71140863037363,22.48777992629694,0.7616640618192125,0,1.238114394537171e-06,0,1.080918715899699e-12,0,Success,100.0,0,0,0,0,0,0,0,0,0,0,0,0,0,0,0,0,0,0,KCP109C,/Users/lopezama/PycharmProjects/sci-cluster/review_outputs/rmelts_parity_audit_v2/2026-02-26/kcp109c_phase7_parity_20260225_224621/runs/kcp109c_phase7_parity_liam_exact/runs/20260225_224621/parallel-results/Parallel_MELTS_KCP109C_dP25.0_02-25_11cores.xlsx,quartz,quartz
718,786,100,0,24.78768837285848,2.538340058847875,-407.3338639075192,-354.7949525074847,49.60478817923282,28.82822576375756,0.9765314259788086,0,1.238114394537171e-06,0,1.385848627915518e-12,0,Success,100.0,0,0,0,0,0,0,0,0,0,0,0,0,0,0,0,0,0,0,KCP109C,/Users/lopezama/PycharmProjects/sci-cluster/review_outputs/rmelts_parity_audit_v2/2026-02-26/kcp109c_phase7_parity_20260225_224621/runs/kcp109c_phase7_parity_liam_exact/runs/20260225_224621/parallel-results/Parallel_MELTS_KCP109C_dP25.0_02-25_11cores.xlsx,quartz,quartz
719,785,100,0,27.62002631773802,2.538340058847875,-453.8221621336062,-395.3673278188128,55.24248387732677,32.11843924107553,1.088113715160547,0,1.238114394537171e-06,0,1.544201096917924e-12,0,Success,100.0,0,0,0,0,0,0,0,0,0,0,0,0,0,0,0,0,0,0,KCP109C,/Users/lopezama/PycharmProjects/sci-cluster/review_outputs/rmelts_parity_audit_v2/2026-02-26/kcp109c_phase7_parity_20260225_224621/runs/kcp109c_phase7_parity_liam_exact/runs/20260225_224621/parallel-results/Parallel_MELTS_KCP109C_dP25.0_02-25_11cores.xlsx,quartz,quartz
720,784,100,0,29.03047477852937,2.538340058847875,-476.9390660743329,-415.5909724545601,58.03158834580977,33.75458920270598,1.143679495477292,0,1.238114394537171e-06,0,1.623057504773751e-12,0,Success,100.0,0,0,0,0,0,0,0,0,0,0,0,0,0,0,0,0,0,0,KCP109C,/Users/lopezama/PycharmProjects/sci-cluster/review_outputs/rmelts_parity_audit_v2/2026-02-26/kcp109c_phase7_parity_20260225_224621/runs/kcp109c_phase7_parity_liam_exact/runs/20260225_224621/parallel-results/Parallel_MELTS_KCP109C_dP25.0_02-25_11cores.xlsx,quartz,quartz
721,783,100,0,29.89200823109937,2.538340058847875,-491.0333845455269,-427.9591634826938,59.72089292508933,34.7521765414499,1.177620316352216,0,1.238114394537171e-06,0,1.671224761646916e-12,0,Success,100.0,0,0,0,0,0,0,0,0,0,0,0,0,0,0,0,0,0,0,KCP109C,/Users/lopezama/PycharmProjects/sci-cluster/review_outputs/rmelts_parity_audit_v2/2026-02-26/kcp109c_phase7_parity_20260225_224621/runs/kcp109c_phase7_parity_liam_exact/runs/20260225_224621/parallel-results/Parallel_MELTS_KCP109C_dP25.0_02-25_11cores.xlsx,quartz,quartz
776,822,75,0,0.3142182479732947,2.537554500622432,-5.189474069963345,-4.487429002083121,0.6410492333289717,0.3669403418266102,0.01238271918479862,0,1.238085905172664e-06,0,1.756754890853875e-14,0,Success,100.0,0,0,0,0,0,0,0,0,0,0,0,0,0,0,0,0,0,0,KCP109C,/Users/lopezama/PycharmProjects/sci-cluster/review_outputs/rmelts_parity_audit_v2/2026-02-26/kcp109c_phase7_parity_20260225_224621/runs/kcp109c_phase7_parity_liam_exact/runs/20260225_224621/parallel-results/Parallel_MELTS_KCP109C_dP25.0_02-25_11cores.xlsx,quartz,quartz
777,821,75,0,0.843885081959501,2.537554500622432,-13.93546984820173,-12.05271830689889,1.720743537268975,0.9853708631166546,0.03325584068253532,0,1.238085905172664e-06,0,4.718055856440817e-14,0,Success,100.0,0,0,0,0,0,0,0,0,0,0,0,0,0,0,0,0,0,0,KCP109C,/Users/lopezama/PycharmProjects/sci-cluster/review_outputs/rmelts_parity_audit_v2/2026-02-26/kcp109c_phase7_parity_20260225_224621/runs/kcp109c_phase7_parity_liam_exact/runs/20260225_224621/parallel-results/Parallel_MELTS_KCP109C_dP25.0_02-25_11cores.xlsx,quartz,quartz
778,820,75,0,1.376485936220206,2.537554500622433,-22.72775133889239,-19.66115277063352,2.805286162245687,1.607090860958315,0.05424458611165081,0,1.238085905172664e-06,0,7.695760562104399e-14,0,Success,99.99999999999999,0,0,0,0,0,0,0,0,0,0,0,0,0,0,0,0,0,0,KCP109C,/Users/lopezama/PycharmProjects/sci-cluster/review_outputs/rmelts_parity_audit_v2/2026-02-26/kcp109c_phase7_parity_20260225_224621/runs/kcp109c_phase7_parity_liam_exact/runs/20260225_224621/parallel-results/Parallel_MELTS_KCP109C_dP25.0_02-25_11cores.xlsx,quartz,quartz
779,819,75,0,1.912553673116043,2.537554500622432,-31.57509953941471,-27.32035427160623,3.895751744548351,2.232720853043237,0.07536995452302271,0,1.238085905172664e-06,0,1.069284817459967e-13,0,Success,100.0,0,0,0,0,0,0,0,0,0,0,0,0,0,0,0,0,0,0,KCP109C,/Users/lopezama/PycharmProjects/sci-cluster/review_outputs/rmelts_parity_audit_v2/2026-02-26/kcp109c_phase7_parity_20260225_224621/runs/kcp109c_phase7_parity_liam_exact/runs/20260225_224621/parallel-results/Parallel_MELTS_KCP109C_dP25.0_02-25_11cores.xlsx,quartz,quartz
780,818,75,0,2.452779814657476,2.537554500622432,-40.48891017865939,-35.04021377234516,4.993535633335682,2.863066275301254,0.09665919743027541,0,1.238085905172664e-06,0,1.371318490692303e-13,0,Success,100.0,0,0,0,0,0,0,0,0,0,0,0,0,0,0,0,0,0,0,KCP109C,/Users/lopezama/PycharmProjects/sci-cluster/review_outputs/rmelts_parity_audit_v2/2026-02-26/kcp109c_phase7_parity_20260225_224621/runs/kcp109c_phase7_parity_liam_exact/runs/20260225_224621/parallel-results/Parallel_MELTS_KCP109C_dP25.0_02-25_11cores.xlsx,quartz,quartz
781,817,75,0,2.997963070736819,2.537554500622432,-49.48234255008345,-42.83215686324842,6.10024830237584,3.499057302986507,0.1181437904092879,0,1.238085905172664e-06,0,1.676123624610058e-13,0,Success,100.0,0,0,0,0,0,0,0,0,0,0,0,0,0,0,0,0,0,0,KCP109C,/Users/lopezama/PycharmProjects/sci-cluster/review_outputs/rmelts_parity_audit_v2/2026-02-26/kcp109c_phase7_parity_20260225_224621/runs/kcp109c_phase7_parity_liam_exact/runs/20260225_224621/parallel-results/Parallel_MELTS_KCP109C_dP25.0_02-25_11cores.xlsx,quartz,quartz
782,816,75,0,3.549060437506208,2.537554500622432,-58.57116172008484,-50.70987449373047,7.217818690129337,4.141808412047649,0.1398614467841248,0,1.238085905172664e-06,0,1.984235263782299e-13,0,Success,100.0,0,0,0,0,0,0,0,0,0,0,0,0,0,0,0,0,0,0,KCP109C,/Users/lopezama/PycharmProjects/sci-cluster/review_outputs/rmelts_parity_audit_v2/2026-02-26/kcp109c_phase7_parity_20260225_224621/runs/kcp109c_phase7_parity_liam_exact/runs/20260225_224621/parallel-results/Parallel_MELTS_KCP109C_dP25.0_02-25_11cores.xlsx,quartz,quartz
783,815,75,0,4.107277238640319,2.537554500622432,-67.77522272116674,-58.69061053217784,8.348676367218577,4.792723342195305,0.1618596659749713,0,1.238085905172664e-06,0,2.296327289587401e-13,0,Success,100.0,0,0,0,0,0,0,0,0,0,0,0,0,0,0,0,0,0,0,KCP109C,/Users/lopezama/PycharmProjects/sci-cluster/review_outputs/rmelts_parity_audit_v2/2026-02-26/kcp109c_phase7_parity_20260225_224621/runs/kcp109c_phase7_parity_liam_exact/runs/20260225_224621/parallel-results/Parallel_MELTS_KCP109C_dP25.0_02-25_11cores.xlsx,quartz,quartz
784,814,75,0,4.674070530919735,2.537554500622432,-77.11852422856566,-66.79521188124563,9.495757114767994,5.453498906432952,0.1841958677054321,0,1.238085905172664e-06,0,2.613214324232079e-13,0,Success,100.0,0,0,0,0,0,0,0,0,0,0,0,0,0,0,0,0,0,0,KCP109C,/Users/lopezama/PycharmProjects/sci-cluster/review_outputs/rmelts_parity_audit_v2/2026-02-26/kcp109c_phase7_parity_20260225_224621/runs/kcp109c_phase7_parity_liam_exact/runs/20260225_224621/parallel-results/Parallel_MELTS_KCP109C_dP25.0_02-25_11cores.xlsx,quartz,quartz
785,813,75,0,5.251295964447857,2.537554500622432,-86.63162879778015,-75.05022883480176,10.66279976336454,6.126296154764403,0.2069431794729837,0,1.238085905172664e-06,0,2.935933838460278e-13,0,Success,100.0,0,0,0,0,0,0,0,0,0,0,0,0,0,0,0,0,0,0,KCP109C,/Users/lopezama/PycharmProjects/sci-cluster/review_outputs/rmelts_parity_audit_v2/2026-02-26/kcp109c_phase7_parity_20260225_224621/runs/kcp109c_phase7_parity_liam_exact/runs/20260225_224621/parallel-results/Parallel_MELTS_KCP109C_dP25.0_02-25_11cores.xlsx,quartz,quartz
786,812,75,0,5.841316732408133,2.537554500622432,-96.35345597833432,-83.48947461112098,11.85456514510745,6.813867199521482,0.2301947300432494,0,1.238085905172664e-06,0,3.265807063998621e-13,0,Success,100.0,0,0,0,0,0,0,0,0,0,0,0,0,0,0,0,0,0,0,KCP109C,/Users/lopezama/PycharmProjects/sci-cluster/review_outputs/rmelts_parity_audit_v2/2026-02-26/kcp109c_phase7_parity_20260225_224621/runs/kcp109c_phase7_parity_liam_exact/runs/20260225_224621/parallel-results/Parallel_MELTS_KCP109C_dP25.0_02-25_11cores.xlsx,quartz,quartz
787,811,75,0,6.447192491927235,2.537554500622432,-106.3343930816678,-92.15672876170906,13.07721654748767,7.519775229031805,0.2540710944472647,0,1.238085905172664e-06,0,3.604544616846108e-13,0,Success,99.99999999999999,0,0,0,0,0,0,0,0,0,0,0,0,0,0,0,0,0,0,KCP109C,/Users/lopezama/PycharmProjects/sci-cluster/review_outputs/rmelts_parity_audit_v2/2026-02-26/kcp109c_phase7_parity_20260225_224621/runs/kcp109c_phase7_parity_liam_exact/runs/20260225_224621/parallel-results/Parallel_MELTS_KCP109C_dP25.0_02-25_11cores.xlsx,quartz,quartz
788,810,75,0,7.072963142785166,2.537554500622432,-116.6409679692448,-101.1097979180748,14.33889124421363,8.248724997062439,0.2787314771387275,0,1.238085905172664e-06,0,3.95440515439863e-13,0,Success,100.0,0,0,0,0,0,0,0,0,0,0,0,0,0,0,0,0,0,0,KCP109C,/Users/lopezama/PycharmProjects/sci-cluster/review_outputs/rmelts_parity_audit_v2/2026-02-26/kcp109c_phase7_parity_20260225_224621/runs/kcp109c_phase7_parity_liam_exact/runs/20260225_224621/parallel-results/Parallel_MELTS_KCP109C_dP25.0_02-25_11cores.xlsx,quartz,quartz
789,809,75,0,7.724066144192264,2.537554500622432,-127.3627203205216,-110.4264876389058,15.65054075831975,9.007048804852955,0.3043901576221374,0,1.238085905172664e-06,0,4.318428692035046e-13,0,Success,100.0,0,0,0,0,0,0,0,0,0,0,0,0,0,0,0,0,0,0,KCP109C,/Users/lopezama/PycharmProjects/sci-cluster/review_outputs/rmelts_parity_audit_v2/2026-02-26/kcp109c_phase7_parity_20260225_224621/runs/kcp109c_phase7_parity_liam_exact/runs/20260225_224621/parallel-results/Parallel_MELTS_KCP109C_dP25.0_02-25_11cores.xlsx,quartz,quartz
790,808,75,0,8.407998433608142,2.537554500622433,-138.623100611133,-120.2140743934808,17.02726376326338,9.803477348428249,0.3313425753632388,0,1.238085905172664e-06,0,4.700806673643024e-13,0,Success,100.0,0,0,0,0,0,0,0,0,0,0,0,0,0,0,0,0,0,0,KCP109C,/Users/lopezama/PycharmProjects/sci-cluster/review_outputs/rmelts_parity_audit_v2/2026-02-26/kcp109c_phase7_parity_20260225_224621/runs/kcp109c_phase7_parity_liam_exact/runs/20260225_224621/parallel-results/Parallel_MELTS_KCP109C_dP25.0_02-25_11cores.xlsx,quartz,quartz
791,807,75,0,9.135367034667858,2.537554500622432,-150.5967686233571,-130.6243399415246,18.49042140613104,10.65036318530431,0.360006732167804,0,1.238085905172664e-06,0,5.107469353359128e-13,0,Success,100.0,0,0,0,0,0,0,0,0,0,0,0,0,0,0,0,0,0,0,KCP109C,/Users/lopezama/PycharmProjects/sci-cluster/review_outputs/rmelts_parity_audit_v2/2026-02-26/kcp109c_phase7_parity_20260225_224621/runs/kcp109c_phase7_parity_liam_exact/runs/20260225_224621/parallel-results/Parallel_MELTS_KCP109C_dP25.0_02-25_11cores.xlsx,quartz,quartz
792,806,75,0,10.11135735293123,2.537554500622432,-166.6655345728286,-144.5915701750466,20.45495473083632,11.78687448684458,0.3984685787221923,0,1.238085905172664e-06,0,5.653133322938938e-13,0,Success,100.0,0,0,0,0,0,0,0,0,0,0,0,0,0,0,0,0,0,0,KCP109C,/Users/lopezama/PycharmProjects/sci-cluster/review_outputs/rmelts_parity_audit_v2/2026-02-26/kcp109c_phase7_parity_20260225_224621/runs/kcp109c_phase7_parity_liam_exact/runs/20260225_224621/parallel-results/Parallel_MELTS_KCP109C_dP25.0_02-25_11cores.xlsx,quartz,quartz
793,805,75,0,11.45039436026043,2.537554500622432,-188.7137281149227,-163.7530351841003,23.15141022197508,13.34628268862742,0.4512373766731622,0,1.238085905172664e-06,0,6.401772151788823e-13,0,Success,100.0,0,0,0,0,0,0,0,0,0,0,0,0,0,0,0,0,0,0,KCP109C,/Users/lopezama/PycharmProjects/sci-cluster/review_outputs/rmelts_parity_audit_v2/2026-02-26/kcp109c_phase7_parity_20260225_224621/runs/kcp109c_phase7_parity_liam_exact/runs/20260225_224621/parallel-results/Parallel_MELTS_KCP109C_dP25.0_02-25_11cores.xlsx,quartz,quartz
794,804,75,0,15.68501306944804,2.537554500622432,-258.4726923532222,-224.330947993277,31.6963694563851,18.27996365990814,0.6181153179409817,0,1.238085905172664e-06,0,8.769294463509852e-13,0,Success,100.0,0,0,0,0,0,0,0,0,0,0,0,0,0,0,0,0,0,0,KCP109C,/Users/lopezama/PycharmProjects/sci-cluster/review_outputs/rmelts_parity_audit_v2/2026-02-26/kcp109c_phase7_parity_20260225_224621/runs/kcp109c_phase7_parity_liam_exact/runs/20260225_224621/parallel-results/Parallel_MELTS_KCP109C_dP25.0_02-25_11cores.xlsx,quartz,quartz
795,803,75,0,21.07188324267418,2.537554500622433,-347.2001360297617,-301.3998582086259,42.55938096095878,24.55524403612785,0.8304012086245038,0,1.238085905172664e-06,0,1.178102614499201e-12,0,Success,100.0,0,0,0,0,0,0,0,0,0,0,0,0,0,0,0,0,0,0,KCP109C,/Users/lopezama/PycharmProjects/sci-cluster/review_outputs/rmelts_parity_audit_v2/2026-02-26/kcp109c_phase7_parity_20260225_224621/runs/kcp109c_phase7_parity_liam_exact/runs/20260225_224621/parallel-results/Parallel_MELTS_KCP109C_dP25.0_02-25_11cores.xlsx,quartz,quartz
796,802,75,0,25.36957765219636,2.537554500622432,-417.9617591094079,-362.9011199281484,51.21205337046869,29.56000428683777,0.9997648383896188,0,1.238085905172664e-06,0,1.418381329119401e-12,0,Success,100.0,0,0,0,0,0,0,0,0,0,0,0,0,0,0,0,0,0,0,KCP109C,/Users/lopezama/PycharmProjects/sci-cluster/review_outputs/rmelts_parity_audit_v2/2026-02-26/kcp109c_phase7_parity_20260225_224621/runs/kcp109c_phase7_parity_liam_exact/runs/20260225_224621/parallel-results/Parallel_MELTS_KCP109C_dP25.0_02-25_11cores.xlsx,quartz,quartz
797,801,75,0,27.72312288838271,2.537554500622432,-456.6802803118,-396.5998934134744,55.9329580583024,32.29859636443699,1.092513397508607,0,1.238085905172664e-06,0,1.549965097127286e-12,0,Success,100.0,0,0,0,0,0,0,0,0,0,0,0,0,0,0,0,0,0,0,KCP109C,/Users/lopezama/PycharmProjects/sci-cluster/review_outputs/rmelts_parity_audit_v2/2026-02-26/kcp109c_phase7_parity_20260225_224621/runs/kcp109c_phase7_parity_liam_exact/runs/20260225_224621/parallel-results/Parallel_MELTS_KCP109C_dP25.0_02-25_11cores.xlsx,quartz,quartz
798,800,75,0,28.99866257934049,2.537554500622432,-477.6336296539782,-414.8812201553338,58.47496575375717,33.78077449447206,1.142779891908822,0,1.238085905172664e-06,0,1.621278924539332e-12,0,Success,100.0,0,0,0,0,0,0,0,0,0,0,0,0,0,0,0,0,0,0,KCP109C,/Users/lopezama/PycharmProjects/sci-cluster/review_outputs/rmelts_parity_audit_v2/2026-02-26/kcp109c_phase7_parity_20260225_224621/runs/kcp109c_phase7_parity_liam_exact/runs/20260225_224621/parallel-results/Parallel_MELTS_KCP109C_dP25.0_02-25_11cores.xlsx,quartz,quartz
799,799,75,0,29.78411043352294,2.537554500622432,-490.5106081194448,-426.1532447071805,60.02645470527852,34.69175676775358,1.173732837116099,0,1.238085905172664e-06,0,1.665192330849935e-12,0,Success,99.99999999999999,0,0,0,0,0,0,0,0,0,0,0,0,0,0,0,0,0,0,KCP109C,/Users/lopezama/PycharmProjects/sci-cluster/review_outputs/rmelts_parity_audit_v2/2026-02-26/kcp109c_phase7_parity_20260225_224621/runs/kcp109c_phase7_parity_liam_exact/runs/20260225_224621/parallel-results/Parallel_MELTS_KCP109C_dP25.0_02-25_11cores.xlsx,quartz,quartz
854,849,50,0,0.181954575429168,2.536769203606255,-3.016958149723823,-2.59458605566306,0.3763953963915371,0.2130964558661882,0.007172689386582844,0,1.238057323692126e-06,0,1.01728525431024e-14,0,Success,99.99999999999999,0,0,0,0,0,0,0,0,0,0,0,0,0,0,0,0,0,0,KCP109C,/Users/lopezama/PycharmProjects/sci-cluster/review_outputs/rmelts_parity_audit_v2/2026-02-26/kcp109c_phase7_parity_20260225_224621/runs/kcp109c_phase7_parity_liam_exact/runs/20260225_224621/parallel-results/Parallel_MELTS_KCP109C_dP25.0_02-25_11cores.xlsx,quartz,quartz
855,848,50,0,0.7122384942558068,2.536769203606255,-11.80803345603671,-10.15701764453792,1.472609206171156,0.8340530453619575,0.02807659810925224,0,1.238057323692126e-06,0,3.982036263993902e-14,0,Success,100.0,0,0,0,0,0,0,0,0,0,0,0,0,0,0,0,0,0,0,KCP109C,/Users/lopezama/PycharmProjects/sci-cluster/review_outputs/rmelts_parity_audit_v2/2026-02-26/kcp109c_phase7_parity_20260225_224621/runs/kcp109c_phase7_parity_liam_exact/runs/20260225_224621/parallel-results/Parallel_MELTS_KCP109C_dP25.0_02-25_11cores.xlsx,quartz,quartz
856,847,50,0,1.244852931503315,2.536769203606254,-20.63554899495744,-17.7539286511375,2.572530771610895,1.457609422764753,0.04907237638069874,0,1.238057323692126e-06,0,6.959816910436392e-14,0,Success,100.0,0,0,0,0,0,0,0,0,0,0,0,0,0,0,0,0,0,0,KCP109C,/Users/lopezama/PycharmProjects/sci-cluster/review_outputs/rmelts_parity_audit_v2/2026-02-26/kcp109c_phase7_parity_20260225_224621/runs/kcp109c_phase7_parity_liam_exact/runs/20260225_224621/parallel-results/Parallel_MELTS_KCP109C_dP25.0_02-25_11cores.xlsx,quartz,quartz
857,846,50,0,1.780265090471934,2.536769203606255,-29.50723570692109,-25.39199080678033,3.677116472448521,2.084311348536676,0.07017844145778498,0,1.238057323692126e-06,0,9.953239268805259e-14,0,Success,100.0,0,0,0,0,0,0,0,0,0,0,0,0,0,0,0,0,0,0,KCP109C,/Users/lopezama/PycharmProjects/sci-cluster/review_outputs/rmelts_parity_audit_v2/2026-02-26/kcp109c_phase7_parity_20260225_224621/runs/kcp109c_phase7_parity_liam_exact/runs/20260225_224621/parallel-results/Parallel_MELTS_KCP109C_dP25.0_02-25_11cores.xlsx,quartz,quartz
858,845,50,0,2.31906354508253,2.536769203606254,-38.43283211224751,-33.07960928444979,4.787571280953107,2.714846434379751,0.09141799505393572,0,1.238057323692126e-06,0,1.29655939822149e-13,0,Success,100.0,0,0,0,0,0,0,0,0,0,0,0,0,0,0,0,0,0,0,KCP109C,/Users/lopezama/PycharmProjects/sci-cluster/review_outputs/rmelts_parity_audit_v2/2026-02-26/kcp109c_phase7_parity_20260225_224621/runs/kcp109c_phase7_parity_liam_exact/runs/20260225_224621/parallel-results/Parallel_MELTS_KCP109C_dP25.0_02-25_11cores.xlsx,quartz,quartz
859,844,50,0,2.861930748975021,2.536769203606255,-47.42362752553694,-40.82653124042748,5.905291397851189,3.350011888559787,0.1128179396417506,0,1.238057323692126e-06,0,1.600069656353715e-13,0,Success,100.0,0,0,0,0,0,0,0,0,0,0,0,0,0,0,0,0,0,0,KCP109C,/Users/lopezama/PycharmProjects/sci-cluster/review_outputs/rmelts_parity_audit_v2/2026-02-26/kcp109c_phase7_parity_20260225_224621/runs/kcp109c_phase7_parity_liam_exact/runs/20260225_224621/parallel-results/Parallel_MELTS_KCP109C_dP25.0_02-25_11cores.xlsx,quartz,quartz
860,843,50,0,3.409680019718742,2.536769203606255,-56.49307386417173,-48.64437400011044,7.031940029620834,3.990757743964042,0.1344103363787121,0,1.238057323692126e-06,0,1.906309416949178e-13,0,Success,100.0,0,0,0,0,0,0,0,0,0,0,0,0,0,0,0,0,0,0,KCP109C,/Users/lopezama/PycharmProjects/sci-cluster/review_outputs/rmelts_parity_audit_v2/2026-02-26/kcp109c_phase7_parity_20260225_224621/runs/kcp109c_phase7_parity_liam_exact/runs/20260225_224621/parallel-results/Parallel_MELTS_KCP109C_dP25.0_02-25_11cores.xlsx,quartz,quartz
861,842,50,0,3.96328520789658,2.536769203606255,-65.65727581563868,-56.5470491331785,8.1695078531679,4.638221497677305,0.1562335746690081,0,1.238057323692126e-06,0,2.215823147678194e-13,0,Success,100.0,0,0,0,0,0,0,0,0,0,0,0,0,0,0,0,0,0,0,KCP109C,/Users/lopezama/PycharmProjects/sci-cluster/review_outputs/rmelts_parity_audit_v2/2026-02-26/kcp109c_phase7_parity_20260225_224621/runs/kcp109c_phase7_parity_liam_exact/runs/20260225_224621/parallel-results/Parallel_MELTS_KCP109C_dP25.0_02-25_11cores.xlsx,quartz,quartz
862,841,50,0,4.523974983979005,2.536769203606255,-74.93655098956326,-64.55210876107682,9.3205064205775,5.29383834222191,0.1783360889728459,0,1.238057323692126e-06,0,2.529297782820415e-13,0,Success,100.0,0,0,0,0,0,0,0,0,0,0,0,0,0,0,0,0,0,0,KCP109C,/Users/lopezama/PycharmProjects/sci-cluster/review_outputs/rmelts_parity_audit_v2/2026-02-26/kcp109c_phase7_parity_20260225_224621/runs/kcp109c_phase7_parity_liam_exact/runs/20260225_224621/parallel-results/Parallel_MELTS_KCP109C_dP25.0_02-25_11cores.xlsx,quartz,quartz
863,840,50,0,5.093179414898994,2.536769203606255,-84.35454249123663,-72.67998469106772,10.48785680291867,5.959278497877721,0.2007742528432844,0,1.238057323692126e-06,0,2.847532854896615e-13,0,Success,100.0,0,0,0,0,0,0,0,0,0,0,0,0,0,0,0,0,0,0,KCP109C,/Users/lopezama/PycharmProjects/sci-cluster/review_outputs/rmelts_parity_audit_v2/2026-02-26/kcp109c_phase7_parity_20260225_224621/runs/kcp109c_phase7_parity_liam_exact/runs/20260225_224621/parallel-results/Parallel_MELTS_KCP109C_dP25.0_02-25_11cores.xlsx,quartz,quartz
864,839,50,0,5.672720689431133,2.536769203606255,-93.9413753114952,-80.95671147893698,11.67528106150989,6.636670219984498,0.2236198973626308,0,1.238057323692126e-06,0,3.171547126840666e-13,0,Success,100.0,0,0,0,0,0,0,0,0,0,0,0,0,0,0,0,0,0,0,KCP109C,/Users/lopezama/PycharmProjects/sci-cluster/review_outputs/rmelts_parity_audit_v2/2026-02-26/kcp109c_phase7_parity_20260225_224621/runs/kcp109c_phase7_parity_liam_exact/runs/20260225_224621/parallel-results/Parallel_MELTS_KCP109C_dP25.0_02-25_11cores.xlsx,quartz,quartz
865,838,50,0,6.264865125173539,2.536769203606254,-103.7345134465249,-89.41467098538581,12.88740715577473,7.328660390538754,0.2469623612691075,0,1.238057323692126e-06,0,3.50260766845211e-13,0,Success,100.0,0,0,0,0,0,0,0,0,0,0,0,0,0,0,0,0,0,0,KCP109C,/Users/lopezama/PycharmProjects/sci-cluster/review_outputs/rmelts_parity_audit_v2/2026-02-26/kcp109c_phase7_parity_20260225_224621/runs/kcp109c_phase7_parity_liam_exact/runs/20260225_224621/parallel-results/Parallel_MELTS_KCP109C_dP25.0_02-25_11cores.xlsx,quartz,quartz
866,837,50,0,6.872461224651648,2.536769203606254,-113.7810410185831,-98.0945655249738,14.1300504378771,8.038575719478668,0.2709139331588306,0,1.238057323692126e-06,0,3.842307041835613e-13,0,Success,100.0,0,0,0,0,0,0,0,0,0,0,0,0,0,0,0,0,0,0,KCP109C,/Users/lopezama/PycharmProjects/sci-cluster/review_outputs/rmelts_parity_audit_v2/2026-02-26/kcp109c_phase7_parity_20260225_224621/runs/kcp109c_phase7_parity_liam_exact/runs/20260225_224621/parallel-results/Parallel_MELTS_KCP109C_dP25.0_02-25_11cores.xlsx,quartz,quartz
867,836,50,0,7.49915218035393,2.536769203606254,-124.1411741308075,-107.0484547222799,15.41064726008899,8.770670913435682,0.2956182284810611,0,1.238057323692126e-06,0,4.192682110306316e-13,0,Success,100.0,0,0,0,0,0,0,0,0,0,0,0,0,0,0,0,0,0,0,KCP109C,/Users/lopezama/PycharmProjects/sci-cluster/review_outputs/rmelts_parity_audit_v2/2026-02-26/kcp109c_phase7_parity_20260225_224621/runs/kcp109c_phase7_parity_liam_exact/runs/20260225_224621/parallel-results/Parallel_MELTS_KCP109C_dP25.0_02-25_11cores.xlsx,quartz,quartz
868,835,50,0,8.149619433173358,2.536769203606254,-134.8922841069222,-116.3432371737425,16.73875101130684,9.530412998255745,0.3212597906655408,0,1.238057323692126e-06,0,4.556350208865612e-13,0,Success,100.0,0,0,0,0,0,0,0,0,0,0,0,0,0,0,0,0,0,0,KCP109C,/Users/lopezama/PycharmProjects/sci-cluster/review_outputs/rmelts_parity_audit_v2/2026-02-26/kcp109c_phase7_parity_20260225_224621/runs/kcp109c_phase7_parity_liam_exact/runs/20260225_224621/parallel-results/Parallel_MELTS_KCP109C_dP25.0_02-25_11cores.xlsx,quartz,quartz
869,834,50,0,8.829992802900064,2.536769203606255,-146.1356744969508,-126.0665119793263,18.12686855225082,10.32496022974443,0.3480802585567265,0,1.238057323692126e-06,0,4.936738443025617e-13,0,Success,100.0,0,0,0,0,0,0,0,0,0,0,0,0,0,0,0,0,0,0,KCP109C,/Users/lopezama/PycharmProjects/sci-cluster/review_outputs/rmelts_parity_audit_v2/2026-02-26/kcp109c_phase7_parity_20260225_224621/runs/kcp109c_phase7_parity_liam_exact/runs/20260225_224621/parallel-results/Parallel_MELTS_KCP109C_dP25.0_02-25_11cores.xlsx,quartz,quartz
870,833,50,0,9.548286265467727,2.536769203606255,-158.0037774481472,-136.3328093402136,19.59134665997701,11.16367067839293,0.3763955448486975,0,1.238057323692126e-06,0,5.338327326412603e-13,0,Success,100.0,0,0,0,0,0,0,0,0,0,0,0,0,0,0,0,0,0,0,KCP109C,/Users/lopezama/PycharmProjects/sci-cluster/review_outputs/rmelts_parity_audit_v2/2026-02-26/kcp109c_phase7_parity_20260225_224621/runs/kcp109c_phase7_parity_liam_exact/runs/20260225_224621/parallel-results/Parallel_MELTS_KCP109C_dP25.0_02-25_11cores.xlsx,quartz,quartz
871,832,50,0,10.31507496119841,2.536769203606254,-170.6713360993395,-147.2932688489074,21.1537503962649,12.05889249329031,0.4066225238990827,0,1.238057323692126e-06,0,5.767029287601958e-13,0,Success,100.0,0,0,0,0,0,0,0,0,0,0,0,0,0,0,0,0,0,0,KCP109C,/Users/lopezama/PycharmProjects/sci-cluster/review_outputs/rmelts_parity_audit_v2/2026-02-26/kcp109c_phase7_parity_20260225_224621/runs/kcp109c_phase7_parity_liam_exact/runs/20260225_224621/parallel-results/Parallel_MELTS_KCP109C_dP25.0_02-25_11cores.xlsx,quartz,quartz
872,831,50,0,11.14411746785206,2.536769203606255,-184.3656731508604,-159.1445408735331,22.84212496248447,13.02668966717912,0.4393035618695487,0,1.238057323692126e-06,0,6.230536575190594e-13,0,Success,100.0,0,0,0,0,0,0,0,0,0,0,0,0,0,0,0,0,0,0,KCP109C,/Users/lopezama/PycharmProjects/sci-cluster/review_outputs/rmelts_parity_audit_v2/2026-02-26/kcp109c_phase7_parity_20260225_224621/runs/kcp109c_phase7_parity_liam_exact/runs/20260225_224621/parallel-results/Parallel_MELTS_KCP109C_dP25.0_02-25_11cores.xlsx,quartz,quartz
873,830,50,0,12.35883206513491,2.536769203606254,-204.4363019823301,-176.5058243886789,25.31883931799954,14.44505064837406,0.4871878784859762,0,1.238057323692126e-06,0,6.909668300840595e-13,0,Success,100.0,0,0,0,0,0,0,0,0,0,0,0,0,0,0,0,0,0,0,KCP109C,/Users/lopezama/PycharmProjects/sci-cluster/review_outputs/rmelts_parity_audit_v2/2026-02-26/kcp109c_phase7_parity_20260225_224621/runs/kcp109c_phase7_parity_liam_exact/runs/20260225_224621/parallel-results/Parallel_MELTS_KCP109C_dP25.0_02-25_11cores.xlsx,quartz,quartz
874,829,50,0,14.28164194944644,2.536769203606255,-236.2136284340229,-203.9836175897113,29.24285337232821,16.69063776135139,0.5629854670714132,0,1.238057323692126e-06,0,7.984687237593609e-13,0,Success,100.0,0,0,0,0,0,0,0,0,0,0,0,0,0,0,0,0,0,0,KCP109C,/Users/lopezama/PycharmProjects/sci-cluster/review_outputs/rmelts_parity_audit_v2/2026-02-26/kcp109c_phase7_parity_20260225_224621/runs/kcp109c_phase7_parity_liam_exact/runs/20260225_224621/parallel-results/Parallel_MELTS_KCP109C_dP25.0_02-25_11cores.xlsx,quartz,quartz
875,828,50,0,17.70737110474768,2.536769203606254,-292.8378062929149,-252.9337424986287,36.23853588910339,20.6919744517775,0.6980284639049938,0,1.238057323692126e-06,0,9.899969525345291e-13,0,Success,100.0,0,0,0,0,0,0,0,0,0,0,0,0,0,0,0,0,0,0,KCP109C,/Users/lopezama/PycharmProjects/sci-cluster/review_outputs/rmelts_parity_audit_v2/2026-02-26/kcp109c_phase7_parity_20260225_224621/runs/kcp109c_phase7_parity_liam_exact/runs/20260225_224621/parallel-results/Parallel_MELTS_KCP109C_dP25.0_02-25_11cores.xlsx,quartz,quartz
876,827,50,0,21.68349685083515,2.536769203606254,-358.5491058275179,-309.7544308843596,44.35274730096652,25.33553731774316,0.8547682154139224,0,1.238057323692126e-06,0,1.212297165718928e-12,0,Success,99.99999999999999,0,0,0,0,0,0,0,0,0,0,0,0,0,0,0,0,0,0,KCP109C,/Users/lopezama/PycharmProjects/sci-cluster/review_outputs/rmelts_parity_audit_v2/2026-02-26/kcp109c_phase7_parity_20260225_224621/runs/kcp109c_phase7_parity_liam_exact/runs/20260225_224621/parallel-results/Parallel_MELTS_KCP109C_dP25.0_02-25_11cores.xlsx,quartz,quartz
877,826,50,0,24.84141684721948,2.536769203606255,-410.7163323496445,-354.8951687684224,50.78575588520398,29.02217884697435,0.9792541162950531,0,1.238057323692126e-06,0,1.388852519660209e-12,0,Success,100.0,0,0,0,0,0,0,0,0,0,0,0,0,0,0,0,0,0,0,KCP109C,/Users/lopezama/PycharmProjects/sci-cluster/review_outputs/rmelts_parity_audit_v2/2026-02-26/kcp109c_phase7_parity_20260225_224621/runs/kcp109c_phase7_parity_liam_exact/runs/20260225_224621/parallel-results/Parallel_MELTS_KCP109C_dP25.0_02-25_11cores.xlsx,quartz,quartz
878,825,50,0,27.22784025043264,2.536769203606255,-450.1166872783974,-389.0204487366545,55.6356040083257,31.80677221054735,1.073327451773134,0,1.238057323692126e-06,0,1.522274464829961e-12,0,Success,100.0,0,0,0,0,0,0,0,0,0,0,0,0,0,0,0,0,0,0,KCP109C,/Users/lopezama/PycharmProjects/sci-cluster/review_outputs/rmelts_parity_audit_v2/2026-02-26/kcp109c_phase7_parity_20260225_224621/runs/kcp109c_phase7_parity_liam_exact/runs/20260225_224621/parallel-results/Parallel_MELTS_KCP109C_dP25.0_02-25_11cores.xlsx,quartz,quartz
879,824,50,0,28.59470957443583,2.536769203606254,-472.6546563827638,-408.5831304897514,58.39814600830558,33.39986774318158,1.127209741185196,0,1.238057323692126e-06,0,1.598694417699943e-12,0,Success,100.0,0,0,0,0,0,0,0,0,0,0,0,0,0,0,0,0,0,0,KCP109C,/Users/lopezama/PycharmProjects/sci-cluster/review_outputs/rmelts_parity_audit_v2/2026-02-26/kcp109c_phase7_parity_20260225_224621/runs/kcp109c_phase7_parity_liam_exact/runs/20260225_224621/parallel-results/Parallel_MELTS_KCP109C_dP25.0_02-25_11cores.xlsx,quartz,quartz
880,823,50,0,29.45721087216561,2.536769203606255,-486.8511795348464,-420.9416156347149,60.12823418339776,34.40354792090891,1.161209732059559,0,1.238057323692126e-06,0,1.646915785584451e-12,0,Success,100.0,0,0,0,0,0,0,0,0,0,0,0,0,0,0,0,0,0,0,KCP109C,/Users/lopezama/PycharmProjects/sci-cluster/review_outputs/rmelts_parity_audit_v2/2026-02-26/kcp109c_phase7_parity_20260225_224621/runs/kcp109c_phase7_parity_liam_exact/runs/20260225_224621/parallel-results/Parallel_MELTS_KCP109C_dP25.0_02-25_11cores.xlsx,quartz,quartz
881,822,50,0,30.0430530990755,2.536769203606254,-496.4723217495284,-429.348348561115,61.29203596622676,35.08392095237795,1.18430376150761,0,1.238057323692126e-06,0,1.67966949113882e-12,0,Success,100.0,0,0,0,0,0,0,0,0,0,0,0,0,0,0,0,0,0,0,KCP109C,/Users/lopezama/PycharmProjects/sci-cluster/review_outputs/rmelts_parity_audit_v2/2026-02-26/kcp109c_phase7_parity_20260225_224621/runs/kcp109c_phase7_parity_liam_exact/runs/20260225_224621/parallel-results/Parallel_MELTS_KCP109C_dP25.0_02-25_11cores.xlsx,quartz,quartz
