Index,T_C,P_MPa,deltaQFM,Mass_g,Density_g_cm3,G_kJ,H_kJ,S_J_per_K,Cp_J_per_K,V_cm3,alpha_1_per_K,beta_1_per_bar,d2V/dT2,d2V/dP2,d2V/dTdP,Outcome,sample_label,source_excel,phase,phase_sheet_name
1,776,400,0,111.7324807852826,2.025971490397598,-1862.181588402811,-1512.751894965018,333.0598040678574,162.6862061773274,5.51500755636769,0.0002552089427512445,2.699850001607962e-05,7.65724684190639e-07,4.184820150051352e-08,-2.077876713516732e-07,Success,KCP109C,/Users/lopezama/PycharmProjects/sci-cluster/review_outputs/rmelts_parity_audit_v2/2026-02-26/kcp109c_phase7_parity_20260225_224621/runs/kcp109c_phase7_parity_liam_exact/runs/20260225_224621/parallel-results/Parallel_MELTS_KCP109C_dP25.0_02-25_11cores.xlsx,system,system
2,775,400,0,111.7325115780697,2.026583951885536,-1861.849099531302,-1512.915593849021,332.9041699015236,162.6694129847154,5.513342364825974,0.0002551020427063356,2.696011636927208e-05,7.675415039244497e-07,4.171642867310765e-08,-2.075139304003356e-07,Success,KCP109C,/Users/lopezama/PycharmProjects/sci-cluster/review_outputs/rmelts_parity_audit_v2/2026-02-26/kcp109c_phase7_parity_20260225_224621/runs/kcp109c_phase7_parity_liam_exact/runs/20260225_224621/parallel-results/Parallel_MELTS_KCP109C_dP25.0_02-25_11cores.xlsx,system,system
3,774,400,0,111.7325425045854,2.027195898278198,-1861.516768461927,-1513.079271182387,332.7484097593853,162.6526032832131,5.51167958654048,0.0002549948538105509,2.692181395849255e-05,7.693575333980596e-07,4.158506465605712e-08,-2.072403091931758e-07,Success,KCP109C,/Users/lopezama/PycharmProjects/sci-cluster/review_outputs/rmelts_parity_audit_v2/2026-02-26/kcp109c_phase7_parity_20260225_224621/runs/kcp109c_phase7_parity_liam_exact/runs/20260225_224621/parallel-results/Parallel_MELTS_KCP109C_dP25.0_02-25_11cores.xlsx,system,system
4,773,400,0,111.7325735655057,2.027807313669085,-1861.184595331346,-1513.242926909952,332.592523463551,162.6357779605593,5.510019261314251,0.0002548873815394174,2.688359383735549e-05,7.711727784288329e-07,4.145411353440104e-08,-2.069668327630388e-07,Success,KCP109C,/Users/lopezama/PycharmProjects/sci-cluster/review_outputs/rmelts_parity_audit_v2/2026-02-26/kcp109c_phase7_parity_20260225_224621/runs/kcp109c_phase7_parity_liam_exact/runs/20260225_224621/parallel-results/Parallel_MELTS_KCP109C_dP25.0_02-25_11cores.xlsx,system,system
5,772,400,0,111.732604761495,2.028418186311131,-1860.852580276253,-1513.406561001544,332.4365108115666,162.6189376603511,5.508361417558145,0.0002547796299393161,2.684545671817341e-05,7.729872412942268e-07,4.132357800496013e-08,-2.066935195201363e-07,Success,KCP109C,/Users/lopezama/PycharmProjects/sci-cluster/review_outputs/rmelts_parity_audit_v2/2026-02-26/kcp109c_phase7_parity_20260225_224621/runs/kcp109c_phase7_parity_liam_exact/runs/20260225_224621/parallel-results/Parallel_MELTS_KCP109C_dP25.0_02-25_11cores.xlsx,system,system
6,771,400,0,111.7326360930167,2.029028561731946,-1860.520723430335,-1513.570173727775,332.2803713092563,162.6020795932894,5.506705928163157,0.0002546715831926783,2.680739879154306e-05,7.748008629674173e-07,4.1193442532451e-08,-2.06420297324499e-07,Success,KCP109C,/Users/lopezama/PycharmProjects/sci-cluster/review_outputs/rmelts_parity_audit_v2/2026-02-26/kcp109c_phase7_parity_20260225_224621/runs/kcp109c_phase7_parity_liam_exact/runs/20260225_224621/parallel-results/Parallel_MELTS_KCP109C_dP25.0_02-25_11cores.xlsx,system,system
7,770,400,0,111.7326675610853,2.029638331917676,-1860.189024936334,-1513.733764557873,332.1241052374645,162.5852101799483,5.505053082807921,0.0002545632787521437,2.676942835071499e-05,7.76613750092206e-07,4.10637403648212e-08,-2.061473367191577e-07,Success,KCP109C,/Users/lopezama/PycharmProjects/sci-cluster/review_outputs/rmelts_parity_audit_v2/2026-02-26/kcp109c_phase7_parity_20260225_224621/runs/kcp109c_phase7_parity_liam_exact/runs/20260225_224621/parallel-results/Parallel_MELTS_KCP109C_dP25.0_02-25_11cores.xlsx,system,system
8,769,400,0,111.7326991660918,2.030247564374348,-1859.857484927225,-1513.897333879662,331.9677119872982,162.568325316051,5.503402694662211,0.0002544546931839299,2.673153984443531e-05,7.784258205809738e-07,4.093444893806911e-08,-2.058745307940574e-07,Success,KCP109C,/Users/lopezama/PycharmProjects/sci-cluster/review_outputs/rmelts_parity_audit_v2/2026-02-26/kcp109c_phase7_parity_20260225_224621/runs/kcp109c_phase7_parity_liam_exact/runs/20260225_224621/parallel-results/Parallel_MELTS_KCP109C_dP25.0_02-25_11cores.xlsx,system,system
9,768,400,0,111.732730908793,2.030856225183268,-1859.526103542067,-1514.060881554223,331.8111914592949,162.5514269855114,5.501754852129428,0.0002543458382533117,2.669373570532166e-05,7.802371025556372e-07,4.08055778593424e-08,-2.056019329039832e-07,Success,KCP109C,/Users/lopezama/PycharmProjects/sci-cluster/review_outputs/rmelts_parity_audit_v2/2026-02-26/kcp109c_phase7_parity_20260225_224621/runs/kcp109c_phase7_parity_liam_exact/runs/20260225_224621/parallel-results/Parallel_MELTS_KCP109C_dP25.0_02-25_11cores.xlsx,system,system
10,767,400,0,111.732762789847,2.031464308911802,-1859.194880918563,-1514.224407592223,331.6545434084894,162.5345154645323,5.50010956627139,0.0002542367158449248,2.665601611749838e-05,7.82047593617388e-07,4.067712767048127e-08,-2.053295513682502e-07,Success,KCP109C,/Users/lopezama/PycharmProjects/sci-cluster/review_outputs/rmelts_parity_audit_v2/2026-02-26/kcp109c_phase7_parity_20260225_224621/runs/kcp109c_phase7_parity_liam_exact/runs/20260225_224621/parallel-results/Parallel_MELTS_KCP109C_dP25.0_02-25_11cores.xlsx,system,system
11,766,400,0,111.7327948100605,2.032071769694888,-1858.863817197024,-1514.387911804681,331.4977677836151,162.5175934741455,5.498466957534526,0.0002541273419167028,2.661838440506047e-05,7.838573383821913e-07,4.054911152517176e-08,-2.050574582176298e-07,Success,KCP109C,/Users/lopezama/PycharmProjects/sci-cluster/review_outputs/rmelts_parity_audit_v2/2026-02-26/kcp109c_phase7_parity_20260225_224621/runs/kcp109c_phase7_parity_liam_exact/runs/20260225_224621/parallel-results/Parallel_MELTS_KCP109C_dP25.0_02-25_11cores.xlsx,system,system
12,765,400,0,111.7328269696724,2.032678720530932,-1858.532912508904,-1514.551394792951,331.3408637633797,162.5006541370179,5.496826716446759,0.0002540176771484588,2.658083153330605e-05,7.856661982542193e-07,4.042149292027152e-08,-2.047854750668205e-07,Success,KCP109C,/Users/lopezama/PycharmProjects/sci-cluster/review_outputs/rmelts_parity_audit_v2/2026-02-26/kcp109c_phase7_parity_20260225_224621/runs/kcp109c_phase7_parity_liam_exact/runs/20260225_224621/parallel-results/Parallel_MELTS_KCP109C_dP25.0_02-25_11cores.xlsx,system,system
13,764,400,0,111.7328592698511,2.033285016840833,-1858.20216700076,-1514.714855882306,331.1838317682631,162.4837061462576,5.495189230452956,0.0002539077718640813,2.654336848526361e-05,7.874743331620468e-07,4.02943157647837e-08,-2.045138294621543e-07,Success,KCP109C,/Users/lopezama/PycharmProjects/sci-cluster/review_outputs/rmelts_parity_audit_v2/2026-02-26/kcp109c_phase7_parity_20260225_224621/runs/kcp109c_phase7_parity_liam_exact/runs/20260225_224621/parallel-results/Parallel_MELTS_KCP109C_dP25.0_02-25_11cores.xlsx,system,system
14,763,400,0,111.7328917110716,2.033890707705128,-1857.871580808297,-1514.878295359858,331.0266712816087,162.4667464915385,5.493554362964845,0.0002537976089951456,2.650599118481062e-05,7.892816792179842e-07,4.01675634673457e-08,-2.04242443711108e-07,Success,KCP109C,/Users/lopezama/PycharmProjects/sci-cluster/review_outputs/rmelts_parity_audit_v2/2026-02-26/kcp109c_phase7_parity_20260225_224621/runs/kcp109c_phase7_parity_liam_exact/runs/20260225_224621/parallel-results/Parallel_MELTS_KCP109C_dP25.0_02-25_11cores.xlsx,system,system
15,762,400,0,111.7329242940763,2.034495768986076,-1857.541154071722,-1515.041713153971,330.8693821356819,162.4497765950327,5.491922175378138,0.0002536871969690906,2.646870123009513e-05,7.910882585458457e-07,4.00412422157563e-08,-2.03971355439469e-07,Success,KCP109C,/Users/lopezama/PycharmProjects/sci-cluster/review_outputs/rmelts_parity_audit_v2/2026-02-26/kcp109c_phase7_parity_20260225_224621/runs/kcp109c_phase7_parity_liam_exact/runs/20260225_224621/parallel-results/Parallel_MELTS_KCP109C_dP25.0_02-25_11cores.xlsx,system,system
16,761,400,0,111.7329570194925,2.035100209235713,-1857.21088692965,-1515.205109352207,330.7119640066169,162.4327958973547,5.490292640746871,0.0002535765328234695,2.643149769099629e-05,7.928940544906657e-07,3.991534805439997e-08,-2.037005508056026e-07,Success,KCP109C,/Users/lopezama/PycharmProjects/sci-cluster/review_outputs/rmelts_parity_audit_v2/2026-02-26/kcp109c_phase7_parity_20260225_224621/runs/kcp109c_phase7_parity_liam_exact/runs/20260225_224621/parallel-results/Parallel_MELTS_KCP109C_dP25.0_02-25_11cores.xlsx,system,system
17,760,400,0,111.7329898880756,2.035704002553866,-1856.880779522976,-1515.368483879706,330.5544167287131,162.4158059355121,5.488665825085691,0.0002534656256155882,2.639438228151946e-05,7.946990927495262e-07,3.97898876181258e-08,-2.03430070114315e-07,Success,KCP109C,/Users/lopezama/PycharmProjects/sci-cluster/review_outputs/rmelts_parity_audit_v2/2026-02-26/kcp109c_phase7_parity_20260225_224621/runs/kcp109c_phase7_parity_liam_exact/runs/20260225_224621/parallel-results/Parallel_MELTS_KCP109C_dP25.0_02-25_11cores.xlsx,system,system
18,759,400,0,111.7330229005031,2.036307145522173,-1856.5508319916,-1515.531836770788,330.3967400288834,162.3988068829508,5.487041733669862,0.0002533544765671867,2.635735497853843e-05,7.965033722331643e-07,3.966486057437559e-08,-2.031599182790854e-07,Success,KCP109C,/Users/lopezama/PycharmProjects/sci-cluster/review_outputs/rmelts_parity_audit_v2/2026-02-26/kcp109c_phase7_parity_20260225_224621/runs/kcp109c_phase7_parity_liam_exact/runs/20260225_224621/parallel-results/Parallel_MELTS_KCP109C_dP25.0_02-25_11cores.xlsx,system,system
19,758,400,0,111.7330560574828,2.036909627304754,-1856.221044476142,-1515.695168026727,330.2389336657273,162.3817993672627,5.485420391739634,0.0002532430894927066,2.632041632101727e-05,7.983069014954927e-07,3.95402688358282e-08,-2.028901118346021e-07,Success,KCP109C,/Users/lopezama/PycharmProjects/sci-cluster/review_outputs/rmelts_parity_audit_v2/2026-02-26/kcp109c_phase7_parity_20260225_224621/runs/kcp109c_phase7_parity_liam_exact/runs/20260225_224621/parallel-results/Parallel_MELTS_KCP109C_dP25.0_02-25_11cores.xlsx,system,system
20,757,400,0,111.7330893597111,2.037511441074777,-1855.891417117297,-1515.858477669269,330.0809973771081,162.3647837740154,5.483801813685642,0.0002531314668104848,2.628356653485444e-05,8.001096845551996e-07,3.941611305722997e-08,-2.026206609846667e-07,Success,KCP109C,/Users/lopezama/PycharmProjects/sci-cluster/review_outputs/rmelts_parity_audit_v2/2026-02-26/kcp109c_phase7_parity_20260225_224621/runs/kcp109c_phase7_parity_liam_exact/runs/20260225_224621/parallel-results/Parallel_MELTS_KCP109C_dP25.0_02-25_11cores.xlsx,system,system
21,756,400,0,111.7331228079125,2.038112573295035,-1855.561950056452,-1516.021765691735,329.9229309281605,162.3477609020377,5.482186031916409,0.0002530196132888627,2.624680634867442e-05,8.01911734581321e-07,3.929239589606532e-08,-2.023515864176855e-07,Success,KCP109C,/Users/lopezama/PycharmProjects/sci-cluster/review_outputs/rmelts_parity_audit_v2/2026-02-26/kcp109c_phase7_parity_20260225_224621/runs/kcp109c_phase7_parity_liam_exact/runs/20260225_224621/parallel-results/Parallel_MELTS_KCP109C_dP25.0_02-25_11cores.xlsx,system,system
22,755,400,0,111.733156402785,2.038713018653393,-1855.23264343482,-1516.185032126705,329.7647340447555,162.3307310496146,5.480573056652513,0.0002529075308245167,2.621013585908238e-05,8.037130546886608e-07,3.916911747899769e-08,-2.020828958839057e-07,Success,KCP109C,/Users/lopezama/PycharmProjects/sci-cluster/review_outputs/rmelts_parity_audit_v2/2026-02-26/kcp109c_phase7_parity_20260225_224621/runs/kcp109c_phase7_parity_liam_exact/runs/20260225_224621/parallel-results/Parallel_MELTS_KCP109C_dP25.0_02-25_11cores.xlsx,system,system
23,754,400,0,111.7331915865436,2.039320404456741,-1854.903521407133,-1516.35784417119,329.5971155487939,162.3165900348446,5.478942462516496,0.0002528186767135978,2.617574866265541e-05,8.05600044639027e-07,3.906540469742914e-08,-2.019271012001602e-07,Success,KCP109C,/Users/lopezama/PycharmProjects/sci-cluster/review_outputs/rmelts_parity_audit_v2/2026-02-26/kcp109c_phase7_parity_20260225_224621/runs/kcp109c_phase7_parity_liam_exact/runs/20260225_224621/parallel-results/Parallel_MELTS_KCP109C_dP25.0_02-25_11cores.xlsx,system,system
24,753,400,0,111.7332324253048,2.039958271070144,-1854.574678828418,-1516.567067624419,329.3939591716596,162.3133798394714,5.477231275259888,0.0002528181842855432,2.614954700788663e-05,8.078180661239235e-07,3.90339373838591e-08,-2.021963227889706e-07,Success,KCP109C,/Users/lopezama/PycharmProjects/sci-cluster/review_outputs/rmelts_parity_audit_v2/2026-02-26/kcp109c_phase7_parity_20260225_224621/runs/kcp109c_phase7_parity_liam_exact/runs/20260225_224621/parallel-results/Parallel_MELTS_KCP109C_dP25.0_02-25_11cores.xlsx,system,system
25,752,400,0,111.7332734176077,2.040598737569889,-1854.2460418125,-1516.776108885769,329.1907846917337,162.3099704182212,5.475514189069272,0.0002528158801060862,2.612297945747519e-05,8.100384219108785e-07,3.900091238912102e-08,-2.024578595793379e-07,Success,KCP109C,/Users/lopezama/PycharmProjects/sci-cluster/review_outputs/rmelts_parity_audit_v2/2026-02-26/kcp109c_phase7_parity_20260225_224621/runs/kcp109c_phase7_parity_liam_exact/runs/20260225_224621/parallel-results/Parallel_MELTS_KCP109C_dP25.0_02-25_11cores.xlsx,system,system
26,751,400,0,111.733314564201,2.041241795749003,-1853.917610390228,-1516.98497031644,328.9875897805862,162.3063618766379,5.473791238102789,0.0002528117694678034,2.609605001051226e-05,8.122609568733872e-07,3.896635015060957e-08,-2.02711757990472e-07,Success,KCP109C,/Users/lopezama/PycharmProjects/sci-cluster/review_outputs/rmelts_parity_audit_v2/2026-02-26/kcp109c_phase7_parity_20260225_224621/runs/kcp109c_phase7_parity_liam_exact/runs/20260225_224621/parallel-results/Parallel_MELTS_KCP109C_dP25.0_02-25_11cores.xlsx,system,system
27,750,400,0,111.7333558656223,2.041887493780695,-1853.589384591481,-1517.193654477094,328.784371904791,162.3025508285895,5.472062305388837,0.0002528058378269342,2.60687584311429e-05,8.144854372312672e-07,3.893025420536579e-08,-2.029579760179604e-07,Success,KCP109C,/Users/lopezama/PycharmProjects/sci-cluster/review_outputs/rmelts_parity_audit_v2/2026-02-26/kcp109c_phase7_parity_20260225_224621/runs/kcp109c_phase7_parity_liam_exact/runs/20260225_224621/parallel-results/Parallel_MELTS_KCP109C_dP25.0_02-25_11cores.xlsx,system,system
28,749,400,0,111.7333973225718,2.042535837067186,-1853.261364451153,-1517.402163734873,328.5811287152377,162.2985365225608,5.470327388870019,0.0002527980856535975,2.604110768235222e-05,8.167116865417615e-07,3.889264083344641e-08,-2.031965387124101e-07,Success,KCP109C,/Users/lopezama/PycharmProjects/sci-cluster/review_outputs/rmelts_parity_audit_v2/2026-02-26/kcp109c_phase7_parity_20260225_224621/runs/kcp109c_phase7_parity_liam_exact/runs/20260225_224621/parallel-results/Parallel_MELTS_KCP109C_dP25.0_02-25_11cores.xlsx,system,system
29,748,400,0,111.7334389356404,2.043186861683452,-1852.933550004801,-1517.610500594977,328.3778577190666,162.2943163124684,5.468586404455411,0.0002527885027221206,2.601309844562563e-05,8.189394843590079e-07,3.885351726020043e-08,-2.034274236176356e-07,Success,KCP109C,/Users/lopezama/PycharmProjects/sci-cluster/review_outputs/rmelts_parity_audit_v2/2026-02-26/kcp109c_phase7_parity_20260225_224621/runs/kcp109c_phase7_parity_liam_exact/runs/20260225_224621/parallel-results/Parallel_MELTS_KCP109C_dP25.0_02-25_11cores.xlsx,system,system
30,747,400,0,111.7334807055421,2.043840571366972,-1852.605941292361,-1517.818667397515,328.174556579764,162.2898895445461,5.466839354833431,0.0002527770901263476,2.598473379780065e-05,8.211686543979805e-07,3.881290022001882e-08,-2.036506587132775e-07,Success,KCP109C,/Users/lopezama/PycharmProjects/sci-cluster/review_outputs/rmelts_parity_audit_v2/2026-02-26/kcp109c_phase7_parity_20260225_224621/runs/kcp109c_phase7_parity_liam_exact/runs/20260225_224621/parallel-results/Parallel_MELTS_KCP109C_dP25.0_02-25_11cores.xlsx,system,system
31,746,400,0,111.7335226328989,2.044496995573692,-1852.27853835472,-1518.026666597639,327.9712228397015,162.2852539732817,5.465086173997829,0.0002527638399943304,2.595601491011053e-05,8.23398982750238e-07,3.877079889190289e-08,-2.038662322274846e-07,Success,KCP109C,/Users/lopezama/PycharmProjects/sci-cluster/review_outputs/rmelts_parity_audit_v2/2026-02-26/kcp109c_phase7_parity_20260225_224621/runs/kcp109c_phase7_parity_liam_exact/runs/20260225_224621/parallel-results/Parallel_MELTS_KCP109C_dP25.0_02-25_11cores.xlsx,system,system
32,745,400,0,111.7335647183322,2.045156163558182,-1851.951341235177,-1518.234500616144,327.7678540677036,162.2804073503021,5.463326796714494,0.0002527487444756748,2.592694296815968e-05,8.25630253669366e-07,3.872722249576069e-08,-2.040741326228735e-07,Success,KCP109C,/Users/lopezama/PycharmProjects/sci-cluster/review_outputs/rmelts_parity_audit_v2/2026-02-26/kcp109c_phase7_parity_20260225_224621/runs/kcp109c_phase7_parity_liam_exact/runs/20260225_224621/parallel-results/Parallel_MELTS_KCP109C_dP25.0_02-25_11cores.xlsx,system,system
33,744,400,0,111.7336069625841,2.045818078686193,-1851.62434998138,-1518.442171857869,327.5644478430035,162.2753490717953,5.461561227102777,0.0002527318051193046,2.589752108779742e-05,8.27862289232251e-07,3.868218802580047e-08,-2.042743902081011e-07,Success,KCP109C,/Users/lopezama/PycharmProjects/sci-cluster/review_outputs/rmelts_parity_audit_v2/2026-02-26/kcp109c_phase7_parity_20260225_224621/runs/kcp109c_phase7_parity_liam_exact/runs/20260225_224621/parallel-results/Parallel_MELTS_KCP109C_dP25.0_02-25_11cores.xlsx,system,system
34,743,400,0,111.733652175623,2.045713130404218,-1851.297645348127,-1518.740192781362,327.272009611539,162.2884404845921,5.461843623868477,0.000253062263994152,2.593000384780668e-05,8.311823971515689e-07,3.895472536028455e-08,-2.062457340257896e-07,Success,KCP109C,/Users/lopezama/PycharmProjects/sci-cluster/review_outputs/rmelts_parity_audit_v2/2026-02-26/kcp109c_phase7_parity_20260225_224621/runs/kcp109c_phase7_parity_liam_exact/runs/20260225_224621/parallel-results/Parallel_MELTS_KCP109C_dP25.0_02-25_11cores.xlsx,system,system
35,742,400,0,111.7336981554076,2.04541412078416,-1850.971264841751,-1519.059960216975,326.9578925526037,162.3074105991213,5.462644313444545,0.0002534796335750174,2.597740683034177e-05,8.347572499628352e-07,3.930379633849686e-08,-2.086540646523948e-07,Success,KCP109C,/Users/lopezama/PycharmProjects/sci-cluster/review_outputs/rmelts_parity_audit_v2/2026-02-26/kcp109c_phase7_parity_20260225_224621/runs/kcp109c_phase7_parity_liam_exact/runs/20260225_224621/parallel-results/Parallel_MELTS_KCP109C_dP25.0_02-25_11cores.xlsx,system,system
36,741,400,0,111.7337442134958,2.04510490496964,-1850.645199781708,-1519.379709766559,326.6434847065515,162.3280881751555,5.463472506568288,0.0002539004487521739,2.602478481802379e-05,8.383205520858885e-07,3.965278753700192e-08,-2.110733084143182e-07,Success,KCP109C,/Users/lopezama/PycharmProjects/sci-cluster/review_outputs/rmelts_parity_audit_v2/2026-02-26/kcp109c_phase7_parity_20260225_224621/runs/kcp109c_phase7_parity_liam_exact/runs/20260225_224621/parallel-results/Parallel_MELTS_KCP109C_dP25.0_02-25_11cores.xlsx,system,system
37,740,400,0,111.7337903485677,2.044784140404285,-1850.319450507684,-1519.699587327957,326.3286415434309,162.3505815302235,5.464331815801164,0.0002543253476116434,2.60722411676384e-05,8.418697117326156e-07,4.000223299792249e-08,-2.135065020088568e-07,Success,KCP109C,/Users/lopezama/PycharmProjects/sci-cluster/review_outputs/rmelts_parity_audit_v2/2026-02-26/kcp109c_phase7_parity_20260225_224621/runs/kcp109c_phase7_parity_liam_exact/runs/20260225_224621/parallel-results/Parallel_MELTS_KCP109C_dP25.0_02-25_11cores.xlsx,system,system
38,739,400,0,111.7338365590146,2.044450376118822,-1849.994017505259,-1520.019750135964,326.0132069053943,162.3750092496432,5.465226149001949,0.0002547550201456529,2.611988610807496e-05,8.454019542773425e-07,4.035270478888651e-08,-2.159569260794029e-07,Success,KCP109C,/Users/lopezama/PycharmProjects/sci-cluster/review_outputs/rmelts_parity_audit_v2/2026-02-26/kcp109c_phase7_parity_20260225_224621/runs/kcp109c_phase7_parity_liam_exact/runs/20260225_224621/parallel-results/Parallel_MELTS_KCP109C_dP25.0_02-25_11cores.xlsx,system,system
39,738,400,0,111.7338828428973,2.04410204202917,-1849.66890141737,-1520.340367740229,325.6970119934144,162.4015013055708,5.466159738873877,0.00025519021307637,2.616783738280701e-05,8.489143079932289e-07,4.070481652424161e-08,-2.184281279334527e-07,Success,KCP109C,/Users/lopezama/PycharmProjects/sci-cluster/review_outputs/rmelts_parity_audit_v2/2026-02-26/kcp109c_phase7_parity_20260225_224621/runs/kcp109c_phase7_parity_liam_exact/runs/20260225_224621/parallel-results/Parallel_MELTS_KCP109C_dP25.0_02-25_11cores.xlsx,system,system
40,737,400,0,111.733929197846,2.043737442357684,-1849.344103056854,-1520.661623050837,325.3798742820544,162.4302000670184,5.467137161657528,0.0002556317337557448,2.621622063700835e-05,8.524035854102641e-07,4.105922615293003e-08,-2.209239405691039e-07,Success,KCP109C,/Users/lopezama/PycharmProjects/sci-cluster/review_outputs/rmelts_parity_audit_v2/2026-02-26/kcp109c_phase7_parity_20260225_224621/runs/kcp109c_phase7_parity_liam_exact/runs/20260225_224621/parallel-results/Parallel_MELTS_KCP109C_dP25.0_02-25_11cores.xlsx,system,system
41,736,400,0,111.7339756212129,2.043354637925541,-1849.019623425459,-1520.98372577057,325.0615841598274,162.4612651567188,5.468163653405154,0.0002560805047302209,2.626517852474762e-05,8.558664977234912e-07,4.141668343135571e-08,-2.234487551729882e-07,Success,KCP109C,/Users/lopezama/PycharmProjects/sci-cluster/review_outputs/rmelts_parity_audit_v2/2026-02-26/kcp109c_phase7_parity_20260225_224621/runs/kcp109c_phase7_parity_liam_exact/runs/20260225_224621/parallel-results/Parallel_MELTS_KCP109C_dP25.0_02-25_11cores.xlsx,system,system
42,735,400,0,111.7340221094534,2.042951640997978,-1848.695463723519,-1521.306891068525,324.7419259584323,162.4948681800477,5.469244590384504,0.0002565374760381022,2.631485509374132e-05,8.592993798675e-07,4.177795117007897e-08,-2.260070808431552e-07,Success,KCP109C,/Users/lopezama/PycharmProjects/sci-cluster/review_outputs/rmelts_parity_audit_v2/2026-02-26/kcp109c_phase7_parity_20260225_224621/runs/kcp109c_phase7_parity_liam_exact/runs/20260225_224621/parallel-results/Parallel_MELTS_KCP109C_dP25.0_02-25_11cores.xlsx,system,system
43,734,400,0,111.7340686587433,2.042526101252339,-1848.371625383047,-1521.631373147922,324.4206446260488,162.5312040112334,5.47038633142732,0.0002570037654147812,2.636541990523548e-05,8.626985436052801e-07,4.214392838890431e-08,-2.286042464787284e-07,Success,KCP109C,/Users/lopezama/PycharmProjects/sci-cluster/review_outputs/rmelts_parity_audit_v2/2026-02-26/kcp109c_phase7_parity_20260225_224621/runs/kcp109c_phase7_parity_liam_exact/runs/20260225_224621/parallel-results/Parallel_MELTS_KCP109C_dP25.0_02-25_11cores.xlsx,system,system
44,733,400,0,111.7341152641357,2.042075498859244,-1848.048110082157,-1521.95744809551,324.0974625917083,162.5704866371507,5.471595703809834,0.0002574805799276756,2.641705322853125e-05,8.66059997199953e-07,4.251557947393055e-08,-2.312460081919521e-07,Success,KCP109C,/Users/lopezama/PycharmProjects/sci-cluster/review_outputs/rmelts_parity_audit_v2/2026-02-26/kcp109c_phase7_parity_20260225_224621/runs/kcp109c_phase7_parity_liam_exact/runs/20260225_224621/parallel-results/Parallel_MELTS_KCP109C_dP25.0_02-25_11cores.xlsx,system,system
45,732,400,0,111.734161919673,2.041597007646552,-1847.724919780642,-1522.285428179725,323.7720654637785,162.6129551476437,5.472880372629191,0.0002579692762757617,2.646995606544321e-05,8.693795711384612e-07,4.289398611398638e-08,-2.339388512730928e-07,Success,KCP109C,/Users/lopezama/PycharmProjects/sci-cluster/review_outputs/rmelts_parity_audit_v2/2026-02-26/kcp109c_phase7_parity_20260225_224621/runs/kcp109c_phase7_parity_liam_exact/runs/20260225_224621/parallel-results/Parallel_MELTS_KCP109C_dP25.0_02-25_11cores.xlsx,system,system
46,731,400,0,111.73420861843,2.041087309352521,-1847.402056762093,-1522.615679833801,323.4440839797761,162.6588816892198,5.474249342811046,0.0002584714399397954,2.652436338616526e-05,8.726530911853256e-07,4.328041518387676e-08,-2.366903871381267e-07,Success,KCP109C,/Users/lopezama/PycharmProjects/sci-cluster/review_outputs/rmelts_parity_audit_v2/2026-02-26/kcp109c_phase7_parity_20260225_224621/runs/kcp109c_phase7_parity_liam_exact/runs/20260225_224621/parallel-results/Parallel_MELTS_KCP109C_dP25.0_02-25_11cores.xlsx,system,system
47,730,400,0,111.7342553515381,2.040542755727991,-1847.079523669883,-1522.948614303372,323.1131030917716,162.7085699072055,5.4757125298105,0.0002589888297062874,2.658053232398207e-05,8.758761240356386e-07,4.367626762039614e-08,-2.395090768612293e-07,Success,KCP109C,/Users/lopezama/PycharmProjects/sci-cluster/review_outputs/rmelts_parity_audit_v2/2026-02-26/kcp109c_phase7_parity_20260225_224621/runs/kcp109c_phase7_parity_liam_exact/runs/20260225_224621/parallel-results/Parallel_MELTS_KCP109C_dP25.0_02-25_11cores.xlsx,system,system
48,729,400,0,111.7343021082597,2.039959003322106,-1846.757323573518,-1523.284724628319,322.7786249016605,162.7623699554798,5.477281745677172,0.0002595235361409411,2.663876865282532e-05,8.790443419840102e-07,4.408321527185723e-08,-2.424050283380542e-07,Success,KCP109C,/Users/lopezama/PycharmProjects/sci-cluster/review_outputs/rmelts_parity_audit_v2/2026-02-26/kcp109c_phase7_parity_20260225_224621/runs/kcp109c_phase7_parity_liam_exact/runs/20260225_224621/parallel-results/Parallel_MELTS_KCP109C_dP25.0_02-25_11cores.xlsx,system,system
49,728,400,0,111.7343488750506,2.039331022627644,-1846.435460037612,-1523.624591125259,322.4400628400867,162.8206831614473,5.478970683782507,0.0002600779904312654,2.669942577862331e-05,8.821534243799879e-07,4.450320533004382e-08,-2.453900448509769e-07,Success,KCP109C,/Users/lopezama/PycharmProjects/sci-cluster/review_outputs/rmelts_parity_audit_v2/2026-02-26/kcp109c_phase7_parity_20260225_224621/runs/kcp109c_phase7_parity_liam_exact/runs/20260225_224621/parallel-results/Parallel_MELTS_KCP109C_dP25.0_02-25_11cores.xlsx,system,system
50,727,400,0,111.7343884703881,2.036551543731988,-1846.113905002245,-1524.388937152524,321.6767163422696,162.9383218840673,5.486450309312302,0.0002618179814842193,2.693893440143748e-05,8.890358216566179e-07,4.601142200639991e-08,-2.547199380974444e-07,Success,KCP109C,/Users/lopezama/PycharmProjects/sci-cluster/review_outputs/rmelts_parity_audit_v2/2026-02-26/kcp109c_phase7_parity_20260225_224621/runs/kcp109c_phase7_parity_liam_exact/runs/20260225_224621/parallel-results/Parallel_MELTS_KCP109C_dP25.0_02-25_11cores.xlsx,system,system
51,726,400,0,111.7344151770084,2.030665084899681,-1845.793342525956,-1525.749887974377,320.3157229160578,163.1542902453468,5.502355657162848,0.0002652488131323117,2.743157403915696e-05,9.00935420511244e-07,4.90640191884704e-08,-2.731023276371913e-07,Success,KCP109C,/Users/lopezama/PycharmProjects/sci-cluster/review_outputs/rmelts_parity_audit_v2/2026-02-26/kcp109c_phase7_parity_20260225_224621/runs/kcp109c_phase7_parity_liam_exact/runs/20260225_224621/parallel-results/Parallel_MELTS_KCP109C_dP25.0_02-25_11cores.xlsx,system,system
52,725,400,0,111.735590361473,2.023107493145071,-1845.492564813331,-1527.38787128626,318.6942779412622,163.4396816439795,5.522968539243148,0.0002694560044047524,2.804702954649489e-05,9.143094313073319e-07,5.283389775989945e-08,-2.957637104448557e-07,Success,KCP109C,/Users/lopezama/PycharmProjects/sci-cluster/review_outputs/rmelts_parity_audit_v2/2026-02-26/kcp109c_phase7_parity_20260225_224621/runs/kcp109c_phase7_parity_liam_exact/runs/20260225_224621/parallel-results/Parallel_MELTS_KCP109C_dP25.0_02-25_11cores.xlsx,system,system
53,724,400,0,111.737220281873,2.01470739488667,-1845.200728324727,-1529.105930383344,316.998242933744,163.7902867855563,5.546076842992796,0.0002740145120690354,2.871650633212535e-05,9.274222764201736e-07,5.689931698820348e-08,-3.202564545309177e-07,Success,KCP109C,/Users/lopezama/PycharmProjects/sci-cluster/review_outputs/rmelts_parity_audit_v2/2026-02-26/kcp109c_phase7_parity_20260225_224621/runs/kcp109c_phase7_parity_liam_exact/runs/20260225_224621/parallel-results/Parallel_MELTS_KCP109C_dP25.0_02-25_11cores.xlsx,system,system
54,723,400,0,111.7378140841799,2.005273904158433,-1844.894113965907,-1530.913491344258,315.1941199835862,164.2218268175527,5.572197087513273,0.0002790598049861199,2.94580547194795e-05,9.402580729933097e-07,6.136600446574505e-08,-3.472134750140863e-07,Success,KCP109C,/Users/lopezama/PycharmProjects/sci-cluster/review_outputs/rmelts_parity_audit_v2/2026-02-26/kcp109c_phase7_parity_20260225_224621/runs/kcp109c_phase7_parity_liam_exact/runs/20260225_224621/parallel-results/Parallel_MELTS_KCP109C_dP25.0_02-25_11cores.xlsx,system,system
55,722,400,0,111.7385198130819,1.995387905033789,-1844.591086687273,-1532.711253546647,313.3998222786773,164.7236784740235,5.599839486407519,0.0002842429933716576,3.021856582119947e-05,9.517840516137279e-07,6.593165888799397e-08,-3.748721918419955e-07,Success,KCP109C,/Users/lopezama/PycharmProjects/sci-cluster/review_outputs/rmelts_parity_audit_v2/2026-02-26/kcp109c_phase7_parity_20260225_224621/runs/kcp109c_phase7_parity_liam_exact/runs/20260225_224621/parallel-results/Parallel_MELTS_KCP109C_dP25.0_02-25_11cores.xlsx,system,system
56,721,400,0,111.739326670597,1.985162952144173,-1844.291461069084,-1534.485684983437,311.6288045925131,165.2915077995021,5.628723150908463,0.0002895100020350776,3.098943928003555e-05,9.618666322224172e-07,7.055213904125807e-08,-4.029780254944228e-07,Success,KCP109C,/Users/lopezama/PycharmProjects/sci-cluster/review_outputs/rmelts_parity_audit_v2/2026-02-26/kcp109c_phase7_parity_20260225_224621/runs/kcp109c_phase7_parity_liam_exact/runs/20260225_224621/parallel-results/Parallel_MELTS_KCP109C_dP25.0_02-25_11cores.xlsx,system,system
57,720,400,0,111.7401785323083,1.975212926939129,-1843.994285629432,-1536.159220737492,309.958279103801,165.8921511716679,5.65712065814927,0.0002945710968309429,3.172505049600473e-05,9.700620120123162e-07,7.497004778909675e-08,-4.300183259893877e-07,Success,KCP109C,/Users/lopezama/PycharmProjects/sci-cluster/review_outputs/rmelts_parity_audit_v2/2026-02-26/kcp109c_phase7_parity_20260225_224621/runs/kcp109c_phase7_parity_liam_exact/runs/20260225_224621/parallel-results/Parallel_MELTS_KCP109C_dP25.0_02-25_11cores.xlsx,system,system
58,719,400,0,111.7409489162737,1.9668210437742,-1843.697365041561,-1537.573969106824,308.5454779365392,166.4479585047385,5.681297201389006,0.0002988292764751777,3.233179329411451e-05,9.756820692118788e-07,7.864616123200585e-08,-4.528032390900624e-07,Success,KCP109C,/Users/lopezama/PycharmProjects/sci-cluster/review_outputs/rmelts_parity_audit_v2/2026-02-26/kcp109c_phase7_parity_20260225_224621/runs/kcp109c_phase7_parity_liam_exact/runs/20260225_224621/parallel-results/Parallel_MELTS_KCP109C_dP25.0_02-25_11cores.xlsx,system,system
59,718,400,0,111.7415184006414,1.961038735536588,-1843.398463454621,-1538.61204400736,307.5078640440509,166.8843345288203,5.698078083606351,0.0003018109609362596,3.273602252724883e-05,9.785206292399382e-07,8.114936188307533e-08,-4.687529828460044e-07,Success,KCP109C,/Users/lopezama/PycharmProjects/sci-cluster/review_outputs/rmelts_parity_audit_v2/2026-02-26/kcp109c_phase7_parity_20260225_224621/runs/kcp109c_phase7_parity_liam_exact/runs/20260225_224621/parallel-results/Parallel_MELTS_KCP109C_dP25.0_02-25_11cores.xlsx,system,system
60,717,400,0,111.7418847376934,1.957613960668042,-1843.097183238412,-1539.325270230653,306.793832255476,167.2003460603713,5.708065378710373,0.0003036589786883535,3.296110034708062e-05,9.792917330720766e-07,8.261024269427475e-08,-4.785943507845852e-07,Success,KCP109C,/Users/lopezama/PycharmProjects/sci-cluster/review_outputs/rmelts_parity_audit_v2/2026-02-26/kcp109c_phase7_parity_20260225_224621/runs/kcp109c_phase7_parity_liam_exact/runs/20260225_224621/parallel-results/Parallel_MELTS_KCP109C_dP25.0_02-25_11cores.xlsx,system,system
61,754,375,0,111.7333637671894,2.012634739972283,-1856.285033583725,-1517.315383082512,330.0098821994966,163.3048129200585,5.551596698004335,0.0002660325525632889,2.901954876070781e-05,8.642121034541897e-07,5.047593016293546e-08,-2.526063774856176e-07,Success,KCP109C,/Users/lopezama/PycharmProjects/sci-cluster/review_outputs/rmelts_parity_audit_v2/2026-02-26/kcp109c_phase7_parity_20260225_224621/runs/kcp109c_phase7_parity_liam_exact/runs/20260225_224621/parallel-results/Parallel_MELTS_KCP109C_dP25.0_02-25_11cores.xlsx,system,system
62,753,375,0,111.7334024308919,2.013245645951435,-1855.955730728518,-1517.507114470005,329.8237258281083,163.2992213673977,5.549914023436918,0.0002660085331213459,2.898605032698384e-05,8.668144152455795e-07,5.038827212800878e-08,-2.527125209807198e-07,Success,KCP109C,/Users/lopezama/PycharmProjects/sci-cluster/review_outputs/rmelts_parity_audit_v2/2026-02-26/kcp109c_phase7_parity_20260225_224621/runs/kcp109c_phase7_parity_liam_exact/runs/20260225_224621/parallel-results/Parallel_MELTS_KCP109C_dP25.0_02-25_11cores.xlsx,system,system
63,752,375,0,111.7334438069203,2.013872044318505,-1855.626670202341,-1517.714809247477,329.6218709016866,163.2983167377375,5.548189822791394,0.0002660304977879197,2.895730966718298e-05,8.696118281251409e-07,5.034008554808652e-08,-2.530337970345668e-07,Success,KCP109C,/Users/lopezama/PycharmProjects/sci-cluster/review_outputs/rmelts_parity_audit_v2/2026-02-26/kcp109c_phase7_parity_20260225_224621/runs/kcp109c_phase7_parity_liam_exact/runs/20260225_224621/parallel-results/Parallel_MELTS_KCP109C_dP25.0_02-25_11cores.xlsx,system,system
64,751,375,0,111.733485339813,2.014500495861371,-1855.297813993117,-1517.922319167651,329.4200017824203,163.2972558007452,5.546461049245729,0.0002660505935640909,2.892819059133858e-05,8.724131787006867e-07,5.029013682663533e-08,-2.533468985457833e-07,Success,KCP109C,/Users/lopezama/PycharmProjects/sci-cluster/review_outputs/rmelts_parity_audit_v2/2026-02-26/kcp109c_phase7_parity_20260225_224621/runs/kcp109c_phase7_parity_liam_exact/runs/20260225_224621/parallel-results/Parallel_MELTS_KCP109C_dP25.0_02-25_11cores.xlsx,system,system
65,750,375,0,111.733527030128,2.015131063371045,-1854.969162125073,-1518.129646962744,329.2181157819766,163.2960344227445,5.544727539617831,0.0002660687987054426,2.889869135754988e-05,8.752181822689051e-07,5.023842319122858e-08,-2.53651745521155e-07,Success,KCP109C,/Users/lopezama/PycharmProjects/sci-cluster/review_outputs/rmelts_parity_audit_v2/2026-02-26/kcp109c_phase7_parity_20260225_224621/runs/kcp109c_phase7_parity_liam_exact/runs/20260225_224621/parallel-results/Parallel_MELTS_KCP109C_dP25.0_02-25_11cores.xlsx,system,system
66,749,375,0,111.7335700913564,2.01544967401728,-1854.640740966395,-1518.377950608427,328.9759725656397,163.3003323374023,5.543853142641082,0.0002662600660967846,2.890062357708418e-05,8.786761820854378e-07,5.03594871599301e-08,-2.548422397436573e-07,Success,KCP109C,/Users/lopezama/PycharmProjects/sci-cluster/review_outputs/rmelts_parity_audit_v2/2026-02-26/kcp109c_phase7_parity_20260225_224621/runs/kcp109c_phase7_parity_liam_exact/runs/20260225_224621/parallel-results/Parallel_MELTS_KCP109C_dP25.0_02-25_11cores.xlsx,system,system
67,748,375,0,111.7336155594478,2.015166415956147,-1854.312651911617,-1518.704380640867,328.6571720812316,163.3163664963401,5.544634660181798,0.0002667853177080758,2.89627709325871e-05,8.833798347439433e-07,5.081121383939811e-08,-2.577358437485964e-07,Success,KCP109C,/Users/lopezama/PycharmProjects/sci-cluster/review_outputs/rmelts_parity_audit_v2/2026-02-26/kcp109c_phase7_parity_20260225_224621/runs/kcp109c_phase7_parity_liam_exact/runs/20260225_224621/parallel-results/Parallel_MELTS_KCP109C_dP25.0_02-25_11cores.xlsx,system,system
68,747,375,0,111.7336610977327,2.01487465550931,-1853.984882854084,-1519.030777113157,328.3380931636792,163.3339237068877,5.545439801538881,0.0002673137751040873,2.902475559600983e-05,8.880960758038222e-07,5.126231496902658e-08,-2.606401006595114e-07,Success,KCP109C,/Users/lopezama/PycharmProjects/sci-cluster/review_outputs/rmelts_parity_audit_v2/2026-02-26/kcp109c_phase7_parity_20260225_224621/runs/kcp109c_phase7_parity_liam_exact/runs/20260225_224621/parallel-results/Parallel_MELTS_KCP109C_dP25.0_02-25_11cores.xlsx,system,system
69,746,375,0,111.7337067046754,2.014573195107939,-1853.657434119631,-1519.357289033767,328.0185891045119,163.3530904662722,5.546271884089514,0.0002678461303510333,2.908669416273026e-05,8.92823807928669e-07,5.171343747194552e-08,-2.635583786932486e-07,Success,KCP109C,/Users/lopezama/PycharmProjects/sci-cluster/review_outputs/rmelts_parity_audit_v2/2026-02-26/kcp109c_phase7_parity_20260225_224621/runs/kcp109c_phase7_parity_liam_exact/runs/20260225_224621/parallel-results/Parallel_MELTS_KCP109C_dP25.0_02-25_11cores.xlsx,system,system
70,745,375,0,111.7337523784993,2.014260737759954,-1853.330306182289,-1519.684077161431,327.6985012236487,163.3739615947885,5.547134503686829,0.0002683831327461445,2.914871120929659e-05,8.975618807232883e-07,5.216527535590969e-08,-2.664943235340912e-07,Success,KCP109C,/Users/lopezama/PycharmProjects/sci-cluster/review_outputs/rmelts_parity_audit_v2/2026-02-26/kcp109c_phase7_parity_20260225_224621/runs/kcp109c_phase7_parity_liam_exact/runs/20260225_224621/parallel-results/Parallel_MELTS_KCP109C_dP25.0_02-25_11cores.xlsx,system,system
71,744,375,0,111.733798117053,2.013935901677214,-1853.003499673188,-1520.01131215812,327.3776606351745,163.3966404602187,5.548031495143446,0.0002689255810570849,2.921093768484654e-05,9.02309040189363e-07,5.261856144654285e-08,-2.694518187835449e-07,Success,KCP109C,/Users/lopezama/PycharmProjects/sci-cluster/review_outputs/rmelts_parity_audit_v2/2026-02-26/kcp109c_phase7_parity_20260225_224621/runs/kcp109c_phase7_parity_liam_exact/runs/20260225_224621/parallel-results/Parallel_MELTS_KCP109C_dP25.0_02-25_11cores.xlsx,system,system
72,743,375,0,111.7338439176992,2.013597218621243,-1852.67701539151,-1520.33917587439,327.0558869429914,163.4212398078251,5.548966937598671,0.0002694743274265591,2.927351121749177e-05,9.070639099536296e-07,5.307407040627143e-08,-2.724350048951077e-07,Success,KCP109C,/Users/lopezama/PycharmProjects/sci-cluster/review_outputs/rmelts_parity_audit_v2/2026-02-26/kcp109c_phase7_parity_20260225_224621/runs/kcp109c_phase7_parity_liam_exact/runs/20260225_224621/parallel-results/Parallel_MELTS_KCP109C_dP25.0_02-25_11cores.xlsx,system,system
73,742,375,0,111.7338897775007,2.013243055013088,-1852.350854322205,-1520.667870000098,326.7329796799548,163.4478841607414,5.549945372928375,0.0002700303175881535,2.93365832496811e-05,9.118251118326984e-07,5.353265736931186e-08,-2.754484830829868e-07,Success,KCP109C,/Users/lopezama/PycharmProjects/sci-cluster/review_outputs/rmelts_parity_audit_v2/2026-02-26/kcp109c_phase7_parity_20260225_224621/runs/kcp109c_phase7_parity_liam_exact/runs/20260225_224621/parallel-results/Parallel_MELTS_KCP109C_dP25.0_02-25_11cores.xlsx,system,system
74,741,375,0,111.733935692998,2.012871629785043,-1852.025017649594,-1520.997614449467,326.4087198147477,163.4767104314461,5.550971757942168,0.0002705945832463782,2.940031720616929e-05,9.16591204150527e-07,5.399524931959446e-08,-2.784972761110218e-07,Success,KCP109C,/Users/lopezama/PycharmProjects/sci-cluster/review_outputs/rmelts_parity_audit_v2/2026-02-26/kcp109c_phase7_parity_20260225_224621/runs/kcp109c_phase7_parity_liam_exact/runs/20260225_224621/parallel-results/Parallel_MELTS_KCP109C_dP25.0_02-25_11cores.xlsx,system,system
75,740,375,0,111.733981659912,2.012481041262378,-1851.699506772726,-1521.328646247992,326.0828707740553,163.5078683855131,5.552051391740026,0.0002711682330452464,2.946488619611615e-05,9.213606052341895e-07,5.446283522560884e-08,-2.815867825618201e-07,Success,KCP109C,/Users/lopezama/PycharmProjects/sci-cluster/review_outputs/rmelts_parity_audit_v2/2026-02-26/kcp109c_phase7_parity_20260225_224621/runs/kcp109c_phase7_parity_liam_exact/runs/20260225_224621/parallel-results/Parallel_MELTS_KCP109C_dP25.0_02-25_11cores.xlsx,system,system
76,739,375,0,111.734027673331,2.012069160134412,-1851.374323332117,-1521.66123108131,325.755166972096,163.5415242091071,5.553190212699587,0.0002717525070621823,2.953048255168753e-05,9.261317577469378e-07,5.493651796529755e-08,-2.847230532350068e-07,Success,KCP109C,/Users/lopezama/PycharmProjects/sci-cluster/review_outputs/rmelts_parity_audit_v2/2026-02-26/kcp109c_phase7_parity_20260225_224621/runs/kcp109c_phase7_parity_liam_exact/runs/20260225_224621/parallel-results/Parallel_MELTS_KCP109C_dP25.0_02-25_11cores.xlsx,system,system
77,738,375,0,111.7340737274115,2.011633629996063,-1851.049469233244,-1521.99566487279,325.4253121302027,163.5778619982602,5.55439479939646,0.0002723487809750994,2.959731776363375e-05,9.309030946548541e-07,5.541751681975944e-08,-2.879128128181401e-07,Success,KCP109C,/Users/lopezama/PycharmProjects/sci-cluster/review_outputs/rmelts_parity_audit_v2/2026-02-26/kcp109c_phase7_parity_20260225_224621/runs/kcp109c_phase7_parity_liam_exact/runs/20260225_224621/parallel-results/Parallel_MELTS_KCP109C_dP25.0_02-25_11cores.xlsx,system,system
78,737,375,0,111.7341198150761,2.011171846597538,-1850.724946675755,-1522.332278540187,325.092974444952,163.6170860147022,5.555672430682923,0.0002729585830044644,2.966562452934165e-05,9.356730422736825e-07,5.590718223855224e-08,-2.911635467639963e-07,Success,KCP109C,/Users/lopezama/PycharmProjects/sci-cluster/review_outputs/rmelts_parity_audit_v2/2026-02-26/kcp109c_phase7_parity_20260225_224621/runs/kcp109c_phase7_parity_liam_exact/runs/20260225_224621/parallel-results/Parallel_MELTS_KCP109C_dP25.0_02-25_11cores.xlsx,system,system
79,736,375,0,111.7341659281081,2.010680816130993,-1850.400758196447,-1522.671452672779,324.7577719106854,163.6594258954277,5.557031480665838,0.0002735836649241542,2.973566893406739e-05,9.404402382517922e-07,5.640706275836517e-08,-2.944838633102426e-07,Success,KCP109C,/Users/lopezama/PycharmProjects/sci-cluster/review_outputs/rmelts_parity_audit_v2/2026-02-26/kcp109c_phase7_parity_20260225_224621/runs/kcp109c_phase7_parity_liam_exact/runs/20260225_224621/parallel-results/Parallel_MELTS_KCP109C_dP25.0_02-25_11cores.xlsx,system,system
80,735,375,0,111.7342120561869,2.01015721869015,-1850.076906705031,-1523.01361868121,324.4192709654532,163.705138160873,5.558481247998837,0.0002742259894625929,2.980774589576985e-05,9.45203379182675e-07,5.69188902126015e-08,-2.978834320967321e-07,Success,KCP109C,/Users/lopezama/PycharmProjects/sci-cluster/review_outputs/rmelts_parity_audit_v2/2026-02-26/kcp109c_phase7_parity_20260225_224621/runs/kcp109c_phase7_parity_liam_exact/runs/20260225_224621/parallel-results/Parallel_MELTS_KCP109C_dP25.0_02-25_11cores.xlsx,system,system
81,734,375,0,111.7342581869602,2.009597180970193,-1849.753395549541,-1523.359282797291,324.076962470586,163.7545145310755,5.560032589865454,0.0002748878451614039,2.988219875513916e-05,9.499615858252639e-07,5.744468808122613e-08,-3.013735712784545e-07,Success,KCP109C,/Users/lopezama/PycharmProjects/sci-cluster/review_outputs/rmelts_parity_audit_v2/2026-02-26/kcp109c_phase7_parity_20260225_224621/runs/kcp109c_phase7_parity_liam_exact/runs/20260225_224621/parallel-results/Parallel_MELTS_KCP109C_dP25.0_02-25_11cores.xlsx,system,system
82,733,375,0,111.7343043050671,2.008996207363514,-1849.43022858285,-1523.709041842124,323.7302457294899,163.8078880833511,5.561698120460888,0.0002755719019759942,2.995942630037272e-05,9.547144807013813e-07,5.798682136323256e-08,-3.049675359817875e-07,Success,KCP109C,/Users/lopezama/PycharmProjects/sci-cluster/review_outputs/rmelts_parity_audit_v2/2026-02-26/kcp109c_phase7_parity_20260225_224621/runs/kcp109c_phase7_parity_liam_exact/runs/20260225_224621/parallel-results/Parallel_MELTS_KCP109C_dP25.0_02-25_11cores.xlsx,system,system
83,732,375,0,111.7343503913109,2.008348926087282,-1849.107410256753,-1524.063617834841,323.3783936943855,163.8656451693686,5.563492923960913,0.000276281358766286,3.003990585046591e-05,9.594625957411786e-07,5.854813406253785e-08,-3.086812771271166e-07,Success,KCP109C,/Users/lopezama/PycharmProjects/sci-cluster/review_outputs/rmelts_parity_audit_v2/2026-02-26/kcp109c_phase7_parity_20260225_224621/runs/kcp109c_phase7_parity_liam_exact/runs/20260225_224621/parallel-results/Parallel_MELTS_KCP109C_dP25.0_02-25_11cores.xlsx,system,system
84,731,375,0,111.734396421152,2.007648872801815,-1848.784945741722,-1524.42389376186,323.0205168349974,163.9282383811216,5.565435168213394,0.0002770200833851484,3.012421345308037e-05,9.642076975938881e-07,5.913207804383748e-08,-3.125341675628002e-07,Success,KCP109C,/Users/lopezama/PycharmProjects/sci-cluster/review_outputs/rmelts_parity_audit_v2/2026-02-26/kcp109c_phase7_parity_20260225_224621/runs/kcp109c_phase7_parity_liam_exact/runs/20260225_224621/parallel-results/Parallel_MELTS_KCP109C_dP25.0_02-25_11cores.xlsx,system,system
85,730,375,0,111.7344262246868,2.002801968295555,-1848.462891672258,-1525.641114142256,321.8080820714765,164.0899194804479,5.578905353272458,0.0002805713781454231,3.064959887294736e-05,9.802170583414438e-07,6.248569996240184e-08,-3.313108092093695e-07,Success,KCP109C,/Users/lopezama/PycharmProjects/sci-cluster/review_outputs/rmelts_parity_audit_v2/2026-02-26/kcp109c_phase7_parity_20260225_224621/runs/kcp109c_phase7_parity_liam_exact/runs/20260225_224621/parallel-results/Parallel_MELTS_KCP109C_dP25.0_02-25_11cores.xlsx,system,system
86,729,375,0,111.7360317891254,1.994864418361765,-1848.167572029725,-1527.447938888691,320.0315652756913,164.3464985932665,5.601184258972646,0.0002860486026864407,3.148204106442481e-05,1.003299632244604e-06,6.774313706797158e-08,-3.60446610174268e-07,Success,KCP109C,/Users/lopezama/PycharmProjects/sci-cluster/review_outputs/rmelts_parity_audit_v2/2026-02-26/kcp109c_phase7_parity_20260225_224621/runs/kcp109c_phase7_parity_liam_exact/runs/20260225_224621/parallel-results/Parallel_MELTS_KCP109C_dP25.0_02-25_11cores.xlsx,system,system
87,728,375,0,111.7384917541299,1.98545839550763,-1847.887858182301,-1529.476086385833,318.0460188747618,164.6809960904197,5.627843525049601,0.0002923257973790343,3.244146792566249e-05,1.02835362185791e-06,7.378918581411755e-08,-3.939875061160653e-07,Success,KCP109C,/Users/lopezama/PycharmProjects/sci-cluster/review_outputs/rmelts_parity_audit_v2/2026-02-26/kcp109c_phase7_parity_20260225_224621/runs/kcp109c_phase7_parity_liam_exact/runs/20260225_224621/parallel-results/Parallel_MELTS_KCP109C_dP25.0_02-25_11cores.xlsx,system,system
88,727,375,0,111.7392524051815,1.974326378995352,-1847.58308512594,-1531.726290590824,315.8094231216479,165.1168630878556,5.659614012858434,0.0002996364882596509,3.355964477260981e-05,1.055603721222495e-06,8.081676737786445e-08,-4.33008661333515e-07,Success,KCP109C,/Users/lopezama/PycharmProjects/sci-cluster/review_outputs/rmelts_parity_audit_v2/2026-02-26/kcp109c_phase7_parity_20260225_224621/runs/kcp109c_phase7_parity_liam_exact/runs/20260225_224621/parallel-results/Parallel_MELTS_KCP109C_dP25.0_02-25_11cores.xlsx,system,system
89,726,375,0,111.740049219893,1.962730380204481,-1847.281136487407,-1533.964398533265,313.5832837453259,165.6308602759615,5.693092150958183,0.0003070932189096346,3.469602595383245e-05,1.081699045951445e-06,8.797777278721024e-08,-4.729398481491657e-07,Success,KCP109C,/Users/lopezama/PycharmProjects/sci-cluster/review_outputs/rmelts_parity_audit_v2/2026-02-26/kcp109c_phase7_parity_20260225_224621/runs/kcp109c_phase7_parity_liam_exact/runs/20260225_224621/parallel-results/Parallel_MELTS_KCP109C_dP25.0_02-25_11cores.xlsx,system,system
90,725,375,0,111.7409054610111,1.951670306282706,-1846.982303761681,-1536.041395724576,311.517214884641,166.1783988073961,5.725398654747226,0.0003141014944160544,3.575507974540184e-05,1.10479371937905e-06,9.469307147742872e-08,-5.106397573704925e-07,Success,KCP109C,/Users/lopezama/PycharmProjects/sci-cluster/review_outputs/rmelts_parity_audit_v2/2026-02-26/kcp109c_phase7_parity_20260225_224621/runs/kcp109c_phase7_parity_liam_exact/runs/20260225_224621/parallel-results/Parallel_MELTS_KCP109C_dP25.0_02-25_11cores.xlsx,system,system
91,724,375,0,111.7416444079862,1.943018211182264,-1846.683470339837,-1537.688779678504,309.8778425124944,166.6606089912552,5.750931399659656,0.0003195832113310212,3.656423645615011e-05,1.121887157887285e-06,9.988954952586447e-08,-5.40246421249995e-07,Success,KCP109C,/Users/lopezama/PycharmProjects/sci-cluster/review_outputs/rmelts_parity_audit_v2/2026-02-26/kcp109c_phase7_parity_20260225_224621/runs/kcp109c_phase7_parity_liam_exact/runs/20260225_224621/parallel-results/Parallel_MELTS_KCP109C_dP25.0_02-25_11cores.xlsx,system,system
92,723,375,0,111.7421409752464,1.937741974719488,-1846.382121851458,-1538.787111152734,308.7838284382107,167.0090540340495,5.766616114687945,0.0003230179171337986,3.704168900646447e-05,1.131970014061928e-06,1.030379618336837e-07,-5.588107364083582e-07,Success,KCP109C,/Users/lopezama/PycharmProjects/sci-cluster/review_outputs/rmelts_parity_audit_v2/2026-02-26/kcp109c_phase7_parity_20260225_224621/runs/kcp109c_phase7_parity_liam_exact/runs/20260225_224621/parallel-results/Parallel_MELTS_KCP109C_dP25.0_02-25_11cores.xlsx,system,system
93,721,375,0,111.7426168395302,1.933494307589452,-1845.773506188484,-1539.990763512979,307.5820979485041,167.4305328899925,5.779309326172427,0.0003261254650883617,3.738934687042928e-05,1.139805198522223e-06,1.055537171655058e-07,-5.754549043331728e-07,Success,KCP109C,/Users/lopezama/PycharmProjects/sci-cluster/review_outputs/rmelts_parity_audit_v2/2026-02-26/kcp109c_phase7_parity_20260225_224621/runs/kcp109c_phase7_parity_liam_exact/runs/20260225_224621/parallel-results/Parallel_MELTS_KCP109C_dP25.0_02-25_11cores.xlsx,system,system
94,775,350,0,111.7328434555709,1.972808038398583,-1864.647920697444,-1514.828980494112,333.7489292594873,164.4905954447815,5.663644981205038,0.0002838175658300474,3.355704579335818e-05,8.775211491615051e-07,7.117126257882172e-08,-3.242638719396727e-07,Success,KCP109C,/Users/lopezama/PycharmProjects/sci-cluster/review_outputs/rmelts_parity_audit_v2/2026-02-26/kcp109c_phase7_parity_20260225_224621/runs/kcp109c_phase7_parity_liam_exact/runs/20260225_224621/parallel-results/Parallel_MELTS_KCP109C_dP25.0_02-25_11cores.xlsx,system,system
95,774,350,0,111.7328750501848,1.973411310986075,-1864.31475738222,-1514.994103312796,333.5918006679312,164.4793913257441,5.661915203797736,0.0002837232228020318,3.350481331358943e-05,8.803973267316308e-07,7.09487369400361e-08,-3.239764027444189e-07,Success,KCP109C,/Users/lopezama/PycharmProjects/sci-cluster/review_outputs/rmelts_parity_audit_v2/2026-02-26/kcp109c_phase7_parity_20260225_224621/runs/kcp109c_phase7_parity_liam_exact/runs/20260225_224621/parallel-results/Parallel_MELTS_KCP109C_dP25.0_02-25_11cores.xlsx,system,system
96,773,350,0,111.7329067816772,1.974013909658868,-1863.981753424344,-1515.159213174747,333.4345363949695,164.4681847977731,5.660188422936996,0.0002836285560047416,3.345267535801476e-05,8.832753230329132e-07,7.072675458002724e-08,-3.23688587428176e-07,Success,KCP109C,/Users/lopezama/PycharmProjects/sci-cluster/review_outputs/rmelts_parity_audit_v2/2026-02-26/kcp109c_phase7_parity_20260225_224621/runs/kcp109c_phase7_parity_liam_exact/runs/20260225_224621/parallel-results/Parallel_MELTS_KCP109C_dP25.0_02-25_11cores.xlsx,system,system
97,772,350,0,111.7329386507136,1.974615824391358,-1863.648908970105,-1515.324310123932,333.2771361490439,164.4569763865643,5.658464662874532,0.0002835335693511841,3.340063267955915e-05,8.861551339802023e-07,7.050531930766622e-08,-3.234004445061308e-07,Success,KCP109C,/Users/lopezama/PycharmProjects/sci-cluster/review_outputs/rmelts_parity_audit_v2/2026-02-26/kcp109c_phase7_parity_20260225_224621/runs/kcp109c_phase7_parity_liam_exact/runs/20260225_224621/parallel-results/Parallel_MELTS_KCP109C_dP25.0_02-25_11cores.xlsx,system,system
98,771,350,0,111.7329706579853,1.975217039033926,-1863.316224166498,-1515.489394190354,333.1195996515285,164.4457669747464,5.656743965343353,0.000283438269546836,3.33486866518253e-05,8.890367671401487e-07,7.028443797135002e-08,-3.231120059679276e-07,Success,KCP109C,/Users/lopezama/PycharmProjects/sci-cluster/review_outputs/rmelts_parity_audit_v2/2026-02-26/kcp109c_phase7_parity_20260225_224621/runs/kcp109c_phase7_parity_liam_exact/runs/20260225_224621/parallel-results/Parallel_MELTS_KCP109C_dP25.0_02-25_11cores.xlsx,system,system
99,770,350,0,111.7330028040602,1.975817572122587,-1862.983699158843,-1515.654465497949,332.9619265310781,164.4345554449264,5.655026272695173,0.0002833426475405473,3.329683507210295e-05,8.9192016866196e-07,7.006409986860484e-08,-3.228232275105588e-07,Success,KCP109C,/Users/lopezama/PycharmProjects/sci-cluster/review_outputs/rmelts_parity_audit_v2/2026-02-26/kcp109c_phase7_parity_20260225_224621/runs/kcp109c_phase7_parity_liam_exact/runs/20260225_224621/parallel-results/Parallel_MELTS_KCP109C_dP25.0_02-25_11cores.xlsx,system,system
100,769,350,0,111.7330350896119,1.976417414054602,-1862.651334094458,-1515.819524095217,332.8041164892204,164.4233423016227,5.65331160791549,0.0002832467070602911,3.324507863840962e-05,8.948053344064253e-07,6.984430853901405e-08,-3.225341267559807e-07,Success,KCP109C,/Users/lopezama/PycharmProjects/sci-cluster/review_outputs/rmelts_parity_audit_v2/2026-02-26/kcp109c_phase7_parity_20260225_224621/runs/kcp109c_phase7_parity_liam_exact/runs/20260225_224621/parallel-results/Parallel_MELTS_KCP109C_dP25.0_02-25_11cores.xlsx,system,system
101,768,350,0,111.7330675155567,1.977016489874566,-1862.319129124853,-1515.984569869556,332.6461693850991,164.4121318454009,5.651600180767623,0.0002831504815996836,3.319342471524657e-05,8.976923818159459e-07,6.96251001753376e-08,-3.222448649928288e-07,Success,KCP109C,/Users/lopezama/PycharmProjects/sci-cluster/review_outputs/rmelts_parity_audit_v2/2026-02-26/kcp109c_phase7_parity_20260225_224621/runs/kcp109c_phase7_parity_liam_exact/runs/20260225_224621/parallel-results/Parallel_MELTS_KCP109C_dP25.0_02-25_11cores.xlsx,system,system
102,767,350,0,111.7331000822951,1.977614866499604,-1861.987084393579,-1516.149603071537,332.4880847205136,164.4009201585529,5.649891795163518,0.0002830539400959545,3.314186613581421e-05,9.005811691681172e-07,6.940643974529312e-08,-3.219552915701219e-07,Success,KCP109C,/Users/lopezama/PycharmProjects/sci-cluster/review_outputs/rmelts_parity_audit_v2/2026-02-26/kcp109c_phase7_parity_20260225_224621/runs/kcp109c_phase7_parity_liam_exact/runs/20260225_224621/parallel-results/Parallel_MELTS_KCP109C_dP25.0_02-25_11cores.xlsx,system,system
103,766,350,0,111.7331327905872,1.978212513423343,-1861.655200050265,-1516.314623704676,332.3298622389343,164.3897089693151,5.648186533671772,0.0002829570958214673,3.309040570383553e-05,9.034717332568811e-07,6.918834108537849e-08,-3.216654700553032e-07,Success,KCP109C,/Users/lopezama/PycharmProjects/sci-cluster/review_outputs/rmelts_parity_audit_v2/2026-02-26/kcp109c_phase7_parity_20260225_224621/runs/kcp109c_phase7_parity_liam_exact/runs/20260225_224621/parallel-results/Parallel_MELTS_KCP109C_dP25.0_02-25_11cores.xlsx,system,system
104,765,350,0,111.7331656411466,1.978809413843639,-1861.323476244102,-1516.4796318113,332.1715016450432,164.3784992181735,5.646484439555807,0.0002828599558282986,3.303904480324252e-05,9.063640871472014e-07,6.897081105993723e-08,-3.213754338642108e-07,Success,KCP109C,/Users/lopezama/PycharmProjects/sci-cluster/review_outputs/rmelts_parity_audit_v2/2026-02-26/kcp109c_phase7_parity_20260225_224621/runs/kcp109c_phase7_parity_liam_exact/runs/20260225_224621/parallel-results/Parallel_MELTS_KCP109C_dP25.0_02-25_11cores.xlsx,system,system
105,764,350,0,111.7331986346288,1.979405567615843,-1860.99191312367,-1516.644627475702,332.0130026013283,164.3672908782442,5.644785508470071,0.0002827625195799657,3.298778311683585e-05,9.092582129759521e-07,6.875384820392548e-08,-3.210851798083073e-07,Success,KCP109C,/Users/lopezama/PycharmProjects/sci-cluster/review_outputs/rmelts_parity_audit_v2/2026-02-26/kcp109c_phase7_parity_20260225_224621/runs/kcp109c_phase7_parity_liam_exact/runs/20260225_224621/parallel-results/Parallel_MELTS_KCP109C_dP25.0_02-25_11cores.xlsx,system,system
106,763,350,0,111.7332317717341,1.980000963399062,-1860.660510838582,-1516.809610757499,331.8543647937875,164.3560845775316,5.643089767992941,0.0002826647916500186,3.293662145727435e-05,9.121541146931028e-07,6.853745657715404e-08,-3.207947292954076e-07,Success,KCP109C,/Users/lopezama/PycharmProjects/sci-cluster/review_outputs/rmelts_parity_audit_v2/2026-02-26/kcp109c_phase7_parity_20260225_224621/runs/kcp109c_phase7_parity_liam_exact/runs/20260225_224621/parallel-results/Parallel_MELTS_KCP109C_dP25.0_02-25_11cores.xlsx,system,system
107,762,350,0,111.73326505317,1.980595588775228,-1860.329269538889,-1516.974581716699,331.6955879072502,164.344881011183,5.641397248706597,0.0002825667771127646,3.288556073462261e-05,9.150517992458429e-07,6.832164070764012e-08,-3.205041060853802e-07,Success,KCP109C,/Users/lopezama/PycharmProjects/sci-cluster/review_outputs/rmelts_parity_audit_v2/2026-02-26/kcp109c_phase7_parity_20260225_224621/runs/kcp109c_phase7_parity_liam_exact/runs/20260225_224621/parallel-results/Parallel_MELTS_KCP109C_dP25.0_02-25_11cores.xlsx,system,system
108,761,350,0,111.7332984795309,1.981189462770357,-1859.998189373156,-1517.139540483159,331.5366715563478,164.3336790312518,5.63970789160623,0.000282468466672287,3.283459869076711e-05,9.179512115799705e-07,6.810638965137724e-08,-3.20213264919346e-07,Success,KCP109C,/Users/lopezama/PycharmProjects/sci-cluster/review_outputs/rmelts_parity_audit_v2/2026-02-26/kcp109c_phase7_parity_20260225_224621/runs/kcp109c_phase7_parity_liam_exact/runs/20260225_224621/parallel-results/Parallel_MELTS_KCP109C_dP25.0_02-25_11cores.xlsx,system,system
109,760,350,0,111.7333320517313,1.981782518904961,-1859.667270495403,-1517.304487005781,331.3776155346483,164.322482513939,5.638021881102764,0.0002823698901325116,3.278374164798939e-05,9.208524679381747e-07,6.789173434596157e-08,-3.199223481797675e-07,Success,KCP109C,/Users/lopezama/PycharmProjects/sci-cluster/review_outputs/rmelts_parity_audit_v2/2026-02-26/kcp109c_phase7_parity_20260225_224621/runs/kcp109c_phase7_parity_liam_exact/runs/20260225_224621/parallel-results/Parallel_MELTS_KCP109C_dP25.0_02-25_11cores.xlsx,system,system
110,759,350,0,111.7333657702801,1.982374801112534,-1859.33651305348,-1517.469421470997,331.2184193988107,164.3112888520592,5.636339087218719,0.000282271026812778,3.273298483536099e-05,9.237554643392828e-07,6.767765157724517e-08,-3.196312559392635e-07,Success,KCP109C,/Users/lopezama/PycharmProjects/sci-cluster/review_outputs/rmelts_parity_audit_v2/2026-02-26/kcp109c_phase7_parity_20260225_224621/runs/kcp109c_phase7_parity_liam_exact/runs/20260225_224621/parallel-results/Parallel_MELTS_KCP109C_dP25.0_02-25_11cores.xlsx,system,system
111,758,350,0,111.7333996360091,1.982966267192597,-1859.005917200743,-1517.634343886956,331.0590828820125,164.3001005070612,5.634659625057398,0.0002821718954387518,3.268233210674848e-05,9.266602709735095e-07,6.746416021030678e-08,-3.193400772422874e-07,Success,KCP109C,/Users/lopezama/PycharmProjects/sci-cluster/review_outputs/rmelts_parity_audit_v2/2026-02-26/kcp109c_phase7_parity_20260225_224621/runs/kcp109c_phase7_parity_liam_exact/runs/20260225_224621/parallel-results/Parallel_MELTS_KCP109C_dP25.0_02-25_11cores.xlsx,system,system
112,757,350,0,111.7334336495317,1.983556934600132,-1858.675483087386,-1517.799254385219,330.8996055935223,164.2889164274094,5.63298344002695,0.0002820724874316578,3.2631781346626e-05,9.295668369208641e-07,6.725124999705293e-08,-3.190487702759782e-07,Success,KCP109C,/Users/lopezama/PycharmProjects/sci-cluster/review_outputs/rmelts_parity_audit_v2/2026-02-26/kcp109c_phase7_parity_20260225_224621/runs/kcp109c_phase7_parity_liam_exact/runs/20260225_224621/parallel-results/Parallel_MELTS_KCP109C_dP25.0_02-25_11cores.xlsx,system,system
113,756,350,0,111.7334678116141,1.984146780641453,-1858.345210866393,-1517.964153019494,330.7399872194518,164.2777379333172,5.63131059162326,0.0002819728126021914,3.25813344363635e-05,9.324751944187341e-07,6.703893016796841e-08,-3.187573812546683e-07,Success,KCP109C,/Users/lopezama/PycharmProjects/sci-cluster/review_outputs/rmelts_parity_audit_v2/2026-02-26/kcp109c_phase7_parity_20260225_224621/runs/kcp109c_phase7_parity_liam_exact/runs/20260225_224621/parallel-results/Parallel_MELTS_KCP109C_dP25.0_02-25_11cores.xlsx,system,system
114,755,350,0,111.7335016155508,1.984590745398135,-1858.015094593371,-1518.142478144069,330.5671511445818,164.2663422570561,5.630052537261809,0.0002819441882806761,3.254597193164979e-05,9.356729541521891e-07,6.690993305305776e-08,-3.188482056775385e-07,Success,KCP109C,/Users/lopezama/PycharmProjects/sci-cluster/review_outputs/rmelts_parity_audit_v2/2026-02-26/kcp109c_phase7_parity_20260225_224621/runs/kcp109c_phase7_parity_liam_exact/runs/20260225_224621/parallel-results/Parallel_MELTS_KCP109C_dP25.0_02-25_11cores.xlsx,system,system
115,754,350,0,111.7335344065789,1.984709805940752,-1857.685154027825,-1518.350776812203,330.3649683255825,164.2548749308204,5.629716448829518,0.0002820753355520455,3.254404300954688e-05,9.39519308745392e-07,6.696564320619938e-08,-3.197942160160911e-07,Success,KCP109C,/Users/lopezama/PycharmProjects/sci-cluster/review_outputs/rmelts_parity_audit_v2/2026-02-26/kcp109c_phase7_parity_20260225_224621/runs/kcp109c_phase7_parity_liam_exact/runs/20260225_224621/parallel-results/Parallel_MELTS_KCP109C_dP25.0_02-25_11cores.xlsx,system,system
116,753,350,0,111.7335767228896,1.984529198488022,-1857.355604986634,-1518.655619808673,330.068688961615,164.2632402791191,5.630230928726945,0.0002826087764502166,3.260568552250631e-05,9.450458474271956e-07,6.743212862084904e-08,-3.227263475597388e-07,Success,KCP109C,/Users/lopezama/PycharmProjects/sci-cluster/review_outputs/rmelts_parity_audit_v2/2026-02-26/kcp109c_phase7_parity_20260225_224621/runs/kcp109c_phase7_parity_liam_exact/runs/20260225_224621/parallel-results/Parallel_MELTS_KCP109C_dP25.0_02-25_11cores.xlsx,system,system
117,752,350,0,111.7336217844706,1.98425776556214,-1857.026419977944,-1518.987847163708,329.7454741396243,164.2783862584272,5.631003376863008,0.000283258939006441,3.268509646735828e-05,9.51079036563057e-07,6.801405582959375e-08,-3.262312961906314e-07,Success,KCP109C,/Users/lopezama/PycharmProjects/sci-cluster/review_outputs/rmelts_parity_audit_v2/2026-02-26/kcp109c_phase7_parity_20260225_224621/runs/kcp109c_phase7_parity_liam_exact/runs/20260225_224621/parallel-results/Parallel_MELTS_KCP109C_dP25.0_02-25_11cores.xlsx,system,system
118,751,350,0,111.7336669057662,1.98397770856735,-1856.697559319246,-1519.320254051121,329.4217695338823,164.2950161240074,5.631800519898493,0.0002839132371367377,3.276439251217656e-05,9.571490167349354e-07,6.859582140868949e-08,-3.297525965750356e-07,Success,KCP109C,/Users/lopezama/PycharmProjects/sci-cluster/review_outputs/rmelts_parity_audit_v2/2026-02-26/kcp109c_phase7_parity_20260225_224621/runs/kcp109c_phase7_parity_liam_exact/runs/20260225_224621/parallel-results/Parallel_MELTS_KCP109C_dP25.0_02-25_11cores.xlsx,system,system
119,750,350,0,111.7337120848467,1.983687760868879,-1856.369023554816,-1519.653015200962,329.0974034636704,164.3132098322414,5.632625975163856,0.000284572554268657,3.28437275768756e-05,9.632562720270736e-07,6.917834256008306e-08,-3.332946745558916e-07,Success,KCP109C,/Users/lopezama/PycharmProjects/sci-cluster/review_outputs/rmelts_parity_audit_v2/2026-02-26/kcp109c_phase7_parity_20260225_224621/runs/kcp109c_phase7_parity_liam_exact/runs/20260225_224621/parallel-results/Parallel_MELTS_KCP109C_dP25.0_02-25_11cores.xlsx,system,system
120,749,350,0,111.7337573191174,1.98338665339378,-1856.040813386902,-1519.986305454501,328.7722036221695,164.333053391135,5.633483371884618,0.000285237778941639,3.292325368527312e-05,9.694011021891547e-07,6.976253045557347e-08,-3.368619733292975e-07,Success,KCP109C,/Users/lopezama/PycharmProjects/sci-cluster/review_outputs/rmelts_parity_audit_v2/2026-02-26/kcp109c_phase7_parity_20260225_224621/runs/kcp109c_phase7_parity_liam_exact/runs/20260225_224621/parallel-results/Parallel_MELTS_KCP109C_dP25.0_02-25_11cores.xlsx,system,system
121,748,350,0,111.7338026055946,1.983073018484733,-1855.712929692509,-1520.32031331312,328.4459838215637,164.3546408222191,5.634376624768485,0.0002859098700580994,3.300313290959117e-05,9.75583870557402e-07,7.034936088833955e-08,-3.404592909839226e-07,Success,KCP109C,/Users/lopezama/PycharmProjects/sci-cluster/review_outputs/rmelts_parity_audit_v2/2026-02-26/kcp109c_phase7_parity_20260225_224621/runs/kcp109c_phase7_parity_liam_exact/runs/20260225_224621/parallel-results/Parallel_MELTS_KCP109C_dP25.0_02-25_11cores.xlsx,system,system
122,747,350,0,111.7338479408634,1.982745359701805,-1855.385373536927,-1520.655245421648,328.1185395434782,164.3780753639986,5.635310020731437,0.0002865898787448039,3.308354105225865e-05,9.818050738026727e-07,7.093989700906824e-08,-3.440918937514492e-07,Success,KCP109C,/Users/lopezama/PycharmProjects/sci-cluster/review_outputs/rmelts_parity_audit_v2/2026-02-26/kcp109c_phase7_parity_20260225_224621/runs/kcp109c_phase7_parity_liam_exact/runs/20260225_224621/parallel-results/Parallel_MELTS_KCP109C_dP25.0_02-25_11cores.xlsx,system,system
123,746,350,0,111.7338933209308,1.982402073697429,-1855.058146187794,-1520.991323601099,327.7896507743664,164.4034697337922,5.636288157857553,0.0002872789328688706,3.316466449242598e-05,9.880652492903722e-07,7.153527140321498e-08,-3.477654360470936e-07,Success,KCP109C,/Users/lopezama/PycharmProjects/sci-cluster/review_outputs/rmelts_parity_audit_v2/2026-02-26/kcp109c_phase7_parity_20260225_224621/runs/kcp109c_phase7_parity_liam_exact/runs/20260225_224621/parallel-results/Parallel_MELTS_KCP109C_dP25.0_02-25_11cores.xlsx,system,system
124,745,350,0,111.7339387411248,1.982041414343597,-1854.731249132532,-1521.3287906566,327.4590762421366,164.430947658586,5.637316048621936,0.0002879782648561534,3.324670479575596e-05,9.943650656956211e-07,7.213671510451639e-08,-3.514861049447733e-07,Success,KCP109C,/Users/lopezama/PycharmProjects/sci-cluster/review_outputs/rmelts_parity_audit_v2/2026-02-26/kcp109c_phase7_parity_20260225_224621/runs/kcp109c_phase7_parity_liam_exact/runs/20260225_224621/parallel-results/Parallel_MELTS_KCP109C_dP25.0_02-25_11cores.xlsx,system,system
125,744,350,0,111.7339841960113,1.981661471203654,-1854.404684099318,-1521.667913488277,327.1265502738447,164.460645127436,5.638399182689084,0.0002886892260575063,3.332988092032335e-05,1.00070535225272e-06,7.274557176082155e-08,-3.552606953425387e-07,Success,KCP109C,/Users/lopezama/PycharmProjects/sci-cluster/review_outputs/rmelts_parity_audit_v2/2026-02-26/kcp109c_phase7_parity_20260225_224621/runs/kcp109c_phase7_parity_liam_exact/runs/20260225_224621/parallel-results/Parallel_MELTS_KCP109C_dP25.0_02-25_11cores.xlsx,system,system
126,743,350,0,111.7340296791801,1.981260151415575,-1854.078453079991,-1522.008986789725,326.7917790584715,164.4927118302743,5.63954358034951,0.0002894133027053192,3.341443146135837e-05,1.00708713093824e-06,7.33633133274583e-08,-3.590966937856934e-07,Success,KCP109C,/Users/lopezama/PycharmProjects/sci-cluster/review_outputs/rmelts_parity_audit_v2/2026-02-26/kcp109c_phase7_parity_20260225_224621/runs/kcp109c_phase7_parity_liam_exact/runs/20260225_224621/parallel-results/Parallel_MELTS_KCP109C_dP25.0_02-25_11cores.xlsx,system,system
127,742,350,0,111.7340751830823,1.980835139228249,-1853.752558358808,-1522.352339329376,326.4544343490431,164.5273131558125,5.640755909985268,0.0002901521450960089,3.350061928693383e-05,1.013511702343975e-06,7.399156975212627e-08,-3.630024313316644e-07,Success,KCP109C,/Users/lopezama/PycharmProjects/sci-cluster/review_outputs/rmelts_parity_audit_v2/2026-02-26/kcp109c_phase7_parity_20260225_224621/runs/kcp109c_phase7_parity_liam_exact/runs/20260225_224621/parallel-results/Parallel_MELTS_KCP109C_dP25.0_02-25_11cores.xlsx,system,system
128,741,350,0,111.7341206987998,1.980383848550618,-1853.427002546566,-1522.698341499658,326.1141458826678,164.5646325746073,5.642043626066461,0.0002909076024172908,3.358873700931767e-05,1.019980752506481e-06,7.46321643746655e-08,-3.669872665921993e-07,Success,KCP109C,/Users/lopezama/PycharmProjects/sci-cluster/review_outputs/rmelts_parity_audit_v2/2026-02-26/kcp109c_phase7_parity_20260225_224621/runs/kcp109c_phase7_parity_liam_exact/runs/20260225_224621/parallel-results/Parallel_MELTS_KCP109C_dP25.0_02-25_11cores.xlsx,system,system
129,740,350,0,111.7341662156342,1.979903377308557,-1853.101788620229,-1523.047413949432,325.7704926918989,164.6048743928078,5.643415102787668,0.0002916817602687088,3.367911256858164e-05,1.026496460838479e-06,7.528715171585929e-08,-3.710617835497481e-07,Success,KCP109C,/Users/lopezama/PycharmProjects/sci-cluster/review_outputs/rmelts_parity_audit_v2/2026-02-26/kcp109c_phase7_parity_20260225_224621/runs/kcp109c_phase7_parity_liam_exact/runs/20260225_224621/parallel-results/Parallel_MELTS_KCP109C_dP25.0_02-25_11cores.xlsx,system,system
130,739,350,0,111.7342117207531,1.979390417748256,-1852.776919974573,-1523.400041300699,325.4229893532324,164.6482676711822,5.644879894278831,0.0002924770046767141,3.377211952359834e-05,1.033061722631322e-06,7.595888320482192e-08,-3.752381286840431e-07,Success,KCP109C,/Users/lopezama/PycharmProjects/sci-cluster/review_outputs/rmelts_parity_audit_v2/2026-02-26/kcp109c_phase7_parity_20260225_224621/runs/kcp109c_phase7_parity_liam_exact/runs/20260225_224621/parallel-results/Parallel_MELTS_KCP109C_dP25.0_02-25_11cores.xlsx,system,system
131,738,350,0,111.7342571984494,1.978841165413307,-1852.452400482706,-1523.756788987536,325.0710690749834,164.6950710368327,5.646449000120341,0.0002932960957579744,3.386818828534146e-05,1.039680390512781e-06,7.665008219669382e-08,-3.795303995117026e-07,Success,KCP109C,/Users/lopezama/PycharmProjects/sci-cluster/review_outputs/rmelts_parity_audit_v2/2026-02-26/kcp109c_phase7_parity_20260225_224621/runs/kcp109c_phase7_parity_liam_exact/runs/20260225_224621/parallel-results/Parallel_MELTS_KCP109C_dP25.0_02-25_11cores.xlsx,system,system
132,737,350,0,111.7343026293857,1.978251162880025,-1852.128234577255,-1524.118328026093,324.7140588537961,164.7455794430679,5.648135319011666,0.0002941422818023388,3.39678243340727e-05,1.04635769106736e-06,7.736396133434445e-08,-3.839552468164075e-07,Success,KCP109C,/Users/lopezama/PycharmProjects/sci-cluster/review_outputs/rmelts_parity_audit_v2/2026-02-26/kcp109c_phase7_parity_20260225_224621/runs/kcp109c_phase7_parity_liam_exact/runs/20260225_224621/parallel-results/Parallel_MELTS_KCP109C_dP25.0_02-25_11cores.xlsx,system,system
133,736,350,0,111.7343479893181,1.977615081423529,-1851.804427353082,-1524.485471701275,324.3511426961372,164.8001336886627,5.649954282756043,0.0002950194647645435,3.407163442021744e-05,1.05310083270841e-06,7.810439295998708e-08,-3.885327482288937e-07,Success,KCP109C,/Users/lopezama/PycharmProjects/sci-cluster/review_outputs/rmelts_parity_audit_v2/2026-02-26/kcp109c_phase7_parity_20260225_224621/runs/kcp109c_phase7_parity_liam_exact/runs/20260225_224621/parallel-results/Parallel_MELTS_KCP109C_dP25.0_02-25_11cores.xlsx,system,system
134,735,350,0,111.7343932470803,1.976926425586661,-1851.480984702147,-1524.859226925487,323.9813100993503,164.8591339596292,5.651924715100247,0.0002959324297620946,3.418036252595023e-05,1.059919847681473e-06,7.887614505532677e-08,-3.932876197934919e-07,Success,KCP109C,/Users/lopezama/PycharmProjects/sci-cluster/review_outputs/rmelts_parity_audit_v2/2026-02-26/kcp109c_phase7_parity_20260225_224621/runs/kcp109c_phase7_parity_liam_exact/runs/20260225_224621/parallel-results/Parallel_MELTS_KCP109C_dP25.0_02-25_11cores.xlsx,system,system
135,734,350,0,111.7344378341655,1.976047312591587,-1851.157905354875,-1525.269236454747,323.5751068858937,164.9252974703372,5.654441425677492,0.0002969951506267275,3.431279846622609e-05,1.067334309972668e-06,7.980148711795616e-08,-3.988275436252686e-07,Success,KCP109C,/Users/lopezama/PycharmProjects/sci-cluster/review_outputs/rmelts_parity_audit_v2/2026-02-26/kcp109c_phase7_parity_20260225_224621/runs/kcp109c_phase7_parity_liam_exact/runs/20260225_224621/parallel-results/Parallel_MELTS_KCP109C_dP25.0_02-25_11cores.xlsx,system,system
136,733,350,0,111.735354850813,1.968279245672304,-1850.849873486467,-1527.156582676088,321.7147451278432,165.1263287633438,5.676803994986371,0.0003036695876031966,3.537359985422971e-05,1.10070988942819e-06,8.677176272278474e-08,-4.344496582499384e-07,Success,KCP109C,/Users/lopezama/PycharmProjects/sci-cluster/review_outputs/rmelts_parity_audit_v2/2026-02-26/kcp109c_phase7_parity_20260225_224621/runs/kcp109c_phase7_parity_liam_exact/runs/20260225_224621/parallel-results/Parallel_MELTS_KCP109C_dP25.0_02-25_11cores.xlsx,system,system
137,732,350,0,111.7386758949773,1.95773831209331,-1850.582490164931,-1529.555175704859,319.382494612815,165.4215409166412,5.707538908788113,0.0003122883275760099,3.676086910777066e-05,1.142290411614761e-06,9.58674756021101e-08,-4.8084324398535e-07,Success,KCP109C,/Users/lopezama/PycharmProjects/sci-cluster/review_outputs/rmelts_parity_audit_v2/2026-02-26/kcp109c_phase7_parity_20260225_224621/runs/kcp109c_phase7_parity_liam_exact/runs/20260225_224621/parallel-results/Parallel_MELTS_KCP109C_dP25.0_02-25_11cores.xlsx,system,system
138,731,350,0,111.7403839640644,1.945691350771062,-1850.291673454193,-1532.156823439824,316.8200468200658,165.8060333901053,5.742965548969655,0.0003219616451515153,3.83145279518025e-05,1.187363021511887e-06,1.060935532726785e-07,-5.331233831956673e-07,Success,KCP109C,/Users/lopezama/PycharmProjects/sci-cluster/review_outputs/rmelts_parity_audit_v2/2026-02-26/kcp109c_phase7_parity_20260225_224621/runs/kcp109c_phase7_parity_liam_exact/runs/20260225_224621/parallel-results/Parallel_MELTS_KCP109C_dP25.0_02-25_11cores.xlsx,system,system
139,730,350,0,111.7411978529014,1.932667601774524,-1849.98924201597,-1534.852336969353,314.1473409227107,166.2804678047574,5.781708026269161,0.0003322246256943952,3.995661137237794e-05,1.233721733964835e-06,1.169746200816226e-07,-5.889515991345629e-07,Success,KCP109C,/Users/lopezama/PycharmProjects/sci-cluster/review_outputs/rmelts_parity_audit_v2/2026-02-26/kcp109c_phase7_parity_20260225_224621/runs/kcp109c_phase7_parity_liam_exact/runs/20260225_224621/parallel-results/Parallel_MELTS_KCP109C_dP25.0_02-25_11cores.xlsx,system,system
140,729,350,0,111.7419827315294,1.921848144527857,-1849.688827437305,-1537.082516387717,311.935649403371,166.7363760414364,5.814298234212528,0.0003406811879677497,4.128850049180167e-05,1.27137017477378e-06,1.259079280571116e-07,-6.35290458624741e-07,Success,KCP109C,/Users/lopezama/PycharmProjects/sci-cluster/review_outputs/rmelts_parity_audit_v2/2026-02-26/kcp109c_phase7_parity_20260225_224621/runs/kcp109c_phase7_parity_liam_exact/runs/20260225_224621/parallel-results/Parallel_MELTS_KCP109C_dP25.0_02-25_11cores.xlsx,system,system
141,728,350,0,111.7425284087636,1.915225167714893,-1849.38641582032,-1538.541077637311,310.4882766648446,167.0696391850364,5.834432958192934,0.0003459637568181477,4.208464568642005e-05,1.295073373134087e-06,1.313594826242913e-07,-6.643525447605171e-07,Success,KCP109C,/Users/lopezama/PycharmProjects/sci-cluster/review_outputs/rmelts_parity_audit_v2/2026-02-26/kcp109c_phase7_parity_20260225_224621/runs/kcp109c_phase7_parity_liam_exact/runs/20260225_224621/parallel-results/Parallel_MELTS_KCP109C_dP25.0_02-25_11cores.xlsx,system,system
142,727,350,0,111.7428334879937,1.91190884048943,-1849.081280166755,-1539.412314227135,309.6225225612358,167.2890867249718,5.844569109235805,0.0003487980332958275,4.246955201564183e-05,1.308232897923968e-06,1.341040122536257e-07,-6.799110523276883e-07,Success,KCP109C,/Users/lopezama/PycharmProjects/sci-cluster/review_outputs/rmelts_parity_audit_v2/2026-02-26/kcp109c_phase7_parity_20260225_224621/runs/kcp109c_phase7_parity_liam_exact/runs/20260225_224621/parallel-results/Parallel_MELTS_KCP109C_dP25.0_02-25_11cores.xlsx,system,system
143,725,350,0,111.7431367460715,1.909587142996036,-1848.467972922572,-1540.399565384972,308.6393904098584,167.5734155312569,5.851690882813166,0.0003513014491612289,4.27089571520341e-05,1.32078404821797e-06,1.360782316528173e-07,-6.934432437757532e-07,Success,KCP109C,/Users/lopezama/PycharmProjects/sci-cluster/review_outputs/rmelts_parity_audit_v2/2026-02-26/kcp109c_phase7_parity_20260225_224621/runs/kcp109c_phase7_parity_liam_exact/runs/20260225_224621/parallel-results/Parallel_MELTS_KCP109C_dP25.0_02-25_11cores.xlsx,system,system
144,775,325,0,111.7330093704287,1.944074320204891,-1866.07680614024,-1515.793007690629,334.192432809818,165.3663067728719,5.747363061647398,0.0003026518360153235,3.812441926914438e-05,9.502795219167463e-07,9.623900679886708e-08,-4.112489100558652e-07,Success,KCP109C,/Users/lopezama/PycharmProjects/sci-cluster/review_outputs/rmelts_parity_audit_v2/2026-02-26/kcp109c_phase7_parity_20260225_224621/runs/kcp109c_phase7_parity_liam_exact/runs/20260225_224621/parallel-results/Parallel_MELTS_KCP109C_dP25.0_02-25_11cores.xlsx,system,system
145,774,325,0,111.7330412695247,1.944689171536559,-1865.743205151445,-1515.958937276041,334.0345393452749,165.3575523172391,5.745547561271242,0.0003025640436995236,3.806121106915951e-05,9.540135350422442e-07,9.593688676913737e-08,-4.109562053638866e-07,Success,KCP109C,/Users/lopezama/PycharmProjects/sci-cluster/review_outputs/rmelts_parity_audit_v2/2026-02-26/kcp109c_phase7_parity_20260225_224621/runs/kcp109c_phase7_parity_liam_exact/runs/20260225_224621/parallel-results/Parallel_MELTS_KCP109C_dP25.0_02-25_11cores.xlsx,system,system
146,773,325,0,111.7330733064442,1.945303347254819,-1865.409764304966,-1516.124857837624,333.8765057279948,165.348797031192,5.743735210455484,0.0003024758414156375,3.799809909130596e-05,9.577513037044788e-07,9.5635351471829e-08,-4.106624762405624e-07,Success,KCP109C,/Users/lopezama/PycharmProjects/sci-cluster/review_outputs/rmelts_parity_audit_v2/2026-02-26/kcp109c_phase7_parity_20260225_224621/runs/kcp109c_phase7_parity_liam_exact/runs/20260225_224621/parallel-results/Parallel_MELTS_KCP109C_dP25.0_02-25_11cores.xlsx,system,system
147,772,325,0,111.733105481848,1.945916839101747,-1865.076483751521,-1516.290769440641,333.7183316374488,165.3400413036858,5.741926028731267,0.0003023872322568125,3.793508407306452e-05,9.614928004049797e-07,9.533440531181907e-08,-4.103677369198894e-07,Success,KCP109C,/Users/lopezama/PycharmProjects/sci-cluster/review_outputs/rmelts_parity_audit_v2/2026-02-26/kcp109c_phase7_parity_20260225_224621/runs/kcp109c_phase7_parity_liam_exact/runs/20260225_224621/parallel-results/Parallel_MELTS_KCP109C_dP25.0_02-25_11cores.xlsx,system,system
148,771,325,0,111.7331377963872,1.946529642420592,-1864.743363641988,-1516.456672158209,333.5600167445095,165.3312853236288,5.740120024961053,0.000302298217464654,3.787216631461881e-05,9.652379904232395e-07,9.503405031792296e-08,-4.100719922403582e-07,Success,KCP109C,/Users/lopezama/PycharmProjects/sci-cluster/review_outputs/rmelts_parity_audit_v2/2026-02-26/kcp109c_phase7_parity_20260225_224621/runs/kcp109c_phase7_parity_liam_exact/runs/20260225_224621/parallel-results/Parallel_MELTS_KCP109C_dP25.0_02-25_11cores.xlsx,system,system
149,770,325,0,111.7331702507584,1.947141740921448,-1864.410404128306,-1516.622566046277,333.4015607362595,165.3225299374524,5.73831724227137,0.000302208804307969,3.780934749528744e-05,9.689868646170304e-07,9.473429601269035e-08,-4.097752776202548e-07,Success,KCP109C,/Users/lopezama/PycharmProjects/sci-cluster/review_outputs/rmelts_parity_audit_v2/2026-02-26/kcp109c_phase7_parity_20260225_224621/runs/kcp109c_phase7_parity_liam_exact/runs/20260225_224621/parallel-results/Parallel_MELTS_KCP109C_dP25.0_02-25_11cores.xlsx,system,system
150,769,325,0,111.7332028455949,1.947753136608193,-1864.077605361722,-1516.78845119246,333.2429632675353,165.3137749636894,5.736517669799085,0.0003021189906019367,3.774662710717653e-05,9.727393748162326e-07,9.44351400363241e-08,-4.094775805250179e-07,Success,KCP109C,/Users/lopezama/PycharmProjects/sci-cluster/review_outputs/rmelts_parity_audit_v2/2026-02-26/kcp109c_phase7_parity_20260225_224621/runs/kcp109c_phase7_parity_liam_exact/runs/20260225_224621/parallel-results/Parallel_MELTS_KCP109C_dP25.0_02-25_11cores.xlsx,system,system
151,768,325,0,111.7332355816068,1.94836381128824,-1863.744967495046,-1516.954327654423,333.0842240221139,165.3050213630858,5.734721356158317,0.0003020287846264738,3.768400703580853e-05,9.76495517509442e-07,9.413659302638638e-08,-4.091789414681404e-07,Success,KCP109C,/Users/lopezama/PycharmProjects/sci-cluster/review_outputs/rmelts_parity_audit_v2/2026-02-26/kcp109c_phase7_parity_20260225_224621/runs/kcp109c_phase7_parity_liam_exact/runs/20260225_224621/parallel-results/Parallel_MELTS_KCP109C_dP25.0_02-25_11cores.xlsx,system,system
152,767,325,0,111.7332684594014,1.948973775810155,-1863.412490679773,-1517.120195535263,332.9253426376099,165.296268455346,5.73292826441217,0.0003019381796206863,3.762148571878547e-05,9.802552250681005e-07,9.38386469109889e-08,-4.088793248080925e-07,Success,KCP109C,/Users/lopezama/PycharmProjects/sci-cluster/review_outputs/rmelts_parity_audit_v2/2026-02-26/kcp109c_phase7_parity_20260225_224621/runs/kcp109c_phase7_parity_liam_exact/runs/20260225_224621/parallel-results/Parallel_MELTS_KCP109C_dP25.0_02-25_11cores.xlsx,system,system
153,766,325,0,111.7333014797269,1.949583003408846,-1863.080175069992,-1517.286054884601,332.7663188042066,165.2875176933514,5.731138468296106,0.0003018471883322845,3.755906603700212e-05,9.840185145613633e-07,9.354131772384475e-08,-4.085787936503808e-07,Success,KCP109C,/Users/lopezama/PycharmProjects/sci-cluster/review_outputs/rmelts_parity_audit_v2/2026-02-26/kcp109c_phase7_parity_20260225_224621/runs/kcp109c_phase7_parity_liam_exact/runs/20260225_224621/parallel-results/Parallel_MELTS_KCP109C_dP25.0_02-25_11cores.xlsx,system,system
154,765,325,0,111.7333346432546,1.950191489230774,-1862.7480208189,-1517.451905786883,332.6071521764839,165.2787692925377,5.729351976985924,0.0003017558121626859,3.749674826776409e-05,9.877853548421163e-07,9.324460737054673e-08,-4.082773536506789e-07,Success,KCP109C,/Users/lopezama/PycharmProjects/sci-cluster/review_outputs/rmelts_parity_audit_v2/2026-02-26/kcp109c_phase7_parity_20260225_224621/runs/kcp109c_phase7_parity_liam_exact/runs/20260225_224621/parallel-results/Parallel_MELTS_KCP109C_dP25.0_02-25_11cores.xlsx,system,system
155,764,325,0,111.733367950644,1.950799232506643,-1862.416028079842,-1517.617748333052,332.4478424015713,165.2700232364448,5.727568787643731,0.0003016640503942385,3.743453220523552e-05,9.915557054116255e-07,9.294851514439214e-08,-4.079749997960676e-07,Success,KCP109C,/Users/lopezama/PycharmProjects/sci-cluster/review_outputs/rmelts_parity_audit_v2/2026-02-26/kcp109c_phase7_parity_20260225_224621/runs/kcp109c_phase7_parity_liam_exact/runs/20260225_224621/parallel-results/Parallel_MELTS_KCP109C_dP25.0_02-25_11cores.xlsx,system,system
156,763,325,0,111.7334012881334,1.951377105418683,-1862.084195262546,-1517.786467168374,332.2856035266829,165.2610180763537,5.725874357030549,0.0003015886357648651,3.737610477918195e-05,9.95399760178025e-07,9.267519286012903e-08,-4.07764711686602e-07,Success,KCP109C,/Users/lopezama/PycharmProjects/sci-cluster/review_outputs/rmelts_parity_audit_v2/2026-02-26/kcp109c_phase7_parity_20260225_224621/runs/kcp109c_phase7_parity_liam_exact/runs/20260225_224621/parallel-results/Parallel_MELTS_KCP109C_dP25.0_02-25_11cores.xlsx,system,system
157,762,325,0,111.7334331364712,1.951544656637895,-1861.752521671903,-1517.995728664894,332.084039034931,165.2486297747606,5.725384390074099,0.000301748779962191,3.736951519057906e-05,1.000243186646773e-06,9.27133650128318e-08,-4.088626414623088e-07,Success,KCP109C,/Users/lopezama/PycharmProjects/sci-cluster/review_outputs/rmelts_parity_audit_v2/2026-02-26/kcp109c_phase7_parity_20260225_224621/runs/kcp109c_phase7_parity_liam_exact/runs/20260225_224621/parallel-results/Parallel_MELTS_KCP109C_dP25.0_02-25_11cores.xlsx,system,system
158,761,325,0,111.733465065995,1.951706920754259,-1861.421051209324,-1518.205390801504,331.8818937367108,165.2367749611963,5.724910019933442,0.0003019123543153219,3.736338817612619e-05,1.005116261161853e-06,9.275439148263655e-08,-4.099770649085287e-07,Success,KCP109C,/Users/lopezama/PycharmProjects/sci-cluster/review_outputs/rmelts_parity_audit_v2/2026-02-26/kcp109c_phase7_parity_20260225_224621/runs/kcp109c_phase7_parity_liam_exact/runs/20260225_224621/parallel-results/Parallel_MELTS_KCP109C_dP25.0_02-25_11cores.xlsx,system,system
159,760,325,0,111.7334970754733,1.951863802553307,-1861.089784442128,-1518.415465933079,331.6791545361748,165.2254710036612,5.724451518047034,0.0003020794317053866,3.735773085469164e-05,1.010018717630683e-06,9.279832120600455e-08,-4.111083087118457e-07,Success,KCP109C,/Users/lopezama/PycharmProjects/sci-cluster/review_outputs/rmelts_parity_audit_v2/2026-02-26/kcp109c_phase7_parity_20260225_224621/runs/kcp109c_phase7_parity_liam_exact/runs/20260225_224621/parallel-results/Parallel_MELTS_KCP109C_dP25.0_02-25_11cores.xlsx,system,system
160,759,325,0,111.7335291636385,1.95201521461361,-1860.758721950056,-1518.625965857813,331.4758088380975,165.2147360301146,5.724009133082268,0.0003022500810016661,3.735254922835881e-05,1.014950213542263e-06,9.284519674974455e-08,-4.122566755313451e-07,Success,KCP109C,/Users/lopezama/PycharmProjects/sci-cluster/review_outputs/rmelts_parity_audit_v2/2026-02-26/kcp109c_phase7_parity_20260225_224621/runs/kcp109c_phase7_parity_liam_exact/runs/20260225_224621/parallel-results/Parallel_MELTS_KCP109C_dP25.0_02-25_11cores.xlsx,system,system
161,758,325,0,111.7335613291296,1.952161054558494,-1860.427864324513,-1518.836903907406,331.2718425225303,165.2045890300554,5.723583157661119,0.0003024243800923781,3.734785099552126e-05,1.019910379335877e-06,9.289507101744745e-08,-4.134225148171047e-07,Success,KCP109C,/Users/lopezama/PycharmProjects/sci-cluster/review_outputs/rmelts_parity_audit_v2/2026-02-26/kcp109c_phase7_parity_20260225_224621/runs/kcp109c_phase7_parity_liam_exact/runs/20260225_224621/parallel-results/Parallel_MELTS_KCP109C_dP25.0_02-25_11cores.xlsx,system,system
162,757,325,0,111.7335935705652,1.952301238875654,-1860.097212169892,-1519.048291895228,331.0672429011935,165.1950497189371,5.723173829204424,0.0003026023965012861,3.734364137372785e-05,1.02489873435907e-06,9.294798251227529e-08,-4.146061177250131e-07,Success,KCP109C,/Users/lopezama/PycharmProjects/sci-cluster/review_outputs/rmelts_parity_audit_v2/2026-02-26/kcp109c_phase7_parity_20260225_224621/runs/kcp109c_phase7_parity_liam_exact/runs/20260225_224621/parallel-results/Parallel_MELTS_KCP109C_dP25.0_02-25_11cores.xlsx,system,system
163,756,325,0,111.7336265562926,1.952414475786475,-1859.766777032472,-1519.266983938917,330.8553593679783,165.1873906311942,5.722843583777665,0.0003028174442436938,3.734559445661189e-05,1.030057967045276e-06,9.304198621733532e-08,-4.159756463706701e-07,Success,KCP109C,/Users/lopezama/PycharmProjects/sci-cluster/review_outputs/rmelts_parity_audit_v2/2026-02-26/kcp109c_phase7_parity_20260225_224621/runs/kcp109c_phase7_parity_liam_exact/runs/20260225_224621/parallel-results/Parallel_MELTS_KCP109C_dP25.0_02-25_11cores.xlsx,system,system
164,755,325,0,111.7336712191017,1.952152523173661,-1859.436802158117,-1519.604783321533,330.5276650650047,165.2025129208803,5.723613800291257,0.0003036138019980617,3.744610351306988e-05,1.037749768450671e-06,9.379722100537842e-08,-4.202783832371258e-07,Success,KCP109C,/Users/lopezama/PycharmProjects/sci-cluster/review_outputs/rmelts_parity_audit_v2/2026-02-26/kcp109c_phase7_parity_20260225_224621/runs/kcp109c_phase7_parity_liam_exact/runs/20260225_224621/parallel-results/Parallel_MELTS_KCP109C_dP25.0_02-25_11cores.xlsx,system,system
165,754,325,0,111.7337159288435,1.951880902400895,-1859.107156087965,-1519.943132785046,330.199117269064,165.2191265096253,5.724412580265853,0.0003044163687460201,3.754674478794669e-05,1.045510076759469e-06,9.455408849968569e-08,-4.246097496692224e-07,Success,KCP109C,/Users/lopezama/PycharmProjects/sci-cluster/review_outputs/rmelts_parity_audit_v2/2026-02-26/kcp109c_phase7_parity_20260225_224621/runs/kcp109c_phase7_parity_liam_exact/runs/20260225_224621/parallel-results/Parallel_MELTS_KCP109C_dP25.0_02-25_11cores.xlsx,system,system
166,753,325,0,111.7337606824179,1.951598318966494,-1858.777839718776,-1520.282226451486,329.8695251837355,165.2373077876777,5.725243744911023,0.0003052262324074339,3.764771378154858e-05,1.053340999029008e-06,9.531384620874737e-08,-4.289753971307003e-07,Success,KCP109C,/Users/lopezama/PycharmProjects/sci-cluster/review_outputs/rmelts_parity_audit_v2/2026-02-26/kcp109c_phase7_parity_20260225_224621/runs/kcp109c_phase7_parity_liam_exact/runs/20260225_224621/parallel-results/Parallel_MELTS_KCP109C_dP25.0_02-25_11cores.xlsx,system,system
167,752,325,0,111.733805476078,1.95130344186951,-1858.448854130545,-1520.622264889529,329.5386911583828,165.2571391819726,5.726111227940427,0.0003060445166560436,3.774920938165874e-05,1.06124466157945e-06,9.6077780759319e-08,-4.333811658051643e-07,Success,KCP109C,/Users/lopezama/PycharmProjects/sci-cluster/review_outputs/rmelts_parity_audit_v2/2026-02-26/kcp109c_phase7_parity_20260225_224621/runs/kcp109c_phase7_parity_liam_exact/runs/20260225_224621/parallel-results/Parallel_MELTS_KCP109C_dP25.0_02-25_11cores.xlsx,system,system
168,751,325,0,111.7338503056114,1.950994814561012,-1858.120200604302,-1520.963468317296,329.2063977806042,165.2787109541021,5.72701933760661,0.0003068724541013983,3.785144768761986e-05,1.069223516477992e-06,9.684729584401373e-08,-4.378334732058759e-07,Success,KCP109C,/Users/lopezama/PycharmProjects/sci-cluster/review_outputs/rmelts_parity_audit_v2/2026-02-26/kcp109c_phase7_parity_20260225_224621/runs/kcp109c_phase7_parity_liam_exact/runs/20260225_224621/parallel-results/Parallel_MELTS_KCP109C_dP25.0_02-25_11cores.xlsx,system,system
169,750,325,0,111.7338951661829,1.950670860623433,-1857.791880636733,-1521.306076093052,328.8724082917278,165.3021217231287,5.727972741155973,0.0003077113827478513,3.795466090751154e-05,1.077280313400376e-06,9.76239066022822e-08,-4.423392969721675e-07,Success,KCP109C,/Users/lopezama/PycharmProjects/sci-cluster/review_outputs/rmelts_parity_audit_v2/2026-02-26/kcp109c_phase7_parity_20260225_224621/runs/kcp109c_phase7_parity_liam_exact/runs/20260225_224621/parallel-results/Parallel_MELTS_KCP109C_dP25.0_02-25_11cores.xlsx,system,system
170,749,325,0,111.7339400520116,1.95032991903642,-1857.463895954852,-1521.650342591107,328.5364705412563,165.3274786488233,5.728976362482039,0.0003085627208097049,3.805909204411184e-05,1.085417964671516e-06,9.840920788849516e-08,-4.469060421182069e-07,Success,KCP109C,/Users/lopezama/PycharmProjects/sci-cluster/review_outputs/rmelts_parity_audit_v2/2026-02-26/kcp109c_phase7_parity_20260225_224621/runs/kcp109c_phase7_parity_liam_exact/runs/20260225_224621/parallel-results/Parallel_MELTS_KCP109C_dP25.0_02-25_11cores.xlsx,system,system
171,748,325,0,111.7339849566715,1.94997011526151,-1857.136248543995,-1521.99655595448,328.1982985746608,165.3548998765905,5.73003576219869,0.0003094280704965446,3.816501429510083e-05,1.093640003816739e-06,9.920499833382048e-08,-4.515420959958369e-07,Success,KCP109C,/Users/lopezama/PycharmProjects/sci-cluster/review_outputs/rmelts_parity_audit_v2/2026-02-26/kcp109c_phase7_parity_20260225_224621/runs/kcp109c_phase7_parity_liam_exact/runs/20260225_224621/parallel-results/Parallel_MELTS_KCP109C_dP25.0_02-25_11cores.xlsx,system,system
172,747,325,0,111.7340298724503,1.94958944737907,-1856.808940664856,-1522.345027447821,327.8575829211726,165.3845142752958,5.731156886526028,0.0003103091547544687,3.827271817563494e-05,1.101950273346498e-06,1.000132020800736e-07,-4.56256493898848e-07,Success,KCP109C,/Users/lopezama/PycharmProjects/sci-cluster/review_outputs/rmelts_parity_audit_v2/2026-02-26/kcp109c_phase7_parity_20260225_224621/runs/kcp109c_phase7_parity_liam_exact/runs/20260225_224621/parallel-results/Parallel_MELTS_KCP109C_dP25.0_02-25_11cores.xlsx,system,system
173,746,325,0,111.734074790388,1.949185688663847,-1856.481974886633,-1522.696106370879,327.5139758776957,165.4164637610506,5.732346355722574,0.0003112078980251298,3.838252618918238e-05,1.110353276533565e-06,1.008359643212955e-07,-4.61059353018602e-07,Success,KCP109C,/Users/lopezama/PycharmProjects/sci-cluster/review_outputs/rmelts_parity_audit_v2/2026-02-26/kcp109c_phase7_parity_20260225_224621/runs/kcp109c_phase7_parity_liam_exact/runs/20260225_224621/parallel-results/Parallel_MELTS_KCP109C_dP25.0_02-25_11cores.xlsx,system,system
174,745,325,0,111.7341196999257,1.948756375275812,-1856.155354120649,-1523.050183399224,327.1670880729025,165.4509045972237,5.733611503085484,0.0003121264405644386,3.849479459335068e-05,1.118854222778911e-06,1.01675666251002e-07,-4.659619537017022e-07,Success,KCP109C,/Users/lopezama/PycharmProjects/sci-cluster/review_outputs/rmelts_parity_audit_v2/2026-02-26/kcp109c_phase7_parity_20260225_224621/runs/kcp109c_phase7_parity_liam_exact/runs/20260225_224621/parallel-results/Parallel_MELTS_KCP109C_dP25.0_02-25_11cores.xlsx,system,system
175,744,325,0,111.7341645885315,1.948298734456403,-1855.829081662399,-1523.407703340165,326.8164757629001,165.4880099196039,5.73496058958877,0.000313067204129438,3.860992456947785e-05,1.127459309606974e-06,1.025350012198684e-07,-4.709770959661967e-07,Success,KCP109C,/Users/lopezama/PycharmProjects/sci-cluster/review_outputs/rmelts_parity_audit_v2/2026-02-26/kcp109c_phase7_parity_20260225_224621/runs/kcp109c_phase7_parity_liam_exact/runs/20260225_224621/parallel-results/Parallel_MELTS_KCP109C_dP25.0_02-25_11cores.xlsx,system,system
176,743,325,0,111.7342094409426,1.94780962904187,-1855.503161239192,-1523.769177313449,326.4616286234743,165.5279726209302,5.736402971572988,0.0003140329505686545,3.872837149658879e-05,1.136175958477087e-06,1.034170412787697e-07,-4.761194188300732e-07,Success,KCP109C,/Users/lopezama/PycharmProjects/sci-cluster/review_outputs/rmelts_parity_audit_v2/2026-02-26/kcp109c_phase7_parity_20260225_224621/runs/kcp109c_phase7_parity_liam_exact/runs/20260225_224621/parallel-results/Parallel_MELTS_KCP109C_dP25.0_02-25_11cores.xlsx,system,system
177,742,325,0,111.7342542391306,1.947285426246327,-1855.177597085468,-1524.135201934134,326.1019505997485,165.5710086974396,5.737949492823683,0.000315026884424465,3.885066292763993e-05,1.145013308606574e-06,1.04325356965189e-07,-4.814059641574899e-07,Success,KCP109C,/Users/lopezama/PycharmProjects/sci-cluster/review_outputs/rmelts_parity_audit_v2/2026-02-26/kcp109c_phase7_parity_20260225_224621/runs/kcp109c_phase7_parity_liam_exact/runs/20260225_224621/parallel-results/Parallel_MELTS_KCP109C_dP25.0_02-25_11cores.xlsx,system,system
178,741,325,0,111.7342989602987,1.946721886832993,-1854.852394009079,-1524.506486559177,325.7367326824453,165.6173633496798,5.739612818658582,0.0003160527827922584,3.897741916972504e-05,1.153982742051944e-06,1.052641654620785e-07,-4.868568784160863e-07,Success,KCP109C,/Users/lopezama/PycharmProjects/sci-cluster/review_outputs/rmelts_parity_audit_v2/2026-02-26/kcp109c_phase7_parity_20260225_224621/runs/kcp109c_phase7_parity_liam_exact/runs/20260225_224621/parallel-results/Parallel_MELTS_KCP109C_dP25.0_02-25_11cores.xlsx,system,system
179,740,325,0,111.7343435761973,1.946113925626156,-1854.527557511153,-1524.883891553078,325.3651146997727,165.6673177287908,5.741408152158777,0.0003171151953905576,3.910938777819574e-05,1.163098844782783e-06,1.062385636324055e-07,-4.924965094592864e-07,Success,KCP109C,/Users/lopezama/PycharmProjects/sci-cluster/review_outputs/rmelts_parity_audit_v2/2026-02-26/kcp109c_phase7_parity_20260225_224621/runs/kcp109c_phase7_parity_liam_exact/runs/20260225_224621/parallel-results/Parallel_MELTS_KCP109C_dP25.0_02-25_11cores.xlsx,system,system
180,739,325,0,111.7343880505948,1.945455293413589,-1854.203093924646,-1525.268488311205,324.9860254047732,165.7212003083183,5.743354187005772,0.0003182197466864119,3.924749415117297e-05,1.172380784016241e-06,1.072548777363426e-07,-4.983550513865585e-07,Success,KCP109C,/Users/lopezama/PycharmProjects/sci-cluster/review_outputs/rmelts_parity_audit_v2/2026-02-26/kcp109c_phase7_parity_20260225_224621/runs/kcp109c_phase7_parity_liam_exact/runs/20260225_224621/parallel-results/Parallel_MELTS_KCP109C_dP25.0_02-25_11cores.xlsx,system,system
181,738,325,0,111.7344323357632,1.944738073111531,-1853.879010611605,-1525.661651001983,324.5980908961298,165.7794039226021,5.745474615869015,0.0003193736018779789,3.939292013210863e-05,1.181854476904248e-06,1.083212039304843e-07,-5.044710846338941e-07,Success,KCP109C,/Users/lopezama/PycharmProjects/sci-cluster/review_outputs/rmelts_parity_audit_v2/2026-02-26/kcp109c_phase7_parity_20260225_224621/runs/kcp109c_phase7_parity_liam_exact/runs/20260225_224621/parallel-results/Parallel_MELTS_KCP109C_dP25.0_02-25_11cores.xlsx,system,system
182,737,325,0,111.7344667568725,1.941909044195629,-1853.555234772943,-1526.52579883553,323.7434400211981,165.8686414606461,5.753846560983231,0.0003226280684412677,3.990472468832084e-05,1.201940961193858e-06,1.118905653288283e-07,-5.220474422024359e-07,Success,KCP109C,/Users/lopezama/PycharmProjects/sci-cluster/review_outputs/rmelts_parity_audit_v2/2026-02-26/kcp109c_phase7_parity_20260225_224621/runs/kcp109c_phase7_parity_liam_exact/runs/20260225_224621/parallel-results/Parallel_MELTS_KCP109C_dP25.0_02-25_11cores.xlsx,system,system
183,736,325,0,111.7379903566238,1.930609385346544,-1853.289217874342,-1529.239121555772,321.1119222301633,166.0926886265992,5.78770574745584,0.000333915136073753,4.183290169632476e-05,1.262699645415637e-06,1.2513916033769e-07,-5.840279453363555e-07,Success,KCP109C,/Users/lopezama/PycharmProjects/sci-cluster/review_outputs/rmelts_parity_audit_v2/2026-02-26/kcp109c_phase7_parity_20260225_224621/runs/kcp109c_phase7_parity_liam_exact/runs/20260225_224621/parallel-results/Parallel_MELTS_KCP109C_dP25.0_02-25_11cores.xlsx,system,system
184,735,325,0,111.7411340604713,1.918230685188767,-1853.019840475861,-1532.089315486493,318.3360858893701,166.3905544364573,5.825218777035423,0.00034599242281548,4.388933206089956e-05,1.326973685582767e-06,1.393781566842999e-07,-6.508881480448719e-07,Success,KCP109C,/Users/lopezama/PycharmProjects/sci-cluster/review_outputs/rmelts_parity_audit_v2/2026-02-26/kcp109c_phase7_parity_20260225_224621/runs/kcp109c_phase7_parity_liam_exact/runs/20260225_224621/parallel-results/Parallel_MELTS_KCP109C_dP25.0_02-25_11cores.xlsx,system,system
185,734,325,0,111.7420476224948,1.903849863164923,-1852.717736063273,-1535.260558413613,315.2034728190048,166.7860458314675,5.869267833795308,0.0003597929091575521,4.623341402501078e-05,1.399237044519222e-06,1.557564351611302e-07,-7.279591647980179e-07,Success,KCP109C,/Users/lopezama/PycharmProjects/sci-cluster/review_outputs/rmelts_parity_audit_v2/2026-02-26/kcp109c_phase7_parity_20260225_224621/runs/kcp109c_phase7_parity_liam_exact/runs/20260225_224621/parallel-results/Parallel_MELTS_KCP109C_dP25.0_02-25_11cores.xlsx,system,system
186,733,325,0,111.7427279364117,1.893206634621127,-1852.414709162249,-1537.640674498537,312.8500071199237,167.1411386963937,5.902299616585378,0.0003699941420049709,4.793101076249013e-05,1.453481271878924e-06,1.678047448103761e-07,-7.85470934291818e-07,Success,KCP109C,/Users/lopezama/PycharmProjects/sci-cluster/review_outputs/rmelts_parity_audit_v2/2026-02-26/kcp109c_phase7_parity_20260225_224621/runs/kcp109c_phase7_parity_liam_exact/runs/20260225_224621/parallel-results/Parallel_MELTS_KCP109C_dP25.0_02-25_11cores.xlsx,system,system
187,732,325,0,111.743141693528,1.887744119253617,-1852.109233409533,-1539.001595546765,311.503395376579,167.375159331619,5.919400863381285,0.0003754521526449011,4.878718641485812e-05,1.48423415746068e-06,1.740290721320163e-07,-8.163540799757078e-07,Success,KCP109C,/Users/lopezama/PycharmProjects/sci-cluster/review_outputs/rmelts_parity_audit_v2/2026-02-26/kcp109c_phase7_parity_20260225_224621/runs/kcp109c_phase7_parity_liam_exact/runs/20260225_224621/parallel-results/Parallel_MELTS_KCP109C_dP25.0_02-25_11cores.xlsx,system,system
188,731,325,0,111.7433577186106,1.885286594615239,-1851.801611112209,-1539.782990179839,310.7290951873422,167.5288969674305,5.92712842905542,0.0003782004869855138,4.916434149123123e-05,1.501507582460052e-06,1.768982440780635e-07,-8.318407761192127e-07,Success,KCP109C,/Users/lopezama/PycharmProjects/sci-cluster/review_outputs/rmelts_parity_audit_v2/2026-02-26/kcp109c_phase7_parity_20260225_224621/runs/kcp109c_phase7_parity_liam_exact/runs/20260225_224621/parallel-results/Parallel_MELTS_KCP109C_dP25.0_02-25_11cores.xlsx,system,system
189,776,300,0,111.733143747737,1.912631566563374,-1867.861900969041,-1516.584556031233,334.8208978104258,166.2417617788467,5.841854003722197,0.0003257407912235273,4.412506271034616e-05,1.027119926777055e-06,1.341261030034107e-07,-5.289914119529339e-07,Success,KCP109C,/Users/lopezama/PycharmProjects/sci-cluster/review_outputs/rmelts_parity_audit_v2/2026-02-26/kcp109c_phase7_parity_20260225_224621/runs/kcp109c_phase7_parity_liam_exact/runs/20260225_224621/parallel-results/Parallel_MELTS_KCP109C_dP25.0_02-25_11cores.xlsx,system,system
190,775,300,0,111.7331757978884,1.913269269092605,-1867.527674863823,-1516.751331827843,334.6623508428947,166.2354425293094,5.839908558761278,0.0003256619910868791,4.404679609755609e-05,1.032069683586037e-06,1.33705153296111e-07,-5.287154347444938e-07,Success,KCP109C,/Users/lopezama/PycharmProjects/sci-cluster/review_outputs/rmelts_parity_audit_v2/2026-02-26/kcp109c_phase7_parity_20260225_224621/runs/kcp109c_phase7_parity_liam_exact/runs/20260225_224621/parallel-results/Parallel_MELTS_KCP109C_dP25.0_02-25_11cores.xlsx,system,system
191,774,300,0,111.7332079860446,1.913906326514758,-1867.193609562114,-1516.918102188669,334.50365981325,166.2291221644359,5.837966385194614,0.0003255826347812667,4.396862086282256e-05,1.037026571214134e-06,1.332847667770772e-07,-5.28437289687784e-07,Success,KCP109C,/Users/lopezama/PycharmProjects/sci-cluster/review_outputs/rmelts_parity_audit_v2/2026-02-26/kcp109c_phase7_parity_20260225_224621/runs/kcp109c_phase7_parity_liam_exact/runs/20260225_224621/parallel-results/Parallel_MELTS_KCP109C_dP25.0_02-25_11cores.xlsx,system,system
192,773,300,0,111.7332403128264,1.914542741085814,-1866.85970521792,-1517.084867197287,334.3448243756948,166.2228004402935,5.83602747094891,0.0003255027189053316,4.389053652393245e-05,1.041990494801349e-06,1.328649412034574e-07,-5.281569536269027e-07,Success,KCP109C,/Users/lopezama/PycharmProjects/sci-cluster/review_outputs/rmelts_parity_audit_v2/2026-02-26/kcp109c_phase7_parity_20260225_224621/runs/kcp109c_phase7_parity_liam_exact/runs/20260225_224621/parallel-results/Parallel_MELTS_KCP109C_dP25.0_02-25_11cores.xlsx,system,system
193,772,300,0,111.7332727790081,1.915178473133194,-1866.525961988069,-1517.251626901199,334.185844220322,166.2164793979363,5.834091931715101,0.0003254222646354544,4.381254845723855e-05,1.046961461944404e-06,1.324457098265034e-07,-5.278745357696302e-07,Success,KCP109C,/Users/lopezama/PycharmProjects/sci-cluster/review_outputs/rmelts_parity_audit_v2/2026-02-26/kcp109c_phase7_parity_20260225_224621/runs/kcp109c_phase7_parity_liam_exact/runs/20260225_224621/parallel-results/Parallel_MELTS_KCP109C_dP25.0_02-25_11cores.xlsx,system,system
194,771,300,0,111.7333053849028,1.915813611981399,-1866.192380022296,-1517.418381459755,334.0267189221286,166.2101540437264,5.832159490157525,0.0003253412175391185,4.373464402423935e-05,1.051939161847111e-06,1.320269968489205e-07,-5.275897385511907e-07,Success,KCP109C,/Users/lopezama/PycharmProjects/sci-cluster/review_outputs/rmelts_parity_audit_v2/2026-02-26/kcp109c_phase7_parity_20260225_224621/runs/kcp109c_phase7_parity_liam_exact/runs/20260225_224621/parallel-results/Parallel_MELTS_KCP109C_dP25.0_02-25_11cores.xlsx,system,system
195,770,300,0,111.733336864661,1.916158167592754,-1865.858949195723,-1517.6153324002,333.8384861194677,166.1993550738636,5.83111241829427,0.0003254530527787851,4.370190531588943e-05,1.057713146082687e-06,1.319052158684849e-07,-5.284271553974256e-07,Success,KCP109C,/Users/lopezama/PycharmProjects/sci-cluster/review_outputs/rmelts_parity_audit_v2/2026-02-26/kcp109c_phase7_parity_20260225_224621/runs/kcp109c_phase7_parity_liam_exact/runs/20260225_224621/parallel-results/Parallel_MELTS_KCP109C_dP25.0_02-25_11cores.xlsx,system,system
196,769,300,0,111.7333678806513,1.916372836274524,-1865.52571001349,-1517.825718311135,333.6371843807082,166.1869840844344,5.830460845910532,0.0003256517223643874,4.368917423136126e-05,1.06386630885041e-06,1.319149928314065e-07,-5.297673922838676e-07,Success,KCP109C,/Users/lopezama/PycharmProjects/sci-cluster/review_outputs/rmelts_parity_audit_v2/2026-02-26/kcp109c_phase7_parity_20260225_224621/runs/kcp109c_phase7_parity_liam_exact/runs/20260225_224621/parallel-results/Parallel_MELTS_KCP109C_dP25.0_02-25_11cores.xlsx,system,system
197,768,300,0,111.7333989725607,1.916582905376626,-1865.192673602539,-1518.0364846463,333.4353253193473,166.1750633998109,5.829823414323109,0.0003258538570637487,4.367693723490781e-05,1.070061026709742e-06,1.31928036141428e-07,-5.311252521068076e-07,Success,KCP109C,/Users/lopezama/PycharmProjects/sci-cluster/review_outputs/rmelts_parity_audit_v2/2026-02-26/kcp109c_phase7_parity_20260225_224621/runs/kcp109c_phase7_parity_liam_exact/runs/20260225_224621/parallel-results/Parallel_MELTS_KCP109C_dP25.0_02-25_11cores.xlsx,system,system
198,767,300,0,111.7334301392246,1.916788305409236,-1864.859840506281,-1518.247641701868,333.2328979516542,166.1636064964538,5.829200325560699,0.0003260595210901799,4.366520042370586e-05,1.076297327608808e-06,1.31944391856283e-07,-5.325010381433434e-07,Success,KCP109C,/Users/lopezama/PycharmProjects/sci-cluster/review_outputs/rmelts_parity_audit_v2/2026-02-26/kcp109c_phase7_parity_20260225_224621/runs/kcp109c_phase7_parity_liam_exact/runs/20260225_224621/parallel-results/Parallel_MELTS_KCP109C_dP25.0_02-25_11cores.xlsx,system,system
199,766,300,0,111.7334613794107,1.916988965429345,-1864.527211278667,-1518.459200077658,333.0298909695514,166.1526273388241,5.828591786097525,0.0003262687800148945,4.365397000230121e-05,1.082575206176146e-06,1.319641070488467e-07,-5.338950603646389e-07,Success,KCP109C,/Users/lopezama/PycharmProjects/sci-cluster/review_outputs/rmelts_parity_audit_v2/2026-02-26/kcp109c_phase7_parity_20260225_224621/runs/kcp109c_phase7_parity_liam_exact/runs/20260225_224621/parallel-results/Parallel_MELTS_KCP109C_dP25.0_02-25_11cores.xlsx,system,system
200,765,300,0,111.7334926918243,1.917184807966287,-1864.194786484365,-1518.671171125084,332.8262923077409,166.1421404923188,5.827998022285032,0.0003264817040288577,4.36432530054854e-05,1.088894633115939e-06,1.319872344252891e-07,-5.353076533680322e-07,Success,KCP109C,/Users/lopezama/PycharmProjects/sci-cluster/review_outputs/rmelts_parity_audit_v2/2026-02-26/kcp109c_phase7_parity_20260225_224621/runs/kcp109c_phase7_parity_liam_exact/runs/20260225_224621/parallel-results/Parallel_MELTS_KCP109C_dP25.0_02-25_11cores.xlsx,system,system
201,764,300,0,111.7335240751316,1.917375763558479,-1863.862566699218,-1518.883565606221,332.6220904333965,166.1321611115595,5.827419236162876,0.0003266983583839713,4.363305512167488e-05,1.095255513447156e-06,1.320138182330302e-07,-5.367391222229066e-07,Success,KCP109C,/Users/lopezama/PycharmProjects/sci-cluster/review_outputs/rmelts_parity_audit_v2/2026-02-26/kcp109c_phase7_parity_20260225_224621/runs/kcp109c_phase7_parity_liam_exact/runs/20260225_224621/parallel-results/Parallel_MELTS_KCP109C_dP25.0_02-25_11cores.xlsx,system,system
202,763,300,0,111.7335555279319,1.917561756483812,-1863.530552509846,-1519.096395055664,332.4172730340034,166.1227049579889,5.826855648853524,0.0003269188127466011,4.362338282064198e-05,1.101657721001372e-06,1.320439080824825e-07,-5.381897956154591e-07,Success,KCP109C,/Users/lopezama/PycharmProjects/sci-cluster/review_outputs/rmelts_parity_audit_v2/2026-02-26/kcp109c_phase7_parity_20260225_224621/runs/kcp109c_phase7_parity_liam_exact/runs/20260225_224621/parallel-results/Parallel_MELTS_KCP109C_dP25.0_02-25_11cores.xlsx,system,system
203,762,300,0,111.7335870488047,1.917742722433674,-1863.19874451444,-1519.309670053857,332.2118286823974,166.1137884700447,5.826307446861866,0.0003271431294273743,4.361424069193239e-05,1.108101045782457e-06,1.320775415950961e-07,-5.396599586935853e-07,Success,KCP109C,/Users/lopezama/PycharmProjects/sci-cluster/review_outputs/rmelts_parity_audit_v2/2026-02-26/kcp109c_phase7_parity_20260225_224621/runs/kcp109c_phase7_parity_liam_exact/runs/20260225_224621/parallel-results/Parallel_MELTS_KCP109C_dP25.0_02-25_11cores.xlsx,system,system
204,761,300,0,111.7336186362269,1.917918588197779,-1862.867143321418,-1519.523402266182,332.0057448679941,166.1054287049535,5.82577484382276,0.000327371377133675,4.360563454904673e-05,1.114585247538674e-06,1.321147647428215e-07,-5.411499316676166e-07,Success,KCP109C,/Users/lopezama/PycharmProjects/sci-cluster/review_outputs/rmelts_parity_audit_v2/2026-02-26/kcp109c_phase7_parity_20260225_224621/runs/kcp109c_phase7_parity_liam_exact/runs/20260225_224621/parallel-results/Parallel_MELTS_KCP109C_dP25.0_02-25_11cores.xlsx,system,system
205,760,300,0,111.7336502887441,1.918089303302618,-1862.535749552151,-1519.737601220911,331.799011112849,166.0976434932417,5.825257984409698,0.0003276036089883062,4.359756651704214e-05,1.121109958016041e-06,1.321555995293869e-07,-5.426599440599272e-07,Success,KCP109C,/Users/lopezama/PycharmProjects/sci-cluster/review_outputs/rmelts_parity_audit_v2/2026-02-26/kcp109c_phase7_parity_20260225_224621/runs/kcp109c_phase7_parity_liam_exact/runs/20260225_224621/parallel-results/Parallel_MELTS_KCP109C_dP25.0_02-25_11cores.xlsx,system,system
206,759,300,0,111.7336820046378,1.918254783359593,-1862.204563835538,-1519.952280131752,331.5916133350639,166.0904512380031,5.824757116411288,0.0003278399020957936,4.359004385196768e-05,1.127674845785997e-06,1.322001021047332e-07,-5.441903609758634e-07,Success,KCP109C,/Users/lopezama/PycharmProjects/sci-cluster/review_outputs/rmelts_parity_audit_v2/2026-02-26/kcp109c_phase7_parity_20260225_224621/runs/kcp109c_phase7_parity_liam_exact/runs/20260225_224621/parallel-results/Parallel_MELTS_KCP109C_dP25.0_02-25_11cores.xlsx,system,system
207,758,300,0,111.7337197293148,1.918217193702744,-1861.873696592662,-1520.228823048163,331.324126988798,166.0942331071375,5.824873225832924,0.0003284291643318493,4.364732021665594e-05,1.135792612430051e-06,1.327024205899625e-07,-5.475706129835109e-07,Success,KCP109C,/Users/lopezama/PycharmProjects/sci-cluster/review_outputs/rmelts_parity_audit_v2/2026-02-26/kcp109c_phase7_parity_20260225_224621/runs/kcp109c_phase7_parity_liam_exact/runs/20260225_224621/parallel-results/Parallel_MELTS_KCP109C_dP25.0_02-25_11cores.xlsx,system,system
208,757,300,0,111.7337639636895,1.917955039253575,-1861.543249686531,-1520.572981533877,330.9908927366436,166.1105491196407,5.825671701208059,0.0003294058003136103,4.377505009411072e-05,1.145649452221909e-06,1.337033971787029e-07,-5.529812671472912e-07,Success,KCP109C,/Users/lopezama/PycharmProjects/sci-cluster/review_outputs/rmelts_parity_audit_v2/2026-02-26/kcp109c_phase7_parity_20260225_224621/runs/kcp109c_phase7_parity_liam_exact/runs/20260225_224621/parallel-results/Parallel_MELTS_KCP109C_dP25.0_02-25_11cores.xlsx,system,system
209,756,300,0,111.7338082264979,1.917681001159525,-1861.213137109552,-1520.918278394216,330.6562296218583,166.1284093966511,5.826506502329539,0.0003303926477864089,4.390353241087518e-05,1.155621112358277e-06,1.347106807367677e-07,-5.584449882197171e-07,Success,KCP109C,/Users/lopezama/PycharmProjects/sci-cluster/review_outputs/rmelts_parity_audit_v2/2026-02-26/kcp109c_phase7_parity_20260225_224621/runs/kcp109c_phase7_parity_liam_exact/runs/20260225_224621/parallel-results/Parallel_MELTS_KCP109C_dP25.0_02-25_11cores.xlsx,system,system
210,755,300,0,111.7338525129221,1.917393648087782,-1860.883360323288,-1521.264945849106,330.3199090348514,166.1478905242721,5.827382010175863,0.0003313911527688164,4.403303667778108e-05,1.16571213177679e-06,1.357261589649185e-07,-5.639696844505416e-07,Success,KCP109C,/Users/lopezama/PycharmProjects/sci-cluster/review_outputs/rmelts_parity_audit_v2/2026-02-26/kcp109c_phase7_parity_20260225_224621/runs/kcp109c_phase7_parity_liam_exact/runs/20260225_224621/parallel-results/Parallel_MELTS_KCP109C_dP25.0_02-25_11cores.xlsx,system,system
211,754,300,0,111.7338968169874,1.917091534403231,-1860.553921004409,-1521.613220715781,329.9816972093931,166.1690750176814,5.828302655969366,0.0003324027865712217,4.416383287008148e-05,1.175927108682855e-06,1.367517348630944e-07,-5.695634139439217e-07,Success,KCP109C,/Users/lopezama/PycharmProjects/sci-cluster/review_outputs/rmelts_parity_audit_v2/2026-02-26/kcp109c_phase7_parity_20260225_224621/runs/kcp109c_phase7_parity_liam_exact/runs/20260225_224621/parallel-results/Parallel_MELTS_KCP109C_dP25.0_02-25_11cores.xlsx,system,system
212,753,300,0,111.733941132557,1.916772961967584,-1860.224821080416,-1521.963382073429,329.6413185274928,166.1920537419411,5.829273646361389,0.0003334292795170105,4.42962382023071e-05,1.186271780696207e-06,1.377896479792953e-07,-5.752356811594376e-07,Success,KCP109C,/Users/lopezama/PycharmProjects/sci-cluster/review_outputs/rmelts_parity_audit_v2/2026-02-26/kcp109c_phase7_parity_20260225_224621/runs/kcp109c_phase7_parity_liam_exact/runs/20260225_224621/parallel-results/Parallel_MELTS_KCP109C_dP25.0_02-25_11cores.xlsx,system,system
213,752,300,0,111.733985451735,1.916436244204661,-1859.896062727004,-1522.315711252623,329.2984943416869,166.2169243333006,5.830300162064908,0.0003344723683355303,4.443056552741794e-05,1.196751843599688e-06,1.388421242480982e-07,-5.809960415565617e-07,Success,KCP109C,/Users/lopezama/PycharmProjects/sci-cluster/review_outputs/rmelts_parity_audit_v2/2026-02-26/kcp109c_phase7_parity_20260225_224621/runs/kcp109c_phase7_parity_liam_exact/runs/20260225_224621/parallel-results/Parallel_MELTS_KCP109C_dP25.0_02-25_11cores.xlsx,system,system
214,751,300,0,111.7340297660585,1.916079416527862,-1859.56764841428,-1522.670537644495,328.9528982764097,166.2437941669582,5.831388240083093,0.0003355340797048447,4.456717979853776e-05,1.207374282284617e-06,1.39911764709446e-07,-5.868556775779512e-07,Success,KCP109C,/Users/lopezama/PycharmProjects/sci-cluster/review_outputs/rmelts_parity_audit_v2/2026-02-26/kcp109c_phase7_parity_20260225_224621/runs/kcp109c_phase7_parity_liam_exact/runs/20260225_224621/parallel-results/Parallel_MELTS_KCP109C_dP25.0_02-25_11cores.xlsx,system,system
215,750,300,0,111.7340740654,1.915700389640624,-1859.23958092138,-1523.028216148767,328.6041780507379,166.2727797675,5.832544309622483,0.0003366165856062919,4.470646815216442e-05,1.218146692812512e-06,1.410013441847767e-07,-5.928266028554574e-07,Success,KCP109C,/Users/lopezama/PycharmProjects/sci-cluster/review_outputs/rmelts_parity_audit_v2/2026-02-26/kcp109c_phase7_parity_20260225_224621/runs/kcp109c_phase7_parity_liam_exact/runs/20260225_224621/parallel-results/Parallel_MELTS_KCP109C_dP25.0_02-25_11cores.xlsx,system,system
216,749,300,0,111.7341183376023,1.9152968565701,-1858.911863369538,-1523.389144309121,328.2519386199847,166.3040087520752,5.833775477379257,0.0003377223054256008,4.484885923247138e-05,1.229077756104299e-06,1.421139488841582e-07,-5.989222338956636e-07,Success,KCP109C,/Users/lopezama/PycharmProjects/sci-cluster/review_outputs/rmelts_parity_audit_v2/2026-02-26/kcp109c_phase7_parity_20260225_224621/runs/kcp109c_phase7_parity_liam_exact/runs/20260225_224621/parallel-results/Parallel_MELTS_KCP109C_dP25.0_02-25_11cores.xlsx,system,system
217,748,300,0,111.7341625687526,1.91486620783778,-1858.584499274263,-1523.753776067462,327.8957285480107,166.3376211493249,5.835089789114828,0.0003388539867672676,4.499483832851273e-05,1.240177656559695e-06,1.432530843207231e-07,-6.051578511566109e-07,Success,KCP109C,/Users/lopezama/PycharmProjects/sci-cluster/review_outputs/rmelts_parity_audit_v2/2026-02-26/kcp109c_phase7_parity_20260225_224621/runs/kcp109c_phase7_parity_liam_exact/runs/20260225_224621/parallel-results/Parallel_MELTS_KCP109C_dP25.0_02-25_11cores.xlsx,system,system
218,747,300,0,111.7342067418498,1.914405505135703,-1858.257492583601,-1524.122630603737,327.535031103136,166.3737715208624,5.836496313978657,0.0003400147517375015,4.51449546241084e-05,1.251458297609299e-06,1.444227341631073e-07,-6.115508652801681e-07,Success,KCP109C,/Users/lopezama/PycharmProjects/sci-cluster/review_outputs/rmelts_parity_audit_v2/2026-02-26/kcp109c_phase7_parity_20260225_224621/runs/kcp109c_phase7_parity_liam_exact/runs/20260225_224621/parallel-results/Parallel_MELTS_KCP109C_dP25.0_02-25_11cores.xlsx,system,system
219,746,300,0,111.7342508364682,1.913911362564731,-1857.930847748826,-1524.496313744111,327.1692430012414,166.4126314448935,5.838005511746323,0.0003412082209208451,4.529984389852184e-05,1.262933941457131e-06,1.456275250256324e-07,-6.181215243016077e-07,Success,KCP109C,/Users/lopezama/PycharmProjects/sci-cluster/review_outputs/rmelts_parity_audit_v2/2026-02-26/kcp109c_phase7_parity_20260225_224621/runs/kcp109c_phase7_parity_liam_exact/runs/20260225_224621/parallel-results/Parallel_MELTS_KCP109C_dP25.0_02-25_11cores.xlsx,system,system
220,745,300,0,111.7342948276223,1.913379812450118,-1857.604569805423,-1524.875544548716,326.7976479464788,166.4543930466066,5.839629649094316,0.000342438664939791,4.546025567359188e-05,1.274621988405228e-06,1.468729268310521e-07,-6.248937788599502e-07,Success,KCP109C,/Users/lopezama/PycharmProjects/sci-cluster/review_outputs/rmelts_parity_audit_v2/2026-02-26/kcp109c_phase7_parity_20260225_224621/runs/kcp109c_phase7_parity_liam_exact/runs/20260225_224621/parallel-results/Parallel_MELTS_KCP109C_dP25.0_02-25_11cores.xlsx,system,system
221,744,300,0,111.7343386836384,1.912806084280356,-1857.278664471723,-1525.261199072045,326.4193731501531,166.4992752623094,5.841383483766758,0.0003437112568643391,4.562709873546884e-05,1.286544245046513e-06,1.481655867883024e-07,-6.318967136204786e-07,Success,KCP109C,/Users/lopezama/PycharmProjects/sci-cluster/review_outputs/rmelts_parity_audit_v2/2026-02-26/kcp109c_phase7_parity_20260225_224621/runs/kcp109c_phase7_parity_liam_exact/runs/20260225_224621/parallel-results/Parallel_MELTS_KCP109C_dP25.0_02-25_11cores.xlsx,system,system
222,743,300,0,111.7343823646502,1.912184311966731,-1856.953138307754,-1525.65436555642,326.0333344007622,166.547529871067,5.843285172114421,0.0003450323875282399,4.580149815024981e-05,1.298728622676142e-06,1.495137479576956e-07,-6.391663550431746e-07,Success,KCP109C,/Users/lopezama/PycharmProjects/sci-cluster/review_outputs/rmelts_parity_audit_v2/2026-02-26/kcp109c_phase7_parity_20260225_224621/runs/kcp109c_phase7_parity_liam_exact/runs/20260225_224621/parallel-results/Parallel_MELTS_KCP109C_dP25.0_02-25_11cores.xlsx,system,system
223,742,300,0,111.7344258174311,1.911506980809812,-1856.627998893145,-1526.056452408073,325.6381288332477,166.5994567758883,5.845357978765776,0.0003464102926284323,4.598490898165369e-05,1.311212306692791e-06,1.509280803601475e-07,-6.467492217324056e-07,Success,KCP109C,/Users/lopezama/PycharmProjects/sci-cluster/review_outputs/rmelts_parity_audit_v2/2026-02-26/kcp109c_phase7_parity_20260225_224621/runs/kcp109c_phase7_parity_liam_exact/runs/20260225_224621/parallel-results/Parallel_MELTS_KCP109C_dP25.0_02-25_11cores.xlsx,system,system
224,741,300,0,111.7344689699074,1.910764108432141,-1856.303255125945,-1526.469344350569,325.2318796779331,166.6554224795752,5.847632812277914,0.0003478559516898306,4.617927947127617e-05,1.324046511206529e-06,1.524228752423327e-07,-6.547074511752524e-07,Success,KCP109C,/Users/lopezama/PycharmProjects/sci-cluster/review_outputs/rmelts_parity_audit_v2/2026-02-26/kcp109c_phase7_parity_20260225_224621/runs/kcp109c_phase7_parity_liam_exact/runs/20260225_224621/parallel-results/Parallel_MELTS_KCP109C_dP25.0_02-25_11cores.xlsx,system,system
225,740,300,0,111.736585901938,1.902973932782969,-1856.012627440861,-1528.489247605264,323.2723484534337,166.769162352825,5.87168242176239,0.0003574280364365281,4.790277112254105e-05,1.379988598067397e-06,1.649916860567183e-07,-7.089856615164236e-07,Success,KCP109C,/Users/lopezama/PycharmProjects/sci-cluster/review_outputs/rmelts_parity_audit_v2/2026-02-26/kcp109c_phase7_parity_20260225_224621/runs/kcp109c_phase7_parity_liam_exact/runs/20260225_224621/parallel-results/Parallel_MELTS_KCP109C_dP25.0_02-25_11cores.xlsx,system,system
226,739,300,0,111.741155241783,1.889758102680509,-1855.764245231427,-1531.680386791304,320.1935073261108,166.973345038351,5.912987227480853,0.0003729185573766063,5.073152013270055e-05,1.467837154722671e-06,1.857501009218839e-07,-7.978926207676104e-07,Success,KCP109C,/Users/lopezama/PycharmProjects/sci-cluster/review_outputs/rmelts_parity_audit_v2/2026-02-26/kcp109c_phase7_parity_20260225_224621/runs/kcp109c_phase7_parity_liam_exact/runs/20260225_224621/parallel-results/Parallel_MELTS_KCP109C_dP25.0_02-25_11cores.xlsx,system,system
227,738,300,0,111.7427283296954,1.874466684266077,-1855.471024254577,-1535.221901242854,316.7177204289399,167.2564367133673,5.961307782509181,0.0003905743242890986,5.394497245064071e-05,1.567588748416551e-06,2.095977099161806e-07,-9.002922956733828e-07,Success,KCP109C,/Users/lopezama/PycharmProjects/sci-cluster/review_outputs/rmelts_parity_audit_v2/2026-02-26/kcp109c_phase7_parity_20260225_224621/runs/kcp109c_phase7_parity_liam_exact/runs/20260225_224621/parallel-results/Parallel_MELTS_KCP109C_dP25.0_02-25_11cores.xlsx,system,system
228,737,300,0,111.7433110616943,1.863206661982072,-1855.165101333486,-1537.882884115966,314.0941614785131,167.521015734675,5.997365367018504,0.0004036187815827056,5.627306432526439e-05,1.643636077101385e-06,2.271704756560808e-07,-9.76837948234209e-07,Success,KCP109C,/Users/lopezama/PycharmProjects/sci-cluster/review_outputs/rmelts_parity_audit_v2/2026-02-26/kcp109c_phase7_parity_20260225_224621/runs/kcp109c_phase7_parity_liam_exact/runs/20260225_224621/parallel-results/Parallel_MELTS_KCP109C_dP25.0_02-25_11cores.xlsx,system,system
229,736,300,0,111.7436393762608,1.858122098486709,-1854.857029804574,-1539.257446311592,312.7380305137816,167.6892043855838,6.013794220910832,0.0004098674757983727,5.731715648658029e-05,1.683813388997186e-06,2.352420553368826e-07,-1.013665883671554e-06,Success,KCP109C,/Users/lopezama/PycharmProjects/sci-cluster/review_outputs/rmelts_parity_audit_v2/2026-02-26/kcp109c_phase7_parity_20260225_224621/runs/kcp109c_phase7_parity_liam_exact/runs/20260225_224621/parallel-results/Parallel_MELTS_KCP109C_dP25.0_02-25_11cores.xlsx,system,system
230,735,300,0,111.7438087758387,1.856016278243194,-1854.547417779949,-1540.020126649049,311.9846165063732,167.8028363617178,6.020626547608162,0.0004128804939675526,5.77516975588073e-05,1.706701965085924e-06,2.387470865293989e-07,-1.031346225536763e-06,Success,KCP109C,/Users/lopezama/PycharmProjects/sci-cluster/review_outputs/rmelts_parity_audit_v2/2026-02-26/kcp109c_phase7_parity_20260225_224621/runs/kcp109c_phase7_parity_liam_exact/runs/20260225_224621/parallel-results/Parallel_MELTS_KCP109C_dP25.0_02-25_11cores.xlsx,system,system
231,779,275,0,111.7332146751169,1.876823359347217,-1870.343038842864,-1517.024132791926,335.8065922643522,167.122807447658,5.953315431558734,0.000354432176677135,5.236914871755791e-05,1.086633701467343e-06,1.939503618380381e-07,-6.914800666372739e-07,Success,KCP109C,/Users/lopezama/PycharmProjects/sci-cluster/review_outputs/rmelts_parity_audit_v2/2026-02-26/kcp109c_phase7_parity_20260225_224621/runs/kcp109c_phase7_parity_liam_exact/runs/20260225_224621/parallel-results/Parallel_MELTS_KCP109C_dP25.0_02-25_11cores.xlsx,system,system
232,778,275,0,111.7332459264205,1.877355777268746,-1870.007817568705,-1517.20695520146,335.6332230102702,167.1160166852678,5.951628736508036,0.0003544770319739345,5.229717284879849e-05,1.093686390915344e-06,1.935471042554918e-07,-6.919509426374764e-07,Success,KCP109C,/Users/lopezama/PycharmProjects/sci-cluster/review_outputs/rmelts_parity_audit_v2/2026-02-26/kcp109c_phase7_parity_20260225_224621/runs/kcp109c_phase7_parity_liam_exact/runs/20260225_224621/parallel-results/Parallel_MELTS_KCP109C_dP25.0_02-25_11cores.xlsx,system,system
233,777,275,0,111.7332760527324,1.877626410663751,-1869.672769660905,-1517.417947417024,335.4328641088238,167.1037792508518,5.950772497561646,0.0003547219910784438,5.227521703715762e-05,1.101491259660653e-06,1.935069321966725e-07,-6.936516887208957e-07,Success,KCP109C,/Users/lopezama/PycharmProjects/sci-cluster/review_outputs/rmelts_parity_audit_v2/2026-02-26/kcp109c_phase7_parity_20260225_224621/runs/kcp109c_phase7_parity_liam_exact/runs/20260225_224621/parallel-results/Parallel_MELTS_KCP109C_dP25.0_02-25_11cores.xlsx,system,system
234,776,275,0,111.7333062514446,1.877893119551533,-1869.337923508811,-1517.629286126042,335.2319853050265,167.0919158585331,5.949928943673217,0.0003549703705134796,5.225377669366167e-05,1.109352688651911e-06,1.934703954337285e-07,-6.95371180769962e-07,Success,KCP109C,/Users/lopezama/PycharmProjects/sci-cluster/review_outputs/rmelts_parity_audit_v2/2026-02-26/kcp109c_phase7_parity_20260225_224621/runs/kcp109c_phase7_parity_liam_exact/runs/20260225_224621/parallel-results/Parallel_MELTS_KCP109C_dP25.0_02-25_11cores.xlsx,system,system
235,775,275,0,111.7333365212809,1.87815580193997,-1869.003279617974,-1517.840985124112,335.0305724312951,167.0804357549828,5.949098387144996,0.0003552222659835408,5.223286696545639e-05,1.11727110712768e-06,1.934376085264392e-07,-6.971099404328901e-07,Success,KCP109C,/Users/lopezama/PycharmProjects/sci-cluster/review_outputs/rmelts_parity_audit_v2/2026-02-26/kcp109c_phase7_parity_20260225_224621/runs/kcp109c_phase7_parity_liam_exact/runs/20260225_224621/parallel-results/Parallel_MELTS_KCP109C_dP25.0_02-25_11cores.xlsx,system,system
236,774,275,0,111.7333668612307,1.878414421915648,-1868.668838508501,-1518.053051322171,334.828617854491,167.0693498811424,5.948280930854576,0.0003554777228510439,5.221249024708861e-05,1.125246739082943e-06,1.934085937409785e-07,-6.988681792216215e-07,Success,KCP109C,/Users/lopezama/PycharmProjects/sci-cluster/review_outputs/rmelts_parity_audit_v2/2026-02-26/kcp109c_phase7_parity_20260225_224621/runs/kcp109c_phase7_parity_liam_exact/runs/20260225_224621/parallel-results/Parallel_MELTS_KCP109C_dP25.0_02-25_11cores.xlsx,system,system
237,773,275,0,111.7333972701547,1.878668934359962,-1868.334600708782,-1518.265492872395,334.6261127337253,167.0586691350147,5.94747670686431,0.0003557367940099078,5.219265067739486e-05,1.133279812067783e-06,1.933833864679742e-07,-7.006461553708081e-07,Success,KCP109C,/Users/lopezama/PycharmProjects/sci-cluster/review_outputs/rmelts_parity_audit_v2/2026-02-26/kcp109c_phase7_parity_20260225_224621/runs/kcp109c_phase7_parity_liam_exact/runs/20260225_224621/parallel-results/Parallel_MELTS_KCP109C_dP25.0_02-25_11cores.xlsx,system,system
238,772,275,0,111.7334277467453,1.87891925723844,-1868.000566754877,-1518.478321812196,334.4230444842184,167.0484044504324,5.946685964088023,0.0003559995607058527,5.217335913784475e-05,1.141370632391116e-06,1.933620710575976e-07,-7.024442981536332e-07,Success,KCP109C,/Users/lopezama/PycharmProjects/sci-cluster/review_outputs/rmelts_parity_audit_v2/2026-02-26/kcp109c_phase7_parity_20260225_224621/runs/kcp109c_phase7_parity_liam_exact/runs/20260225_224621/parallel-results/Parallel_MELTS_KCP109C_dP25.0_02-25_11cores.xlsx,system,system
239,771,275,0,111.7334582897546,1.879165338471899,-1867.666737194218,-1518.691547249929,334.2194032890756,167.0385675497164,5.94590885656789,0.0003562660815997566,5.215462075417173e-05,1.149519394811534e-06,1.933446905289509e-07,-7.042628984764494e-07,Success,KCP109C,/Users/lopezama/PycharmProjects/sci-cluster/review_outputs/rmelts_parity_audit_v2/2026-02-26/kcp109c_phase7_parity_20260225_224621/runs/kcp109c_phase7_parity_liam_exact/runs/20260225_224621/parallel-results/Parallel_MELTS_KCP109C_dP25.0_02-25_11cores.xlsx,system,system
240,770,275,0,111.7334888978833,1.879407126087467,-1867.333112583799,-1518.905178432293,334.0151791703069,167.0291705776579,5.945145538023423,0.0003565364155020677,5.213644050444987e-05,1.157726263023182e-06,1.933312871228346e-07,-7.061022472555923e-07,Success,KCP109C,/Users/lopezama/PycharmProjects/sci-cluster/review_outputs/rmelts_parity_audit_v2/2026-02-26/kcp109c_phase7_parity_20260225_224621/runs/kcp109c_phase7_parity_liam_exact/runs/20260225_224621/parallel-results/Parallel_MELTS_KCP109C_dP25.0_02-25_11cores.xlsx,system,system
241,769,275,0,111.733519569756,1.879644555789844,-1866.999693489768,-1519.119226014742,333.8103607686288,167.020226017314,5.944396201163926,0.0003568106306645171,5.211882545917932e-05,1.165991402983276e-06,1.933219184585403e-07,-7.07962691635884e-07,Success,KCP109C,/Users/lopezama/PycharmProjects/sci-cluster/review_outputs/rmelts_parity_audit_v2/2026-02-26/kcp109c_phase7_parity_20260225_224621/runs/kcp109c_phase7_parity_liam_exact/runs/20260225_224621/parallel-results/Parallel_MELTS_KCP109C_dP25.0_02-25_11cores.xlsx,system,system
242,768,275,0,111.7335503040673,1.879877594653645,-1866.666480489698,-1519.333697563226,333.6049396594842,167.0117471133684,5.943660939512043,0.0003570887712924802,5.210177670056652e-05,1.174314850570754e-06,1.933165991101146e-07,-7.098444320058669e-07,Success,KCP109C,/Users/lopezama/PycharmProjects/sci-cluster/review_outputs/rmelts_parity_audit_v2/2026-02-26/kcp109c_phase7_parity_20260225_224621/runs/kcp109c_phase7_parity_liam_exact/runs/20260225_224621/parallel-results/Parallel_MELTS_KCP109C_dP25.0_02-25_11cores.xlsx,system,system
243,767,275,0,111.7335810991732,1.880106160380758,-1866.333474165927,-1519.548606028945,333.3989022131249,167.0037470760573,5.942940002736071,0.0003573709210633244,5.208530460004723e-05,1.18269675630607e-06,1.933154114478043e-07,-7.117479072791089e-07,Success,KCP109C,/Users/lopezama/PycharmProjects/sci-cluster/review_outputs/rmelts_parity_audit_v2/2026-02-26/kcp109c_phase7_parity_20260225_224621/runs/kcp109c_phase7_parity_liam_exact/runs/20260225_224621/parallel-results/Parallel_MELTS_KCP109C_dP25.0_02-25_11cores.xlsx,system,system
244,766,275,0,111.7336119538699,1.880330245208603,-1866.000675117961,-1519.763956590712,333.1922422434197,166.9962403758026,5.942233404934365,0.0003576571036080648,5.206940498807391e-05,1.19113698978749e-06,1.933183323447511e-07,-7.136731910825024e-07,Success,KCP109C,/Users/lopezama/PycharmProjects/sci-cluster/review_outputs/rmelts_parity_audit_v2/2026-02-26/kcp109c_phase7_parity_20260225_224621/runs/kcp109c_phase7_parity_liam_exact/runs/20260225_224621/parallel-results/Parallel_MELTS_KCP109C_dP25.0_02-25_11cores.xlsx,system,system
245,765,275,0,111.7336428665215,1.880549787243297,-1865.668083948274,-1519.97976039424,332.9849477956298,166.9892414109006,5.941541331395018,0.0003579473865684753,5.20540840520715e-05,1.199635547429219e-06,1.933254144038993e-07,-7.156206231890809e-07,Success,KCP109C,/Users/lopezama/PycharmProjects/sci-cluster/review_outputs/rmelts_parity_audit_v2/2026-02-26/kcp109c_phase7_parity_20260225_224621/runs/kcp109c_phase7_parity_liam_exact/runs/20260225_224621/parallel-results/Parallel_MELTS_KCP109C_dP25.0_02-25_11cores.xlsx,system,system
246,764,275,0,111.7336738356535,1.880764756193315,-1865.335701271638,-1520.196025390061,332.7770099615072,166.9827653982815,5.940863867621784,0.0003582418120026254,5.203934173220478e-05,1.208192272125071e-06,1.933366650623932e-07,-7.175903873127223e-07,Success,KCP109C,/Users/lopezama/PycharmProjects/sci-cluster/review_outputs/rmelts_parity_audit_v2/2026-02-26/kcp109c_phase7_parity_20260225_224621/runs/kcp109c_phase7_parity_liam_exact/runs/20260225_224621/parallel-results/Parallel_MELTS_KCP109C_dP25.0_02-25_11cores.xlsx,system,system
247,763,275,0,111.7337048597205,1.88097511982301,-1865.003527711151,-1520.412759924546,332.5684194244125,166.9768280457478,5.940201105383788,0.0003585404235540021,5.202517821602738e-05,1.216806957173715e-06,1.933520938794914e-07,-7.195826759319606e-07,Success,KCP109C,/Users/lopezama/PycharmProjects/sci-cluster/review_outputs/rmelts_parity_audit_v2/2026-02-26/kcp109c_phase7_parity_20260225_224621/runs/kcp109c_phase7_parity_liam_exact/runs/20260225_224621/parallel-results/Parallel_MELTS_KCP109C_dP25.0_02-25_11cores.xlsx,system,system
248,762,275,0,111.7337359370531,1.881180837094087,-1864.671563897077,-1520.629973482851,332.3591657385181,166.9714455320095,5.939553164365174,0.0003588432720860068,5.201159524779294e-05,1.225479366396697e-06,1.933717220987504e-07,-7.215977243339372e-07,Success,KCP109C,/Users/lopezama/PycharmProjects/sci-cluster/review_outputs/rmelts_parity_audit_v2/2026-02-26/kcp109c_phase7_parity_20260225_224621/runs/kcp109c_phase7_parity_liam_exact/runs/20260225_224621/parallel-results/Parallel_MELTS_KCP109C_dP25.0_02-25_11cores.xlsx,system,system
249,761,275,0,111.7337686382957,1.881325731342814,-1864.339836761543,-1520.864129318137,332.133353423978,166.9691145295593,5.9390974554175,0.0003592595256634957,5.202054669773583e-05,1.234660041780649e-06,1.9356178800832e-07,-7.242392598281335e-07,Success,KCP109C,/Users/lopezama/PycharmProjects/sci-cluster/review_outputs/rmelts_parity_audit_v2/2026-02-26/kcp109c_phase7_parity_20260225_224621/runs/kcp109c_phase7_parity_liam_exact/runs/20260225_224621/parallel-results/Parallel_MELTS_KCP109C_dP25.0_02-25_11cores.xlsx,system,system
250,760,275,0,111.7338123248678,1.881070292536624,-1864.008574976558,-1521.213982651627,331.7955692057602,166.9851367646172,5.939906274007162,0.0003604456577573068,5.218346558647849e-05,1.247103814777071e-06,1.949183816958499e-07,-7.311400033656299e-07,Success,KCP109C,/Users/lopezama/PycharmProjects/sci-cluster/review_outputs/rmelts_parity_audit_v2/2026-02-26/kcp109c_phase7_parity_20260225_224621/runs/kcp109c_phase7_parity_liam_exact/runs/20260225_224621/parallel-results/Parallel_MELTS_KCP109C_dP25.0_02-25_11cores.xlsx,system,system
251,759,275,0,111.7338560227358,1.880802007068979,-1863.6776519899,-1521.565384681433,331.4559582507072,167.0026599269506,5.940755890454442,0.0003616458438908601,5.234778350370018e-05,1.259720779277606e-06,1.962870428218952e-07,-7.381213159922534e-07,Success,KCP109C,/Users/lopezama/PycharmProjects/sci-cluster/review_outputs/rmelts_parity_audit_v2/2026-02-26/kcp109c_phase7_parity_20260225_224621/runs/kcp109c_phase7_parity_liam_exact/runs/20260225_224621/parallel-results/Parallel_MELTS_KCP109C_dP25.0_02-25_11cores.xlsx,system,system
252,758,275,0,111.7338997255126,1.880519419397637,-1863.347069646067,-1521.91858629401,331.1142737255066,167.0217516885203,5.941650938191476,0.0003628618330610999,5.251384672175385e-05,1.272517859645006e-06,1.976704246616376e-07,-7.451933905973264e-07,Success,KCP109C,/Users/lopezama/PycharmProjects/sci-cluster/review_outputs/rmelts_parity_audit_v2/2026-02-26/kcp109c_phase7_parity_20260225_224621/runs/kcp109c_phase7_parity_liam_exact/runs/20260225_224621/parallel-results/Parallel_MELTS_KCP109C_dP25.0_02-25_11cores.xlsx,system,system
253,757,275,0,111.7339434258039,1.880220985588912,-1863.016830029684,-1522.273856355056,330.7702506184804,167.04248509181,5.942596337462283,0.0003640954939012294,5.268202157963282e-05,1.28550260726596e-06,1.990713472920223e-07,-7.523671460865234e-07,Success,KCP109C,/Users/lopezama/PycharmProjects/sci-cluster/review_outputs/rmelts_parity_audit_v2/2026-02-26/kcp109c_phase7_parity_20260225_224621/runs/kcp109c_phase7_parity_liam_exact/runs/20260225_224621/parallel-results/Parallel_MELTS_KCP109C_dP25.0_02-25_11cores.xlsx,system,system
254,756,275,0,111.7339871153944,1.879905002058397,-1862.686935490715,-1522.631494438763,330.4235933070512,167.0649391783464,5.943597521845602,0.000365348901918855,5.285271261652933e-05,1.298683609055472e-06,2.004929356701553e-07,-7.596547415833489e-07,Success,KCP109C,/Users/lopezama/PycharmProjects/sci-cluster/review_outputs/rmelts_parity_audit_v2/2026-02-26/kcp109c_phase7_parity_20260225_224621/runs/kcp109c_phase7_parity_liam_exact/runs/20260225_224621/parallel-results/Parallel_MELTS_KCP109C_dP25.0_02-25_11cores.xlsx,system,system
255,755,275,0,111.7340307844145,1.879569682560502,-1862.35738865719,-1522.991819033106,330.0739868930448,167.0891990532163,5.944660196487176,0.0003666242528780332,5.302634331037336e-05,1.312070112565757e-06,2.019384787230981e-07,-7.670690781549658e-07,Success,KCP109C,/Users/lopezama/PycharmProjects/sci-cluster/review_outputs/rmelts_parity_audit_v2/2026-02-26/kcp109c_phase7_parity_20260225_224621/runs/kcp109c_phase7_parity_liam_exact/runs/20260225_224621/parallel-results/Parallel_MELTS_KCP109C_dP25.0_02-25_11cores.xlsx,system,system
256,754,275,0,111.7340744216563,1.87921303967466,-1862.02819247146,-1523.355188585258,329.721076655019,167.1153568274169,5.945790714660022,0.0003679240075619749,5.320338624966991e-05,1.325672708783256e-06,2.034116588395377e-07,-7.746246517715523e-07,Success,KCP109C,/Users/lopezama/PycharmProjects/sci-cluster/review_outputs/rmelts_parity_audit_v2/2026-02-26/kcp109c_phase7_parity_20260225_224621/runs/kcp109c_phase7_parity_liam_exact/runs/20260225_224621/parallel-results/Parallel_MELTS_KCP109C_dP25.0_02-25_11cores.xlsx,system,system
257,753,275,0,111.7341180141774,1.878832896200503,-1861.699350221606,-1523.722001125907,329.3644682509369,167.1435118907329,5.946996044200278,0.0003692508830570854,5.338436023958322e-05,1.339503333560811e-06,2.049165348637127e-07,-7.823375139734316e-07,Success,KCP109C,/Users/lopezama/PycharmProjects/sci-cluster/review_outputs/rmelts_parity_audit_v2/2026-02-26/kcp109c_phase7_parity_20260225_224621/runs/kcp109c_phase7_parity_liam_exact/runs/20260225_224621/parallel-results/Parallel_MELTS_KCP109C_dP25.0_02-25_11cores.xlsx,system,system
258,752,275,0,111.7341615458891,1.878426802869921,-1861.3708655653,-1524.092710609644,329.0037116086978,167.1737729422266,5.948284030827179,0.0003706079666102782,5.356985303948202e-05,1.353575812181829e-06,2.064577200812971e-07,-7.902259488773489e-07,Success,KCP109C,/Users/lopezama/PycharmProjects/sci-cluster/review_outputs/rmelts_parity_audit_v2/2026-02-26/kcp109c_phase7_parity_20260225_224621/runs/kcp109c_phase7_parity_liam_exact/runs/20260225_224621/parallel-results/Parallel_MELTS_KCP109C_dP25.0_02-25_11cores.xlsx,system,system
259,751,275,0,111.7342049989983,1.877992027343761,-1861.042742611536,-1524.46783034295,328.6382973866968,167.2062567928787,5.949663436912223,0.0003719987222249355,5.376052152296034e-05,1.367906009325717e-06,2.08040388676403e-07,-7.983105341704663e-07,Success,KCP109C,/Users/lopezama/PycharmProjects/sci-cluster/review_outputs/rmelts_parity_audit_v2/2026-02-26/kcp109c_phase7_parity_20260225_224621/runs/kcp109c_phase7_parity_liam_exact/runs/20260225_224621/parallel-results/Parallel_MELTS_KCP109C_dP25.0_02-25_11cores.xlsx,system,system
260,750,275,0,111.7342483505866,1.877525384232101,-1860.714985940784,-1524.847966547635,328.2676238998667,167.2410929777281,5.9511444845943,0.0003734272277500309,5.395713917915947e-05,1.38251294810076e-06,2.096706466498845e-07,-8.066155457042644e-07,Success,KCP109C,/Users/lopezama/PycharmProjects/sci-cluster/review_outputs/rmelts_parity_audit_v2/2026-02-26/kcp109c_phase7_parity_20260225_224621/runs/kcp109c_phase7_parity_liam_exact/runs/20260225_224621/parallel-results/Parallel_MELTS_KCP109C_dP25.0_02-25_11cores.xlsx,system,system
261,749,275,0,111.7342915737028,1.877023162100413,-1860.387600721373,-1525.233834045091,327.8909814374426,167.2784231942544,5.952739093995555,0.0003748982628346562,5.416061224313238e-05,1.397419422942802e-06,2.11355664835725e-07,-8.15169511723106e-07,Success,KCP109C,/Users/lopezama/PycharmProjects/sci-cluster/review_outputs/rmelts_parity_audit_v2/2026-02-26/kcp109c_phase7_parity_20260225_224621/runs/kcp109c_phase7_parity_liam_exact/runs/20260225_224621/parallel-results/Parallel_MELTS_KCP109C_dP25.0_02-25_11cores.xlsx,system,system
262,748,275,0,111.7343346338147,1.876480861479868,-1860.060592785749,-1525.626308385691,327.5075007590045,167.3184069303306,5.954461722870783,0.0003764176617835281,5.437204951498052e-05,1.412653785356778e-06,2.131042273695304e-07,-8.240073199444443e-07,Success,KCP109C,/Users/lopezama/PycharmProjects/sci-cluster/review_outputs/rmelts_parity_audit_v2/2026-02-26/kcp109c_phase7_parity_20260225_224621/runs/kcp109c_phase7_parity_liam_exact/runs/20260225_224621/parallel-results/Parallel_MELTS_KCP109C_dP25.0_02-25_11cores.xlsx,system,system
263,747,275,0,111.7343774870038,1.875892897399543,-1859.733968786555,-1526.026485465514,327.1160940264088,167.3612254426267,5.956330323649905,0.0003779927019653243,5.459283824389411e-05,1.428252092690422e-06,2.149273328623977e-07,-8.331725647626867e-07,Success,KCP109C,/Users/lopezama/PycharmProjects/sci-cluster/review_outputs/rmelts_parity_audit_v2/2026-02-26/kcp109c_phase7_parity_20260225_224621/runs/kcp109c_phase7_parity_liam_exact/runs/20260225_224621/parallel-results/Parallel_MELTS_KCP109C_dP25.0_02-25_11cores.xlsx,system,system
264,746,275,0,111.7344200758333,1.87525211080469,-1859.40773639587,-1526.435779473161,326.7153578204474,167.4070892841774,5.958367913948752,0.0003796327484012148,5.482477053914661e-05,1.444261604531366e-06,2.168391937986044e-07,-8.427214305953922e-07,Success,KCP109C,/Users/lopezama/PycharmProjects/sci-cluster/review_outputs/rmelts_parity_audit_v2/2026-02-26/kcp109c_phase7_parity_20260225_224621/runs/kcp109c_phase7_parity_liam_exact/runs/20260225_224621/parallel-results/Parallel_MELTS_KCP109C_dP25.0_02-25_11cores.xlsx,system,system
265,745,275,0,111.7344623213753,1.874548859820386,-1859.081904573336,-1526.856102207773,326.3033957330094,167.4562534463346,5.960605493744311,0.0003813504459239711,5.507027840295484e-05,1.460747137351845e-06,2.188590871025676e-07,-8.527298500393503e-07,Success,KCP109C,/Users/lopezama/PycharmProjects/sci-cluster/review_outputs/rmelts_parity_audit_v2/2026-02-26/kcp109c_phase7_parity_20260225_224621/runs/kcp109c_phase7_parity_liam_exact/runs/20260225_224621/parallel-results/Parallel_MELTS_KCP109C_dP25.0_02-25_11cores.xlsx,system,system
266,744,275,0,111.7346090295364,1.87316243195299,-1858.758172639708,-1527.430754812432,325.7409603571515,167.509665068432,5.965025089310597,0.0003839948268580195,5.550175872917271e-05,1.482156347859709e-06,2.22328970700103e-07,-8.682720518901501e-07,Success,KCP109C,/Users/lopezama/PycharmProjects/sci-cluster/review_outputs/rmelts_parity_audit_v2/2026-02-26/kcp109c_phase7_parity_20260225_224621/runs/kcp109c_phase7_parity_liam_exact/runs/20260225_224621/parallel-results/Parallel_MELTS_KCP109C_dP25.0_02-25_11cores.xlsx,system,system
267,743,275,0,111.7403490845554,1.857539692688318,-1858.526516364896,-1531.257642362114,322.0674841340178,167.6115981023815,6.015502630947259,0.0004055804553345753,5.978273813051555e-05,1.604055755289544e-06,2.559934716331514e-07,-9.983307136342629e-07,Success,KCP109C,/Users/lopezama/PycharmProjects/sci-cluster/review_outputs/rmelts_parity_audit_v2/2026-02-26/kcp109c_phase7_parity_20260225_224621/runs/kcp109c_phase7_parity_liam_exact/runs/20260225_224621/parallel-results/Parallel_MELTS_KCP109C_dP25.0_02-25_11cores.xlsx,system,system
268,742,275,0,111.7432570437593,1.841970117031374,-1858.252924862837,-1534.983547242763,318.4449368271432,167.7694048885816,6.066507594805675,0.0004268503447613059,6.396801995855551e-05,1.726352684495873e-06,2.894239627851413e-07,-1.128288632968005e-06,Success,KCP109C,/Users/lopezama/PycharmProjects/sci-cluster/review_outputs/rmelts_parity_audit_v2/2026-02-26/kcp109c_phase7_parity_20260225_224621/runs/kcp109c_phase7_parity_liam_exact/runs/20260225_224621/parallel-results/Parallel_MELTS_KCP109C_dP25.0_02-25_11cores.xlsx,system,system
269,741,275,0,111.7438362211624,1.829694801141524,-1857.94539398311,-1537.969814629409,315.5110973265302,167.9370339032527,6.107239095364251,0.0004437224413331185,6.72341723481135e-05,1.827138632916276e-06,3.159568195519848e-07,-1.232743001495768e-06,Success,KCP109C,/Users/lopezama/PycharmProjects/sci-cluster/review_outputs/rmelts_parity_audit_v2/2026-02-26/kcp109c_phase7_parity_20260225_224621/runs/kcp109c_phase7_parity_liam_exact/runs/20260225_224621/parallel-results/Parallel_MELTS_KCP109C_dP25.0_02-25_11cores.xlsx,system,system
270,740,275,0,111.7440907825983,1.824608667424255,-1857.634766439601,-1539.408649281404,314.0957579412691,168.0505197556564,6.124277099940783,0.0004512457302704131,6.859519902852445e-05,1.878467745393521e-06,3.272657616203732e-07,-1.27960946246522e-06,Success,KCP109C,/Users/lopezama/PycharmProjects/sci-cluster/review_outputs/rmelts_parity_audit_v2/2026-02-26/kcp109c_phase7_parity_20260225_224621/runs/kcp109c_phase7_parity_liam_exact/runs/20260225_224621/parallel-results/Parallel_MELTS_KCP109C_dP25.0_02-25_11cores.xlsx,system,system
271,739,275,0,111.7442280228105,1.822659659195563,-1857.323285764632,-1540.177105008461,313.3391105628322,168.1333886282574,6.130833447651394,0.0004547300280577552,6.913564901954042e-05,1.908066338194804e-06,3.319262629720324e-07,-1.301251487047055e-06,Success,KCP109C,/Users/lopezama/PycharmProjects/sci-cluster/review_outputs/rmelts_parity_audit_v2/2026-02-26/kcp109c_phase7_parity_20260225_224621/runs/kcp109c_phase7_parity_liam_exact/runs/20260225_224621/parallel-results/Parallel_MELTS_KCP109C_dP25.0_02-25_11cores.xlsx,system,system
272,789,250,0,111.7330680184893,1.831482342335728,-1875.215642772222,-1516.252537290524,337.958956344865,167.9985430221679,6.100690431773082,0.0003904877752477486,6.47282788801617e-05,1.043000075188202e-06,2.963014470379309e-07,-9.176526950682599e-07,Success,KCP109C,/Users/lopezama/PycharmProjects/sci-cluster/review_outputs/rmelts_parity_audit_v2/2026-02-26/kcp109c_phase7_parity_20260225_224621/runs/kcp109c_phase7_parity_liam_exact/runs/20260225_224621/parallel-results/Parallel_MELTS_KCP109C_dP25.0_02-25_11cores.xlsx,system,system
273,788,250,0,111.7330988550024,1.832206158704516,-1874.878260449152,-1516.42104271526,337.8007046448588,167.997917830557,6.098282025970522,0.0003904622137790321,6.460131412324243e-05,1.051855258202015e-06,2.954403118379877e-07,-9.177404628122105e-07,Success,KCP109C,/Users/lopezama/PycharmProjects/sci-cluster/review_outputs/rmelts_parity_audit_v2/2026-02-26/kcp109c_phase7_parity_20260225_224621/runs/kcp109c_phase7_parity_liam_exact/runs/20260225_224621/parallel-results/Parallel_MELTS_KCP109C_dP25.0_02-25_11cores.xlsx,system,system
274,787,250,0,111.7331298226194,1.832929596322814,-1874.541038532715,-1516.589548989459,337.6423049033206,167.9972883606242,6.095876789090871,0.0003904355474086143,6.447435161507846e-05,1.060741293719121e-06,2.945788802336121e-07,-9.1782224590306e-07,Success,KCP109C,/Users/lopezama/PycharmProjects/sci-cluster/review_outputs/rmelts_parity_audit_v2/2026-02-26/kcp109c_phase7_parity_20260225_224621/runs/kcp109c_phase7_parity_liam_exact/runs/20260225_224621/parallel-results/Parallel_MELTS_KCP109C_dP25.0_02-25_11cores.xlsx,system,system
275,786,250,0,111.7331605421498,1.833576554036275,-1874.203971825737,-1516.766423637277,337.4758515682009,167.9945293902112,6.09372760009339,0.000390473592995009,6.436540821752235e-05,1.069831047975589e-06,2.938633969814997e-07,-9.183310729918329e-07,Success,KCP109C,/Users/lopezama/PycharmProjects/sci-cluster/review_outputs/rmelts_parity_audit_v2/2026-02-26/kcp109c_phase7_parity_20260225_224621/runs/kcp109c_phase7_parity_liam_exact/runs/20260225_224621/parallel-results/Parallel_MELTS_KCP109C_dP25.0_02-25_11cores.xlsx,system,system
276,785,250,0,111.7331897913518,1.83390779234112,-1873.867067437159,-1516.9779651394,337.276475261313,167.9831980296257,6.092628552971904,0.0003907844395641594,6.433102086664097e-05,1.079693128915242e-06,2.937528034115763e-07,-9.206345441214752e-07,Success,KCP109C,/Users/lopezama/PycharmProjects/sci-cluster/review_outputs/rmelts_parity_audit_v2/2026-02-26/kcp109c_phase7_parity_20260225_224621/runs/kcp109c_phase7_parity_liam_exact/runs/20260225_224621/parallel-results/Parallel_MELTS_KCP109C_dP25.0_02-25_11cores.xlsx,system,system
277,784,250,0,111.7332191093422,1.834235644501504,-1873.530363749205,-1517.189825933183,337.076609578605,167.9721838984991,6.091541151993495,0.0003910987226549204,6.42971722170213e-05,1.089634035230231e-06,2.936462947248659e-07,-9.229591941372318e-07,Success,KCP109C,/Users/lopezama/PycharmProjects/sci-cluster/review_outputs/rmelts_parity_audit_v2/2026-02-26/kcp109c_phase7_parity_20260225_224621/runs/kcp109c_phase7_parity_liam_exact/runs/20260225_224621/parallel-results/Parallel_MELTS_KCP109C_dP25.0_02-25_11cores.xlsx,system,system
278,783,250,0,111.7332484951866,1.834560071960127,-1873.193861239808,-1517.402012955414,336.8762470145282,167.961494877454,6.09046551284667,0.0003914164928711149,6.426386731042865e-05,1.099654292150454e-06,2.935439131570008e-07,-9.253052875225214e-07,Success,KCP109C,/Users/lopezama/PycharmProjects/sci-cluster/review_outputs/rmelts_parity_audit_v2/2026-02-26/kcp109c_phase7_parity_20260225_224621/runs/kcp109c_phase7_parity_liam_exact/runs/20260225_224621/parallel-results/Parallel_MELTS_KCP109C_dP25.0_02-25_11cores.xlsx,system,system
279,782,250,0,111.7332779477624,1.834881009749194,-1872.857560392961,-1517.614536233556,336.6753771116958,167.9511383254843,6.08940183881651,0.00039173782422935,6.423111734934505e-05,1.109754480086762e-06,2.934457513131733e-07,-9.276732423420634e-07,Success,KCP109C,/Users/lopezama/PycharmProjects/sci-cluster/review_outputs/rmelts_parity_audit_v2/2026-02-26/kcp109c_phase7_parity_20260225_224621/runs/kcp109c_phase7_parity_liam_exact/runs/20260225_224621/parallel-results/Parallel_MELTS_KCP109C_dP25.0_02-25_11cores.xlsx,system,system
280,781,250,0,111.7333074660035,1.835198411067318,-1872.521461702694,-1517.827403885831,336.4739911937228,167.9411223922919,6.088350272765407,0.0003920627751833436,6.419892910284339e-05,1.119935126255432e-06,2.933518660430282e-07,-9.30063373518676e-07,Success,KCP109C,/Users/lopezama/PycharmProjects/sci-cluster/review_outputs/rmelts_parity_audit_v2/2026-02-26/kcp109c_phase7_parity_20260225_224621/runs/kcp109c_phase7_parity_liam_exact/runs/20260225_224621/parallel-results/Parallel_MELTS_KCP109C_dP25.0_02-25_11cores.xlsx,system,system
281,780,250,0,111.7333370487776,1.835512223921256,-1872.185565671098,-1518.040624719703,336.272079904472,167.9314553826199,6.087310974703215,0.0003923914089519467,6.416731042580362e-05,1.130196758997177e-06,2.932623232870437e-07,-9.324760265441613e-07,Success,KCP109C,/Users/lopezama/PycharmProjects/sci-cluster/review_outputs/rmelts_parity_audit_v2/2026-02-26/kcp109c_phase7_parity_20260225_224621/runs/kcp109c_phase7_parity_liam_exact/runs/20260225_224621/parallel-results/Parallel_MELTS_KCP109C_dP25.0_02-25_11cores.xlsx,system,system
282,779,250,0,111.733366694942,1.835822404274777,-1871.849872809215,-1518.254206833709,336.0696345345295,167.9221460234004,6.086284078174824,0.0003927237820949135,6.413626720171618e-05,1.140539873661587e-06,2.931771733036601e-07,-9.349115028783949e-07,Success,KCP109C,/Users/lopezama/PycharmProjects/sci-cluster/review_outputs/rmelts_parity_audit_v2/2026-02-26/kcp109c_phase7_parity_20260225_224621/runs/kcp109c_phase7_parity_liam_exact/runs/20260225_224621/parallel-results/Parallel_MELTS_KCP109C_dP25.0_02-25_11cores.xlsx,system,system
283,778,250,0,111.733396403304,1.836128909070685,-1871.51438363637,-1518.468158356494,335.8666463205783,167.9132033403252,6.08526971343506,0.0003930599506456753,6.410580499662633e-05,1.150964947647473e-06,2.930964640787452e-07,-9.373700999479113e-07,Success,KCP109C,/Users/lopezama/PycharmProjects/sci-cluster/review_outputs/rmelts_parity_audit_v2/2026-02-26/kcp109c_phase7_parity_20260225_224621/runs/kcp109c_phase7_parity_liam_exact/runs/20260225_224621/parallel-results/Parallel_MELTS_KCP109C_dP25.0_02-25_11cores.xlsx,system,system
284,777,250,0,111.7334261726087,1.836431684481003,-1871.179098679913,-1518.682488670039,335.6631052800778,167.9046365128094,6.084268046387246,0.0003933999798675759,6.407593163035772e-05,1.161472467940666e-06,2.930202621007054e-07,-9.398521745326267e-07,Success,KCP109C,/Users/lopezama/PycharmProjects/sci-cluster/review_outputs/rmelts_parity_audit_v2/2026-02-26/kcp109c_phase7_parity_20260225_224621/runs/kcp109c_phase7_parity_liam_exact/runs/20260225_224621/parallel-results/Parallel_MELTS_KCP109C_dP25.0_02-25_11cores.xlsx,system,system
285,776,250,0,111.7334560016889,1.836730704460475,-1870.844018477549,-1518.897204340431,335.4590040862773,167.8964554747306,6.083279150849158,0.0003937439106639911,6.404664832678666e-05,1.172062827760499e-06,2.929485806634248e-07,-9.423579242531622e-07,Success,KCP109C,/Users/lopezama/PycharmProjects/sci-cluster/review_outputs/rmelts_parity_audit_v2/2026-02-26/kcp109c_phase7_parity_20260225_224621/runs/kcp109c_phase7_parity_liam_exact/runs/20260225_224621/parallel-results/Parallel_MELTS_KCP109C_dP25.0_02-25_11cores.xlsx,system,system
286,775,250,0,111.7334858891255,1.837025905401186,-1870.509143571756,-1519.112316103252,335.2543314110607,167.8886698435617,6.082303225044837,0.0003940918175781783,6.401796498297606e-05,1.182736501402989e-06,2.928815037693702e-07,-9.448877652116634e-07,Success,KCP109C,/Users/lopezama/PycharmProjects/sci-cluster/review_outputs/rmelts_parity_audit_v2/2026-02-26/kcp109c_phase7_parity_20260225_224621/runs/kcp109c_phase7_parity_liam_exact/runs/20260225_224621/parallel-results/Parallel_MELTS_KCP109C_dP25.0_02-25_11cores.xlsx,system,system
287,774,250,0,111.7335158336408,1.83731727282961,-1870.174474515976,-1519.327829627991,335.049080731495,167.881290353295,6.081340304473521,0.0003944437324807348,6.398988013046829e-05,1.193493805683129e-06,2.928190235817995e-07,-9.474418349162958e-07,Success,KCP109C,/Users/lopezama/PycharmProjects/sci-cluster/review_outputs/rmelts_parity_audit_v2/2026-02-26/kcp109c_phase7_parity_20260225_224621/runs/kcp109c_phase7_parity_liam_exact/runs/20260225_224621/parallel-results/Parallel_MELTS_KCP109C_dP25.0_02-25_11cores.xlsx,system,system
288,773,250,0,111.7335458339634,1.837604769064356,-1869.840011872262,-1519.543753095849,334.8432431070241,167.8743277181662,6.080390501536095,0.0003947997054795311,6.396239697923579e-05,1.204335085408068e-06,2.927611702462861e-07,-9.500203893091534e-07,Success,KCP109C,/Users/lopezama/PycharmProjects/sci-cluster/review_outputs/rmelts_parity_audit_v2/2026-02-26/kcp109c_phase7_parity_20260225_224621/runs/kcp109c_phase7_parity_liam_exact/runs/20260225_224621/parallel-results/Parallel_MELTS_KCP109C_dP25.0_02-25_11cores.xlsx,system,system
289,772,250,0,111.7335758889355,1.83788839785228,-1869.505756212796,-1519.760090431922,334.6368136448114,167.8677935774843,6.079453791617877,0.0003951597504065755,6.393550920870072e-05,1.21526053527885e-06,2.927078968797472e-07,-9.52623447679576e-07,Success,KCP109C,/Users/lopezama/PycharmProjects/sci-cluster/review_outputs/rmelts_parity_audit_v2/2026-02-26/kcp109c_phase7_parity_20260225_224621/runs/kcp109c_phase7_parity_liam_exact/runs/20260225_224621/parallel-results/Parallel_MELTS_KCP109C_dP25.0_02-25_11cores.xlsx,system,system
290,771,250,0,111.7336059964245,1.838168032219681,-1869.171708102088,-1519.976859946164,334.4297736493073,167.8616979561305,6.078530582511574,0.0003955240013857635,6.390924141434914e-05,1.226270715285684e-06,2.926594085077264e-07,-9.552518111541767e-07,Success,KCP109C,/Users/lopezama/PycharmProjects/sci-cluster/review_outputs/rmelts_parity_audit_v2/2026-02-26/kcp109c_phase7_parity_20260225_224621/runs/kcp109c_phase7_parity_liam_exact/runs/20260225_224621/parallel-results/Parallel_MELTS_KCP109C_dP25.0_02-25_11cores.xlsx,system,system
291,770,250,0,111.7336361558867,1.838443770454049,-1868.837868138013,-1520.194055564457,334.2221277606829,167.8560545814451,6.077620537085631,0.000395892384470408,6.388356443054707e-05,1.237365456281235e-06,2.926154728635122e-07,-9.579049270966545e-07,Success,KCP109C,/Users/lopezama/PycharmProjects/sci-cluster/review_outputs/rmelts_parity_audit_v2/2026-02-26/kcp109c_phase7_parity_20260225_224621/runs/kcp109c_phase7_parity_liam_exact/runs/20260225_224621/parallel-results/Parallel_MELTS_KCP109C_dP25.0_02-25_11cores.xlsx,system,system
292,769,250,0,111.7336663655647,1.838715547772168,-1868.504236906303,-1520.411689134245,334.0138634285451,167.8508750888395,6.076723857637683,0.0003962649758253793,6.385848772286977e-05,1.248545047105606e-06,2.925761723942534e-07,-9.605832187030042e-07,Success,KCP109C,/Users/lopezama/PycharmProjects/sci-cluster/review_outputs/rmelts_parity_audit_v2/2026-02-26/kcp109c_phase7_parity_20260225_224621/runs/kcp109c_phase7_parity_liam_exact/runs/20260225_224621/parallel-results/Parallel_MELTS_KCP109C_dP25.0_02-25_11cores.xlsx,system,system
293,768,250,0,111.7336966241964,1.83898337647037,-1868.170815007706,-1520.629764276248,333.8049759702805,167.8461725736874,6.075840491753169,0.0003966417803873009,6.38340023948107e-05,1.259809490639526e-06,2.925414403636655e-07,-9.632866454237891e-07,Success,KCP109C,/Users/lopezama/PycharmProjects/sci-cluster/review_outputs/rmelts_parity_audit_v2/2026-02-26/kcp109c_phase7_parity_20260225_224621/runs/kcp109c_phase7_parity_liam_exact/runs/20260225_224621/parallel-results/Parallel_MELTS_KCP109C_dP25.0_02-25_11cores.xlsx,system,system
294,767,250,0,111.7337269300666,1.839247213215462,-1867.837603042286,-1520.848290844152,333.5954546922408,167.8419597479096,6.07497057096138,0.0003970228543634215,6.381011255979798e-05,1.271158920505658e-06,2.925113163134653e-07,-9.66015499536742e-07,Success,KCP109C,/Users/lopezama/PycharmProjects/sci-cluster/review_outputs/rmelts_parity_audit_v2/2026-02-26/kcp109c_phase7_parity_20260225_224621/runs/kcp109c_phase7_parity_liam_exact/runs/20260225_224621/parallel-results/Parallel_MELTS_KCP109C_dP25.0_02-25_11cores.xlsx,system,system
295,766,250,0,111.7337572821436,1.839507110510231,-1867.504601627257,-1521.067268388104,333.3852987914672,167.8382509240122,6.074113910391553,0.0003974081643147561,6.378679953471109e-05,1.282593100202362e-06,2.924856542645465e-07,-9.687694900996515e-07,Success,KCP109C,/Users/lopezama/PycharmProjects/sci-cluster/review_outputs/rmelts_parity_audit_v2/2026-02-26/kcp109c_phase7_parity_20260225_224621/runs/kcp109c_phase7_parity_liam_exact/runs/20260225_224621/parallel-results/Parallel_MELTS_KCP109C_dP25.0_02-25_11cores.xlsx,system,system
296,765,250,0,111.7337876786846,1.839763035220941,-1867.171811373984,-1521.286705997957,333.1744982671354,167.835059691066,6.073270608204512,0.0003977977563996363,6.376406480909389e-05,1.294112019233744e-06,2.924644729692609e-07,-9.71548843017009e-07,Success,KCP109C,/Users/lopezama/PycharmProjects/sci-cluster/review_outputs/rmelts_parity_audit_v2/2026-02-26/kcp109c_phase7_parity_20260225_224621/runs/kcp109c_phase7_parity_liam_exact/runs/20260225_224621/parallel-results/Parallel_MELTS_KCP109C_dP25.0_02-25_11cores.xlsx,system,system
297,764,250,0,111.7338193232344,1.839967336112476,-1866.839252907239,-1521.519472628882,332.9506631426089,167.8340876064462,6.072597982054843,0.0003982911406058377,6.376398495900195e-05,1.306075492623814e-06,2.926302604078224e-07,-9.749427816859722e-07,Success,KCP109C,/Users/lopezama/PycharmProjects/sci-cluster/review_outputs/rmelts_parity_audit_v2/2026-02-26/kcp109c_phase7_parity_20260225_224621/runs/kcp109c_phase7_parity_liam_exact/runs/20260225_224621/parallel-results/Parallel_MELTS_KCP109C_dP25.0_02-25_11cores.xlsx,system,system
298,763,250,0,111.733862368651,1.839711818131393,-1866.507166619382,-1521.875067483423,332.6083087737866,167.8500667583455,6.073443746322171,0.0003997370317704958,6.397413970314149e-05,1.321614484966068e-06,2.94534925955382e-07,-9.839821416494195e-07,Success,KCP109C,/Users/lopezama/PycharmProjects/sci-cluster/review_outputs/rmelts_parity_audit_v2/2026-02-26/kcp109c_phase7_parity_20260225_224621/runs/kcp109c_phase7_parity_liam_exact/runs/20260225_224621/parallel-results/Parallel_MELTS_KCP109C_dP25.0_02-25_11cores.xlsx,system,system
299,762,250,0,111.7339054053598,1.839442266789996,-1866.175423585163,-1522.23265022028,332.2637041635342,167.8674872041952,6.07433608668492,0.0004012021574129213,6.418670039178881e-05,1.337402946937593e-06,2.96461850954311e-07,-9.931441385452843e-07,Success,KCP109C,/Users/lopezama/PycharmProjects/sci-cluster/review_outputs/rmelts_parity_audit_v2/2026-02-26/kcp109c_phase7_parity_20260225_224621/runs/kcp109c_phase7_parity_liam_exact/runs/20260225_224621/parallel-results/Parallel_MELTS_KCP109C_dP25.0_02-25_11cores.xlsx,system,system
300,761,250,0,111.7339484251795,1.83915717883221,-1865.8440260527,-1522.592491811579,331.916582933927,167.8864054974623,6.075280009298934,0.000402688644313665,6.44021206152709e-05,1.353450360251595e-06,2.984148891617844e-07,-1.002442186637449e-06,Success,KCP109C,/Users/lopezama/PycharmProjects/sci-cluster/review_outputs/rmelts_parity_audit_v2/2026-02-26/kcp109c_phase7_parity_20260225_224621/runs/kcp109c_phase7_parity_liam_exact/runs/20260225_224621/parallel-results/Parallel_MELTS_KCP109C_dP25.0_02-25_11cores.xlsx,system,system
301,760,250,0,111.7339914187326,1.838854949900152,-1865.512976528258,-1522.954885295901,331.5666565671559,167.9068820605763,6.076280862979411,0.0004041987838263735,6.462088517815993e-05,1.369767154897533e-06,3.003981770342929e-07,-1.011890783308969e-06,Success,KCP109C,/Users/lopezama/PycharmProjects/sci-cluster/review_outputs/rmelts_parity_audit_v2/2026-02-26/kcp109c_phase7_parity_20260225_224621/runs/kcp109c_phase7_parity_liam_exact/runs/20260225_224621/parallel-results/Parallel_MELTS_KCP109C_dP25.0_02-25_11cores.xlsx,system,system
302,759,250,0,111.7340343753369,1.838533838583777,-1865.182277799609,-1523.3201530484,331.2136072772453,167.9289813391626,6.077344459507234,0.0004057350866434719,6.484352208386619e-05,1.386364968341154e-06,3.024162364507691e-07,-1.021505859774504e-06,Success,KCP109C,/Users/lopezama/PycharmProjects/sci-cluster/review_outputs/rmelts_parity_audit_v2/2026-02-26/kcp109c_phase7_parity_20260225_224621/runs/kcp109c_phase7_parity_liam_exact/runs/20260225_224621/parallel-results/Parallel_MELTS_KCP109C_dP25.0_02-25_11cores.xlsx,system,system
303,758,250,0,111.7340772824377,1.838191966562992,-1864.851932957049,-1523.688647671511,330.8570870247175,167.9527720791159,6.078477075022552,0.0004073002870517554,6.507060268454707e-05,1.403256712240091e-06,3.044739803476333e-07,-1.03130482058051e-06,Success,KCP109C,/Users/lopezama/PycharmProjects/sci-cluster/review_outputs/rmelts_parity_audit_v2/2026-02-26/kcp109c_phase7_parity_20260225_224621/runs/kcp109c_phase7_parity_liam_exact/runs/20260225_224621/parallel-results/Parallel_MELTS_KCP109C_dP25.0_02-25_11cores.xlsx,system,system
304,757,250,0,111.7341201256822,1.837827253054292,-1864.521945431469,-1524.06076563442,330.4967041664312,167.978327313416,6.079685669041574,0.0004088974436968741,6.530276379957822e-05,1.420457049800797e-06,3.065769016877503e-07,-1.041307185884951e-06,Success,KCP109C,/Users/lopezama/PycharmProjects/sci-cluster/review_outputs/rmelts_parity_audit_v2/2026-02-26/kcp109c_phase7_parity_20260225_224621/runs/kcp109c_phase7_parity_liam_exact/runs/20260225_224621/parallel-results/Parallel_MELTS_KCP109C_dP25.0_02-25_11cores.xlsx,system,system
305,756,250,0,111.734162887907,1.837437372703274,-1864.192319023999,-1524.436955477574,330.1320153004172,168.0057251227014,6.080978026669912,0.000410530004891632,6.554072148329738e-05,1.437982747894355e-06,3.087311948135165e-07,-1.051535020894067e-06,Success,KCP109C,/Users/lopezama/PycharmProjects/sci-cluster/review_outputs/rmelts_parity_audit_v2/2026-02-26/kcp109c_phase7_parity_20260225_224621/runs/kcp109c_phase7_parity_liam_exact/runs/20260225_224621/parallel-results/Parallel_MELTS_KCP109C_dP25.0_02-25_11cores.xlsx,system,system
306,755,250,0,111.7342055488099,1.837019708561171,-1863.86305795918,-1524.817729377231,329.7625138179728,168.035048602478,6.082362917941948,0.0004122018871235295,6.578528722980206e-05,1.455853117605161e-06,3.109438992415101e-07,-1.062013450110662e-06,Success,KCP109C,/Users/lopezama/PycharmProjects/sci-cluster/review_outputs/rmelts_parity_audit_v2/2026-02-26/kcp109c_phase7_parity_20260225_224621/runs/kcp109c_phase7_parity_liam_exact/runs/20260225_224621/parallel-results/Parallel_MELTS_KCP109C_dP25.0_02-25_11cores.xlsx,system,system
307,754,250,0,111.7342480836851,1.836571210670471,-1863.534166940588,-1525.20369037029,329.3876031449141,168.0663870214264,6.083850570808773,0.0004139176879449117,6.603741451165686e-05,1.474091054419898e-06,3.132232991192566e-07,-1.072772023835635e-06,Success,KCP109C,/Users/lopezama/PycharmProjects/sci-cluster/review_outputs/rmelts_parity_audit_v2/2026-02-26/kcp109c_phase7_parity_20260225_224621/runs/kcp109c_phase7_parity_liam_exact/runs/20260225_224621/parallel-results/Parallel_MELTS_KCP109C_dP25.0_02-25_11cores.xlsx,system,system
308,753,250,0,111.7342904625037,1.83608827933501,-1863.205651237225,-1525.595557611724,329.0065717736207,168.0998363063908,6.08545306454281,0.0004156828702925056,6.629823769051039e-05,1.492724044235108e-06,3.155792640116762e-07,-1.083845918176641e-06,Success,KCP109C,/Users/lopezama/PycharmProjects/sci-cluster/review_outputs/rmelts_parity_audit_v2/2026-02-26/kcp109c_phase7_parity_20260225_224621/runs/kcp109c_phase7_parity_liam_exact/runs/20260225_224621/parallel-results/Parallel_MELTS_KCP109C_dP25.0_02-25_11cores.xlsx,system,system
309,752,250,0,111.7343326471396,1.835566506978269,-1862.877516777001,-1525.994217001723,328.618543408553,168.1355014070342,6.087185194454109,0.0004175041532401698,6.65691567240313e-05,1.511786118635044e-06,3.18023979266947e-07,-1.095278450511762e-06,Success,KCP109C,/Users/lopezama/PycharmProjects/sci-cluster/review_outputs/rmelts_parity_audit_v2/2026-02-26/kcp109c_phase7_parity_20260225_224621/runs/kcp109c_phase7_parity_liam_exact/runs/20260225_224621/parallel-results/Parallel_MELTS_KCP109C_dP25.0_02-25_11cores.xlsx,system,system
310,751,250,0,111.7343745891525,1.835000374588503,-1862.549770305118,-1526.400784077397,328.2224149076997,168.1734978046954,6.089065492109712,0.0004193899815303542,6.685193754224321e-05,1.531320348247737e-06,3.205728184875665e-07,-1.107124120522831e-06,Success,KCP109C,/Users/lopezama/PycharmProjects/sci-cluster/review_outputs/rmelts_parity_audit_v2/2026-02-26/kcp109c_phase7_parity_20260225_224621/runs/kcp109c_phase7_parity_liam_exact/runs/20260225_224621/parallel-results/Parallel_MELTS_KCP109C_dP25.0_02-25_11cores.xlsx,system,system
311,750,250,0,111.7344162238859,1.83438264324575,-1862.222419570454,-1526.816723564177,327.8167385097753,168.2139568279396,6.091118264517783,0.0004213514450167698,6.714891107321549e-05,1.551383497317245e-06,3.232460605827737e-07,-1.119454531887168e-06,Success,KCP109C,/Users/lopezama/PycharmProjects/sci-cluster/review_outputs/rmelts_parity_audit_v2/2026-02-26/kcp109c_phase7_parity_20260225_224621/runs/kcp109c_phase7_parity_liam_exact/runs/20260225_224621/parallel-results/Parallel_MELTS_KCP109C_dP25.0_02-25_11cores.xlsx,system,system
312,749,250,0,111.7344574630183,1.833703475233432,-1861.895473629321,-1527.244027248277,327.3995464276708,168.257031384382,6.093376544906989,0.0004234036230922188,6.746326247606809e-05,1.572053021024638e-06,3.260713954435989e-07,-1.132367078922481e-06,Success,KCP109C,/Users/lopezama/PycharmProjects/sci-cluster/review_outputs/rmelts_parity_audit_v2/2026-02-26/kcp109c_phase7_parity_20260225_224621/runs/kcp109c_phase7_parity_liam_exact/runs/20260225_224621/parallel-results/Parallel_MELTS_KCP109C_dP25.0_02-25_11cores.xlsx,system,system
313,748,250,0,111.7346312469083,1.832902816596613,-1861.571083634798,-1527.696372743282,326.9595171047505,168.302451989698,6.096047768336151,0.0004256273583487455,6.781334492140438e-05,1.593726754305407e-06,3.292046001698903e-07,-1.146391831802109e-06,Success,KCP109C,/Users/lopezama/PycharmProjects/sci-cluster/review_outputs/rmelts_parity_audit_v2/2026-02-26/kcp109c_phase7_parity_20260225_224621/runs/kcp109c_phase7_parity_liam_exact/runs/20260225_224621/parallel-results/Parallel_MELTS_KCP109C_dP25.0_02-25_11cores.xlsx,system,system
314,747,250,0,111.739858696793,1.819301489495231,-1861.329442183587,-1531.049505744955,323.756248040614,168.305557314977,6.141909922131458,0.0004474494474432723,7.252102132946454e-05,1.711259217589301e-06,3.697414389576428e-07,-1.286886291586121e-06,Success,KCP109C,/Users/lopezama/PycharmProjects/sci-cluster/review_outputs/rmelts_parity_audit_v2/2026-02-26/kcp109c_phase7_parity_20260225_224621/runs/kcp109c_phase7_parity_liam_exact/runs/20260225_224621/parallel-results/Parallel_MELTS_KCP109C_dP25.0_02-25_11cores.xlsx,system,system
315,746,250,0,111.7437287326946,1.802664517274601,-1861.069797354744,-1535.042615836952,319.9010759140377,168.3412243702089,6.198808911024491,0.0004737448238085885,7.818423712786355e-05,1.854265658587985e-06,4.192958289356577e-07,-1.458857471090594e-06,Success,KCP109C,/Users/lopezama/PycharmProjects/sci-cluster/review_outputs/rmelts_parity_audit_v2/2026-02-26/kcp109c_phase7_parity_20260225_224621/runs/kcp109c_phase7_parity_liam_exact/runs/20260225_224621/parallel-results/Parallel_MELTS_KCP109C_dP25.0_02-25_11cores.xlsx,system,system
316,745,250,0,111.744359099676,1.790179163042639,-1860.761677115634,-1538.113661944549,316.8963464824292,168.401450284355,6.242076849434007,0.0004937437232950265,8.241475157965928e-05,1.969385688606987e-06,4.569868536348083e-07,-1.591598248738412e-06,Success,KCP109C,/Users/lopezama/PycharmProjects/sci-cluster/review_outputs/rmelts_parity_audit_v2/2026-02-26/kcp109c_phase7_parity_20260225_224621/runs/kcp109c_phase7_parity_liam_exact/runs/20260225_224621/parallel-results/Parallel_MELTS_KCP109C_dP25.0_02-25_11cores.xlsx,system,system
317,744,250,0,111.7445337925862,1.785285747611977,-1860.448382631557,-1539.545288917544,315.4923990699637,168.4618462513936,6.259195982607111,0.0005023491774519874,8.41079025444335e-05,2.028656362380466e-06,4.724029407631937e-07,-1.649189850996393e-06,Success,KCP109C,/Users/lopezama/PycharmProjects/sci-cluster/review_outputs/rmelts_parity_audit_v2/2026-02-26/kcp109c_phase7_parity_20260225_224621/runs/kcp109c_phase7_parity_liam_exact/runs/20260225_224621/parallel-results/Parallel_MELTS_KCP109C_dP25.0_02-25_11cores.xlsx,system,system
318,743,250,0,111.7446329734522,1.783540596620032,-1860.134884498507,-1540.295404797463,314.7561675943944,168.5179431728068,6.265326014177544,0.0005062530679721237,8.475731179015079e-05,2.064390383710566e-06,4.785217309960679e-07,-1.675317053810288e-06,Success,KCP109C,/Users/lopezama/PycharmProjects/sci-cluster/review_outputs/rmelts_parity_audit_v2/2026-02-26/kcp109c_phase7_parity_20260225_224621/runs/kcp109c_phase7_parity_liam_exact/runs/20260225_224621/parallel-results/Parallel_MELTS_KCP109C_dP25.0_02-25_11cores.xlsx,system,system
319,795,225,0,111.7330513853816,1.782031527373895,-1878.793430605828,-1516.100317612885,339.5526030922095,168.8130760410399,6.269981741009818,0.0004352376919810318,8.200395382975613e-05,9.014408061423142e-07,4.638211647407029e-07,-1.231139764261744e-06,Success,KCP109C,/Users/lopezama/PycharmProjects/sci-cluster/review_outputs/rmelts_parity_audit_v2/2026-02-26/kcp109c_phase7_parity_20260225_224621/runs/kcp109c_phase7_parity_liam_exact/runs/20260225_224621/parallel-results/Parallel_MELTS_KCP109C_dP25.0_02-25_11cores.xlsx,system,system
320,794,225,0,111.7330808370589,1.782653335224691,-1878.454436509548,-1516.287646420021,339.3775852406202,168.8107301973878,6.267796358902036,0.0004354317902422018,8.188860276225824e-05,9.131908539469669e-07,4.630275543839711e-07,-1.232922264603749e-06,Success,KCP109C,/Users/lopezama/PycharmProjects/sci-cluster/review_outputs/rmelts_parity_audit_v2/2026-02-26/kcp109c_phase7_parity_20260225_224621/runs/kcp109c_phase7_parity_liam_exact/runs/20260225_224621/parallel-results/Parallel_MELTS_KCP109C_dP25.0_02-25_11cores.xlsx,system,system
321,793,225,0,111.7331092082971,1.783050709268421,-1878.115616477235,-1516.49971923382,339.1791935875956,168.8011784453938,6.266401097147753,0.000435841674240397,8.18386405669424e-05,9.252731293515287e-07,4.628359768962679e-07,-1.236240719249104e-06,Success,KCP109C,/Users/lopezama/PycharmProjects/sci-cluster/review_outputs/rmelts_parity_audit_v2/2026-02-26/kcp109c_phase7_parity_20260225_224621/runs/kcp109c_phase7_parity_liam_exact/runs/20260225_224621/parallel-results/Parallel_MELTS_KCP109C_dP25.0_02-25_11cores.xlsx,system,system
322,792,225,0,111.7331376446319,1.783445204262275,-1877.776996088574,-1516.712084611822,338.9803421834973,168.7919066330317,6.265016574526635,0.0004362550903480338,8.178921972338194e-05,9.374689688217528e-07,4.626490127936406e-07,-1.239585615459357e-06,Success,KCP109C,/Users/lopezama/PycharmProjects/sci-cluster/review_outputs/rmelts_parity_audit_v2/2026-02-26/kcp109c_phase7_parity_20260225_224621/runs/kcp109c_phase7_parity_liam_exact/runs/20260225_224621/parallel-results/Parallel_MELTS_KCP109C_dP25.0_02-25_11cores.xlsx,system,system
323,791,225,0,111.7331661451085,1.783836772712851,-1877.438575791606,-1516.924750377689,338.7810228012187,168.7829202751564,6.263642943921669,0.0004366721008327751,8.17403500951412e-05,9.497792744625873e-07,4.624667471145529e-07,-1.242957329522841e-06,Success,KCP109C,/Users/lopezama/PycharmProjects/sci-cluster/review_outputs/rmelts_parity_audit_v2/2026-02-26/kcp109c_phase7_parity_20260225_224621/runs/kcp109c_phase7_parity_liam_exact/runs/20260225_224621/parallel-results/Parallel_MELTS_KCP109C_dP25.0_02-25_11cores.xlsx,system,system
324,790,225,0,111.7331947087798,1.78422537507521,-1877.100356042494,-1517.137723581291,338.5812279181709,168.7742253246275,6.262280330144389,0.0004370927605665628,8.169203910993108e-05,9.622049386863095e-07,4.622892426790773e-07,-1.246356184434135e-06,Success,KCP109C,/Users/lopezama/PycharmProjects/sci-cluster/review_outputs/rmelts_parity_audit_v2/2026-02-26/kcp109c_phase7_parity_20260225_224621/runs/kcp109c_phase7_parity_liam_exact/runs/20260225_224621/parallel-results/Parallel_MELTS_KCP109C_dP25.0_02-25_11cores.xlsx,system,system
325,789,225,0,111.7332233346325,1.784610967025861,-1876.762337304331,-1517.351011918335,338.3809493819098,168.7658277389561,6.260928874646628,0.0004375171293562852,8.16442954911186e-05,9.747468584160885e-07,4.621165745122359e-07,-1.249782537713541e-06,Success,KCP109C,/Users/lopezama/PycharmProjects/sci-cluster/review_outputs/rmelts_parity_audit_v2/2026-02-26/kcp109c_phase7_parity_20260225_224621/runs/kcp109c_phase7_parity_liam_exact/runs/20260225_224621/parallel-results/Parallel_MELTS_KCP109C_dP25.0_02-25_11cores.xlsx,system,system
326,788,225,0,111.733252021633,1.784993506701462,-1876.42452004785,-1517.564622912746,338.1801791783479,168.757733756574,6.259588710107291,0.0004379452648373573,8.15971271097294e-05,9.874059250948741e-07,4.619488100204888e-07,-1.253236730698235e-06,Success,KCP109C,/Users/lopezama/PycharmProjects/sci-cluster/review_outputs/rmelts_parity_audit_v2/2026-02-26/kcp109c_phase7_parity_20260225_224621/runs/kcp109c_phase7_parity_liam_exact/runs/20260225_224621/parallel-results/Parallel_MELTS_KCP109C_dP25.0_02-25_11cores.xlsx,system,system
327,787,225,0,111.7332807687303,1.785372957382098,-1876.086904751437,-1517.77856365588,337.978909678401,168.7499499203498,6.25825995105053,0.0004383772199223625,8.155054025128933e-05,1.000183019404471e-06,4.617860022621139e-07,-1.25671907073723e-06,Success,KCP109C,/Users/lopezama/PycharmProjects/sci-cluster/review_outputs/rmelts_parity_audit_v2/2026-02-26/kcp109c_phase7_parity_20260225_224621/runs/kcp109c_phase7_parity_liam_exact/runs/20260225_224621/parallel-results/Parallel_MELTS_KCP109C_dP25.0_02-25_11cores.xlsx,system,system
328,786,225,0,111.733309574818,1.785749275575699,-1875.749491900446,-1517.992842062934,337.7771324529214,168.7424828340834,6.256942735636664,0.000438813054096798,8.150454295997232e-05,1.013079025988789e-06,4.61628220735065e-07,-1.260229910871633e-06,Success,KCP109C,/Users/lopezama/PycharmProjects/sci-cluster/review_outputs/rmelts_parity_audit_v2/2026-02-26/kcp109c_phase7_parity_20260225_224621/runs/kcp109c_phase7_parity_liam_exact/runs/20260225_224621/parallel-results/Parallel_MELTS_KCP109C_dP25.0_02-25_11cores.xlsx,system,system
329,785,225,0,111.7333384387934,1.786122430315392,-1875.412281988071,-1518.207464844421,337.5748401867886,168.7353395615428,6.255637158034213,0.0004392528150433009,8.145913962743827e-05,1.026094805143533e-06,4.614755015593207e-07,-1.26376952023198e-06,Success,KCP109C,/Users/lopezama/PycharmProjects/sci-cluster/review_outputs/rmelts_parity_audit_v2/2026-02-26/kcp109c_phase7_parity_20260225_224621/runs/kcp109c_phase7_parity_liam_exact/runs/20260225_224621/parallel-results/Parallel_MELTS_KCP109C_dP25.0_02-25_11cores.xlsx,system,system
330,784,225,0,111.7333673595415,1.786492390481551,-1875.075275514977,-1518.42243882813,337.3720254333317,168.7285273817542,6.254343312899511,0.0004396965502748599,8.14143344480762e-05,1.039231207068557e-06,4.613278792629954e-07,-1.26733816610051e-06,Success,KCP109C,/Users/lopezama/PycharmProjects/sci-cluster/review_outputs/rmelts_parity_audit_v2/2026-02-26/kcp109c_phase7_parity_20260225_224621/runs/kcp109c_phase7_parity_liam_exact/runs/20260225_224621/parallel-results/Parallel_MELTS_KCP109C_dP25.0_02-25_11cores.xlsx,system,system
331,783,225,0,111.7333963359038,1.786859126287296,-1874.73847298866,-1518.637770828101,337.168680737167,168.7220537922991,6.253061290179122,0.0004401443062117209,8.137013115471849e-05,1.052489069128513e-06,4.611853843776008e-07,-1.270936107423549e-06,Success,KCP109C,/Users/lopezama/PycharmProjects/sci-cluster/review_outputs/rmelts_parity_audit_v2/2026-02-26/kcp109c_phase7_parity_20260225_224621/runs/kcp109c_phase7_parity_liam_exact/runs/20260225_224621/parallel-results/Parallel_MELTS_KCP109C_dP25.0_02-25_11cores.xlsx,system,system
332,782,225,0,111.7334253667768,1.787222621415171,-1874.401874924878,-1518.853466322611,336.9647998884203,168.7159267914666,6.251791132673961,0.00044059611559523,8.132652937948853e-05,1.065869191604169e-06,4.610480098406267e-07,-1.274563505987369e-06,Success,KCP109C,/Users/lopezama/PycharmProjects/sci-cluster/review_outputs/rmelts_parity_audit_v2/2026-02-26/kcp109c_phase7_parity_20260225_224621/runs/kcp109c_phase7_parity_liam_exact/runs/20260225_224621/parallel-results/Parallel_MELTS_KCP109C_dP25.0_02-25_11cores.xlsx,system,system
333,781,225,0,111.7334544507419,1.787582820395337,-1874.065481841472,-1519.069535174451,336.7603724963441,168.7101537196874,6.25053302011659,0.0004410520509750668,8.128354016013923e-05,1.079372430804571e-06,4.609158541286085e-07,-1.278220803904353e-06,Success,KCP109C,/Users/lopezama/PycharmProjects/sci-cluster/review_outputs/rmelts_parity_audit_v2/2026-02-26/kcp109c_phase7_parity_20260225_224621/runs/kcp109c_phase7_parity_liam_exact/runs/20260225_224621/parallel-results/Parallel_MELTS_KCP109C_dP25.0_02-25_11cores.xlsx,system,system
334,780,225,0,111.7334835867008,1.787939720068553,-1873.729294268404,-1519.285981701417,336.5553934073847,168.7047432833465,6.249286949249988,0.0004415121317568989,8.124115900782511e-05,1.092999532427403e-06,4.607888726713492e-07,-1.281908067607158e-06,Success,KCP109C,/Users/lopezama/PycharmProjects/sci-cluster/review_outputs/rmelts_parity_audit_v2/2026-02-26/kcp109c_phase7_parity_20260225_224621/runs/kcp109c_phase7_parity_liam_exact/runs/20260225_224621/parallel-results/Parallel_MELTS_KCP109C_dP25.0_02-25_11cores.xlsx,system,system
335,779,225,0,111.7335127734733,1.788293308994608,-1873.393312741007,-1519.502811244737,336.3498564807965,168.6997041966819,6.248052945872212,0.0004419763853145048,8.119938369571914e-05,1.106751234039238e-06,4.606670419872746e-07,-1.285625419207866e-06,Success,KCP109C,/Users/lopezama/PycharmProjects/sci-cluster/review_outputs/rmelts_parity_audit_v2/2026-02-26/kcp109c_phase7_parity_20260225_224621/runs/kcp109c_phase7_parity_liam_exact/runs/20260225_224621/parallel-results/Parallel_MELTS_KCP109C_dP25.0_02-25_11cores.xlsx,system,system
336,778,225,0,111.7335420099163,1.788643587017982,-1873.057537801608,-1519.720028054621,336.1437565970481,168.6950456016749,6.246830996453459,0.000442444827291806,8.115820859252849e-05,1.120628225807111e-06,4.605503073588594e-07,-1.289372897353474e-06,Success,KCP109C,/Users/lopezama/PycharmProjects/sci-cluster/review_outputs/rmelts_parity_audit_v2/2026-02-26/kcp109c_phase7_parity_20260225_224621/runs/kcp109c_phase7_parity_liam_exact/runs/20260225_224621/parallel-results/Parallel_MELTS_KCP109C_dP25.0_02-25_11cores.xlsx,system,system
337,777,225,0,111.7335712949857,1.788990569119448,-1872.721970000199,-1519.937634850241,335.9370900823288,168.6907771331955,6.245621034770551,0.0004429174570082627,8.111762342131952e-05,1.13463113554965e-06,4.604385712984212e-07,-1.293150424872403e-06,Success,KCP109C,/Users/lopezama/PycharmProjects/sci-cluster/review_outputs/rmelts_parity_audit_v2/2026-02-26/kcp109c_phase7_parity_20260225_224621/runs/kcp109c_phase7_parity_liam_exact/runs/20260225_224621/parallel-results/Parallel_MELTS_KCP109C_dP25.0_02-25_11cores.xlsx,system,system
338,776,225,0,111.7336006265569,1.789334144941942,-1872.386609875029,-1520.155648231673,335.7298400070118,168.6869061575665,6.24442343216908,0.000443394404420481,8.107765495560788e-05,1.148760837517496e-06,4.603320791970343e-07,-1.296958845763937e-06,Success,KCP109C,/Users/lopezama/PycharmProjects/sci-cluster/review_outputs/rmelts_parity_audit_v2/2026-02-26/kcp109c_phase7_parity_20260225_224621/runs/kcp109c_phase7_parity_liam_exact/runs/20260225_224621/parallel-results/Parallel_MELTS_KCP109C_dP25.0_02-25_11cores.xlsx,system,system
339,775,225,0,111.733630004533,1.789674455675294,-1872.051458002359,-1520.374057378184,335.5220155742736,168.6834452281212,6.243237682150006,0.0004438755366480074,8.10382553303569e-05,1.163017620942291e-06,4.602303863994478e-07,-1.300797148541977e-06,Success,KCP109C,/Users/lopezama/PycharmProjects/sci-cluster/review_outputs/rmelts_parity_audit_v2/2026-02-26/kcp109c_phase7_parity_20260225_224621/runs/kcp109c_phase7_parity_liam_exact/runs/20260225_224621/parallel-results/Parallel_MELTS_KCP109C_dP25.0_02-25_11cores.xlsx,system,system
340,774,225,0,111.7336594266936,1.790011388572752,-1871.716514929019,-1520.592879434319,335.3135992882589,168.6804021459514,6.242064164506981,0.000444360985454949,8.09994516831525e-05,1.177402305431846e-06,4.601337422089654e-07,-1.304666188807016e-06,Success,KCP109C,/Users/lopezama/PycharmProjects/sci-cluster/review_outputs/rmelts_parity_audit_v2/2026-02-26/kcp109c_phase7_parity_20260225_224621/runs/kcp109c_phase7_parity_liam_exact/runs/20260225_224621/parallel-results/Parallel_MELTS_KCP109C_dP25.0_02-25_11cores.xlsx,system,system
341,773,225,0,111.7336888930097,1.790345101900147,-1871.381781241544,-1520.812101976195,335.1046018882085,168.6777900717454,6.240902313996521,0.0004448505986317836,8.096119111453873e-05,1.191915039968112e-06,4.600416554410705e-07,-1.308564816557249e-06,Success,KCP109C,/Users/lopezama/PycharmProjects/sci-cluster/review_outputs/rmelts_parity_audit_v2/2026-02-26/kcp109c_phase7_parity_20260225_224621/runs/kcp109c_phase7_parity_liam_exact/runs/20260225_224621/parallel-results/Parallel_MELTS_KCP109C_dP25.0_02-25_11cores.xlsx,system,system
342,772,225,0,111.7337184012394,1.790675489581399,-1871.047257494579,-1521.031741694678,334.8950062669482,168.6756174332813,6.239752487334211,0.0004453445000672731,8.092349846729996e-05,1.206556554727884e-06,4.599543546700618e-07,-1.312493830503322e-06,Success,KCP109C,/Users/lopezama/PycharmProjects/sci-cluster/review_outputs/rmelts_parity_audit_v2/2026-02-26/kcp109c_phase7_parity_20260225_224621/runs/kcp109c_phase7_parity_liam_exact/runs/20260225_224621/parallel-results/Parallel_MELTS_KCP109C_dP25.0_02-25_11cores.xlsx,system,system
343,771,225,0,111.7337479512091,1.791002697746931,-1870.712944279369,-1521.251787742338,334.6848216607111,168.6738974857553,6.238614162433667,0.0004458425482274211,8.088632430958148e-05,1.221326913095988e-06,4.598713808294091e-07,-1.316452153879161e-06,Success,KCP109C,/Users/lopezama/PycharmProjects/sci-cluster/review_outputs/rmelts_parity_audit_v2/2026-02-26/kcp109c_phase7_parity_20260225_224621/runs/kcp109c_phase7_parity_liam_exact/runs/20260225_224621/parallel-results/Parallel_MELTS_KCP109C_dP25.0_02-25_11cores.xlsx,system,system
344,770,225,0,111.7337775408082,1.791326645648924,-1870.378842158528,-1521.47225434021,334.4740332821914,168.6726396226283,6.237487607980714,0.0004463448393905262,8.084968573840016e-05,1.236226694905008e-06,4.597928912609317e-07,-1.320440388976358e-06,Success,KCP109C,/Users/lopezama/PycharmProjects/sci-cluster/review_outputs/rmelts_parity_audit_v2/2026-02-26/kcp109c_phase7_parity_20260225_224621/runs/kcp109c_phase7_parity_liam_exact/runs/20260225_224621/parallel-results/Parallel_MELTS_KCP109C_dP25.0_02-25_11cores.xlsx,system,system
345,769,225,0,111.7338071695549,1.791647447847581,-1870.044951722894,-1521.693134326833,334.2626468320884,168.6718569347749,6.236372412652263,0.000446851263110476,8.081354242889027e-05,1.251255920096041e-06,4.597185113225164e-07,-1.324457676456364e-06,Success,KCP109C,/Users/lopezama/PycharmProjects/sci-cluster/review_outputs/rmelts_parity_audit_v2/2026-02-26/kcp109c_phase7_parity_20260225_224621/runs/kcp109c_phase7_parity_liam_exact/runs/20260225_224621/parallel-results/Parallel_MELTS_KCP109C_dP25.0_02-25_11cores.xlsx,system,system
346,768,225,0,111.7338368363955,1.7919651539784,-1869.711273555328,-1521.914427832612,334.0506610216739,168.6715615423404,6.235268391705695,0.000447361776242353,8.0777873060623e-05,1.266414705973131e-06,4.596480424774272e-07,-1.328503631258305e-06,Success,KCP109C,/Users/lopezama/PycharmProjects/sci-cluster/review_outputs/rmelts_parity_audit_v2/2026-02-26/kcp109c_phase7_parity_20260225_224621/runs/kcp109c_phase7_parity_liam_exact/runs/20260225_224621/parallel-results/Parallel_MELTS_KCP109C_dP25.0_02-25_11cores.xlsx,system,system
347,767,225,0,111.7338732512942,1.791975390803654,-1869.377935335766,-1522.209880635416,333.767297697784,168.6797729071676,6.235234804267285,0.0004485406565519299,8.090753364501054e-05,1.28345801271814e-06,4.611008561469317e-07,-1.336852119148983e-06,Success,KCP109C,/Users/lopezama/PycharmProjects/sci-cluster/review_outputs/rmelts_parity_audit_v2/2026-02-26/kcp109c_phase7_parity_20260225_224621/runs/kcp109c_phase7_parity_liam_exact/runs/20260225_224621/parallel-results/Parallel_MELTS_KCP109C_dP25.0_02-25_11cores.xlsx,system,system
348,766,225,0,111.7339155225881,1.791707703283806,-1869.045023207207,-1522.571630390081,333.4199998240153,168.6961222512618,6.236168729855014,0.0004503199786590944,8.11841691199679e-05,1.302323514355436e-06,4.639113090446771e-07,-1.349079000475768e-06,Success,KCP109C,/Users/lopezama/PycharmProjects/sci-cluster/review_outputs/rmelts_parity_audit_v2/2026-02-26/kcp109c_phase7_parity_20260225_224621/runs/kcp109c_phase7_parity_liam_exact/runs/20260225_224621/parallel-results/Parallel_MELTS_KCP109C_dP25.0_02-25_11cores.xlsx,system,system
349,765,225,0,111.7339577599845,1.791424310741655,-1868.712459100143,-1522.935861274413,333.0699781589656,168.7138345443103,6.237157611963318,0.0004521257352307983,8.146483645181765e-05,1.321534220645006e-06,4.667632264917944e-07,-1.361496071359909e-06,Success,KCP109C,/Users/lopezama/PycharmProjects/sci-cluster/review_outputs/rmelts_parity_audit_v2/2026-02-26/kcp109c_phase7_parity_20260225_224621/runs/kcp109c_phase7_parity_liam_exact/runs/20260225_224621/parallel-results/Parallel_MELTS_KCP109C_dP25.0_02-25_11cores.xlsx,system,system
350,764,225,0,111.7339999528536,1.79112364651162,-1868.380245706001,-1523.302864632062,332.7169465110528,168.7329520961176,6.23820695854616,0.000453960508786444,8.175013754733667e-05,1.341101876877246e-06,4.696623876824974e-07,-1.374121278211685e-06,Success,KCP109C,/Users/lopezama/PycharmProjects/sci-cluster/review_outputs/rmelts_parity_audit_v2/2026-02-26/kcp109c_phase7_parity_20260225_224621/runs/kcp109c_phase7_parity_liam_exact/runs/20260225_224621/parallel-results/Parallel_MELTS_KCP109C_dP25.0_02-25_11cores.xlsx,system,system
351,763,225,0,111.7340420889906,1.79080401880718,-1868.048385991423,-1523.672959758094,332.3605908732604,168.7535190566686,6.239322724069745,0.0004558271189577932,8.204072604512121e-05,1.361039494368144e-06,4.726150911127699e-07,-1.386974275449529e-06,Success,KCP109C,/Users/lopezama/PycharmProjects/sci-cluster/review_outputs/rmelts_parity_audit_v2/2026-02-26/kcp109c_phase7_parity_20260225_224621/runs/kcp109c_phase7_parity_liam_exact/runs/20260225_224621/parallel-results/Parallel_MELTS_KCP109C_dP25.0_02-25_11cores.xlsx,system,system
352,762,225,0,111.7340841544291,1.790463569511006,-1867.71688322566,-1524.046502375809,332.0005611262633,168.7755812166116,6.24051145508338,0.0004577286958909385,8.233732501108908e-05,1.381361656819958e-06,4.756283251332187e-07,-1.400076938581772e-06,Success,KCP109C,/Users/lopezama/PycharmProjects/sci-cluster/review_outputs/rmelts_parity_audit_v2/2026-02-26/kcp109c_phase7_parity_20260225_224621/runs/kcp109c_phase7_parity_liam_exact/runs/20260225_224621/parallel-results/Parallel_MELTS_KCP109C_dP25.0_02-25_11cores.xlsx,system,system
353,761,225,0,111.7341261326849,1.790100259453257,-1867.385741006287,-1524.42388841603,331.6364672342086,168.7991859481719,6.241780344013326,0.0004596687099244498,8.264073328132786e-05,1.402084714450083e-06,4.787098345959677e-07,-1.413453589917886e-06,Success,KCP109C,/Users/lopezama/PycharmProjects/sci-cluster/review_outputs/rmelts_parity_audit_v2/2026-02-26/kcp109c_phase7_parity_20260225_224621/runs/kcp109c_phase7_parity_liam_exact/runs/20260225_224621/parallel-results/Parallel_MELTS_KCP109C_dP25.0_02-25_11cores.xlsx,system,system
354,760,225,0,111.7341680043646,1.789711788410799,-1867.054963301104,-1524.805569959647,331.2678636610913,168.824381899221,6.243137511184446,0.0004616511109032444,8.295185928149268e-05,1.423227348426753e-06,4.81868445554989e-07,-1.427131968837661e-06,Success,KCP109C,/Users/lopezama/PycharmProjects/sci-cluster/review_outputs/rmelts_parity_audit_v2/2026-02-26/kcp109c_phase7_parity_20260225_224621/runs/kcp109c_phase7_parity_liam_exact/runs/20260225_224621/parallel-results/Parallel_MELTS_KCP109C_dP25.0_02-25_11cores.xlsx,system,system
355,759,225,0,111.7342097462556,1.789295511929583,-1866.724554496106,-1525.192071974933,330.894232932397,168.8512187902338,6.24459229910888,0.0004636804738647087,8.327175584519342e-05,1.444811211695155e-06,4.851144031791786e-07,-1.441144258840677e-06,Success,KCP109C,/Users/lopezama/PycharmProjects/sci-cluster/review_outputs/rmelts_parity_audit_v2/2026-02-26/kcp109c_phase7_parity_20260225_224621/runs/kcp109c_phase7_parity_liam_exact/runs/20260225_224621/parallel-results/Parallel_MELTS_KCP109C_dP25.0_02-25_11cores.xlsx,system,system
356,758,225,0,111.7342513300997,1.788848320205592,-1866.39451945886,-1525.584016514458,330.5149618817842,168.879747173038,6.24615570073924,0.0004657622099682463,8.360167070595143e-05,1.466861849221942e-06,4.884598610435771e-07,-1.455528571768177e-06,Success,KCP109C,/Users/lopezama/PycharmProjects/sci-cluster/review_outputs/rmelts_parity_audit_v2/2026-02-26/kcp109c_phase7_parity_20260225_224621/runs/kcp109c_phase7_parity_liam_exact/runs/20260225_224621/parallel-results/Parallel_MELTS_KCP109C_dP25.0_02-25_11cores.xlsx,system,system
357,757,225,0,111.7342927209578,1.788366454477343,-1866.064863625035,-1525.98215909139,330.1293059589815,168.9100181100969,6.247841008268777,0.0004679028849304749,8.394312287093504e-05,1.489410076987443e-06,4.919196199942251e-07,-1.470331184201936e-06,Success,KCP109C,/Users/lopezama/PycharmProjects/sci-cluster/review_outputs/rmelts_parity_audit_v2/2026-02-26/kcp109c_phase7_parity_20260225_224621/runs/kcp109c_phase7_parity_liam_exact/runs/20260225_224621/parallel-results/Parallel_MELTS_KCP109C_dP25.0_02-25_11cores.xlsx,system,system
358,756,225,0,111.7343338742677,1.787845208623863,-1865.735593108074,-1526.387446359486,329.7363326517881,168.9420830988701,6.249664866695682,0.0004701107292701778,8.429802546075812e-05,1.51249415372421e-06,4.955123144269483e-07,-1.485610116766201e-06,Success,KCP109C,/Users/lopezama/PycharmProjects/sci-cluster/review_outputs/rmelts_parity_audit_v2/2026-02-26/kcp109c_phase7_parity_20260225_224621/runs/kcp109c_phase7_parity_liam_exact/runs/20260225_224621/parallel-results/Parallel_MELTS_KCP109C_dP25.0_02-25_11cores.xlsx,system,system
359,755,225,0,111.7343747324615,1.787278529099347,-1865.406714869247,-1526.801096027888,329.33484301061,168.9759933585136,6.251648688957685,0.0004723963344861335,8.466885208664078e-05,1.53616285181843e-06,4.992620249948634e-07,-1.501440030397073e-06,Success,KCP109C,/Users/lopezama/PycharmProjects/sci-cluster/review_outputs/rmelts_parity_audit_v2/2026-02-26/kcp109c_phase7_parity_20260225_224621/runs/kcp109c_phase7_parity_liam_exact/runs/20260225_224621/parallel-results/Parallel_MELTS_KCP109C_dP25.0_02-25_11cores.xlsx,system,system
360,754,225,0,111.734415217939,1.786658283833652,-1865.078236935816,-1527.224738401858,328.9232327644041,169.0117997015532,6.253821238731182,0.0004747739029668591,8.505893754227207e-05,1.560480806035918e-06,5.032011844424283e-07,-1.517920998577966e-06,Success,KCP109C,/Users/lopezama/PycharmProjects/sci-cluster/review_outputs/rmelts_parity_audit_v2/2026-02-26/kcp109c_phase7_parity_20260225_224621/runs/kcp109c_phase7_parity_liam_exact/runs/20260225_224621/parallel-results/Parallel_MELTS_KCP109C_dP25.0_02-25_11cores.xlsx,system,system
361,753,225,0,111.7344552221122,1.785973072763471,-1864.750168732552,-1527.66064914796,328.4992638352988,169.0495517153385,6.256222835948098,0.0004772632920119064,8.547296862735073e-05,1.58553734687018e-06,5.073753268761681e-07,-1.535192866106889e-06,Success,KCP109C,/Users/lopezama/PycharmProjects/sci-cluster/review_outputs/rmelts_parity_audit_v2/2026-02-26/kcp109c_phase7_parity_20260225_224621/runs/kcp109c_phase7_parity_liam_exact/runs/20260225_224621/parallel-results/Parallel_MELTS_KCP109C_dP25.0_02-25_11cores.xlsx,system,system
362,752,225,0,111.7351406407635,1.784967921357941,-1864.43293728385,-1528.166994702826,328.0163318353652,169.0858478447434,6.259784240590687,0.0004802450210210608,8.600752731671672e-05,1.612816307387299e-06,5.127027420465946e-07,-1.555965407429185e-06,Success,KCP109C,/Users/lopezama/PycharmProjects/sci-cluster/review_outputs/rmelts_parity_audit_v2/2026-02-26/kcp109c_phase7_parity_20260225_224621/runs/kcp109c_phase7_parity_liam_exact/runs/20260225_224621/parallel-results/Parallel_MELTS_KCP109C_dP25.0_02-25_11cores.xlsx,system,system
363,751,225,0,111.740950994596,1.769556325428643,-1864.199836669038,-1531.820839064638,324.541324614949,168.9893470603688,6.314630926909255,0.0005079398891647311,9.264139153317529e-05,1.737712255020272e-06,5.767065148453311e-07,-1.7500920632997e-06,Success,KCP109C,/Users/lopezama/PycharmProjects/sci-cluster/review_outputs/rmelts_parity_audit_v2/2026-02-26/kcp109c_phase7_parity_20260225_224621/runs/kcp109c_phase7_parity_liam_exact/runs/20260225_224621/parallel-results/Parallel_MELTS_KCP109C_dP25.0_02-25_11cores.xlsx,system,system
364,750,225,0,111.7444893404918,1.751999036615414,-1863.93421373093,-1535.930963423129,320.5817820532676,168.8989216751183,6.378113629352478,0.000539269299728302,0.0001001186364403117,1.882370296305374e-06,6.502139214115667e-07,-1.973719184249676e-06,Success,KCP109C,/Users/lopezama/PycharmProjects/sci-cluster/review_outputs/rmelts_parity_audit_v2/2026-02-26/kcp109c_phase7_parity_20260225_224621/runs/kcp109c_phase7_parity_liam_exact/runs/20260225_224621/parallel-results/Parallel_MELTS_KCP109C_dP25.0_02-25_11cores.xlsx,system,system
365,749,225,0,111.7448836988425,1.741445188572232,-1863.621403745917,-1538.557617775821,318.0196507069375,168.8695833420554,6.41679017129786,0.0005587798341454577,0.0001046434719584407,1.983628965901447e-06,6.955858491894344e-07,-2.115257610767253e-06,Success,KCP109C,/Users/lopezama/PycharmProjects/sci-cluster/review_outputs/rmelts_parity_audit_v2/2026-02-26/kcp109c_phase7_parity_20260225_224621/runs/kcp109c_phase7_parity_liam_exact/runs/20260225_224621/parallel-results/Parallel_MELTS_KCP109C_dP25.0_02-25_11cores.xlsx,system,system
366,748,225,0,111.7449723099959,1.737668004856094,-1863.305465406704,-1539.752148959353,316.8518987879847,168.8887735916627,6.430743502079395,0.0005668584112344682,0.0001063431521350193,2.039535698215303e-06,7.13026814500192e-07,-2.174443030865581e-06,Success,KCP109C,/Users/lopezama/PycharmProjects/sci-cluster/review_outputs/rmelts_parity_audit_v2/2026-02-26/kcp109c_phase7_parity_20260225_224621/runs/kcp109c_phase7_parity_liam_exact/runs/20260225_224621/parallel-results/Parallel_MELTS_KCP109C_dP25.0_02-25_11cores.xlsx,system,system
367,747,225,0,111.7450322639746,1.736401771467316,-1862.989925756807,-1540.411534693213,316.2068235686855,168.9249213353837,6.435436435286882,0.0005707034000801498,0.0001069991683780534,2.078309940641798e-06,7.200228814913825e-07,-2.202753799562033e-06,Success,KCP109C,/Users/lopezama/PycharmProjects/sci-cluster/review_outputs/rmelts_parity_audit_v2/2026-02-26/kcp109c_phase7_parity_20260225_224621/runs/kcp109c_phase7_parity_liam_exact/runs/20260225_224621/parallel-results/Parallel_MELTS_KCP109C_dP25.0_02-25_11cores.xlsx,system,system
368,804,200,0,111.7329505797138,1.720256089773785,-1883.451835308789,-1515.368133015198,341.7200039860668,169.5122346981342,6.495134721156937,0.000490601379376986,0.0001084063309554456,4.754818434633221e-07,7.608516169086236e-07,-1.66020556194547e-06,Success,KCP109C,/Users/lopezama/PycharmProjects/sci-cluster/review_outputs/rmelts_parity_audit_v2/2026-02-26/kcp109c_phase7_parity_20260225_224621/runs/kcp109c_phase7_parity_liam_exact/runs/20260225_224621/parallel-results/Parallel_MELTS_KCP109C_dP25.0_02-25_11cores.xlsx,system,system
369,803,200,0,111.7329793912528,1.721003199923044,-1883.110661981263,-1515.550297879458,341.551237375649,169.5154737678766,6.49231677176713,0.0004908713117960439,0.0001082396063413307,4.890370998315272e-07,7.595394917311008e-07,-1.66287998395775e-06,Success,KCP109C,/Users/lopezama/PycharmProjects/sci-cluster/review_outputs/rmelts_parity_audit_v2/2026-02-26/kcp109c_phase7_parity_20260225_224621/runs/kcp109c_phase7_parity_liam_exact/runs/20260225_224621/parallel-results/Parallel_MELTS_KCP109C_dP25.0_02-25_11cores.xlsx,system,system
370,802,200,0,111.7330068047353,1.72147421708977,-1882.769652874436,-1515.762634299301,341.3542469191596,169.5082727891387,6.490541984045802,0.0004914287151945852,0.0001081723491325798,5.023856374909684e-07,7.59287491040534e-07,-1.667795125082098e-06,Success,KCP109C,/Users/lopezama/PycharmProjects/sci-cluster/review_outputs/rmelts_parity_audit_v2/2026-02-26/kcp109c_phase7_parity_20260225_224621/runs/kcp109c_phase7_parity_liam_exact/runs/20260225_224621/parallel-results/Parallel_MELTS_KCP109C_dP25.0_02-25_11cores.xlsx,system,system
371,801,200,0,111.7330342799264,1.721942879398831,-1882.428841941056,-1515.975234265557,341.1568288185994,169.5013300713125,6.488777044621532,0.0004919899752475723,0.0001081056116906574,5.158943403324049e-07,7.5904125940177e-07,-1.672748363696611e-06,Success,KCP109C,/Users/lopezama/PycharmProjects/sci-cluster/review_outputs/rmelts_parity_audit_v2/2026-02-26/kcp109c_phase7_parity_20260225_224621/runs/kcp109c_phase7_parity_liam_exact/runs/20260225_224621/parallel-results/Parallel_MELTS_KCP109C_dP25.0_02-25_11cores.xlsx,system,system
372,800,200,0,111.7330618160076,1.722409153505044,-1882.088229598569,-1516.188103764764,340.9589766890052,169.4946499776822,6.487022063754983,0.000492555142443009,0.0001080394016423566,5.295647787651445e-07,7.588008619720305e-07,-1.677740071740905e-06,Success,KCP109C,/Users/lopezama/PycharmProjects/sci-cluster/review_outputs/rmelts_parity_audit_v2/2026-02-26/kcp109c_phase7_parity_20260225_224621/runs/kcp109c_phase7_parity_liam_exact/runs/20260225_224621/parallel-results/Parallel_MELTS_KCP109C_dP25.0_02-25_11cores.xlsx,system,system
373,799,200,0,111.7330894120646,1.722872995676459,-1881.747816269837,-1516.401250060274,340.7606829357488,169.4882365370473,6.485277190626251,0.00049312427853466,0.0001079737303040881,5.433985208814643e-07,7.585664033394114e-07,-1.682770707969921e-06,Success,KCP109C,/Users/lopezama/PycharmProjects/sci-cluster/review_outputs/rmelts_parity_audit_v2/2026-02-26/kcp109c_phase7_parity_20260225_224621/runs/kcp109c_phase7_parity_liam_exact/runs/20260225_224621/parallel-results/Parallel_MELTS_KCP109C_dP25.0_02-25_11cores.xlsx,system,system
374,798,200,0,111.7331170672124,1.723334373699991,-1881.407602385132,-1516.614679244821,340.5619410356256,169.4820943136275,6.483542530827719,0.000493697433461252,0.0001079086047355484,5.573971566617257e-07,7.583379427646673e-07,-1.687840638592806e-06,Success,KCP109C,/Users/lopezama/PycharmProjects/sci-cluster/review_outputs/rmelts_parity_audit_v2/2026-02-26/kcp109c_phase7_parity_20260225_224621/runs/kcp109c_phase7_parity_liam_exact/runs/20260225_224621/parallel-results/Parallel_MELTS_KCP109C_dP25.0_02-25_11cores.xlsx,system,system
375,797,200,0,111.7331447805272,1.72379325311527,-1881.067588380987,-1516.828397733258,340.3627441458954,169.4762279321216,6.48181819824396,0.0004942746596569401,0.0001078440326685124,5.715622813000462e-07,7.581155467276351e-07,-1.692950248149849e-06,Success,KCP109C,/Users/lopezama/PycharmProjects/sci-cluster/review_outputs/rmelts_parity_audit_v2/2026-02-26/kcp109c_phase7_parity_20260225_224621/runs/kcp109c_phase7_parity_liam_exact/runs/20260225_224621/parallel-results/Parallel_MELTS_KCP109C_dP25.0_02-25_11cores.xlsx,system,system
376,796,200,0,111.7331725510348,1.724249593994543,-1880.727774699959,-1517.042412615726,340.1630847722332,169.4706419857466,6.480104327134232,0.0004948560153686803,0.0001077800236118717,5.858954926061678e-07,7.578993007585531e-07,-1.698099965264866e-06,Success,KCP109C,/Users/lopezama/PycharmProjects/sci-cluster/review_outputs/rmelts_parity_audit_v2/2026-02-26/kcp109c_phase7_parity_20260225_224621/runs/kcp109c_phase7_parity_liam_exact/runs/20260225_224621/parallel-results/Parallel_MELTS_KCP109C_dP25.0_02-25_11cores.xlsx,system,system
377,795,200,0,111.7332003778247,1.724703380031788,-1880.388161792374,-1517.256728592545,339.9629576368767,169.4653418396638,6.478400962823263,0.0004954415343868415,0.0001077165786578267,6.00398415032762e-07,7.576892006234627e-07,-1.703290028563525e-06,Success,KCP109C,/Users/lopezama/PycharmProjects/sci-cluster/review_outputs/rmelts_parity_audit_v2/2026-02-26/kcp109c_phase7_parity_20260225_224621/runs/kcp109c_phase7_parity_liam_exact/runs/20260225_224621/parallel-results/Parallel_MELTS_KCP109C_dP25.0_02-25_11cores.xlsx,system,system
378,794,200,0,111.7332282598271,1.725154563288408,-1880.04875011264,-1517.471353796618,339.7623542295099,169.4603321119041,6.476708269364948,0.0004960312835585749,0.0001076537098670608,6.150726514366366e-07,7.574853592417338e-07,-1.708520931379233e-06,Success,KCP109C,/Users/lopezama/PycharmProjects/sci-cluster/review_outputs/rmelts_parity_audit_v2/2026-02-26/kcp109c_phase7_parity_20260225_224621/runs/kcp109c_phase7_parity_liam_exact/runs/20260225_224621/parallel-results/Parallel_MELTS_KCP109C_dP25.0_02-25_11cores.xlsx,system,system
379,793,200,0,111.7332561961151,1.725603134311786,-1879.709540124,-1517.686292393373,339.5612697374913,169.4556186158104,6.475026266145322,0.0004966252892895213,0.0001075914155720127,6.299198388603636e-07,7.572877430363023e-07,-1.713792853305323e-06,Success,KCP109C,/Users/lopezama/PycharmProjects/sci-cluster/review_outputs/rmelts_parity_audit_v2/2026-02-26/kcp109c_phase7_parity_20260225_224621/runs/kcp109c_phase7_parity_liam_exact/runs/20260225_224621/parallel-results/Parallel_MELTS_KCP109C_dP25.0_02-25_11cores.xlsx,system,system
380,792,200,0,111.7332841856247,1.726049062162542,-1879.370532293865,-1517.901550928035,339.3596970997792,169.4512066796424,6.473355053166081,0.0004972236007025686,0.0001075297016025502,6.449415993663873e-07,7.57096398511943e-07,-1.719106148657482e-06,Success,KCP109C,/Users/lopezama/PycharmProjects/sci-cluster/review_outputs/rmelts_parity_audit_v2/2026-02-26/kcp109c_phase7_parity_20260225_224621/runs/kcp109c_phase7_parity_liam_exact/runs/20260225_224621/parallel-results/Parallel_MELTS_KCP109C_dP25.0_02-25_11cores.xlsx,system,system
381,791,200,0,111.7333122273349,1.726492327739763,-1879.031727096562,-1518.117134793366,339.1576303182782,169.4471020890865,6.471694685930665,0.0004978262540285872,0.0001074685693624822,6.60139564034298e-07,7.56911324987679e-07,-1.724461071121279e-06,Success,KCP109C,/Users/lopezama/PycharmProjects/sci-cluster/review_outputs/rmelts_parity_audit_v2/2026-02-26/kcp109c_phase7_parity_20260225_224621/runs/kcp109c_phase7_parity_liam_exact/runs/20260225_224621/parallel-results/Parallel_MELTS_KCP109C_dP25.0_02-25_11cores.xlsx,system,system
382,790,200,0,111.7333403201533,1.726932905858493,-1878.69312501128,-1518.33305014347,338.9550626607816,169.4433105766222,6.470045242702031,0.000498433292033567,0.0001074080223174227,6.755153595558722e-07,7.567325438493812e-07,-1.72985792394426e-06,Success,KCP109C,/Users/lopezama/PycharmProjects/sci-cluster/review_outputs/rmelts_parity_audit_v2/2026-02-26/kcp109c_phase7_parity_20260225_224621/runs/kcp109c_phase7_parity_liam_exact/runs/20260225_224621/parallel-results/Parallel_MELTS_KCP109C_dP25.0_02-25_11cores.xlsx,system,system
383,789,200,0,111.7333684631447,1.727370800485466,-1878.354726525557,-1518.549300122676,338.7519902112521,169.4398387941704,6.468406692514592,0.0004990447254020204,0.0001073480532644503,6.910706234902606e-07,7.565599625126248e-07,-1.735296761085192e-06,Success,KCP109C,/Users/lopezama/PycharmProjects/sci-cluster/review_outputs/rmelts_parity_audit_v2/2026-02-26/kcp109c_phase7_parity_20260225_224621/runs/kcp109c_phase7_parity_liam_exact/runs/20260225_224621/parallel-results/Parallel_MELTS_KCP109C_dP25.0_02-25_11cores.xlsx,system,system
384,788,200,0,111.7333966553893,1.727806017128771,-1878.016532132727,-1518.765887811078,338.5484091048853,169.4366935274178,6.46677899878282,0.0004996605621355664,0.0001072886541539805,7.068069839434182e-07,7.563934793198986e-07,-1.740777614726853e-06,Success,KCP109C,/Users/lopezama/PycharmProjects/sci-cluster/review_outputs/rmelts_parity_audit_v2/2026-02-26/kcp109c_phase7_parity_20260225_224621/runs/kcp109c_phase7_parity_liam_exact/runs/20260225_224621/parallel-results/Parallel_MELTS_KCP109C_dP25.0_02-25_11cores.xlsx,system,system
385,787,200,0,111.7334248954376,1.728238501854646,-1877.67854232284,-1518.982822801888,338.3443093156172,169.4338800696499,6.465162347415111,0.0005002808770801811,0.0001072298387810932,7.227260410733409e-07,7.562332260086916e-07,-1.746301032594114e-06,Success,KCP109C,/Users/lopezama/PycharmProjects/sci-cluster/review_outputs/rmelts_parity_audit_v2/2026-02-26/kcp109c_phase7_parity_20260225_224621/runs/kcp109c_phase7_parity_liam_exact/runs/20260225_224621/parallel-results/Parallel_MELTS_KCP109C_dP25.0_02-25_11cores.xlsx,system,system
386,786,200,0,111.7334531825165,1.728668287352389,-1877.340757601844,-1519.20010548763,338.1396894813894,169.4314061686879,6.463556600187669,0.0005009056471941065,0.0001071715888520614,7.38829415814428e-07,7.560789914371924e-07,-1.751866804423552e-06,Success,KCP109C,/Users/lopezama/PycharmProjects/sci-cluster/review_outputs/rmelts_parity_audit_v2/2026-02-26/kcp109c_phase7_parity_20260225_224621/runs/kcp109c_phase7_parity_liam_exact/runs/20260225_224621/parallel-results/Parallel_MELTS_KCP109C_dP25.0_02-25_11cores.xlsx,system,system
387,785,200,0,111.7334815151104,1.72909531989969,-1877.003178468306,-1519.41774568858,337.934539318364,169.4292773936462,6.461961942132397,0.0005015349466541357,0.0001071139177442999,7.551186960019177e-07,7.559309030433512e-07,-1.757475470727641e-06,Success,KCP109C,/Users/lopezama/PycharmProjects/sci-cluster/review_outputs/rmelts_parity_audit_v2/2026-02-26/kcp109c_phase7_parity_20260225_224621/runs/kcp109c_phase7_parity_liam_exact/runs/20260225_224621/parallel-results/Parallel_MELTS_KCP109C_dP25.0_02-25_11cores.xlsx,system,system
388,784,200,0,111.7335098932393,1.72951973786636,-1876.665805449867,-1519.635732624356,337.7288680182667,169.4275044087047,6.460377840560553,0.000502168631730941,0.0001070567682560428,7.71595479750147e-07,7.55788333108788e-07,-1.763125883802391e-06,Success,KCP109C,/Users/lopezama/PycharmProjects/sci-cluster/review_outputs/rmelts_parity_audit_v2/2026-02-26/kcp109c_phase7_parity_20260225_224621/runs/kcp109c_phase7_parity_liam_exact/runs/20260225_224621/parallel-results/Parallel_MELTS_KCP109C_dP25.0_02-25_11cores.xlsx,system,system
389,783,200,0,111.733538314447,1.729941383407818,-1876.328639037985,-1519.854087594926,337.5226543985791,169.4260903385174,6.458804869696953,0.0005028068940542061,0.0001070001917524275,7.88261315999337e-07,7.556518154892615e-07,-1.768819490762456e-06,Success,KCP109C,/Users/lopezama/PycharmProjects/sci-cluster/review_outputs/rmelts_parity_audit_v2/2026-02-26/kcp109c_phase7_parity_20260225_224621/runs/kcp109c_phase7_parity_liam_exact/runs/20260225_224621/parallel-results/Parallel_MELTS_KCP109C_dP25.0_02-25_11cores.xlsx,system,system
390,782,200,0,111.7335667790046,1.730360427677315,-1875.991679771601,-1520.072796501023,337.3159107904821,169.4250468195117,6.457242375161457,0.0005034495503874578,0.0001069441187029003,8.051177490030616e-07,7.555205900306373e-07,-1.774554834358766e-06,Success,KCP109C,/Users/lopezama/PycharmProjects/sci-cluster/review_outputs/rmelts_parity_audit_v2/2026-02-26/kcp109c_phase7_parity_20260225_224621/runs/kcp109c_phase7_parity_liam_exact/runs/20260225_224621/parallel-results/Parallel_MELTS_KCP109C_dP25.0_02-25_11cores.xlsx,system,system
391,781,200,0,111.7335952852817,1.730776818510658,-1875.654928161848,-1520.291869465666,337.1086265675501,169.4243799134975,6.455690536774639,0.0005040966709048478,0.0001068885613882013,8.221662915458727e-07,7.553947721378565e-07,-1.780332418192502e-06,Success,KCP109C,/Users/lopezama/PycharmProjects/sci-cluster/review_outputs/rmelts_parity_audit_v2/2026-02-26/kcp109c_phase7_parity_20260225_224621/runs/kcp109c_phase7_parity_liam_exact/runs/20260225_224621/parallel-results/Parallel_MELTS_KCP109C_dP25.0_02-25_11cores.xlsx,system,system
392,780,200,0,111.7336238326662,1.731190627952346,-1875.318384738732,-1520.511303301338,336.9008037196921,169.4240988918396,6.454149071083222,0.0005047481832148408,0.000106833486498356,8.394084184836929e-07,7.55273988751345e-07,-1.786151639162312e-06,Success,KCP109C,/Users/lopezama/PycharmProjects/sci-cluster/review_outputs/rmelts_parity_audit_v2/2026-02-26/kcp109c_phase7_parity_20260225_224621/runs/kcp109c_phase7_parity_liam_exact/runs/20260225_224621/parallel-results/Parallel_MELTS_KCP109C_dP25.0_02-25_11cores.xlsx,system,system
393,779,200,0,111.733652419596,1.731601819816623,-1874.98205001878,-1520.731106676858,336.6924329629067,169.4242104676314,6.452618098508849,0.0005054041380702078,0.0001067789001562923,8.568455947687521e-07,7.55158289267651e-07,-1.792012847345024e-06,Success,KCP109C,/Users/lopezama/PycharmProjects/sci-cluster/review_outputs/rmelts_parity_audit_v2/2026-02-26/kcp109c_phase7_parity_20260225_224621/runs/kcp109c_phase7_parity_liam_exact/runs/20260225_224621/parallel-results/Parallel_MELTS_KCP109C_dP25.0_02-25_11cores.xlsx,system,system
394,778,200,0,111.733681045826,1.732010512560388,-1874.645924541092,-1520.951271570466,336.48352087773,169.4247252202478,6.451097163414609,0.000506064407371657,0.0001067247518519841,8.744792065808069e-07,7.550471156206907e-07,-1.797915002993781e-06,Success,KCP109C,/Users/lopezama/PycharmProjects/sci-cluster/review_outputs/rmelts_parity_audit_v2/2026-02-26/kcp109c_phase7_parity_20260225_224621/runs/kcp109c_phase7_parity_liam_exact/runs/20260225_224621/parallel-results/Parallel_MELTS_KCP109C_dP25.0_02-25_11cores.xlsx,system,system
395,777,200,0,111.7337097103603,1.732416739272257,-1874.310008833315,-1521.17179933758,336.2740651294916,169.4256517269459,6.449586128872011,0.000506728959772603,0.0001066710221723739,8.923106164597016e-07,7.549402427634282e-07,-1.803857814442017e-06,Success,KCP109C,/Users/lopezama/PycharmProjects/sci-cluster/review_outputs/rmelts_parity_audit_v2/2026-02-26/kcp109c_phase7_parity_20260225_224621/runs/kcp109c_phase7_parity_liam_exact/runs/20260225_224621/parallel-results/Parallel_MELTS_KCP109C_dP25.0_02-25_11cores.xlsx,system,system
396,776,200,0,111.7337384123609,1.732820553058791,-1873.974303425696,-1521.392689257707,336.0640653557528,169.4269991477144,6.448084783801042,0.0005073977395795957,0.0001066176842838084,9.103411339631206e-07,7.548373657178083e-07,-1.809840798506345e-06,Success,KCP109C,/Users/lopezama/PycharmProjects/sci-cluster/review_outputs/rmelts_parity_audit_v2/2026-02-26/kcp109c_phase7_parity_20260225_224621/runs/kcp109c_phase7_parity_liam_exact/runs/20260225_224621/parallel-results/Parallel_MELTS_KCP109C_dP25.0_02-25_11cores.xlsx,system,system
397,775,200,0,111.7337671510821,1.733222018445856,-1873.638808849324,-1521.613939457055,335.8535222938212,169.4287770082501,6.446592875116568,0.0005080706763976859,0.0001065647070801267,9.285720105915859e-07,7.547381332297376e-07,-1.815863354978625e-06,Success,KCP109C,/Users/lopezama/PycharmProjects/sci-cluster/review_outputs/rmelts_parity_audit_v2/2026-02-26/kcp109c_phase7_parity_20260225_224621/runs/kcp109c_phase7_parity_liam_exact/runs/20260225_224621/parallel-results/Parallel_MELTS_KCP109C_dP25.0_02-25_11cores.xlsx,system,system
398,774,200,0,111.7337959259921,1.733621224463153,-1873.30352563742,-1521.835545504763,335.6424391277819,169.4309954702685,6.445110059182188,0.0005087476697384951,0.0001065120504676039,9.470044225188256e-07,7.546420969909058e-07,-1.821924646426766e-06,Success,KCP109C,/Users/lopezama/PycharmProjects/sci-cluster/review_outputs/rmelts_parity_audit_v2/2026-02-26/kcp109c_phase7_parity_20260225_224621/runs/kcp109c_phase7_parity_liam_exact/runs/20260225_224621/parallel-results/Parallel_MELTS_KCP109C_dP25.0_02-25_11cores.xlsx,system,system
399,773,200,0,111.7338247365232,1.734018253560895,-1872.968454320557,-1522.057503646876,335.430818404322,169.433664687378,6.443636017502818,0.0005094286245057015,0.0001064596765466674,9.656394832076945e-07,7.545488316552721e-07,-1.828023873996834e-06,Success,KCP109C,/Users/lopezama/PycharmProjects/sci-cluster/review_outputs/rmelts_parity_audit_v2/2026-02-26/kcp109c_phase7_parity_20260225_224621/runs/kcp109c_phase7_parity_liam_exact/runs/20260225_224621/parallel-results/Parallel_MELTS_KCP109C_dP25.0_02-25_11cores.xlsx,system,system
400,772,200,0,111.7338535818032,1.734413161862056,-1872.633595421573,-1522.279813325029,335.2186596149303,169.4367942192024,6.44217052999335,0.0005101134757428536,0.0001064075571986737,9.844782602213432e-07,7.544580165244469e-07,-1.834160469587053e-06,Success,KCP109C,/Users/lopezama/PycharmProjects/sci-cluster/review_outputs/rmelts_parity_audit_v2/2026-02-26/kcp109c_phase7_parity_20260225_224621/runs/kcp109c_phase7_parity_liam_exact/runs/20260225_224621/parallel-results/Parallel_MELTS_KCP109C_dP25.0_02-25_11cores.xlsx,system,system
401,771,200,0,111.733890584209,1.734374898192185,-1872.299109143874,-1522.594377324288,334.918097801644,169.4476166381213,6.442314790226387,0.0005117595768063235,0.0001066271607808171,1.004397227263631e-06,7.572249274827918e-07,-1.847110726440225e-06,Success,KCP109C,/Users/lopezama/PycharmProjects/sci-cluster/review_outputs/rmelts_parity_audit_v2/2026-02-26/kcp109c_phase7_parity_20260225_224621/runs/kcp109c_phase7_parity_liam_exact/runs/20260225_224621/parallel-results/Parallel_MELTS_KCP109C_dP25.0_02-25_11cores.xlsx,system,system
402,770,200,0,111.7339319316066,1.73409124911687,-1871.965033638692,-1522.960628630075,334.5678042550131,169.463409316491,6.443370958045603,0.0005139482542796722,0.0001069975636782716,1.025175584637313e-06,7.615847486486865e-07,-1.863935732807746e-06,Success,KCP109C,/Users/lopezama/PycharmProjects/sci-cluster/review_outputs/rmelts_parity_audit_v2/2026-02-26/kcp109c_phase7_parity_20260225_224621/runs/kcp109c_phase7_parity_liam_exact/runs/20260225_224621/parallel-results/Parallel_MELTS_KCP109C_dP25.0_02-25_11cores.xlsx,system,system
403,769,200,0,111.7339732223401,1.733790919291554,-1871.631308917523,-1523.329660333793,334.2145071090832,169.4804276874444,6.444489469814259,0.0005161707689920903,0.0001073739841044217,1.046389743875718e-06,7.660165014630798e-07,-1.881041386995937e-06,Success,KCP109C,/Users/lopezama/PycharmProjects/sci-cluster/review_outputs/rmelts_parity_audit_v2/2026-02-26/kcp109c_phase7_parity_20260225_224621/runs/kcp109c_phase7_parity_liam_exact/runs/20260225_224621/parallel-results/Parallel_MELTS_KCP109C_dP25.0_02-25_11cores.xlsx,system,system
404,768,200,0,111.7340144431111,1.733472365596582,-1871.297937907544,-1523.701759552834,333.8579247511983,169.4986949582889,6.445676127329399,0.0005184300056397906,0.000107757173339352,1.068051318667875e-06,7.70528520075343e-07,-1.898450196648331e-06,Success,KCP109C,/Users/lopezama/PycharmProjects/sci-cluster/review_outputs/rmelts_parity_audit_v2/2026-02-26/kcp109c_phase7_parity_20260225_224621/runs/kcp109c_phase7_parity_liam_exact/runs/20260225_224621/parallel-results/Parallel_MELTS_KCP109C_dP25.0_02-25_11cores.xlsx,system,system
405,767,200,0,111.734055580122,1.733133800900427,-1870.964923833318,-1524.07726336558,333.4977267391604,169.5182326726535,6.446937652596243,0.0005207293443730802,0.0001081480145083257,1.090173339463937e-06,7.751306014142937e-07,-1.916188494393366e-06,Success,KCP109C,/Users/lopezama/PycharmProjects/sci-cluster/review_outputs/rmelts_parity_audit_v2/2026-02-26/kcp109c_phase7_parity_20260225_224621/runs/kcp109c_phase7_parity_liam_exact/runs/20260225_224621/parallel-results/Parallel_MELTS_KCP109C_dP25.0_02-25_11cores.xlsx,system,system
406,766,200,0,111.7340966161898,1.73277332315673,-1870.63227020486,-1524.456535267404,333.1335562117658,169.5390618368381,6.448281210414469,0.000523072417973232,0.0001085474513943698,1.112770105231836e-06,7.798332599860568e-07,-1.934284705936876e-06,Success,KCP109C,/Users/lopezama/PycharmProjects/sci-cluster/review_outputs/rmelts_parity_audit_v2/2026-02-26/kcp109c_phase7_parity_20260225_224621/runs/kcp109c_phase7_parity_liam_exact/runs/20260225_224621/parallel-results/Parallel_MELTS_KCP109C_dP25.0_02-25_11cores.xlsx,system,system
407,765,200,0,111.7341375314748,1.732388751306948,-1870.299980874108,-1524.839995762094,332.7650003487106,169.5612012066146,6.449715021941835,0.0005254634234034091,0.0001089565763318417,1.135857728361714e-06,7.846486765684376e-07,-1.952771680861957e-06,Success,KCP109C,/Users/lopezama/PycharmProjects/sci-cluster/review_outputs/rmelts_parity_audit_v2/2026-02-26/kcp109c_phase7_parity_20260225_224621/runs/kcp109c_phase7_parity_liam_exact/runs/20260225_224621/parallel-results/Parallel_MELTS_KCP109C_dP25.0_02-25_11cores.xlsx,system,system
408,764,200,0,111.7341783018496,1.731977592099594,-1869.96806006738,-1525.228129008051,332.3915837239833,169.5846668221677,6.451248492562744,0.0005279071851871498,0.0001093766461591595,1.159454437713588e-06,7.895908872391676e-07,-1.971687227342174e-06,Success,KCP109C,/Users/lopezama/PycharmProjects/sci-cluster/review_outputs/rmelts_parity_audit_v2/2026-02-26/kcp109c_phase7_parity_20260225_224621/runs/kcp109c_phase7_parity_liam_exact/runs/20260225_224621/parallel-results/Parallel_MELTS_KCP109C_dP25.0_02-25_11cores.xlsx,system,system
409,763,200,0,111.7342188985402,1.731536841614683,-1869.63651245837,-1525.621519674089,332.0127325042517,169.6094700741001,6.452892956891776,0.0005304095321584485,0.0001098091866832287,1.183581410619178e-06,7.946769249958246e-07,-1.99107697970902e-06,Success,KCP109C,/Users/lopezama/PycharmProjects/sci-cluster/review_outputs/rmelts_parity_audit_v2/2026-02-26/kcp109c_phase7_parity_20260225_224621/runs/kcp109c_phase7_parity_liam_exact/runs/20260225_224621/parallel-results/Parallel_MELTS_KCP109C_dP25.0_02-25_11cores.xlsx,system,system
410,762,200,0,111.7342592856465,1.731062863390196,-1869.305343235801,-1526.020876013474,331.6277517483711,169.6356165446967,6.454662141317088,0.0005329775270023283,0.0001102560538303798,1.20826352324934e-06,7.999275103188207e-07,-2.010996223027849e-06,Success,KCP109C,/Users/lopezama/PycharmProjects/sci-cluster/review_outputs/rmelts_parity_audit_v2/2026-02-26/kcp109c_phase7_parity_20260225_224621/runs/kcp109c_phase7_parity_liam_exact/runs/20260225_224621/parallel-results/Parallel_MELTS_KCP109C_dP25.0_02-25_11cores.xlsx,system,system
411,761,200,0,111.7342994176516,1.730551062106799,-1868.974558213578,-1526.427089714445,331.2357670542307,169.6631032126993,6.456573392386622,0.0005356200775198897,0.0001107196015480691,1.233530859322713e-06,8.05368902218462e-07,-2.031514603133629e-06,Success,KCP109C,/Users/lopezama/PycharmProjects/sci-cluster/review_outputs/rmelts_parity_audit_v2/2026-02-26/kcp109c_phase7_parity_20260225_224621/runs/kcp109c_phase7_parity_liam_exact/runs/20260225_224621/parallel-results/Parallel_MELTS_KCP109C_dP25.0_02-25_11cores.xlsx,system,system
412,760,200,0,111.7343392353698,1.729995451274854,-1868.644163980379,-1526.841316225495,330.8356460870966,169.6919147298214,6.458649307605489,0.000538348750192198,0.0001112029036549044,1.259420857097169e-06,8.110353565381557e-07,-2.052722432814202e-06,Success,KCP109C,/Users/lopezama/PycharmProjects/sci-cluster/review_outputs/rmelts_parity_audit_v2/2026-02-26/kcp109c_phase7_parity_20260225_224621/runs/kcp109c_phase7_parity_liam_exact/runs/20260225_224621/parallel-results/Parallel_MELTS_KCP109C_dP25.0_02-25_11cores.xlsx,system,system
413,759,200,0,111.7343786596234,1.729387965216938,-1868.314168113863,-1527.265102692492,330.4258735855943,169.7220174837573,6.460920331754898,0.0005411790653697123,0.0001117101070783272,1.285981725077099e-06,8.1697304109033e-07,-2.074740732405879e-06,Success,KCP109C,/Users/lopezama/PycharmProjects/sci-cluster/review_outputs/rmelts_parity_audit_v2/2026-02-26/kcp109c_phase7_parity_20260225_224621/runs/kcp109c_phase7_parity_liam_exact/runs/20260225_224621/parallel-results/Parallel_MELTS_KCP109C_dP25.0_02-25_11cores.xlsx,system,system
414,758,200,0,111.734417579835,1.728717260826586,-1867.98457947829,-1527.700609167055,330.0043352676476,169.7533496509969,6.463429278562834,0.0005441327412838725,0.0001122470450309378,1.31327826890335e-06,8.232468292146774e-07,-2.097738620908551e-06,Success,KCP109C,/Users/lopezama/PycharmProjects/sci-cluster/review_outputs/rmelts_parity_audit_v2/2026-02-26/kcp109c_phase7_parity_20260225_224621/runs/kcp109c_phase7_parity_liam_exact/runs/20260225_224621/parallel-results/Parallel_MELTS_KCP109C_dP25.0_02-25_11cores.xlsx,system,system
415,757,200,0,111.7350845113793,1.727723576741767,-1867.665556698703,-1528.204730117196,329.5256288710453,169.7809154487235,6.467185261319133,0.0005476374783204297,0.0001129363233361838,1.342194450185145e-06,8.311971558944525e-07,-2.125059710151643e-06,Success,KCP109C,/Users/lopezama/PycharmProjects/sci-cluster/review_outputs/rmelts_parity_audit_v2/2026-02-26/kcp109c_phase7_parity_20260225_224621/runs/kcp109c_phase7_parity_liam_exact/runs/20260225_224621/parallel-results/Parallel_MELTS_KCP109C_dP25.0_02-25_11cores.xlsx,system,system
416,756,200,0,111.7380384084797,1.72081862840381,-1867.384025195698,-1529.918697899546,327.9068428277244,169.7168325985746,6.493307113494303,0.0005621245474438802,0.0001167036530073738,1.39479542581508e-06,8.728842524721395e-07,-2.236757905800441e-06,Success,KCP109C,/Users/lopezama/PycharmProjects/sci-cluster/review_outputs/rmelts_parity_audit_v2/2026-02-26/kcp109c_phase7_parity_20260225_224621/runs/kcp109c_phase7_parity_liam_exact/runs/20260225_224621/parallel-results/Parallel_MELTS_KCP109C_dP25.0_02-25_11cores.xlsx,system,system
417,755,200,0,111.7444532100236,1.700900421309041,-1867.161738239351,-1534.326748002909,323.7222100242592,169.4628312998744,6.569723412968714,0.0006008387110142628,0.0001272193325519855,1.503452362417595e-06,9.903995363328906e-07,-2.539216388868691e-06,Success,KCP109C,/Users/lopezama/PycharmProjects/sci-cluster/review_outputs/rmelts_parity_audit_v2/2026-02-26/kcp109c_phase7_parity_20260225_224621/runs/kcp109c_phase7_parity_liam_exact/runs/20260225_224621/parallel-results/Parallel_MELTS_KCP109C_dP25.0_02-25_11cores.xlsx,system,system
418,754,200,0,111.7453218006471,1.686220235068894,-1866.853886795744,-1537.67811645667,320.4748774171973,169.283610634533,6.626970752493757,0.0006300705544186833,0.0001350108884579074,1.597468822144747e-06,1.079432963056071e-06,-2.772323433779662e-06,Success,KCP109C,/Users/lopezama/PycharmProjects/sci-cluster/review_outputs/rmelts_parity_audit_v2/2026-02-26/kcp109c_phase7_parity_20260225_224621/runs/kcp109c_phase7_parity_liam_exact/runs/20260225_224621/parallel-results/Parallel_MELTS_KCP109C_dP25.0_02-25_11cores.xlsx,system,system
419,753,200,0,111.7453563879376,1.680484117313994,-1866.534837925926,-1539.246945314874,318.9474176397722,169.2355809757087,6.649593128350784,0.0006428666660247532,0.0001381842520547884,1.65732200677989e-06,1.116540460600607e-06,-2.876113618328636e-06,Success,KCP109C,/Users/lopezama/PycharmProjects/sci-cluster/review_outputs/rmelts_parity_audit_v2/2026-02-26/kcp109c_phase7_parity_20260225_224621/runs/kcp109c_phase7_parity_liam_exact/runs/20260225_224621/parallel-results/Parallel_MELTS_KCP109C_dP25.0_02-25_11cores.xlsx,system,system
420,752,200,0,111.7453918269511,1.678650952633441,-1866.216873084694,-1540.022233082801,318.1921084737778,169.2454878452183,6.656856903553816,0.0006484681050677109,0.0001393433515771493,1.701477258018446e-06,1.130565282782168e-06,-2.92218298514461e-06,Success,KCP109C,/Users/lopezama/PycharmProjects/sci-cluster/review_outputs/rmelts_parity_audit_v2/2026-02-26/kcp109c_phase7_parity_20260225_224621/runs/kcp109c_phase7_parity_liam_exact/runs/20260225_224621/parallel-results/Parallel_MELTS_KCP109C_dP25.0_02-25_11cores.xlsx,system,system
421,751,200,0,111.7454210930077,1.678159253743334,-1865.899410852076,-1540.523826196925,317.7030558562238,169.2754140704215,6.658809099538451,0.0006515985319511464,0.0001398112764892692,1.740266733974947e-06,1.136612904722823e-06,-2.948287717516059e-06,Success,KCP109C,/Users/lopezama/PycharmProjects/sci-cluster/review_outputs/rmelts_parity_audit_v2/2026-02-26/kcp109c_phase7_parity_20260225_224621/runs/kcp109c_phase7_parity_liam_exact/runs/20260225_224621/parallel-results/Parallel_MELTS_KCP109C_dP25.0_02-25_11cores.xlsx,system,system
422,813,175,0,111.7328589078584,1.64388502858234,-1888.195547095906,-1514.544608785605,344.0141217237956,169.9979137361157,6.796877942505201,0.0005576437195363715,0.0001490580650977602,-3.595560730936085e-07,1.301907981665909e-06,-2.241878208679886e-06,Success,KCP109C,/Users/lopezama/PycharmProjects/sci-cluster/review_outputs/rmelts_parity_audit_v2/2026-02-26/kcp109c_phase7_parity_20260225_224621/runs/kcp109c_phase7_parity_liam_exact/runs/20260225_224621/parallel-results/Parallel_MELTS_KCP109C_dP25.0_02-25_11cores.xlsx,system,system
423,812,175,0,111.7328852724629,1.644432002095054,-1887.852058015682,-1514.757003280118,343.8188773308432,169.9931757284862,6.79461875772984,0.0005584143847505526,0.0001489775968327714,-3.481487909663137e-07,1.301681923057926e-06,-2.249015789818848e-06,Success,KCP109C,/Users/lopezama/PycharmProjects/sci-cluster/review_outputs/rmelts_parity_audit_v2/2026-02-26/kcp109c_phase7_parity_20260225_224621/runs/kcp109c_phase7_parity_liam_exact/runs/20260225_224621/parallel-results/Parallel_MELTS_KCP109C_dP25.0_02-25_11cores.xlsx,system,system
424,811,175,0,111.732911695207,1.644977189441178,-1887.50876529043,-1514.969630932107,343.6232388122705,169.9886930772412,6.792368454249765,0.0005591897661103837,0.0001488976346696861,-3.365463101104819e-07,1.301465078853047e-06,-2.256213482229171e-06,Success,KCP109C,/Users/lopezama/PycharmProjects/sci-cluster/review_outputs/rmelts_parity_audit_v2/2026-02-26/kcp109c_phase7_parity_20260225_224621/runs/kcp109c_phase7_parity_liam_exact/runs/20260225_224621/parallel-results/Parallel_MELTS_KCP109C_dP25.0_02-25_11cores.xlsx,system,system
425,810,175,0,111.732938175238,1.645520539456858,-1887.165669303493,-1515.182499343348,343.4271984121724,169.9844682569658,6.790127226981809,0.0005599699389949957,0.0001488181962121456,-3.247461159245617e-07,1.301257660220451e-06,-2.263472085905506e-06,Success,KCP109C,/Users/lopezama/PycharmProjects/sci-cluster/review_outputs/rmelts_parity_audit_v2/2026-02-26/kcp109c_phase7_parity_20260225_224621/runs/kcp109c_phase7_parity_liam_exact/runs/20260225_224621/parallel-results/Parallel_MELTS_KCP109C_dP25.0_02-25_11cores.xlsx,system,system
426,809,175,0,111.7329647119738,1.646062063047112,-1886.822770448575,-1515.395609817684,343.2307541753831,169.9805060839857,6.787895014428497,0.0005607549116731706,0.0001487392716870599,-3.127453775649178e-07,1.30105953150016e-06,-2.270791824916628e-06,Success,KCP109C,/Users/lopezama/PycharmProjects/sci-cluster/review_outputs/rmelts_parity_audit_v2/2026-02-26/kcp109c_phase7_parity_20260225_224621/runs/kcp109c_phase7_parity_liam_exact/runs/20260225_224621/parallel-results/Parallel_MELTS_KCP109C_dP25.0_02-25_11cores.xlsx,system,system
427,808,175,0,111.7329913044292,1.646601691559645,-1886.480069118778,-1515.608971901703,343.0338965148913,169.9768085544644,6.785672083125146,0.000561544778906892,0.0001486608861162291,-3.005416004572993e-07,1.300870997392236e-06,-2.278173666503387e-06,Success,KCP109C,/Users/lopezama/PycharmProjects/sci-cluster/review_outputs/rmelts_parity_audit_v2/2026-02-26/kcp109c_phase7_parity_20260225_224621/runs/kcp109c_phase7_parity_liam_exact/runs/20260225_224621/parallel-results/Parallel_MELTS_KCP109C_dP25.0_02-25_11cores.xlsx,system,system
428,807,175,0,111.7330179518477,1.64713940984898,-1886.137565716774,-1515.822589717764,342.8366208387812,169.9733796817028,6.783458478605161,0.0005623395775108692,0.0001485830409032069,-2.88132014448658e-07,1.300692063309001e-06,-2.285618080696374e-06,Success,KCP109C,/Users/lopezama/PycharmProjects/sci-cluster/review_outputs/rmelts_parity_audit_v2/2026-02-26/kcp109c_phase7_parity_20260225_224621/runs/kcp109c_phase7_parity_liam_exact/runs/20260225_224621/parallel-results/Parallel_MELTS_KCP109C_dP25.0_02-25_11cores.xlsx,system,system
429,806,175,0,111.7330446533925,1.647675190999539,-1885.795260649724,-1516.036468676841,342.6389213481755,169.9702231239122,6.781254294762501,0.0005631393571402014,0.0001485057424715962,-2.75513874327712e-07,1.300522798002118e-06,-2.293125648160743e-06,Success,KCP109C,/Users/lopezama/PycharmProjects/sci-cluster/review_outputs/rmelts_parity_audit_v2/2026-02-26/kcp109c_phase7_parity_20260225_224621/runs/kcp109c_phase7_parity_liam_exact/runs/20260225_224621/parallel-results/Parallel_MELTS_KCP109C_dP25.0_02-25_11cores.xlsx,system,system
430,805,175,0,111.7330714082147,1.648209010207977,-1885.453154330288,-1516.250614052593,342.4407923551406,169.9673426861393,6.779059616602617,0.0005639441651380355,0.0001484289961565016,-2.626843964813983e-07,1.300363256207104e-06,-2.300696930079744e-06,Success,KCP109C,/Users/lopezama/PycharmProjects/sci-cluster/review_outputs/rmelts_parity_audit_v2/2026-02-26/kcp109c_phase7_parity_20260225_224621/runs/kcp109c_phase7_parity_liam_exact/runs/20260225_224621/parallel-results/Parallel_MELTS_KCP109C_dP25.0_02-25_11cores.xlsx,system,system
431,804,175,0,111.7330982154745,1.648740850231066,-1885.111247176853,-1516.465030416309,342.2422288080061,169.964742495122,6.776874497882154,0.00056475404051936,0.0001483528038484546,-2.496407362238404e-07,1.300213448702157e-06,-2.30833241641883e-06,Success,KCP109C,/Users/lopezama/PycharmProjects/sci-cluster/review_outputs/rmelts_parity_audit_v2/2026-02-26/kcp109c_phase7_parity_20260225_224621/runs/kcp109c_phase7_parity_liam_exact/runs/20260225_224621/parallel-results/Parallel_MELTS_KCP109C_dP25.0_02-25_11cores.xlsx,system,system
432,803,175,0,111.7331250742829,1.649270685702668,-1884.769539612465,-1516.67972327184,342.0432247740791,169.9624264762457,6.774699025628969,0.0005655690309747391,0.0001482771707445137,-2.363800560880905e-07,1.30007342802566e-06,-2.3160326720525e-06,Success,KCP109C,/Users/lopezama/PycharmProjects/sci-cluster/review_outputs/rmelts_parity_audit_v2/2026-02-26/kcp109c_phase7_parity_20260225_224621/runs/kcp109c_phase7_parity_liam_exact/runs/20260225_224621/parallel-results/Parallel_MELTS_KCP109C_dP25.0_02-25_11cores.xlsx,system,system
433,802,175,0,111.7331519836377,1.649798484765878,-1884.428032063643,-1516.894698890034,341.8437735884378,169.96039837448,6.77253331333334,0.0005663891922992644,0.0001482021050788559,-2.228995210877872e-07,1.299943284670822e-06,-2.323798331292898e-06,Success,KCP109C,/Users/lopezama/PycharmProjects/sci-cluster/review_outputs/rmelts_parity_audit_v2/2026-02-26/kcp109c_phase7_parity_20260225_224621/runs/kcp109c_phase7_parity_liam_exact/runs/20260225_224621/parallel-results/Parallel_MELTS_KCP109C_dP25.0_02-25_11cores.xlsx,system,system
434,801,175,0,111.7331789429462,1.650324277319783,-1884.086724968673,-1517.109957188198,341.6438744872456,169.9586641407319,6.770377220918485,0.0005672145091695717,0.0001481275870618745,-2.091960015865478e-07,1.299822753892866e-06,-2.331629418473486e-06,Success,KCP109C,/Users/lopezama/PycharmProjects/sci-cluster/review_outputs/rmelts_parity_audit_v2/2026-02-26/kcp109c_phase7_parity_20260225_224621/runs/kcp109c_phase7_parity_liam_exact/runs/20260225_224621/parallel-results/Parallel_MELTS_KCP109C_dP25.0_02-25_11cores.xlsx,system,system
435,800,175,0,111.7332059510448,1.650848008898306,-1883.745618761532,-1517.325506986796,341.4435184035191,169.9572268709707,6.76823095456316,0.0005680450621880338,0.0001480536345011485,-1.952667077304893e-07,1.299712047066113e-06,-2.339526781481103e-06,Success,KCP109C,/Users/lopezama/PycharmProjects/sci-cluster/review_outputs/rmelts_parity_audit_v2/2026-02-26/kcp109c_phase7_parity_20260225_224621/runs/kcp109c_phase7_parity_liam_exact/runs/20260225_224621/parallel-results/Parallel_MELTS_KCP109C_dP25.0_02-25_11cores.xlsx,system,system
436,799,175,0,111.7332330070696,1.651369682245652,-1883.40471388579,-1517.541351220631,341.2427017349798,169.9560916786889,6.766094485586452,0.0005688808672019275,0.0001479802397246808,-1.811085808866916e-07,1.299611052000266e-06,-2.347490711788219e-06,Success,KCP109C,/Users/lopezama/PycharmProjects/sci-cluster/review_outputs/rmelts_parity_audit_v2/2026-02-26/kcp109c_phase7_parity_20260225_224621/runs/kcp109c_phase7_parity_liam_exact/runs/20260225_224621/parallel-results/Parallel_MELTS_KCP109C_dP25.0_02-25_11cores.xlsx,system,system
437,798,175,0,111.7332601103161,1.651889315709625,-1883.064010792083,-1517.757491292318,341.0414223029123,169.9552642480797,6.763967721549028,0.0005697219202707407,0.0001479073874334523,-1.667184736071126e-07,1.299519559722698e-06,-2.355521331529621e-06,Success,KCP109C,/Users/lopezama/PycharmProjects/sci-cluster/review_outputs/rmelts_parity_audit_v2/2026-02-26/kcp109c_phase7_parity_20260225_224621/runs/kcp109c_phase7_parity_liam_exact/runs/20260225_224621/parallel-results/Parallel_MELTS_KCP109C_dP25.0_02-25_11cores.xlsx,system,system
438,797,175,0,111.7332872597202,1.652406888091632,-1882.723509929453,-1517.973932834096,340.8396739665999,169.954748971152,6.761850732101533,0.000570568263715551,0.0001478350803100803,-1.520933863885489e-07,1.299437588453338e-06,-2.363619159197176e-06,Success,KCP109C,/Users/lopezama/PycharmProjects/sci-cluster/review_outputs/rmelts_parity_audit_v2/2026-02-26/kcp109c_phase7_parity_20260225_224621/runs/kcp109c_phase7_parity_liam_exact/runs/20260225_224621/parallel-results/Parallel_MELTS_KCP109C_dP25.0_02-25_11cores.xlsx,system,system
439,796,175,0,111.7333144542436,1.652922383706955,-1882.383211751306,-1518.190681009732,340.6374510046056,169.9545504921944,6.759743564223681,0.0005714199329768164,0.0001477633182780598,-1.37230272429209e-07,1.299365121189408e-06,-2.371784654355136e-06,Success,KCP109C,/Users/lopezama/PycharmProjects/sci-cluster/review_outputs/rmelts_parity_audit_v2/2026-02-26/kcp109c_phase7_parity_20260225_224621/runs/kcp109c_phase7_parity_liam_exact/runs/20260225_224621/parallel-results/Parallel_MELTS_KCP109C_dP25.0_02-25_11cores.xlsx,system,system
440,795,175,0,111.7333416934354,1.653435863477689,-1882.043116724189,-1518.40773304895,340.4347551142058,169.9546760048769,6.757645951771332,0.0005722768724047112,0.000147692066322455,-1.221257558019519e-07,1.299301697187791e-06,-2.380017493524418e-06,Success,KCP109C,/Users/lopezama/PycharmProjects/sci-cluster/review_outputs/rmelts_parity_audit_v2/2026-02-26/kcp109c_phase7_parity_20260225_224621/runs/kcp109c_phase7_parity_liam_exact/runs/20260225_224621/parallel-results/Parallel_MELTS_KCP109C_dP25.0_02-25_11cores.xlsx,system,system
441,794,175,0,111.7333689759052,1.653947277443357,-1881.703225302721,-1518.625097904344,340.2315770026485,169.9551291151816,6.755558082154872,0.0005731391572385607,0.0001476213397746689,-1.067768956303613e-07,1.299247493626274e-06,-2.388318476769825e-06,Success,KCP109C,/Users/lopezama/PycharmProjects/sci-cluster/review_outputs/rmelts_parity_audit_v2/2026-02-26/kcp109c_phase7_parity_20260225_224621/runs/kcp109c_phase7_parity_liam_exact/runs/20260225_224621/parallel-results/Parallel_MELTS_KCP109C_dP25.0_02-25_11cores.xlsx,system,system
442,793,175,0,111.7333963013803,1.654456710305742,-1881.363537962549,-1518.842770510969,340.0279205098527,169.9559178196282,6.75347959274994,0.0005740067013829356,0.0001475510923681744,-9.118019642331734e-08,1.29920190562465e-06,-2.396687017246708e-06,Success,KCP109C,/Users/lopezama/PycharmProjects/sci-cluster/review_outputs/rmelts_parity_audit_v2/2026-02-26/kcp109c_phase7_parity_20260225_224621/runs/kcp109c_phase7_parity_liam_exact/runs/20260225_224621/parallel-results/Parallel_MELTS_KCP109C_dP25.0_02-25_11cores.xlsx,system,system
443,792,175,0,111.7334236683573,1.654964104943027,-1881.024055161917,-1519.060760776611,339.8237754168949,169.9570456019465,6.751410700367048,0.0005748795875016564,0.0001474813423259947,-7.533271216592557e-08,1.299165146040217e-06,-2.405123977728505e-06,Success,KCP109C,/Users/lopezama/PycharmProjects/sci-cluster/review_outputs/rmelts_parity_audit_v2/2026-02-26/kcp109c_phase7_parity_20260225_224621/runs/kcp109c_phase7_parity_liam_exact/runs/20260225_224621/parallel-results/Parallel_MELTS_KCP109C_dP25.0_02-25_11cores.xlsx,system,system
444,791,175,0,111.7334510769649,1.655469600135024,-1880.68477738761,-1519.27905813802,339.6191507302447,169.9585221831813,6.74935082274248,0.000575757662665207,0.0001474120186602849,-5.923072895423749e-08,1.299136293978194e-06,-2.413628192816753e-06,Success,KCP109C,/Users/lopezama/PycharmProjects/sci-cluster/review_outputs/rmelts_parity_audit_v2/2026-02-26/kcp109c_phase7_parity_20260225_224621/runs/kcp109c_phase7_parity_liam_exact/runs/20260225_224621/parallel-results/Parallel_MELTS_KCP109C_dP25.0_02-25_11cores.xlsx,system,system
445,790,175,0,111.7334785259066,1.655973165891818,-1880.345705104995,-1519.497669855431,339.4140387053234,169.9603519573494,6.747300066648906,0.0005766409747594473,0.0001473431268230918,-4.287117917424908e-08,1.299115398612247e-06,-2.422200223595456e-06,Success,KCP109C,/Users/lopezama/PycharmProjects/sci-cluster/review_outputs/rmelts_parity_audit_v2/2026-02-26/kcp109c_phase7_parity_20260225_224621/runs/kcp109c_phase7_parity_liam_exact/runs/20260225_224621/parallel-results/Parallel_MELTS_KCP109C_dP25.0_02-25_11cores.xlsx,system,system
446,789,175,0,111.7335060141101,1.656474803305366,-1880.006838784262,-1519.716600039373,339.2084345383311,169.9625403592896,6.745258412090217,0.0005775295339738428,0.0001472746580058577,-2.625086283434192e-08,1.299102327395506e-06,-2.430840305804182e-06,Success,KCP109C,/Users/lopezama/PycharmProjects/sci-cluster/review_outputs/rmelts_parity_audit_v2/2026-02-26/kcp109c_phase7_parity_20260225_224621/runs/kcp109c_phase7_parity_liam_exact/runs/20260225_224621/parallel-results/Parallel_MELTS_KCP109C_dP25.0_02-25_11cores.xlsx,system,system
447,788,175,0,111.7335335412224,1.656974598049343,-1879.668178907933,-1519.935843961132,339.0023417488587,169.9650954776401,6.743225494993081,0.0005784232469227521,0.0001472065648098097,-9.366266156974784e-09,1.299096456120682e-06,-2.439547780712756e-06,Success,KCP109C,/Users/lopezama/PycharmProjects/sci-cluster/review_outputs/rmelts_parity_audit_v2/2026-02-26/kcp109c_phase7_parity_20260225_224621/runs/kcp109c_phase7_parity_liam_exact/runs/20260225_224621/parallel-results/Parallel_MELTS_KCP109C_dP25.0_02-25_11cores.xlsx,system,system
448,787,175,0,111.7335611068246,1.657472628477387,-1879.329725957625,-1520.1553977848,338.7957630267656,169.9680251282401,6.741200981971389,0.0005793220271798552,0.0001471388030414974,7.786085607940936e-09,1.299097199921699e-06,-2.44832204634555e-06,Success,KCP109C,/Users/lopezama/PycharmProjects/sci-cluster/review_outputs/rmelts_parity_audit_v2/2026-02-26/kcp109c_phase7_parity_20260225_224621/runs/kcp109c_phase7_parity_liam_exact/runs/20260225_224621/parallel-results/Parallel_MELTS_KCP109C_dP25.0_02-25_11cores.xlsx,system,system
449,786,175,0,111.7335887100515,1.657968922419331,-1878.99148040735,-1520.37526303417,338.5886960045131,169.9713356307438,6.739184745815882,0.0005802258479858666,0.0001470713511977681,2.520948019140209e-08,1.299104261559346e-06,-2.457163012898663e-06,Success,KCP109C,/Users/lopezama/PycharmProjects/sci-cluster/review_outputs/rmelts_parity_audit_v2/2026-02-26/kcp109c_phase7_parity_20260225_224621/runs/kcp109c_phase7_parity_liam_exact/runs/20260225_224621/parallel-results/Parallel_MELTS_KCP109C_dP25.0_02-25_11cores.xlsx,system,system
450,785,175,0,111.7336163503127,1.65846354076779,-1878.653442734601,-1520.595437879428,338.3811414782145,169.9750343041861,6.737176525363063,0.0005811346409673308,0.0001470041726643688,4.290731465141609e-08,1.299117150284283e-06,-2.466070228610513e-06,Success,KCP109C,/Users/lopezama/PycharmProjects/sci-cluster/review_outputs/rmelts_parity_audit_v2/2026-02-26/kcp109c_phase7_parity_20260225_224621/runs/kcp109c_phase7_parity_liam_exact/runs/20260225_224621/parallel-results/Parallel_MELTS_KCP109C_dP25.0_02-25_11cores.xlsx,system,system
451,784,175,0,111.7336440271219,1.658956556340788,-1878.315613417017,-1520.815919308575,338.1731013654087,169.9791288351929,6.735176011695944,0.0005820483213096003,0.0001469372252535406,6.088301267987549e-08,1.299135303014364e-06,-2.475043096299836e-06,Success,KCP109C,/Users/lopezama/PycharmProjects/sci-cluster/review_outputs/rmelts_parity_audit_v2/2026-02-26/kcp109c_phase7_parity_20260225_224621/runs/kcp109c_phase7_parity_liam_exact/runs/20260225_224621/parallel-results/Parallel_MELTS_KCP109C_dP25.0_02-25_11cores.xlsx,system,system
452,783,175,0,111.7336717403133,1.659448075089191,-1877.977992935254,-1521.036700827281,337.9645808909462,169.9836279151497,6.733182762245084,0.0005829667610815186,0.0001468704515325948,7.914008753600351e-08,1.299157960846675e-06,-2.484080642015427e-06,Success,KCP109C,/Users/lopezama/PycharmProjects/sci-cluster/review_outputs/rmelts_parity_audit_v2/2026-02-26/kcp109c_phase7_parity_20260225_224621/runs/kcp109c_phase7_parity_liam_exact/runs/20260225_224621/parallel-results/Parallel_MELTS_KCP109C_dP25.0_02-25_11cores.xlsx,system,system
453,782,175,0,111.7336994892853,1.659938156046655,-1877.640581760129,-1521.257780994939,337.7555805005828,169.9885388446872,6.731196525742428,0.0005838898881187567,0.0001468038152192855,9.768187267454864e-08,1.299184632906478e-06,-2.493182369688316e-06,Success,KCP109C,/Users/lopezama/PycharmProjects/sci-cluster/review_outputs/rmelts_parity_audit_v2/2026-02-26/kcp109c_phase7_parity_20260225_224621/runs/kcp109c_phase7_parity_liam_exact/runs/20260225_224621/parallel-results/Parallel_MELTS_KCP109C_dP25.0_02-25_11cores.xlsx,system,system
454,781,175,0,111.7337272740815,1.660426925848592,-1877.303380369458,-1521.479151273982,337.5461073808059,169.9938709089486,6.72921677760543,0.0005848175443405686,0.0001467372492403576,1.165118912283147e-07,1.2992144339057e-06,-2.50234703476966e-06,Success,KCP109C,/Users/lopezama/PycharmProjects/sci-cluster/review_outputs/rmelts_parity_audit_v2/2026-02-26/kcp109c_phase7_parity_20260225_224621/runs/kcp109c_phase7_parity_liam_exact/runs/20260225_224621/parallel-results/Parallel_MELTS_KCP109C_dP25.0_02-25_11cores.xlsx,system,system
455,780,175,0,111.7337550937791,1.660914410821094,-1876.966389221342,-1521.700813859036,337.3361585361115,169.9996304828834,6.727243400732617,0.000585749694266437,0.0001466707319153513,1.356333192625949e-07,1.299247056111679e-06,-2.51157444962277e-06,Success,KCP109C,/Users/lopezama/PycharmProjects/sci-cluster/review_outputs/rmelts_parity_audit_v2/2026-02-26/kcp109c_phase7_parity_20260225_224621/runs/kcp109c_phase7_parity_liam_exact/runs/20260225_224621/parallel-results/Parallel_MELTS_KCP109C_dP25.0_02-25_11cores.xlsx,system,system
456,779,175,0,111.7337829489404,1.66140078431756,-1876.629608793154,-1521.922755207675,337.1257459349698,170.0058282972276,6.725275683244391,0.0005866861159388643,0.0001466041744639984,1.550497540281227e-07,1.299281333610957e-06,-2.520862805543125e-06,Success,KCP109C,/Users/lopezama/PycharmProjects/sci-cluster/review_outputs/rmelts_parity_audit_v2/2026-02-26/kcp109c_phase7_parity_20260225_224621/runs/kcp109c_phase7_parity_liam_exact/runs/20260225_224621/parallel-results/Parallel_MELTS_KCP109C_dP25.0_02-25_11cores.xlsx,system,system
457,778,175,0,111.7338108392936,1.661886141731481,-1876.293039543347,-1522.144970431065,336.9148733408945,170.0124726661978,6.723313230284274,0.0005876266835883866,0.0001465375239656704,1.74764499870439e-07,1.299316555735018e-06,-2.530211119456093e-06,Success,KCP109C,/Users/lopezama/PycharmProjects/sci-cluster/review_outputs/rmelts_parity_audit_v2/2026-02-26/kcp109c_phase7_parity_20260225_224621/runs/kcp109c_phase7_parity_liam_exact/runs/20260225_224621/parallel-results/Parallel_MELTS_KCP109C_dP25.0_02-25_11cores.xlsx,system,system
458,777,175,0,111.7338387649086,1.662370600899231,-1875.956681929819,-1522.367451941641,336.7035471010594,170.0195727515449,6.721355557206564,0.0005885712388595607,0.0001464707165701276,1.947808858463326e-07,1.299351870596627e-06,-2.539618120329826e-06,Success,KCP109C,/Users/lopezama/PycharmProjects/sci-cluster/review_outputs/rmelts_parity_audit_v2/2026-02-26/kcp109c_phase7_parity_20260225_224621/runs/kcp109c_phase7_parity_liam_exact/runs/20260225_224621/parallel-results/Parallel_MELTS_KCP109C_dP25.0_02-25_11cores.xlsx,system,system
459,776,175,0,111.7338761344666,1.662258160317991,-1875.620728357901,-1522.700092326738,336.3872049098439,170.031208074656,6.721812459810202,0.0005908222245958901,0.0001468381851791784,2.127285236409055e-07,1.304748804372111e-06,-2.559351151967122e-06,Success,KCP109C,/Users/lopezama/PycharmProjects/sci-cluster/review_outputs/rmelts_parity_audit_v2/2026-02-26/kcp109c_phase7_parity_20260225_224621/runs/kcp109c_phase7_parity_liam_exact/runs/20260225_224621/parallel-results/Parallel_MELTS_KCP109C_dP25.0_02-25_11cores.xlsx,system,system
460,775,175,0,111.7339163700641,1.661946442339806,-1875.285167202315,-1523.069254653882,336.0357892939301,170.0450830781056,6.723075637308575,0.0005935124157310726,0.0001473473981813104,2.303789881340285e-07,1.311911240057689e-06,-2.582615195346419e-06,Success,KCP109C,/Users/lopezama/PycharmProjects/sci-cluster/review_outputs/rmelts_parity_audit_v2/2026-02-26/kcp109c_phase7_parity_20260225_224621/runs/kcp109c_phase7_parity_liam_exact/runs/20260225_224621/parallel-results/Parallel_MELTS_KCP109C_dP25.0_02-25_11cores.xlsx,system,system
461,774,175,0,111.7339565265004,1.661617370463667,-1874.949957651452,-1523.441346249417,335.6812408938886,170.0600044728601,6.72440951284239,0.0005962442896182134,0.0001478652326789427,2.484937828972265e-07,1.319198802312059e-06,-2.606284892658146e-06,Success,KCP109C,/Users/lopezama/PycharmProjects/sci-cluster/review_outputs/rmelts_parity_audit_v2/2026-02-26/kcp109c_phase7_parity_20260225_224621/runs/kcp109c_phase7_parity_liam_exact/runs/20260225_224621/parallel-results/Parallel_MELTS_KCP109C_dP25.0_02-25_11cores.xlsx,system,system
462,773,175,0,111.7339965895553,1.661269327439022,-1874.615102747561,-1523.816659011081,335.3232746130855,170.0759718736234,6.725820716969603,0.0005990211618956321,0.0001483926890026393,2.670803358858766e-07,1.326624652399542e-06,-2.630389753468652e-06,Success,KCP109C,/Users/lopezama/PycharmProjects/sci-cluster/review_outputs/rmelts_parity_audit_v2/2026-02-26/kcp109c_phase7_parity_20260225_224621/runs/kcp109c_phase7_parity_liam_exact/runs/20260225_224621/parallel-results/Parallel_MELTS_KCP109C_dP25.0_02-25_11cores.xlsx,system,system
463,772,175,0,111.7340365426789,1.660900515367389,-1874.280605795117,-1524.195520268778,334.9615706131553,170.0929812799334,6.727316627869398,0.0006018467462468811,0.000148930887863687,2.861464382157842e-07,1.334203557892943e-06,-2.65496283427356e-06,Success,KCP109C,/Users/lopezama/PycharmProjects/sci-cluster/review_outputs/rmelts_parity_audit_v2/2026-02-26/kcp109c_phase7_parity_20260225_224621/runs/kcp109c_phase7_parity_liam_exact/runs/20260225_224621/parallel-results/Parallel_MELTS_KCP109C_dP25.0_02-25_11cores.xlsx,system,system
464,771,175,0,111.7340763658329,1.660508930657283,-1873.946470381595,-1524.578297051881,334.5957700806531,170.1110243606975,6.728905476082259,0.0006047252027577319,0.0001494810849666809,3.057003178636134e-07,1.341952095384745e-06,-2.680041197537114e-06,Success,KCP109C,/Users/lopezama/PycharmProjects/sci-cluster/review_outputs/rmelts_parity_audit_v2/2026-02-26/kcp109c_phase7_parity_20260225_224621/runs/kcp109c_phase7_parity_liam_exact/runs/20260225_224621/parallel-results/Parallel_MELTS_KCP109C_dP25.0_02-25_11cores.xlsx,system,system
465,770,175,0,111.7341160359583,1.660092203994921,-1873.612700437398,-1524.965424874023,334.225447503594,170.1300856010114,6.730596997388234,0.0006076614639438371,0.0001500447773676588,3.257503469636698e-07,1.349890006936066e-06,-2.705668640097204e-06,Success,KCP109C,/Users/lopezama/PycharmProjects/sci-cluster/review_outputs/rmelts_parity_audit_v2/2026-02-26/kcp109c_phase7_parity_20260225_224621/runs/kcp109c_phase7_parity_liam_exact/runs/20260225_224621/parallel-results/Parallel_MELTS_KCP109C_dP25.0_02-25_11cores.xlsx,system,system
466,769,175,0,111.7341555244875,1.659647503410206,-1873.279300266248,-1525.357421622173,333.850097053279,170.1501408813087,6.732402832221822,0.0006106614096304455,0.0001506237590162504,3.463050713568037e-07,1.358040940575084e-06,-2.731897268286042e-06,Success,KCP109C,/Users/lopezama/PycharmProjects/sci-cluster/review_outputs/rmelts_parity_audit_v2/2026-02-26/kcp109c_phase7_parity_20260225_224621/runs/kcp109c_phase7_parity_liam_exact/runs/20260225_224621/parallel-results/Parallel_MELTS_KCP109C_dP25.0_02-25_11cores.xlsx,system,system
467,768,175,0,111.7341947964397,1.659171362848324,-1872.946274627151,-1525.754919511327,333.4691015855773,170.1711540936539,6.734337229918433,0.0006137322203966714,0.0001512202331318895,3.673731033891513e-07,1.366433911840195e-06,-2.758790535754098e-06,Success,KCP109C,/Users/lopezama/PycharmProjects/sci-cluster/review_outputs/rmelts_parity_audit_v2/2026-02-26/kcp109c_phase7_parity_20260225_224621/runs/kcp109c_phase7_parity_liam_exact/runs/20260225_224621/parallel-results/Parallel_MELTS_KCP109C_dP25.0_02-25_11cores.xlsx,system,system
468,767,175,0,111.734233807611,1.658659374706782,-1872.613628823409,-1526.158715625495,333.0816836013203,170.1930723731824,6.736418309356821,0.000616882973211708,0.0001518370039047604,3.889628518237854e-07,1.37510579645629e-06,-2.786428384553731e-06,Success,KCP109C,/Users/lopezama/PycharmProjects/sci-cluster/review_outputs/rmelts_parity_audit_v2/2026-02-26/kcp109c_phase7_parity_20260225_224621/runs/kcp109c_phase7_parity_liam_exact/runs/20260225_224621/parallel-results/Parallel_MELTS_KCP109C_dP25.0_02-25_11cores.xlsx,system,system
469,766,175,0,111.7342725009998,1.658105796061496,-1872.281368835713,-1526.569839822842,332.6868392559981,170.215819474655,6.738669677556318,0.0006201254217800151,0.0001524777252409316,4.11082301190736e-07,1.3841045795819e-06,-2.814914008093665e-06,Success,KCP109C,/Users/lopezama/PycharmProjects/sci-cluster/review_outputs/rmelts_parity_audit_v2/2026-02-26/kcp109c_phase7_parity_20260225_224621/runs/kcp109c_phase7_parity_liam_exact/runs/20260225_224621/parallel-results/Parallel_MELTS_KCP109C_dP25.0_02-25_11cores.xlsx,system,system
470,765,175,0,111.7343108005164,1.657502875750723,-1871.949501498018,-1526.989668582113,332.2832277762417,170.2392849121105,6.74112319412473,0.0006234753157059057,0.000153147323040869,4.337385248307405e-07,1.393494864213686e-06,-2.844385268445161e-06,Success,KCP109C,/Users/lopezama/PycharmProjects/sci-cluster/review_outputs/rmelts_parity_audit_v2/2026-02-26/kcp109c_phase7_parity_20260225_224621/runs/kcp109c_phase7_parity_liam_exact/runs/20260225_224621/parallel-results/Parallel_MELTS_KCP109C_dP25.0_02-25_11cores.xlsx,system,system
471,764,175,0,111.7343486016471,1.656839823893216,-1871.61803476255,-1527.42010214343,331.8689992953001,170.2633068049384,6.743823210326719,0.0006269544380276528,0.0001538526455390083,4.569370484910193e-07,1.40336636979628e-06,-2.875032359478131e-06,Success,KCP109C,/Users/lopezama/PycharmProjects/sci-cluster/review_outputs/rmelts_parity_audit_v2/2026-02-26/kcp109c_phase7_parity_20260225_224621/runs/kcp109c_phase7_parity_liam_exact/runs/20260225_224621/parallel-results/Parallel_MELTS_KCP109C_dP25.0_02-25_11cores.xlsx,system,system
472,763,175,0,111.7347039420953,1.655971238196158,-1871.292117859622,-1527.890847112853,331.4204224743221,170.2842249258726,6.747381920944919,0.0006308180133022641,0.0001546787918269581,4.804439432614383e-07,1.414818104104402e-06,-2.909074075668536e-06,Success,KCP109C,/Users/lopezama/PycharmProjects/sci-cluster/review_outputs/rmelts_parity_audit_v2/2026-02-26/kcp109c_phase7_parity_20260225_224621/runs/kcp109c_phase7_parity_liam_exact/runs/20260225_224621/parallel-results/Parallel_MELTS_KCP109C_dP25.0_02-25_11cores.xlsx,system,system
473,762,175,0,111.7358012293709,1.654650787314527,-1870.978666610415,-1528.450157598703,330.8974631809028,170.2966610445364,6.75283280834843,0.0006355079135128896,0.0001557713519308979,5.039213166671665e-07,1.429739365621286e-06,-2.950356659333611e-06,Success,KCP109C,/Users/lopezama/PycharmProjects/sci-cluster/review_outputs/rmelts_parity_audit_v2/2026-02-26/kcp109c_phase7_parity_20260225_224621/runs/kcp109c_phase7_parity_liam_exact/runs/20260225_224621/parallel-results/Parallel_MELTS_KCP109C_dP25.0_02-25_11cores.xlsx,system,system
474,761,175,0,111.7412186359679,1.63948065382195,-1870.7361199373,-1531.609761410128,327.9276299639039,170.0052578929014,6.815647282904939,0.0006670514792770118,0.0001656595495691006,5.056987803527851e-07,1.558904173523081e-06,-3.223003676210203e-06,Success,KCP109C,/Users/lopezama/PycharmProjects/sci-cluster/review_outputs/rmelts_parity_audit_v2/2026-02-26/kcp109c_phase7_parity_20260225_224621/runs/kcp109c_phase7_parity_liam_exact/runs/20260225_224621/parallel-results/Parallel_MELTS_KCP109C_dP25.0_02-25_11cores.xlsx,system,system
475,760,175,0,111.7454595343635,1.61987406169714,-1870.478554044126,-1535.65826870332,324.0771285300352,169.6091455592151,6.89840415231342,0.0007074464994990694,0.0001783634457381575,5.05049637138026e-07,1.728340904511635e-06,-3.57958428624004e-06,Success,KCP109C,/Users/lopezama/PycharmProjects/sci-cluster/review_outputs/rmelts_parity_audit_v2/2026-02-26/kcp109c_phase7_parity_20260225_224621/runs/kcp109c_phase7_parity_liam_exact/runs/20260225_224621/parallel-results/Parallel_MELTS_KCP109C_dP25.0_02-25_11cores.xlsx,system,system
476,759,175,0,111.7457782340642,1.609682095968588,-1870.160898933724,-1537.966697876315,321.8468256139212,169.4106051083007,6.942102326535716,0.0007298901619398177,0.0001851299043996067,5.234955120944017e-07,1.820838083846105e-06,-3.782139055711371e-06,Success,KCP109C,/Users/lopezama/PycharmProjects/sci-cluster/review_outputs/rmelts_parity_audit_v2/2026-02-26/kcp109c_phase7_parity_20260225_224621/runs/kcp109c_phase7_parity_liam_exact/runs/20260225_224621/parallel-results/Parallel_MELTS_KCP109C_dP25.0_02-25_11cores.xlsx,system,system
477,758,175,0,111.7457570445884,1.605702816149953,-1869.839343308201,-1539.127888146029,320.7209961326398,169.3487467418665,6.959305042045388,0.0007404226467823261,0.0001879845307018837,5.535228022585885e-07,1.860892639612255e-06,-3.8789461327456e-06,Success,KCP109C,/Users/lopezama/PycharmProjects/sci-cluster/review_outputs/rmelts_parity_audit_v2/2026-02-26/kcp109c_phase7_parity_20260225_224621/runs/kcp109c_phase7_parity_liam_exact/runs/20260225_224621/parallel-results/Parallel_MELTS_KCP109C_dP25.0_02-25_11cores.xlsx,system,system
478,757,175,0,111.7457668561695,1.604481768079005,-1869.519113289037,-1539.766185661816,320.1018566492465,169.3505627633371,6.964601847109749,0.0007456264697471783,0.0001890946119219514,5.885906139436273e-07,1.877229948133118e-06,-3.927758158371836e-06,Success,KCP109C,/Users/lopezama/PycharmProjects/sci-cluster/review_outputs/rmelts_parity_audit_v2/2026-02-26/kcp109c_phase7_parity_20260225_224621/runs/kcp109c_phase7_parity_liam_exact/runs/20260225_224621/parallel-results/Parallel_MELTS_KCP109C_dP25.0_02-25_11cores.xlsx,system,system
479,851,150,0,111.7320217741093,1.517982181435745,-1903.151332114359,-1508.64509580096,350.9373627304171,169.7040844225875,7.360562142332292,0.0006177537572447078,0.0002215637707448783,-1.874491857387728e-06,2.441000001552204e-06,-2.886677824694653e-06,Success,KCP109C,/Users/lopezama/PycharmProjects/sci-cluster/review_outputs/rmelts_parity_audit_v2/2026-02-26/kcp109c_phase7_parity_20260225_224621/runs/kcp109c_phase7_parity_liam_exact/runs/20260225_224621/parallel-results/Parallel_MELTS_KCP109C_dP25.0_02-25_11cores.xlsx,system,system
480,850,150,0,111.7320463875192,1.518959042377344,-1902.800870894717,-1508.815309586143,350.7862363073266,169.7178735608493,7.355830096158863,0.0006183582208410802,0.0002212904393350175,-1.87119602497238e-06,2.437672921363232e-06,-2.891281556578392e-06,Success,KCP109C,/Users/lopezama/PycharmProjects/sci-cluster/review_outputs/rmelts_parity_audit_v2/2026-02-26/kcp109c_phase7_parity_20260225_224621/runs/kcp109c_phase7_parity_liam_exact/runs/20260225_224621/parallel-results/Parallel_MELTS_KCP109C_dP25.0_02-25_11cores.xlsx,system,system
481,849,150,0,111.7320711015775,1.519937163444905,-1902.450562482126,-1508.985537355021,350.634964244624,169.7317531495146,7.351098044628314,0.0006189632641443659,0.0002210163159752821,-1.86778012917726e-06,2.434342191467876e-06,-2.895913527571157e-06,Success,KCP109C,/Users/lopezama/PycharmProjects/sci-cluster/review_outputs/rmelts_parity_audit_v2/2026-02-26/kcp109c_phase7_parity_20260225_224621/runs/kcp109c_phase7_parity_liam_exact/runs/20260225_224621/parallel-results/Parallel_MELTS_KCP109C_dP25.0_02-25_11cores.xlsx,system,system
482,848,150,0,111.7320959167019,1.520916556355409,-1902.100407029029,-1509.155779237369,350.483546172822,169.7457232578516,7.346365942944756,0.0006195688652195662,0.0002207413909012991,-1.864242176659756e-06,2.431007679004541e-06,-2.900573803933309e-06,Success,KCP109C,/Users/lopezama/PycharmProjects/sci-cluster/review_outputs/rmelts_parity_audit_v2/2026-02-26/kcp109c_phase7_parity_20260225_224621/runs/kcp109c_phase7_parity_liam_exact/runs/20260225_224621/parallel-results/Parallel_MELTS_KCP109C_dP25.0_02-25_11cores.xlsx,system,system
483,847,150,0,111.7321208333327,1.52189722451133,-1901.750404688573,-1509.326035340584,350.3319817417209,169.759784164577,7.341633786684184,0.000620175008718733,0.0002204656580961863,-1.860580213786385e-06,2.427669311069988e-06,-2.905262520332895e-06,Success,KCP109C,/Users/lopezama/PycharmProjects/sci-cluster/review_outputs/rmelts_parity_audit_v2/2026-02-26/kcp109c_phase7_parity_20260225_224621/runs/kcp109c_phase7_parity_liam_exact/runs/20260225_224621/parallel-results/Parallel_MELTS_KCP109C_dP25.0_02-25_11cores.xlsx,system,system
484,846,150,0,111.7321458519522,1.522879154854972,-1901.400555614939,-1509.496305729244,350.1802706390522,169.7739365758003,7.336901650780865,0.0006207816928517832,0.0002201891189959046,-1.856792389441452e-06,2.424327134065928e-06,-2.909979949518269e-06,Success,KCP109C,/Users/lopezama/PycharmProjects/sci-cluster/review_outputs/rmelts_parity_audit_v2/2026-02-26/kcp109c_phase7_parity_20260225_224621/runs/kcp109c_phase7_parity_liam_exact/runs/20260225_224621/parallel-results/Parallel_MELTS_KCP109C_dP25.0_02-25_11cores.xlsx,system,system
485,845,150,0,111.7321709729564,1.523862370534688,-1901.050859961242,-1509.666590564004,350.0284124645515,169.7881802453144,7.332169435600157,0.0006213888850163381,0.0002199117584945507,-1.852876546677598e-06,2.420980928422426e-06,-2.914726057390681e-06,Success,KCP109C,/Users/lopezama/PycharmProjects/sci-cluster/review_outputs/rmelts_parity_audit_v2/2026-02-26/kcp109c_phase7_parity_20260225_224621/runs/kcp109c_phase7_parity_liam_exact/runs/20260225_224621/parallel-results/Parallel_MELTS_KCP109C_dP25.0_02-25_11cores.xlsx,system,system
486,844,150,0,111.7321961969139,1.524846825318806,-1900.701317883751,-1509.836889825199,349.8764069807565,169.8025167495621,7.327437375459241,0.0006219966109605657,0.0002196335930375558,-1.848831040437619e-06,2.417630980522733e-06,-2.919501396652587e-06,Success,KCP109C,/Users/lopezama/PycharmProjects/sci-cluster/review_outputs/rmelts_parity_audit_v2/2026-02-26/kcp109c_phase7_parity_20260225_224621/runs/kcp109c_phase7_parity_liam_exact/runs/20260225_224621/parallel-results/Parallel_MELTS_KCP109C_dP25.0_02-25_11cores.xlsx,system,system
487,843,150,0,111.7322215241778,1.525832561508042,-1900.351929535576,-1510.007203724341,349.7242537394039,169.8169453286162,7.322705278602017,0.000622604821216431,0.0002193545987036413,-1.844653514350286e-06,2.414276928575871e-06,-2.924305768427972e-06,Success,KCP109C,/Users/lopezama/PycharmProjects/sci-cluster/review_outputs/rmelts_parity_audit_v2/2026-02-26/kcp109c_phase7_parity_20260225_224621/runs/kcp109c_phase7_parity_liam_exact/runs/20260225_224621/parallel-results/Parallel_MELTS_KCP109C_dP25.0_02-25_11cores.xlsx,system,system
488,842,150,0,111.7322469552423,1.52681956490985,-1900.002695072473,-1510.177532326682,349.5719524241499,169.8314667076946,7.317973225070601,0.0006232135138089339,0.0002190747772507623,-1.840342023652447e-06,2.410918822423429e-06,-2.929139451716496e-06,Success,KCP109C,/Users/lopezama/PycharmProjects/sci-cluster/review_outputs/rmelts_parity_audit_v2/2026-02-26/kcp109c_phase7_parity_20260225_224621/runs/kcp109c_phase7_parity_liam_exact/runs/20260225_224621/parallel-results/Parallel_MELTS_KCP109C_dP25.0_02-25_11cores.xlsx,system,system
489,841,150,0,111.7322724905804,1.527807830895372,-1899.653614650195,-1510.347875723472,349.4195026941819,169.8460813578622,7.313241248743936,0.0006238226783937969,0.0002187941260309566,-1.835894523355556e-06,2.407556640716136e-06,-2.934002643601576e-06,Success,KCP109C,/Users/lopezama/PycharmProjects/sci-cluster/review_outputs/rmelts_parity_audit_v2/2026-02-26/kcp109c_phase7_parity_20260225_224621/runs/kcp109c_phase7_parity_liam_exact/runs/20260225_224621/parallel-results/Parallel_MELTS_KCP109C_dP25.0_02-25_11cores.xlsx,system,system
490,840,150,0,111.732298130595,1.528797384027161,-1899.304688423716,-1510.518234079618,349.2669041405899,169.8607889631193,7.308509243799827,0.0006244322792722991,0.0002185126290696287,-1.831308716735548e-06,2.404190148162798e-06,-2.938895289666839e-06,Success,KCP109C,/Users/lopezama/PycharmProjects/sci-cluster/review_outputs/rmelts_parity_audit_v2/2026-02-26/kcp109c_phase7_parity_20260225_224621/runs/kcp109c_phase7_parity_liam_exact/runs/20260225_224621/parallel-results/Parallel_MELTS_KCP109C_dP25.0_02-25_11cores.xlsx,system,system
491,839,150,0,111.7323238758278,1.529788193649282,-1898.95591655061,-1510.688607422503,349.1141564789887,169.8755906831411,7.303777368636394,0.0006250423277324037,0.0002182302954612152,-1.826582707146338e-06,2.400819510617469e-06,-2.943817807242829e-06,Success,KCP109C,/Users/lopezama/PycharmProjects/sci-cluster/review_outputs/rmelts_parity_audit_v2/2026-02-26/kcp109c_phase7_parity_20260225_224621/runs/kcp109c_phase7_parity_liam_exact/runs/20260225_224621/parallel-results/Parallel_MELTS_KCP109C_dP25.0_02-25_11cores.xlsx,system,system
492,838,150,0,111.7323497267176,1.530780271630942,-1898.607299187138,-1510.858995886736,348.9612593262846,169.8904865337579,7.299045578087728,0.0006256527982924351,0.000217947114906659,-1.821714242786631e-06,2.397444582744868e-06,-2.948770247940422e-06,Success,KCP109C,/Users/lopezama/PycharmProjects/sci-cluster/review_outputs/rmelts_parity_audit_v2/2026-02-26/kcp109c_phase7_parity_20260225_224621/runs/kcp109c_phase7_parity_liam_exact/runs/20260225_224621/parallel-results/Parallel_MELTS_KCP109C_dP25.0_02-25_11cores.xlsx,system,system
493,837,150,0,111.7323756837425,1.531773614857421,-1898.258836490553,-1511.02939957033,348.8082123318679,169.905476928727,7.294313898607186,0.0006262636779906623,0.0002176630838723129,-1.816701160712643e-06,2.394065327068377e-06,-2.953752790417173e-06,Success,KCP109C,/Users/lopezama/PycharmProjects/sci-cluster/review_outputs/rmelts_parity_audit_v2/2026-02-26/kcp109c_phase7_parity_20260225_224621/runs/kcp109c_phase7_parity_liam_exact/runs/20260225_224621/parallel-results/Parallel_MELTS_KCP109C_dP25.0_02-25_11cores.xlsx,system,system
494,836,150,0,111.7324017473597,1.532768229569276,-1897.910528618122,-1511.199818594617,348.655015122846,169.9205620227324,7.289582312047114,0.0006268749454157112,0.0002173781945235447,-1.811541198909472e-06,2.390681636779418e-06,-2.958765530851692e-06,Success,KCP109C,/Users/lopezama/PycharmProjects/sci-cluster/review_outputs/rmelts_parity_audit_v2/2026-02-26/kcp109c_phase7_parity_20260225_224621/runs/kcp109c_phase7_parity_liam_exact/runs/20260225_224621/parallel-results/Parallel_MELTS_KCP109C_dP25.0_02-25_11cores.xlsx,system,system
495,835,150,0,111.732427918066,1.533764106842237,-1897.562375728123,-1511.370253045157,348.501667358179,169.9357423786858,7.284850872413777,0.0006274865919575377,0.000217092445866087,-1.806232184921685e-06,2.387293513951312e-06,-2.963808695009827e-06,Success,KCP109C,/Users/lopezama/PycharmProjects/sci-cluster/review_outputs/rmelts_parity_audit_v2/2026-02-26/kcp109c_phase7_parity_20260225_224621/runs/kcp109c_phase7_parity_liam_exact/runs/20260225_224621/parallel-results/Parallel_MELTS_KCP109C_dP25.0_02-25_11cores.xlsx,system,system
496,834,150,0,111.7324541963342,1.534761248548523,-1897.214377978791,-1511.540703034312,348.3481686713449,169.9510182608942,7.280119582247952,0.0006280985992967632,0.0002168058319492816,-1.800771835771038e-06,2.383900880808007e-06,-2.968882413540977e-06,Success,KCP109C,/Users/lopezama/PycharmProjects/sci-cluster/review_outputs/rmelts_parity_audit_v2/2026-02-26/kcp109c_phase7_parity_20260225_224621/runs/kcp109c_phase7_parity_liam_exact/runs/20260225_224621/parallel-results/Parallel_MELTS_KCP109C_dP25.0_02-25_11cores.xlsx,system,system
497,833,150,0,111.7324805825869,1.5357596773202,-1896.866535527917,-1511.71116872301,348.1945186501899,169.9663893533827,7.275388345756854,0.0006287109305195515,0.0002165183373508831,-1.795157681811787e-06,2.380503507724649e-06,-2.97398663360928e-06,Success,KCP109C,/Users/lopezama/PycharmProjects/sci-cluster/review_outputs/rmelts_parity_audit_v2/2026-02-26/kcp109c_phase7_parity_20260225_224621/runs/kcp109c_phase7_parity_liam_exact/runs/20260225_224621/parallel-results/Parallel_MELTS_KCP109C_dP25.0_02-25_11cores.xlsx,system,system
498,832,150,0,111.7325070774573,1.536759332540239,-1896.518848537074,-1511.881650079905,348.0407170584708,169.9818576359844,7.270657461553539,0.0006293236213371256,0.0002162299843835205,-1.789387864211445e-06,2.377101767296431e-06,-2.979122027772546e-06,Success,KCP109C,/Users/lopezama/PycharmProjects/sci-cluster/review_outputs/rmelts_parity_audit_v2/2026-02-26/kcp109c_phase7_parity_20260225_224621/runs/kcp109c_phase7_parity_liam_exact/runs/20260225_224621/parallel-results/Parallel_MELTS_KCP109C_dP25.0_02-25_11cores.xlsx,system,system
499,831,150,0,111.7325336812884,1.537760270600556,-1896.171317163481,-1512.052147345467,347.8867634089693,169.9974218479923,7.26592667384055,0.0006299366044771221,0.0002159407422009592,-1.783459598898546e-06,2.373695182323042e-06,-2.984288244111471e-06,Success,KCP109C,/Users/lopezama/PycharmProjects/sci-cluster/review_outputs/rmelts_parity_audit_v2/2026-02-26/kcp109c_phase7_parity_20260225_224621/runs/kcp109c_phase7_parity_liam_exact/runs/20260225_224621/parallel-results/Parallel_MELTS_KCP109C_dP25.0_02-25_11cores.xlsx,system,system
500,830,150,0,111.7325603946115,1.538762473506208,-1895.823941567783,-1512.222660588527,347.7326573713964,170.0130827795955,7.261196079211549,0.0006305498775202156,0.0002156506136684711,-1.777370644306762e-06,2.370283813506431e-06,-2.989485578562558e-06,Success,KCP109C,/Users/lopezama/PycharmProjects/sci-cluster/review_outputs/rmelts_parity_audit_v2/2026-02-26/kcp109c_phase7_parity_20260225_224621/runs/kcp109c_phase7_parity_liam_exact/runs/20260225_224621/parallel-results/Parallel_MELTS_KCP109C_dP25.0_02-25_11cores.xlsx,system,system
501,829,150,0,111.7325872179212,1.539765938794141,-1895.4767219104,-1512.393189914786,347.5783985806052,170.0288407864725,7.256465700587192,0.0006311634240597073,0.0002153595945494065,-1.771118611534176e-06,2.366867607438262e-06,-2.994714189262714e-06,Success,KCP109C,/Users/lopezama/PycharmProjects/sci-cluster/review_outputs/rmelts_parity_audit_v2/2026-02-26/kcp109c_phase7_parity_20260225_224621/runs/kcp109c_phase7_parity_liam_exact/runs/20260225_224621/parallel-results/Parallel_MELTS_KCP109C_dP25.0_02-25_11cores.xlsx,system,system
502,828,150,0,111.7326141517088,1.540770666316502,-1895.129658352062,-1512.563735435924,347.4239866649757,170.0446961537779,7.251735549900257,0.0006317772252571943,0.0002150676795052506,-1.764701065672181e-06,2.363446492458337e-06,-2.99997421168671e-06,Success,KCP109C,/Users/lopezama/PycharmProjects/sci-cluster/review_outputs/rmelts_parity_audit_v2/2026-02-26/kcp109c_phase7_parity_20260225_224621/runs/kcp109c_phase7_parity_liam_exact/runs/20260225_224621/parallel-results/Parallel_MELTS_KCP109C_dP25.0_02-25_11cores.xlsx,system,system
503,827,150,0,111.7326411964616,1.541776658404649,-1894.782751053808,-1512.734297269661,347.2694212463276,170.0606490899868,7.247005627395914,0.0006323912596591276,0.0002147748620227422,-1.758115524549484e-06,2.360020377503982e-06,-3.005265756814982e-06,Success,KCP109C,/Users/lopezama/PycharmProjects/sci-cluster/review_outputs/rmelts_parity_audit_v2/2026-02-26/kcp109c_phase7_parity_20260225_224621/runs/kcp109c_phase7_parity_liam_exact/runs/20260225_224621/parallel-results/Parallel_MELTS_KCP109C_dP25.0_02-25_11cores.xlsx,system,system
504,826,150,0,111.732668352699,1.542783905524851,-1894.436000177571,-1512.904875508735,347.1147019686445,170.0767001333728,7.242275989046428,0.0006330055160056384,0.0002144811409120929,-1.751359567700313e-06,2.356589255669329e-06,-3.010589038417132e-06,Success,KCP109C,/Users/lopezama/PycharmProjects/sci-cluster/review_outputs/rmelts_parity_audit_v2/2026-02-26/kcp109c_phase7_parity_20260225_224621/runs/kcp109c_phase7_parity_liam_exact/runs/20260225_224621/parallel-results/Parallel_MELTS_KCP109C_dP25.0_02-25_11cores.xlsx,system,system
505,825,150,0,111.7326956209029,1.543792414054957,-1894.089405885045,-1513.075470281156,346.9598284422794,170.0928493651553,7.237546615961373,0.000633619968429147,0.000214186507722103,-1.744430624906767e-06,2.353153003571256e-06,-3.015944126428837e-06,Success,KCP109C,/Users/lopezama/PycharmProjects/sci-cluster/review_outputs/rmelts_parity_audit_v2/2026-02-26/kcp109c_phase7_parity_20260225_224621/runs/kcp109c_phase7_parity_liam_exact/runs/20260225_224621/parallel-results/Parallel_MELTS_KCP109C_dP25.0_02-25_11cores.xlsx,system,system
506,824,150,0,111.7327220533875,1.544635304773272,-1893.74295631054,-1513.263616081867,346.7888075729596,170.1007141697039,7.233598876583237,0.0006344157439285586,0.000213982496189415,-1.738832391876161e-06,2.351141202836954e-06,-3.023112366031863e-06,Success,KCP109C,/Users/lopezama/PycharmProjects/sci-cluster/review_outputs/rmelts_parity_audit_v2/2026-02-26/kcp109c_phase7_parity_20260225_224621/runs/kcp109c_phase7_parity_liam_exact/runs/20260225_224621/parallel-results/Parallel_MELTS_KCP109C_dP25.0_02-25_11cores.xlsx,system,system
507,823,150,0,111.7327472594682,1.545249344821965,-1893.396673503175,-1513.475904180764,346.5956021734349,170.0973201352421,7.230726072389398,0.0006354639419761077,0.0002139039174608592,-1.735130647610301e-06,2.351096958161951e-06,-3.032790800664586e-06,Success,KCP109C,/Users/lopezama/PycharmProjects/sci-cluster/review_outputs/rmelts_parity_audit_v2/2026-02-26/kcp109c_phase7_parity_20260225_224621/runs/kcp109c_phase7_parity_liam_exact/runs/20260225_224621/parallel-results/Parallel_MELTS_KCP109C_dP25.0_02-25_11cores.xlsx,system,system
508,822,150,0,111.7327725190801,1.545862146818813,-1893.050584925019,-1513.688399564803,346.4020320140767,170.094185765107,7.227861342553208,0.0006365185224150154,0.0002138259667597056,-1.731266830519895e-06,2.351070868710093e-06,-3.042559551026102e-06,Success,KCP109C,/Users/lopezama/PycharmProjects/sci-cluster/review_outputs/rmelts_parity_audit_v2/2026-02-26/kcp109c_phase7_parity_20260225_224621/runs/kcp109c_phase7_parity_liam_exact/runs/20260225_224621/parallel-results/Parallel_MELTS_KCP109C_dP25.0_02-25_11cores.xlsx,system,system
509,821,150,0,111.7327978317576,1.546473723393375,-1892.704690932789,-1513.901103045332,346.2080956792551,170.0913156570778,7.225004611561464,0.0006375795070410349,0.0002137486325030904,-1.727237460220325e-06,2.351062796869827e-06,-3.052419262128734e-06,Success,KCP109C,/Users/lopezama/PycharmProjects/sci-cluster/review_outputs/rmelts_parity_audit_v2/2026-02-26/kcp109c_phase7_parity_20260225_224621/runs/kcp109c_phase7_parity_liam_exact/runs/20260225_224621/parallel-results/Parallel_MELTS_KCP109C_dP25.0_02-25_11cores.xlsx,system,system
510,820,150,0,111.7328231967531,1.547084041186824,-1892.3589918836,-1514.114020301947,346.0137872951138,170.0887121742598,7.222156018818398,0.0006386469679308621,0.0002136719281747475,-1.723039414390737e-06,2.351072996928458e-06,-3.062371079343961e-06,Success,KCP109C,/Users/lopezama/PycharmProjects/sci-cluster/review_outputs/rmelts_parity_audit_v2/2026-02-26/kcp109c_phase7_parity_20260225_224621/runs/kcp109c_phase7_parity_liam_exact/runs/20260225_224621/parallel-results/Parallel_MELTS_KCP109C_dP25.0_02-25_11cores.xlsx,system,system
511,819,150,0,111.7328486133689,1.547693079666977,-1892.013488140297,-1514.32715575139,345.8191021278274,170.0863783286168,7.219315643474409,0.0006397209634081465,0.000213595860105111,-1.718669398067557e-06,2.351101611639869e-06,-3.072416018934787e-06,Success,KCP109C,/Users/lopezama/PycharmProjects/sci-cluster/review_outputs/rmelts_parity_audit_v2/2026-02-26/kcp109c_phase7_parity_20260225_224621/runs/kcp109c_phase7_parity_liam_exact/runs/20260225_224621/parallel-results/Parallel_MELTS_KCP109C_dP25.0_02-25_11cores.xlsx,system,system
512,818,150,0,111.7328740808824,1.548300817098285,-1891.668180070139,-1514.5405139988,345.6240352576081,170.0843171237721,7.216483570052244,0.0006408015532567211,0.0002135204351079946,-1.714124068683612e-06,2.351148791620733e-06,-3.08255511759123e-06,Success,KCP109C,/Users/lopezama/PycharmProjects/sci-cluster/review_outputs/rmelts_parity_audit_v2/2026-02-26/kcp109c_phase7_parity_20260225_224621/runs/kcp109c_phase7_parity_liam_exact/runs/20260225_224621/parallel-results/Parallel_MELTS_KCP109C_dP25.0_02-25_11cores.xlsx,system,system
513,817,150,0,111.7328995985816,1.54890723864331,-1891.323068045291,-1514.754099018026,345.428582330198,170.0825318746909,7.213659850698905,0.0006418887898575401,0.0002134456561302819,-1.709399963765311e-06,2.351214627156619e-06,-3.092789345649161e-06,Success,KCP109C,/Users/lopezama/PycharmProjects/sci-cluster/review_outputs/rmelts_parity_audit_v2/2026-02-26/kcp109c_phase7_parity_20260225_224621/runs/kcp109c_phase7_parity_liam_exact/runs/20260225_224621/parallel-results/Parallel_MELTS_KCP109C_dP25.0_02-25_11cores.xlsx,system,system
514,816,150,0,111.7329251657185,1.549512325164882,-1890.978152441945,-1514.967915287416,345.2327385158411,170.0810257717264,7.210844557420937,0.0006429827303215869,0.0002133715282349244,-1.704493598942899e-06,2.351299241982449e-06,-3.103119725992101e-06,Success,KCP109C,/Users/lopezama/PycharmProjects/sci-cluster/review_outputs/rmelts_parity_audit_v2/2026-02-26/kcp109c_phase7_parity_20260225_224621/runs/kcp109c_phase7_parity_liam_exact/runs/20260225_224621/parallel-results/Parallel_MELTS_KCP109C_dP25.0_02-25_11cores.xlsx,system,system
515,815,150,0,111.7329507815495,1.550116061444901,-1890.633433640848,-1515.18196696732,345.0364992634545,170.0798021941594,7.208037743793229,0.0006440834274100694,0.0002132980541503227,-1.699401394124679e-06,2.351402723600076e-06,-3.113547245322574e-06,Success,KCP109C,/Users/lopezama/PycharmProjects/sci-cluster/review_outputs/rmelts_parity_audit_v2/2026-02-26/kcp109c_phase7_parity_20260225_224621/runs/kcp109c_phase7_parity_liam_exact/runs/20260225_224621/parallel-results/Parallel_MELTS_KCP109C_dP25.0_02-25_11cores.xlsx,system,system
516,814,150,0,111.7329764453556,1.550718441479911,-1890.288912027489,-1515.39625734595,344.839860811792,170.07886492643,7.205239420427896,0.0006451909236518214,0.0002132252314575692,-1.69411962683791e-06,2.351525079016056e-06,-3.124072796340638e-06,Success,KCP109C,/Users/lopezama/PycharmProjects/sci-cluster/review_outputs/rmelts_parity_audit_v2/2026-02-26/kcp109c_phase7_parity_20260225_224621/runs/kcp109c_phase7_parity_liam_exact/runs/20260225_224621/parallel-results/Parallel_MELTS_KCP109C_dP25.0_02-25_11cores.xlsx,system,system
517,813,150,0,111.7330021563114,1.551319442949793,-1889.944587989808,-1515.610791462496,344.642817775917,170.078217111076,7.20244967366966,0.0006463052797332639,0.0002131530664052699,-1.688644657961761e-06,2.351666451203998e-06,-3.134697456121479e-06,Success,KCP109C,/Users/lopezama/PycharmProjects/sci-cluster/review_outputs/rmelts_parity_audit_v2/2026-02-26/kcp109c_phase7_parity_20260225_224621/runs/kcp109c_phase7_parity_liam_exact/runs/20260225_224621/parallel-results/Parallel_MELTS_KCP109C_dP25.0_02-25_11cores.xlsx,system,system
518,812,150,0,111.7330279138338,1.551919089735851,-1889.600461923678,-1515.825569700853,344.4453690483575,170.0778638074566,7.199668375292145,0.0006474265041534008,0.0002130815398593512,-1.682972374830825e-06,2.351826585764724e-06,-3.145421796767353e-06,Success,KCP109C,/Users/lopezama/PycharmProjects/sci-cluster/review_outputs/rmelts_parity_audit_v2/2026-02-26/kcp109c_phase7_parity_20260225_224621/runs/kcp109c_phase7_parity_liam_exact/runs/20260225_224621/parallel-results/Parallel_MELTS_KCP109C_dP25.0_02-25_11cores.xlsx,system,system
519,811,150,0,111.7330537170135,1.552517350128865,-1889.256534223478,-1516.040598230582,344.2475081795844,170.0778078160638,7.196895655158972,0.0006485546677351399,0.000213010662737837,-1.677099096325664e-06,2.352005699181238e-06,-3.156247007725382e-06,Success,KCP109C,/Users/lopezama/PycharmProjects/sci-cluster/review_outputs/rmelts_parity_audit_v2/2026-02-26/kcp109c_phase7_parity_20260225_224621/runs/kcp109c_phase7_parity_liam_exact/runs/20260225_224621/parallel-results/Parallel_MELTS_KCP109C_dP25.0_02-25_11cores.xlsx,system,system
520,810,150,0,111.7330795652084,1.553114240538914,-1888.912805291505,-1516.255878374769,344.0492331779863,170.0780539199041,7.194131419877923,0.0006496897864847681,0.0002129404194303306,-1.671020648945638e-06,2.352203592636625e-06,-3.167173747896295e-06,Success,KCP109C,/Users/lopezama/PycharmProjects/sci-cluster/review_outputs/rmelts_parity_audit_v2/2026-02-26/kcp109c_phase7_parity_20260225_224621/runs/kcp109c_phase7_parity_liam_exact/runs/20260225_224621/parallel-results/Parallel_MELTS_KCP109C_dP25.0_02-25_11cores.xlsx,system,system
521,809,150,0,111.7331054576253,1.553709757968797,-1888.569275530954,-1516.471413522514,343.8505401362466,170.0786061172491,7.191375666179551,0.0006508318983370301,0.0002128708048642161,-1.664732970589363e-06,2.352420232054979e-06,-3.178202897135498e-06,Success,KCP109C,/Users/lopezama/PycharmProjects/sci-cluster/review_outputs/rmelts_parity_audit_v2/2026-02-26/kcp109c_phase7_parity_20260225_224621/runs/kcp109c_phase7_parity_liam_exact/runs/20260225_224621/parallel-results/Parallel_MELTS_KCP109C_dP25.0_02-25_11cores.xlsx,system,system
522,808,150,0,111.7331313936138,1.554303919780807,-1888.22594535043,-1516.687205076366,343.6514269750394,170.0794692390912,7.188628296669986,0.0006519810169089714,0.0002128018023377744,-1.658231750675249e-06,2.352655401664213e-06,-3.18933510408452e-06,Success,KCP109C,/Users/lopezama/PycharmProjects/sci-cluster/review_outputs/rmelts_parity_audit_v2/2026-02-26/kcp109c_phase7_parity_20260225_224621/runs/kcp109c_phase7_parity_liam_exact/runs/20260225_224621/parallel-results/Parallel_MELTS_KCP109C_dP25.0_02-25_11cores.xlsx,system,system
523,807,150,0,111.7331573721621,1.554896701377616,-1887.882815155484,-1516.903258796006,343.4518875706877,170.0806464388909,7.185889408162492,0.0006531372049579918,0.0002127334185230239,-1.651512995127217e-06,2.352909250692384e-06,-3.200571503963486e-06,Success,KCP109C,/Users/lopezama/PycharmProjects/sci-cluster/review_outputs/rmelts_parity_audit_v2/2026-02-26/kcp109c_phase7_parity_20260225_224621/runs/kcp109c_phase7_parity_liam_exact/runs/20260225_224621/parallel-results/Parallel_MELTS_KCP109C_dP25.0_02-25_11cores.xlsx,system,system
524,806,150,0,111.7331833931576,1.555488191071655,-1887.539885368781,-1517.119569033662,343.2519263634518,170.0821453741339,7.183158575840999,0.000654300390978626,0.0002126655964918892,-1.644571624031878e-06,2.35318093430268e-06,-3.211911925849436e-06,Success,KCP109C,/Users/lopezama/PycharmProjects/sci-cluster/review_outputs/rmelts_parity_audit_v2/2026-02-26/kcp109c_phase7_parity_20260225_224621/runs/kcp109c_phase7_parity_liam_exact/runs/20260225_224621/parallel-results/Parallel_MELTS_KCP109C_dP25.0_02-25_11cores.xlsx,system,system
525,805,150,0,111.7332094551912,1.556078319577912,-1887.197156394142,-1517.336146280184,343.0515328237793,170.0839674298105,7.180436103338229,0.0006554706896050099,0.0002125983675261999,-1.637403917550388e-06,2.353470986097961e-06,-3.223358024970304e-06,Success,KCP109C,/Users/lopezama/PycharmProjects/sci-cluster/review_outputs/rmelts_parity_audit_v2/2026-02-26/kcp109c_phase7_parity_20260225_224621/runs/kcp109c_phase7_parity_liam_exact/runs/20260225_224621/parallel-results/Parallel_MELTS_KCP109C_dP25.0_02-25_11cores.xlsx,system,system
526,804,150,0,111.7332355581146,1.556667174979987,-1886.854628657711,-1517.552985076486,342.8507112112751,170.0861202232136,7.17772156784581,0.0006566480278874461,0.0002125316744298401,-1.630004671392967e-06,2.353778556086979e-06,-3.234909628251371e-06,Success,KCP109C,/Users/lopezama/PycharmProjects/sci-cluster/review_outputs/rmelts_parity_audit_v2/2026-02-26/kcp109c_phase7_parity_20260225_224621/runs/kcp109c_phase7_parity_liam_exact/runs/20260225_224621/parallel-results/Parallel_MELTS_KCP109C_dP25.0_02-25_11cores.xlsx,system,system
527,803,150,0,111.7332617012443,1.557254780380999,-1886.512302578444,-1517.770086682062,342.6494595515326,170.0886087698744,7.17501484721129,0.0006578324089132148,0.0002124654961902003,-1.622369203862918e-06,2.354103359465656e-06,-3.246567312155699e-06,Success,KCP109C,/Users/lopezama/PycharmProjects/sci-cluster/review_outputs/rmelts_parity_audit_v2/2026-02-26/kcp109c_phase7_parity_20260225_224621/runs/kcp109c_phase7_parity_liam_exact/runs/20260225_224621/parallel-results/Parallel_MELTS_KCP109C_dP25.0_02-25_11cores.xlsx,system,system
528,802,150,0,111.7332878838055,1.557841150416146,-1886.17017857494,-1517.987453294511,342.4477749899349,170.0914377579359,7.172315858645678,0.0006590238451572907,0.0002123998163342993,-1.614492844925303e-06,2.354445181979365e-06,-3.258331750997789e-06,Success,KCP109C,/Users/lopezama/PycharmProjects/sci-cluster/review_outputs/rmelts_parity_audit_v2/2026-02-26/kcp109c_phase7_parity_20260225_224621/runs/kcp109c_phase7_parity_liam_exact/runs/20260225_224621/parallel-results/Parallel_MELTS_KCP109C_dP25.0_02-25_11cores.xlsx,system,system
529,801,150,0,111.7333141055137,1.558426358405876,-1885.828257074465,-1518.205081226043,342.245660148417,170.0946141202103,7.169624249669801,0.0006602222772175686,0.0002123345851754327,-1.606370334565844e-06,2.354803288961207e-06,-3.270202921171245e-06,Success,KCP109C,/Users/lopezama/PycharmProjects/sci-cluster/review_outputs/rmelts_parity_audit_v2/2026-02-26/kcp109c_phase7_parity_20260225_224621/runs/kcp109c_phase7_parity_liam_exact/runs/20260225_224621/parallel-results/Parallel_MELTS_KCP109C_dP25.0_02-25_11cores.xlsx,system,system
530,800,150,0,111.7333403655831,1.559010420106324,-1885.486538496461,-1518.422972735799,342.0431121098279,170.0981425480751,7.166939933471573,0.0006614277138783279,0.0002122697851105943,-1.5979968655158e-06,2.355177447123376e-06,-3.282181472156714e-06,Success,KCP109C,/Users/lopezama/PycharmProjects/sci-cluster/review_outputs/rmelts_parity_audit_v2/2026-02-26/kcp109c_phase7_parity_20260225_224621/runs/kcp109c_phase7_parity_liam_exact/runs/20260225_224621/parallel-results/Parallel_MELTS_KCP109C_dP25.0_02-25_11cores.xlsx,system,system
531,799,150,0,111.7333666635267,1.559593387330484,-1885.145023265073,-1518.641126491457,341.8401313002998,170.1020291005914,7.16426265789558,0.0006626401190949688,0.0002122053780352183,-1.589367244547322e-06,2.355567101450882e-06,-3.294267619867727e-06,Success,KCP109C,/Users/lopezama/PycharmProjects/sci-cluster/review_outputs/rmelts_parity_audit_v2/2026-02-26/kcp109c_phase7_parity_20260225_224621/runs/kcp109c_phase7_parity_liam_exact/runs/20260225_224621/parallel-results/Parallel_MELTS_KCP109C_dP25.0_02-25_11cores.xlsx,system,system
532,798,150,0,111.7333929988324,1.560175309944076,-1884.803711803447,-1518.859541454779,341.6367178720707,170.1062797271629,7.161592180486275,0.0006638594577458383,0.0002121413266953244,-1.580476233876426e-06,2.355971709251879e-06,-3.306461594317881e-06,Success,KCP109C,/Users/lopezama/PycharmProjects/sci-cluster/review_outputs/rmelts_parity_audit_v2/2026-02-26/kcp109c_phase7_parity_20260225_224621/runs/kcp109c_phase7_parity_liam_exact/runs/20260225_224621/parallel-results/Parallel_MELTS_KCP109C_dP25.0_02-25_11cores.xlsx,system,system
533,797,150,0,111.7334193716081,1.560756306036994,-1884.462604543709,-1519.078209676476,341.4328784443619,170.110902926916,7.158927946625881,0.0006650856091302948,0.0002120775551433324,-1.571317928543489e-06,2.356390120319118e-06,-3.318762791050687e-06,Success,KCP109C,/Users/lopezama/PycharmProjects/sci-cluster/review_outputs/rmelts_parity_audit_v2/2026-02-26/kcp109c_phase7_parity_20260225_224621/runs/kcp109c_phase7_parity_liam_exact/runs/20260225_224621/parallel-results/Parallel_MELTS_KCP109C_dP25.0_02-25_11cores.xlsx,system,system
534,796,150,0,111.7334457809439,1.561336381117638,-1884.12170189993,-1519.29713477838,341.2286088215402,170.1159029193004,7.156269919295848,0.0006663185889179736,0.0002120140505157104,-1.561887363582498e-06,2.356822171755927e-06,-3.331171947354225e-06,Success,KCP109C,/Users/lopezama/PycharmProjects/sci-cluster/review_outputs/rmelts_parity_audit_v2/2026-02-26/kcp109c_phase7_parity_20260225_224621/runs/kcp109c_phase7_parity_liam_exact/runs/20260225_224621/parallel-results/Parallel_MELTS_KCP109C_dP25.0_02-25_11cores.xlsx,system,system
535,795,150,0,111.7334722266349,1.561915619915321,-1883.781004295553,-1519.516312418005,341.0239122572181,170.1212868534994,7.153617698803249,0.0006675583139526992,0.0002119507551822961,-1.55217881178472e-06,2.357266997663761e-06,-3.343688835429956e-06,Success,KCP109C,/Users/lopezama/PycharmProjects/sci-cluster/review_outputs/rmelts_parity_audit_v2/2026-02-26/kcp109c_phase7_parity_20260225_224621/runs/kcp109c_phase7_parity_liam_exact/runs/20260225_224621/parallel-results/Parallel_MELTS_KCP109C_dP25.0_02-25_11cores.xlsx,system,system
536,794,150,0,111.7334987089113,1.562494150833433,-1883.440512158498,-1519.735733769039,340.8187962230793,170.1270634993685,7.150970686790263,0.000668804644176849,0.000211887586510493,-1.542186103066956e-06,2.357723338345439e-06,-3.356312672408855e-06,Success,KCP109C,/Users/lopezama/PycharmProjects/sci-cluster/review_outputs/rmelts_parity_audit_v2/2026-02-26/kcp109c_phase7_parity_20260225_224621/runs/kcp109c_phase7_parity_liam_exact/runs/20260225_224621/parallel-results/Parallel_MELTS_KCP109C_dP25.0_02-25_11cores.xlsx,system,system
537,793,150,0,111.7335252268663,1.56307198177855,-1883.100225895167,-1519.955402475023,340.6132565025033,170.1332370743411,7.148328837660421,0.0006700575873363547,0.0002118245295540157,-1.531904073538681e-06,2.358190994148897e-06,-3.369044130215965e-06,Success,KCP109C,/Users/lopezama/PycharmProjects/sci-cluster/review_outputs/rmelts_parity_audit_v2/2026-02-26/kcp109c_phase7_parity_20260225_224621/runs/kcp109c_phase7_parity_liam_exact/runs/20260225_224621/parallel-results/Parallel_MELTS_KCP109C_dP25.0_02-25_11cores.xlsx,system,system
538,792,150,0,111.7335517811411,1.563649281663822,-1882.760145933414,-1520.175305670888,340.4073043820364,170.1398177722965,7.145691370270029,0.0006713169480102877,0.000211761478277747,-1.521326087361173e-06,2.358668334344203e-06,-3.381881887937149e-06,Success,KCP109C,/Users/lopezama/PycharmProjects/sci-cluster/review_outputs/rmelts_parity_audit_v2/2026-02-26/kcp109c_phase7_parity_20260225_224621/runs/kcp109c_phase7_parity_liam_exact/runs/20260225_224621/parallel-results/Parallel_MELTS_KCP109C_dP25.0_02-25_11cores.xlsx,system,system
539,791,150,0,111.7335783710019,1.564226076245748,-1882.420272674655,-1520.39544531296,340.200937237884,170.1468104119091,7.143058159417107,0.0006725827075612168,0.0002116984071717003,-1.510446713180127e-06,2.359154989913294e-06,-3.394826364381533e-06,Success,KCP109C,/Users/lopezama/PycharmProjects/sci-cluster/review_outputs/rmelts_parity_audit_v2/2026-02-26/kcp109c_phase7_parity_20260225_224621/runs/kcp109c_phase7_parity_liam_exact/runs/20260225_224621/parallel-results/Parallel_MELTS_KCP109C_dP25.0_02-25_11cores.xlsx,system,system
540,790,150,0,111.7336049973813,1.564802561372063,-1882.080606542594,-1520.615805938162,339.9941688420565,170.1542260363484,7.1404283042207,0.0006738546311255691,0.0002116351946167673,-1.49925898405228e-06,2.359649080131705e-06,-3.407875853132705e-06,Success,KCP109C,/Users/lopezama/PycharmProjects/sci-cluster/review_outputs/rmelts_parity_audit_v2/2026-02-26/kcp109c_phase7_parity_20260225_224621/runs/kcp109c_phase7_parity_liam_exact/runs/20260225_224621/parallel-results/Parallel_MELTS_KCP109C_dP25.0_02-25_11cores.xlsx,system,system
541,789,150,0,111.7336316596917,1.565378770096342,-1881.741147931067,-1520.836388687161,339.7869973580997,170.1620697752848,7.137801648658812,0.000675132685021581,0.0002115718100520412,-1.487757296997345e-06,2.360150152961738e-06,-3.421030630122953e-06,Success,KCP109C,/Users/lopezama/PycharmProjects/sci-cluster/review_outputs/rmelts_parity_audit_v2/2026-02-26/kcp109c_phase7_parity_20260225_224621/runs/kcp109c_phase7_parity_liam_exact/runs/20260225_224621/parallel-results/Parallel_MELTS_KCP109C_dP25.0_02-25_11cores.xlsx,system,system
542,788,150,0,111.7336583583069,1.565954841433784,-1881.401897243697,-1521.057184150626,339.5794308939085,170.1703504432309,7.135177554418102,0.0006764167009530912,0.000211508163690575,-1.475935091171109e-06,2.360656821970237e-06,-3.43428964494109e-06,Success,KCP109C,/Users/lopezama/PycharmProjects/sci-cluster/review_outputs/rmelts_parity_audit_v2/2026-02-26/kcp109c_phase7_parity_20260225_224621/runs/kcp109c_phase7_parity_liam_exact/runs/20260225_224621/parallel-results/Parallel_MELTS_KCP109C_dP25.0_02-25_11cores.xlsx,system,system
543,787,150,0,111.733685093598,1.566530898712553,-1881.062854877747,-1521.278184220415,339.3714763546025,170.1790764514062,7.132555456481953,0.0006777065251382527,0.0002114441733943007,-1.463785885790058e-06,2.36116781960007e-06,-3.447651992683345e-06,Success,KCP109C,/Users/lopezama/PycharmProjects/sci-cluster/review_outputs/rmelts_parity_audit_v2/2026-02-26/kcp109c_phase7_parity_20260225_224621/runs/kcp109c_phase7_parity_liam_exact/runs/20260225_224621/parallel-results/Parallel_MELTS_KCP109C_dP25.0_02-25_11cores.xlsx,system,system
544,786,150,0,111.7337118659104,1.56710707332766,-1880.72402122322,-1521.499380319759,339.1631411069829,170.1882562762888,7.129934754786754,0.0006790019925830284,0.0002113797532165401,-1.451303104588377e-06,2.361681813567518e-06,-3.461116654457357e-06,Success,KCP109C,/Users/lopezama/PycharmProjects/sci-cluster/review_outputs/rmelts_parity_audit_v2/2026-02-26/kcp109c_phase7_parity_20260225_224621/runs/kcp109c_phase7_parity_liam_exact/runs/20260225_224621/parallel-results/Parallel_MELTS_KCP109C_dP25.0_02-25_11cores.xlsx,system,system
545,785,150,0,111.7337386757522,1.567683489325515,-1880.385396665404,-1521.720764205633,338.9544322258388,170.1978983977877,7.127314884449335,0.0006803029411043357,0.0002113148196408095,-1.438480175328669e-06,2.362197509181787e-06,-3.474682641951571e-06,Success,KCP109C,/Users/lopezama/PycharmProjects/sci-cluster/review_outputs/rmelts_parity_audit_v2/2026-02-26/kcp109c_phase7_parity_20260225_224621/runs/kcp109c_phase7_parity_liam_exact/runs/20260225_224621/parallel-results/Parallel_MELTS_KCP109C_dP25.0_02-25_11cores.xlsx,system,system
546,784,150,0,111.7337655235166,1.568260285545813,-1880.046981579861,-1521.942326711458,338.745357677154,170.2080114295366,7.124695215031165,0.0006816091909396812,0.0002112492826493977,-1.425310393641781e-06,2.362713502409468e-06,-3.488348786087695e-06,Success,KCP109C,/Users/lopezama/PycharmProjects/sci-cluster/review_outputs/rmelts_parity_audit_v2/2026-02-26/kcp109c_phase7_parity_20260225_224621/runs/kcp109c_phase7_parity_liam_exact/runs/20260225_224621/parallel-results/Parallel_MELTS_KCP109C_dP25.0_02-25_11cores.xlsx,system,system
547,783,150,0,111.7337968644072,1.568500101164413,-1879.708857780726,-1522.217511233315,338.4853917979553,170.2173501435608,7.123607883828569,0.0006836157391012987,0.0002114676892219248,-1.415788577852282e-06,2.367505464964216e-06,-3.508322572873071e-06,Success,KCP109C,/Users/lopezama/PycharmProjects/sci-cluster/review_outputs/rmelts_parity_audit_v2/2026-02-26/kcp109c_phase7_parity_20260225_224621/runs/kcp109c_phase7_parity_liam_exact/runs/20260225_224621/parallel-results/Parallel_MELTS_KCP109C_dP25.0_02-25_11cores.xlsx,system,system
548,782,150,0,111.7338357920332,1.568151057401712,-1879.371176803099,-1522.586103468149,338.1368273088663,170.2252607659404,7.125195960213576,0.0006868457220270427,0.000212180759945269,-1.412808188581874e-06,2.379759390534293e-06,-3.53931833534868e-06,Success,KCP109C,/Users/lopezama/PycharmProjects/sci-cluster/review_outputs/rmelts_parity_audit_v2/2026-02-26/kcp109c_phase7_parity_20260225_224621/runs/kcp109c_phase7_parity_liam_exact/runs/20260225_224621/parallel-results/Parallel_MELTS_KCP109C_dP25.0_02-25_11cores.xlsx,system,system
549,781,150,0,111.7338746276597,1.567785030072933,-1879.03384429556,-1522.957491231053,337.7852801446725,170.2339876379659,7.12686194117199,0.000690123265395431,0.0002129053242271846,-1.40953643668523e-06,2.392225051991281e-06,-3.57085711790625e-06,Success,KCP109C,/Users/lopezama/PycharmProjects/sci-cluster/review_outputs/rmelts_parity_audit_v2/2026-02-26/kcp109c_phase7_parity_20260225_224621/runs/kcp109c_phase7_parity_liam_exact/runs/20260225_224621/parallel-results/Parallel_MELTS_KCP109C_dP25.0_02-25_11cores.xlsx,system,system
550,780,150,0,111.733913356585,1.567400482403999,-1878.696863125054,-1523.331934144886,337.4304980108896,170.2435076959521,7.12861292381467,0.000693451648360244,0.0002136425677609216,-1.405977198954568e-06,2.404921743049249e-06,-3.60297306933097e-06,Success,KCP109C,/Users/lopezama/PycharmProjects/sci-cluster/review_outputs/rmelts_parity_audit_v2/2026-02-26/kcp109c_phase7_parity_20260225_224621/runs/kcp109c_phase7_parity_liam_exact/runs/20260225_224621/parallel-results/Parallel_MELTS_KCP109C_dP25.0_02-25_11cores.xlsx,system,system
551,779,150,0,111.7339519616179,1.566995689102922,-1878.360236386066,-1523.709724689884,337.0721966413361,170.2537916337567,7.130456882468114,0.0006968345606905771,0.0002143938292064681,-1.402135850163915e-06,2.417871244309604e-06,-3.635704505300913e-06,Success,KCP109C,/Users/lopezama/PycharmProjects/sci-cluster/review_outputs/rmelts_parity_audit_v2/2026-02-26/kcp109c_phase7_parity_20260225_224621/runs/kcp109c_phase7_parity_liam_exact/runs/20260225_224621/parallel-results/Parallel_MELTS_KCP109C_dP25.0_02-25_11cores.xlsx,system,system
552,778,150,0,111.7339904226785,1.566568641892056,-1878.023967432435,-1524.091202745407,336.7100458422,170.2648014912053,7.132403102856023,0.0007002762878746616,0.0002151606736794098,-1.398020199560041e-06,2.431098977090755e-06,-3.669095691774631e-06,Success,KCP109C,/Users/lopezama/PycharmProjects/sci-cluster/review_outputs/rmelts_parity_audit_v2/2026-02-26/kcp109c_phase7_parity_20260225_224621/runs/kcp109c_phase7_parity_liam_exact/runs/20260225_224621/parallel-results/Parallel_MELTS_KCP109C_dP25.0_02-25_11cores.xlsx,system,system
553,777,150,0,111.7340287155242,1.56611697208751,-1877.688059908126,-1524.476767257512,336.3436581922715,170.2764884543702,7.134462540597565,0.0007037818605913108,0.0002159449506816653,-1.393641185769183e-06,2.444634937561434e-06,-3.703198342414181e-06,Success,KCP109C,/Users/lopezama/PycharmProjects/sci-cluster/review_outputs/rmelts_parity_audit_v2/2026-02-26/kcp109c_phase7_parity_20260225_224621/runs/kcp109c_phase7_parity_liam_exact/runs/20260225_224621/parallel-results/Parallel_MELTS_KCP109C_dP25.0_02-25_11cores.xlsx,system,system
554,776,150,0,111.7340668110295,1.565637782150708,-1877.352517805179,-1524.866902493457,335.9725638009076,170.2887886666661,7.136648596812798,0.0007073573874055149,0.0002167489250948141,-1.389014535081123e-06,2.458515763300302e-06,-3.738074838214328e-06,Success,KCP109C,/Users/lopezama/PycharmProjects/sci-cluster/review_outputs/rmelts_parity_audit_v2/2026-02-26/kcp109c_phase7_parity_20260225_224621/runs/kcp109c_phase7_parity_liam_exact/runs/20260225_224621/parallel-results/Parallel_MELTS_KCP109C_dP25.0_02-25_11cores.xlsx,system,system
555,775,150,0,111.7341046724636,1.565127425723413,-1877.01734551508,-1525.262209870327,335.5961795971501,170.3016177666045,7.13897813277531,0.0007110104721584074,0.0002175754413670354,-1.384162828332386e-06,2.472787351797169e-06,-3.773802342362473e-06,Success,KCP109C,/Users/lopezama/PycharmProjects/sci-cluster/review_outputs/rmelts_parity_audit_v2/2026-02-26/kcp109c_phase7_parity_20260225_224621/runs/kcp109c_phase7_parity_liam_exact/runs/20260225_224621/parallel-results/Parallel_MELTS_KCP109C_dP25.0_02-25_11cores.xlsx,system,system
556,774,150,0,111.7341422544639,1.564581283212646,-1876.68254794468,-1525.663446065285,335.2137725057495,170.314864903932,7.141472511101093,0.0007147506775001746,0.0002184281011363737,-1.379117636471572e-06,2.487507706052833e-06,-3.810477359814769e-06,Success,KCP109C,/Users/lopezama/PycharmProjects/sci-cluster/review_outputs/rmelts_parity_audit_v2/2026-02-26/kcp109c_phase7_parity_20260225_224621/runs/kcp109c_phase7_parity_liam_exact/runs/20260225_224621/parallel-results/Parallel_MELTS_KCP109C_dP25.0_02-25_11cores.xlsx,system,system
557,773,150,0,111.7341794973387,1.563993198198838,-1876.348130611256,-1526.071604975826,334.8243804764413,170.3283791525179,7.144160193664308,0.0007185905981767338,0.0002193116871440386,-1.373924935614682e-06,2.502753666686688e-06,-3.848226244401066e-06,Success,KCP109C,/Users/lopezama/PycharmProjects/sci-cluster/review_outputs/rmelts_parity_audit_v2/2026-02-26/kcp109c_phase7_parity_20260225_224621/runs/kcp109c_phase7_parity_liam_exact/runs/20260225_224621/parallel-results/Parallel_MELTS_KCP109C_dP25.0_02-25_11cores.xlsx,system,system
558,772,150,0,111.7342163216246,1.56335484937451,-1876.01409982473,-1526.488016772705,334.4267167890017,170.3419534590664,7.147079651579352,0.0007225471056550092,0.0002202326460291411,-1.368651072412728e-06,2.518628642796307e-06,-3.887217471473883e-06,Success,KCP109C,/Users/lopezama/PycharmProjects/sci-cluster/review_outputs/rmelts_parity_audit_v2/2026-02-26/kcp109c_phase7_parity_20260225_224621/runs/kcp109c_phase7_parity_liam_exact/runs/20260225_224621/parallel-results/Parallel_MELTS_KCP109C_dP25.0_02-25_11cores.xlsx,system,system
559,771,150,0,111.7342526188734,1.562654679544545,-1875.680462939677,-1526.914514457744,334.0190092246646,170.3552973809912,7.150284325865249,0.0007266434584887614,0.0002211999105202822,-1.363393008033643e-06,2.535275756026282e-06,-3.927682413761108e-06,Success,KCP109C,/Users/lopezama/PycharmProjects/sci-cluster/review_outputs/rmelts_parity_audit_v2/2026-02-26/kcp109c_phase7_parity_20260225_224621/runs/kcp109c_phase7_parity_liam_exact/runs/20260225_224621/parallel-results/Parallel_MELTS_KCP109C_dP25.0_02-25_11cores.xlsx,system,system
560,770,150,0,111.7344332009929,1.561811452366178,-1875.349572852619,-1527.366077489764,333.5891246348597,170.3658517288559,7.154156350416872,0.0007310252199377752,0.0002222722043759086,-1.358917490318846e-06,2.553624896621142e-06,-3.971054536997281e-06,Success,KCP109C,/Users/lopezama/PycharmProjects/sci-cluster/review_outputs/rmelts_parity_audit_v2/2026-02-26/kcp109c_phase7_parity_20260225_224621/runs/kcp109c_phase7_parity_liam_exact/runs/20260225_224621/parallel-results/Parallel_MELTS_KCP109C_dP25.0_02-25_11cores.xlsx,system,system
561,769,150,0,111.7355716505765,1.560389093806466,-1875.034640429417,-1527.92327586016,333.0723644094009,170.3600516662313,7.160750616245658,0.0007364665849156228,0.0002237626718872905,-1.359393737584272e-06,2.578638152386117e-06,-4.024956947972823e-06,Success,KCP109C,/Users/lopezama/PycharmProjects/sci-cluster/review_outputs/rmelts_parity_audit_v2/2026-02-26/kcp109c_phase7_parity_20260225_224621/runs/kcp109c_phase7_parity_liam_exact/runs/20260225_224621/parallel-results/Parallel_MELTS_KCP109C_dP25.0_02-25_11cores.xlsx,system,system
562,768,150,0,111.737096427703,1.557638269808372,-1874.72648600006,-1528.700772232235,332.3495305842818,170.3179639296956,7.173494552201098,0.0007444755399553468,0.0002262671922533313,-1.372499414465269e-06,2.619712449452534e-06,-4.103940721758739e-06,Success,KCP109C,/Users/lopezama/PycharmProjects/sci-cluster/review_outputs/rmelts_parity_audit_v2/2026-02-26/kcp109c_phase7_parity_20260225_224621/runs/kcp109c_phase7_parity_liam_exact/runs/20260225_224621/parallel-results/Parallel_MELTS_KCP109C_dP25.0_02-25_11cores.xlsx,system,system
563,767,150,0,111.7449117850708,1.532718173231981,-1874.522846371202,-1533.275051940972,328.0755606693554,169.6132557534635,7.290636578637209,0.0007951257843827387,0.0002457743731318101,-1.611049052511136e-06,2.933972646011285e-06,-4.604641002050685e-06,Success,KCP109C,/Users/lopezama/PycharmProjects/sci-cluster/review_outputs/rmelts_parity_audit_v2/2026-02-26/kcp109c_phase7_parity_20260225_224621/runs/kcp109c_phase7_parity_liam_exact/runs/20260225_224621/parallel-results/Parallel_MELTS_KCP109C_dP25.0_02-25_11cores.xlsx,system,system
564,766,150,0,111.7461689698588,1.516388151166209,-1874.216765392574,-1536.443733795539,325.0474249117395,169.1307617259723,7.369232533498644,0.0008298011544369074,0.0002587757805962609,-1.763431475729602e-06,3.149821564582294e-06,-4.957104623867379e-06,Success,KCP109C,/Users/lopezama/PycharmProjects/sci-cluster/review_outputs/rmelts_parity_audit_v2/2026-02-26/kcp109c_phase7_parity_20260225_224621/runs/kcp109c_phase7_parity_liam_exact/runs/20260225_224621/parallel-results/Parallel_MELTS_KCP109C_dP25.0_02-25_11cores.xlsx,system,system
565,765,150,0,111.7461629788792,1.510528736567254,-1873.892366507343,-1537.846648170976,323.6966896270936,168.9672687712634,7.397817749090131,0.0008445096235911735,0.0002637726476494558,-1.805568123774716e-06,3.235277658865584e-06,-5.109798606875042e-06,Success,KCP109C,/Users/lopezama/PycharmProjects/sci-cluster/review_outputs/rmelts_parity_audit_v2/2026-02-26/kcp109c_phase7_parity_20260225_224621/runs/kcp109c_phase7_parity_liam_exact/runs/20260225_224621/parallel-results/Parallel_MELTS_KCP109C_dP25.0_02-25_11cores.xlsx,system,system
566,764,150,0,111.7461306243123,1.508172601602494,-1873.568575473054,-1538.658113526414,322.9141994375359,168.9123112832251,7.409372806904037,0.0008525552551911806,0.0002660998774889039,-1.809903055225901e-06,3.276368417512732e-06,-5.19450003101748e-06,Success,KCP109C,/Users/lopezama/PycharmProjects/sci-cluster/review_outputs/rmelts_parity_audit_v2/2026-02-26/kcp109c_phase7_parity_20260225_224621/runs/kcp109c_phase7_parity_liam_exact/runs/20260225_224621/parallel-results/Parallel_MELTS_KCP109C_dP25.0_02-25_11cores.xlsx,system,system
567,763,150,0,111.7461287166715,1.507532232072265,-1873.245892647944,-1539.171769390615,322.4186876970799,168.9129561555492,7.412520033688724,0.000857309636015144,0.0002671114917294928,-1.795309488874184e-06,3.295397773446389e-06,-5.245313306436682e-06,Success,KCP109C,/Users/lopezama/PycharmProjects/sci-cluster/review_outputs/rmelts_parity_audit_v2/2026-02-26/kcp109c_phase7_parity_20260225_224621/runs/kcp109c_phase7_parity_liam_exact/runs/20260225_224621/parallel-results/Parallel_MELTS_KCP109C_dP25.0_02-25_11cores.xlsx,system,system
568,851,125,0,111.7321923834829,1.399475115817834,-1905.066472221343,-1509.081923087751,352.2524121634945,169.4403328138083,7.983864173118084,0.0007017838454993697,0.0003241685649208285,-3.525792438265356e-06,4.62014838755457e-06,-4.019250011182012e-06,Success,KCP109C,/Users/lopezama/PycharmProjects/sci-cluster/review_outputs/rmelts_parity_audit_v2/2026-02-26/kcp109c_phase7_parity_20260225_224621/runs/kcp109c_phase7_parity_liam_exact/runs/20260225_224621/parallel-results/Parallel_MELTS_KCP109C_dP25.0_02-25_11cores.xlsx,system,system
569,850,125,0,111.7322172044386,1.400500961751501,-1904.714699652096,-1509.251903040785,352.1014972277169,169.4562571841667,7.9780178847363,0.0007026839317310216,0.000323868103831746,-3.531486902607632e-06,4.61497440378772e-06,-4.025583863078084e-06,Success,KCP109C,/Users/lopezama/PycharmProjects/sci-cluster/review_outputs/rmelts_parity_audit_v2/2026-02-26/kcp109c_phase7_parity_20260225_224621/runs/kcp109c_phase7_parity_liam_exact/runs/20260225_224621/parallel-results/Parallel_MELTS_KCP109C_dP25.0_02-25_11cores.xlsx,system,system
570,849,125,0,111.7322421264291,1.401528619841179,-1904.363079687541,-1509.421899422742,351.9504346698736,169.4723045842306,7.972169854019148,0.0007035863484317396,0.0003235666525138589,-3.537120319298519e-06,4.60979770535926e-06,-4.031962945887426e-06,Success,KCP109C,/Users/lopezama/PycharmProjects/sci-cluster/review_outputs/rmelts_parity_audit_v2/2026-02-26/kcp109c_phase7_parity_20260225_224621/runs/kcp109c_phase7_parity_liam_exact/runs/20260225_224621/parallel-results/Parallel_MELTS_KCP109C_dP25.0_02-25_11cores.xlsx,system,system
571,848,125,0,111.7322671499042,1.402558091971095,-1904.011612482626,-1509.591912354056,351.7992241257371,169.4884758815404,7.966320096794025,0.00070449109843269,0.0003232642054766547,-3.542690996634829e-06,4.604618283920799e-06,-4.038387698013712e-06,Success,KCP109C,/Users/lopezama/PycharmProjects/sci-cluster/review_outputs/rmelts_parity_audit_v2/2026-02-26/kcp109c_phase7_parity_20260225_224621/runs/kcp109c_phase7_parity_liam_exact/runs/20260225_224621/parallel-results/Parallel_MELTS_KCP109C_dP25.0_02-25_11cores.xlsx,system,system
572,847,125,0,111.7322922753062,1.403589384361751,-1903.660298192543,-1509.761941969113,351.6478652175416,169.5047718553424,7.96046860429297,0.0007053981808077527,0.0003229607547333061,-3.548197161054956e-06,4.59943607818862e-06,-4.044858517550013e-06,Success,KCP109C,/Users/lopezama/PycharmProjects/sci-cluster/review_outputs/rmelts_parity_audit_v2/2026-02-26/kcp109c_phase7_parity_20260225_224621/runs/kcp109c_phase7_parity_liam_exact/runs/20260225_224621/parallel-results/Parallel_MELTS_KCP109C_dP25.0_02-25_11cores.xlsx,system,system
573,846,125,0,111.7323175031071,1.404622491266044,-1903.309136973342,-1509.931988367918,351.4963575976619,169.5211935445833,7.954615435667574,0.0007063076043852097,0.0003226562989241237,-3.553637137870921e-06,4.594251169775614e-06,-4.051375929421449e-06,Success,KCP109C,/Users/lopezama/PycharmProjects/sci-cluster/review_outputs/rmelts_parity_audit_v2/2026-02-26/kcp109c_phase7_parity_20260225_224621/runs/kcp109c_phase7_parity_liam_exact/runs/20260225_224621/parallel-results/Parallel_MELTS_KCP109C_dP25.0_02-25_11cores.xlsx,system,system
574,845,125,0,111.732342833731,1.405657428686585,-1902.958128980663,-1510.102051715727,351.344700858504,169.5377415264262,7.948760526818484,0.000707219359740649,0.000322350824445858,-3.559008975219304e-06,4.589063378269978e-06,-4.057940239364462e-06,Success,KCP109C,/Users/lopezama/PycharmProjects/sci-cluster/review_outputs/rmelts_parity_audit_v2/2026-02-26/kcp109c_phase7_parity_20260225_224621/runs/kcp109c_phase7_parity_liam_exact/runs/20260225_224621/parallel-results/Parallel_MELTS_KCP109C_dP25.0_02-25_11cores.xlsx,system,system
575,844,125,0,111.7323682676438,1.406694195411382,-1902.607274371208,-1510.272132127911,351.1928946366173,169.5544167498507,7.942903911320126,0.0007081334515497315,0.0003220443272568766,-3.564310877284449e-06,4.583872729123713e-06,-4.064551933814e-06,Success,KCP109C,/Users/lopezama/PycharmProjects/sci-cluster/review_outputs/rmelts_parity_audit_v2/2026-02-26/kcp109c_phase7_parity_20260225_224621/runs/kcp109c_phase7_parity_liam_exact/runs/20260225_224621/parallel-results/Parallel_MELTS_KCP109C_dP25.0_02-25_11cores.xlsx,system,system
576,843,125,0,111.7323938053648,1.407732768427426,-1902.25657330292,-1510.442229658351,351.040938623455,169.5712206430726,7.937045745562964,0.0007090499026668075,0.0003217368154421928,-3.569541257012332e-06,4.5786795079413e-06,-4.071211729336658e-06,Success,KCP109C,/Users/lopezama/PycharmProjects/sci-cluster/review_outputs/rmelts_parity_audit_v2/2026-02-26/kcp109c_phase7_parity_20260225_224621/runs/kcp109c_phase7_parity_liam_exact/runs/20260225_224621/parallel-results/Parallel_MELTS_KCP109C_dP25.0_02-25_11cores.xlsx,system,system
577,842,125,0,111.7324194471505,1.408773238236461,-1901.906025929851,-1510.612344689206,350.8888322114914,169.5881521695884,7.931185546015909,0.0007099686403119509,0.0003214282334873745,-3.574697216916913e-06,4.573482639465565e-06,-4.077919171707899e-06,Success,KCP109C,/Users/lopezama/PycharmProjects/sci-cluster/review_outputs/rmelts_parity_audit_v2/2026-02-26/kcp109c_phase7_parity_20260225_224621/runs/kcp109c_phase7_parity_liam_exact/runs/20260225_224621/parallel-results/Parallel_MELTS_KCP109C_dP25.0_02-25_11cores.xlsx,system,system
578,841,125,0,111.7324451936828,1.409815514023244,-1901.555632413352,-1510.782477081032,350.7365752657361,169.6052142392562,7.925323851404341,0.000710889743940795,0.0003211186272707658,-3.579777856335144e-06,4.568283219693739e-06,-4.084675687546781e-06,Success,KCP109C,/Users/lopezama/PycharmProjects/sci-cluster/review_outputs/rmelts_parity_audit_v2/2026-02-26/kcp109c_phase7_parity_20260225_224621/runs/kcp109c_phase7_parity_liam_exact/runs/20260225_224621/parallel-results/Parallel_MELTS_KCP109C_dP25.0_02-25_11cores.xlsx,system,system
579,840,125,0,111.732471045306,1.410859650648201,-1901.205392909662,-1510.952627114435,350.584167268766,169.6224065931309,7.919460379632515,0.0007118131701899122,0.0003208079610716709,-3.58478060094372e-06,4.563080598780409e-06,-4.091481198664093e-06,Success,KCP109C,/Users/lopezama/PycharmProjects/sci-cluster/review_outputs/rmelts_parity_audit_v2/2026-02-26/kcp109c_phase7_parity_20260225_224621/runs/kcp109c_phase7_parity_liam_exact/runs/20260225_224621/parallel-results/Parallel_MELTS_KCP109C_dP25.0_02-25_11cores.xlsx,system,system
580,839,125,0,111.7324970025403,1.411905628529848,-1900.855307578273,-1511.122794858144,350.431607894735,169.6397306023986,7.913595267615881,0.0007127389382976552,0.0003204962407502155,-3.589703674665296e-06,4.557875017071456e-06,-4.098336403531078e-06,Success,KCP109C,/Users/lopezama/PycharmProjects/sci-cluster/review_outputs/rmelts_parity_audit_v2/2026-02-26/kcp109c_phase7_parity_20260225_224621/runs/kcp109c_phase7_parity_liam_exact/runs/20260225_224621/parallel-results/Parallel_MELTS_KCP109C_dP25.0_02-25_11cores.xlsx,system,system
581,838,125,0,111.7325230658303,1.412953461472085,-1900.505376577832,-1511.292980476819,350.2788967295257,169.6571869089271,7.907728464702709,0.0007136670390152601,0.0003201834534052178,-3.594544885763056e-06,4.552666314445633e-06,-4.105241657535952e-06,Success,KCP109C,/Users/lopezama/PycharmProjects/sci-cluster/review_outputs/rmelts_parity_audit_v2/2026-02-26/kcp109c_phase7_parity_20260225_224621/runs/kcp109c_phase7_parity_liam_exact/runs/20260225_224621/parallel-results/Parallel_MELTS_KCP109C_dP25.0_02-25_11cores.xlsx,system,system
582,837,125,0,111.7325472670424,1.413674184048639,-1900.155580976264,-1511.497758534668,350.0948722619437,169.6557058230406,7.903698640591297,0.0007149351874590178,0.0003200919088439174,-3.603655200631429e-06,4.552034859691005e-06,-4.116234341089899e-06,Success,KCP109C,/Users/lopezama/PycharmProjects/sci-cluster/review_outputs/rmelts_parity_audit_v2/2026-02-26/kcp109c_phase7_parity_20260225_224621/runs/kcp109c_phase7_parity_liam_exact/runs/20260225_224621/parallel-results/Parallel_MELTS_KCP109C_dP25.0_02-25_11cores.xlsx,system,system
583,836,125,0,111.7325711242467,1.414327991570276,-1899.805969688267,-1511.709678516661,349.9042430434176,169.6506087407616,7.900046650437442,0.0007162793424067197,0.0003200460651946707,-3.613617200302619e-06,4.552360334880565e-06,-4.128150166823298e-06,Success,KCP109C,/Users/lopezama/PycharmProjects/sci-cluster/review_outputs/rmelts_parity_audit_v2/2026-02-26/kcp109c_phase7_parity_20260225_224621/runs/kcp109c_phase7_parity_liam_exact/runs/20260225_224621/parallel-results/Parallel_MELTS_KCP109C_dP25.0_02-25_11cores.xlsx,system,system
584,835,125,0,111.7325950296478,1.414981100726539,-1899.456549951046,-1511.921773395478,349.7132848040137,169.6457592929313,7.896401935847581,0.0007176318662087686,0.0003200012000892854,-3.623555287062104e-06,4.552721112673173e-06,-4.140180315668575e-06,Success,KCP109C,/Users/lopezama/PycharmProjects/sci-cluster/review_outputs/rmelts_parity_audit_v2/2026-02-26/kcp109c_phase7_parity_20260225_224621/runs/kcp109c_phase7_parity_liam_exact/runs/20260225_224621/parallel-results/Parallel_MELTS_KCP109C_dP25.0_02-25_11cores.xlsx,system,system
585,834,125,0,111.7326189828415,1.415633530279984,-1899.107322086425,-1512.134043306801,349.5219968203268,169.6411618031529,7.892764376719946,0.0007189928012914475,0.0003199573002203482,-3.633467247588983e-06,4.553117053214366e-06,-4.152325781663279e-06,Success,KCP109C,/Users/lopezama/PycharmProjects/sci-cluster/review_outputs/rmelts_parity_audit_v2/2026-02-26/kcp109c_phase7_parity_20260225_224621/runs/kcp109c_phase7_parity_liam_exact/runs/20260225_224621/parallel-results/Parallel_MELTS_KCP109C_dP25.0_02-25_11cores.xlsx,system,system
586,833,125,0,111.7326429831714,1.416285253703969,-1898.758286416082,-1512.346493034199,349.3303741643387,169.6368182693496,7.889134105644348,0.0007203622368457442,0.0003199143823990952,-3.643351413633595e-06,4.553548640850901e-06,-4.164588128058544e-06,Success,KCP109C,/Users/lopezama/PycharmProjects/sci-cluster/review_outputs/rmelts_parity_audit_v2/2026-02-26/kcp109c_phase7_parity_20260225_224621/runs/kcp109c_phase7_parity_liam_exact/runs/20260225_224621/parallel-results/Parallel_MELTS_KCP109C_dP25.0_02-25_11cores.xlsx,system,system
587,832,125,0,111.7326670300666,1.416936266533535,-1898.409443266943,-1512.559125217391,349.1384138348203,169.6327317554947,7.885511131944917,0.000721740240024469,0.0003198724487124086,-3.653205775644351e-06,4.554016057616787e-06,-4.176968666886899e-06,Success,KCP109C,/Users/lopezama/PycharmProjects/sci-cluster/review_outputs/rmelts_parity_audit_v2/2026-02-26/kcp109c_phase7_parity_20260225_224621/runs/kcp109c_phase7_parity_liam_exact/runs/20260225_224621/parallel-results/Parallel_MELTS_KCP109C_dP25.0_02-25_11cores.xlsx,system,system
588,831,125,0,111.7326911228024,1.417586530540565,-1898.060792967177,-1512.771945994859,348.9461096520564,169.6289037794261,7.881895652619924,0.0007231269130540206,0.0003198315233198192,-3.663028714594058e-06,4.554519945033865e-06,-4.189469138950418e-06,Success,KCP109C,/Users/lopezama/PycharmProjects/sci-cluster/review_outputs/rmelts_parity_audit_v2/2026-02-26/kcp109c_phase7_parity_20260225_224621/runs/kcp109c_phase7_parity_liam_exact/runs/20260225_224621/parallel-results/Parallel_MELTS_KCP109C_dP25.0_02-25_11cores.xlsx,system,system
589,830,125,0,111.7327152608912,1.418236067100716,-1897.712335852447,-1512.984955482616,348.753460880053,169.6253386546849,7.878287532857991,0.00072452229732734,0.0003197915909467077,-3.672817771456065e-06,4.55506013056849e-06,-4.202090573643512e-06,Success,KCP109C,/Users/lopezama/PycharmProjects/sci-cluster/review_outputs/rmelts_parity_audit_v2/2026-02-26/kcp109c_phase7_parity_20260225_224621/runs/kcp109c_phase7_parity_liam_exact/runs/20260225_224621/parallel-results/Parallel_MELTS_KCP109C_dP25.0_02-25_11cores.xlsx,system,system
590,829,125,0,111.7327394436948,1.418884862996107,-1897.364072259451,-1513.198157389105,348.560463521613,169.6220391163086,7.874686830315516,0.0007259264699649472,0.0003197526588745343,-3.682570884170151e-06,4.555636911438063e-06,-4.214834437570342e-06,Success,KCP109C,/Users/lopezama/PycharmProjects/sci-cluster/review_outputs/rmelts_parity_audit_v2/2026-02-26/kcp109c_phase7_parity_20260225_224621/runs/kcp109c_phase7_parity_liam_exact/runs/20260225_224621/parallel-results/Parallel_MELTS_KCP109C_dP25.0_02-25_11cores.xlsx,system,system
591,828,125,0,111.7327636705674,1.419532906546777,-1897.016002528115,-1513.411555345794,348.3671136378521,169.619007960385,7.871093593904336,0.0007273395068836863,0.0003197147332012732,-3.69228591280593e-06,4.556250562881121e-06,-4.227702195699541e-06,Success,KCP109C,/Users/lopezama/PycharmProjects/sci-cluster/review_outputs/rmelts_parity_audit_v2/2026-02-26/kcp109c_phase7_parity_20260225_224621/runs/kcp109c_phase7_parity_liam_exact/runs/20260225_224621/parallel-results/Parallel_MELTS_KCP109C_dP25.0_02-25_11cores.xlsx,system,system
592,827,125,0,111.7327879408639,1.420180193724659,-1896.66812700156,-1513.625152246069,348.1734079493618,169.6162483544823,7.867507829962482,0.0007287614766307107,0.0003196778149616223,-3.701960558915342e-06,4.556901257144315e-06,-4.240695237663569e-06,Success,KCP109C,/Users/lopezama/PycharmProjects/sci-cluster/review_outputs/rmelts_parity_audit_v2/2026-02-26/kcp109c_phase7_parity_20260225_224621/runs/kcp109c_phase7_parity_liam_exact/runs/20260225_224621/parallel-results/Parallel_MELTS_KCP109C_dP25.0_02-25_11cores.xlsx,system,system
593,826,125,0,111.7328122539827,1.420826727295521,-1896.320446026621,-1513.838950375989,347.9793437207229,169.6137638183267,7.863929507200429,0.0007301924405549093,0.0003196419002858504,-3.711592368101088e-06,4.557589068431285e-06,-4.253814881259905e-06,Success,KCP109C,/Users/lopezama/PycharmProjects/sci-cluster/review_outputs/rmelts_parity_audit_v2/2026-02-26/kcp109c_phase7_parity_20260225_224621/runs/kcp109c_phase7_parity_liam_exact/runs/20260225_224621/parallel-results/Parallel_MELTS_KCP109C_dP25.0_02-25_11cores.xlsx,system,system
594,825,125,0,111.7328366094237,1.421472523729025,-1895.972959954608,-1514.052950718645,347.7849193971349,169.6115585510486,7.860358518665489,0.0007316324450429889,0.000319606975600842,-3.721178631033566e-06,4.558313874452475e-06,-4.267062281424474e-06,Success,KCP109C,/Users/lopezama/PycharmProjects/sci-cluster/review_outputs/rmelts_parity_audit_v2/2026-02-26/kcp109c_phase7_parity_20260225_224621/runs/kcp109c_phase7_parity_liam_exact/runs/20260225_224621/parallel-results/Parallel_MELTS_KCP109C_dP25.0_02-25_11cores.xlsx,system,system
595,824,125,0,111.7328610066156,1.422117590959157,-1895.625669138277,-1514.267155197073,347.5901325627345,169.6096363122584,7.856794804939904,0.0007330815456950642,0.0003195730329623453,-3.730716689181401e-06,4.559075671220923e-06,-4.2804387160431e-06,Success,KCP109C,/Users/lopezama/PycharmProjects/sci-cluster/review_outputs/rmelts_parity_audit_v2/2026-02-26/kcp109c_phase7_parity_20260225_224621/runs/kcp109c_phase7_parity_liam_exact/runs/20260225_224621/parallel-results/Parallel_MELTS_KCP109C_dP25.0_02-25_11cores.xlsx,system,system
596,823,125,0,111.732885444865,1.422761928836352,-1895.278573930798,-1514.481566583783,347.3949800182589,169.6080004535333,7.853238351426021,0.0007345398076673546,0.0003195400701864411,-3.740203935772409e-06,4.559874574033435e-06,-4.293945588548728e-06,Success,KCP109C,/Users/lopezama/PycharmProjects/sci-cluster/review_outputs/rmelts_parity_audit_v2/2026-02-26/kcp109c_phase7_parity_20260225_224621/runs/kcp109c_phase7_parity_liam_exact/runs/20260225_224621/parallel-results/Parallel_MELTS_KCP109C_dP25.0_02-25_11cores.xlsx,system,system
597,822,125,0,111.7329099232568,1.423405506986774,-1894.931674683882,-1514.696190811254,347.1994556660068,169.6066528542421,7.84968931023638,0.0007360073293337329,0.0003195081054532336,-3.749638115029215e-06,4.560711120201537e-06,-4.307584709077055e-06,Success,KCP109C,/Users/lopezama/PycharmProjects/sci-cluster/review_outputs/rmelts_parity_audit_v2/2026-02-26/kcp109c_phase7_parity_20260225_224621/runs/kcp109c_phase7_parity_liam_exact/runs/20260225_224621/parallel-results/Parallel_MELTS_KCP109C_dP25.0_02-25_11cores.xlsx,system,system
598,821,125,0,111.7329344418674,1.424048419656985,-1894.584971767269,-1514.911021333137,347.0035648075059,169.6056014751995,7.846147146371667,0.000737484070986424,0.0003194770706514832,-3.759015156664907e-06,4.561584077584126e-06,-4.321356274651391e-06,Success,KCP109C,/Users/lopezama/PycharmProjects/sci-cluster/review_outputs/rmelts_parity_audit_v2/2026-02-26/kcp109c_phase7_parity_20260225_224621/runs/kcp109c_phase7_parity_liam_exact/runs/20260225_224621/parallel-results/Parallel_MELTS_KCP109C_dP25.0_02-25_11cores.xlsx,system,system
599,820,125,0,111.7329589998409,1.424690649195212,-1894.23846553717,-1515.126062937063,346.8073023831194,169.604848775521,7.842611942666801,0.000738970116823418,0.0003194469749167818,-3.76833248466833e-06,4.562493802026434e-06,-4.335261957515399e-06,Success,KCP109C,/Users/lopezama/PycharmProjects/sci-cluster/review_outputs/rmelts_parity_audit_v2/2026-02-26/kcp109c_phase7_parity_20260225_224621/runs/kcp109c_phase7_parity_liam_exact/runs/20260225_224621/parallel-results/Parallel_MELTS_KCP109C_dP25.0_02-25_11cores.xlsx,system,system
600,819,125,0,111.7329835966916,1.425332224452847,-1893.892156357165,-1515.341315812301,346.610667531808,169.6043994686421,7.839083525918556,0.0007404654992299135,0.0003194177949826962,-3.777586796537993e-06,4.563439986704962e-06,-4.349302834516084e-06,Success,KCP109C,/Users/lopezama/PycharmProjects/sci-cluster/review_outputs/rmelts_parity_audit_v2/2026-02-26/kcp109c_phase7_parity_20260225_224621/runs/kcp109c_phase7_parity_liam_exact/runs/20260225_224621/parallel-results/Parallel_MELTS_KCP109C_dP25.0_02-25_11cores.xlsx,system,system
601,818,125,0,111.7330082318924,1.425973170572985,-1893.546044591207,-1515.556780601168,346.4136589745129,169.6042580633554,7.835561743913866,0.0007419702544184783,0.0003193895099180187,-3.786774764914678e-06,4.564422375188421e-06,-4.363480043105978e-06,Success,KCP109C,/Users/lopezama/PycharmProjects/sci-cluster/review_outputs/rmelts_parity_audit_v2/2026-02-26/kcp109c_phase7_parity_20260225_224621/runs/kcp109c_phase7_parity_liam_exact/runs/20260225_224621/parallel-results/Parallel_MELTS_KCP109C_dP25.0_02-25_11cores.xlsx,system,system
602,817,125,0,111.7330329052592,1.426613553717476,-1893.200130609563,-1515.772453905606,346.2162791395287,169.6044310030832,7.832046219812279,0.0007434843718164973,0.0003193620701041018,-3.795892400613312e-06,4.565440124429191e-06,-4.37779418595521e-06,Success,KCP109C,/Users/lopezama/PycharmProjects/sci-cluster/review_outputs/rmelts_parity_audit_v2/2026-02-26/kcp109c_phase7_parity_20260225_224621/runs/kcp109c_phase7_parity_liam_exact/runs/20260225_224621/parallel-results/Parallel_MELTS_KCP109C_dP25.0_02-25_11cores.xlsx,system,system
603,816,125,0,111.7330576159789,1.42725336736943,-1892.854414772676,-1515.988339714984,346.0185236723059,169.6049212197482,7.82853697671872,0.0007450079224513019,0.000319335476052224,-3.804936664641823e-06,4.566493423142739e-06,-4.392246842138773e-06,Success,KCP109C,/Users/lopezama/PycharmProjects/sci-cluster/review_outputs/rmelts_parity_audit_v2/2026-02-26/kcp109c_phase7_parity_20260225_224621/runs/kcp109c_phase7_parity_liam_exact/runs/20260225_224621/parallel-results/Parallel_MELTS_KCP109C_dP25.0_02-25_11cores.xlsx,system,system
604,815,125,0,111.7330823636138,1.42789265063233,-1892.50889744715,-1516.20443751036,345.8203923510458,169.6057338077873,7.825033787668406,0.0007465409255235803,0.000319309696429206,-3.81390378964872e-06,4.567581808483048e-06,-4.406838996833271e-06,Success,KCP109C,/Users/lopezama/PycharmProjects/sci-cluster/review_outputs/rmelts_parity_audit_v2/2026-02-26/kcp109c_phase7_parity_20260225_224621/runs/kcp109c_phase7_parity_liam_exact/runs/20260225_224621/parallel-results/Parallel_MELTS_KCP109C_dP25.0_02-25_11cores.xlsx,system,system
605,814,125,0,111.733107148565,1.428531536788153,-1892.163579012921,-1516.420737402166,345.6218935848361,169.6068782749563,7.821535910910359,0.0007480832915486885,0.0003192846341503485,-3.822788571469627e-06,4.568703469760973e-06,-4.421570373846961e-06,Success,KCP109C,/Users/lopezama/PycharmProjects/sci-cluster/review_outputs/rmelts_parity_audit_v2/2026-02-26/kcp109c_phase7_parity_20260225_224621/runs/kcp109c_phase7_parity_liam_exact/runs/20260225_224621/parallel-results/Parallel_MELTS_KCP109C_dP25.0_02-25_11cores.xlsx,system,system
606,813,125,0,111.7331319694783,1.429169962022897,-1891.818459820733,-1516.637249369915,345.4230174937325,169.6083547589995,7.818043685393956,0.0007496351557188299,0.0003192603288024558,-3.831588540665703e-06,4.569859405083383e-06,-4.436443355911558e-06,Success,KCP109C,/Users/lopezama/PycharmProjects/sci-cluster/review_outputs/rmelts_parity_audit_v2/2026-02-26/kcp109c_phase7_parity_20260225_224621/runs/kcp109c_phase7_parity_liam_exact/runs/20260225_224621/parallel-results/Parallel_MELTS_KCP109C_dP25.0_02-25_11cores.xlsx,system,system
607,812,125,0,111.7331568264762,1.429808029674456,-1891.473540244271,-1516.853966702823,345.223769563146,169.6101712644848,7.814556535391401,0.0007511964612506986,0.0003192367035896168,-3.840298745133442e-06,4.571048224681023e-06,-4.451458084917536e-06,Success,KCP109C,/Users/lopezama/PycharmProjects/sci-cluster/review_outputs/rmelts_parity_audit_v2/2026-02-26/kcp109c_phase7_parity_20260225_224621/runs/kcp109c_phase7_parity_liam_exact/runs/20260225_224621/parallel-results/Parallel_MELTS_KCP109C_dP25.0_02-25_11cores.xlsx,system,system
608,811,125,0,111.7331817195252,1.430445823577439,-1891.128820653236,-1517.070884702356,345.0241534389891,169.6123348301996,7.811073993706996,0.0007527671720487942,0.0003192136948564775,-3.848914414176256e-06,4.572268810890845e-06,-4.466614963699822e-06,Success,KCP109C,/Users/lopezama/PycharmProjects/sci-cluster/review_outputs/rmelts_parity_audit_v2/2026-02-26/kcp109c_phase7_parity_20260225_224621/runs/kcp109c_phase7_parity_liam_exact/runs/20260225_224621/parallel-results/Parallel_MELTS_KCP109C_dP25.0_02-25_11cores.xlsx,system,system
609,810,125,0,111.7332066484993,1.431083417676495,-1890.784301413978,-1517.28799975329,344.8241717773978,169.6148519680249,7.807595648750457,0.000754347262180884,0.0003191912455819432,-3.857430824133606e-06,4.573520183950109e-06,-4.481914531667468e-06,Success,KCP109C,/Users/lopezama/PycharmProjects/sci-cluster/review_outputs/rmelts_parity_audit_v2/2026-02-26/kcp109c_phase7_parity_20260225_224621/runs/kcp109c_phase7_parity_liam_exact/runs/20260225_224621/parallel-results/Parallel_MELTS_KCP109C_dP25.0_02-25_11cores.xlsx,system,system
610,809,125,0,111.7332316129337,1.431720847974421,-1890.439982885073,-1517.505312134097,344.6238236390296,169.617727375386,7.804121297179707,0.0007559367485908492,0.0003191693247533307,-3.865843703584101e-06,4.574801900802847e-06,-4.497357849952868e-06,Success,KCP109C,/Users/lopezama/PycharmProjects/sci-cluster/review_outputs/rmelts_parity_audit_v2/2026-02-26/kcp109c_phase7_parity_20260225_224621/runs/kcp109c_phase7_parity_liam_exact/runs/20260225_224621/parallel-results/Parallel_MELTS_KCP109C_dP25.0_02-25_11cores.xlsx,system,system
611,808,125,0,111.7332566129413,1.43235821305374,-1890.095865431806,-1517.722815907462,344.4231138365108,169.6209686284827,7.800650395596903,0.000757535574164938,0.0003191478575264891,-3.874147776481876e-06,4.576112619521947e-06,-4.512945126621361e-06,Success,KCP109C,/Users/lopezama/PycharmProjects/sci-cluster/review_outputs/rmelts_parity_audit_v2/2026-02-26/kcp109c_phase7_parity_20260225_224621/runs/kcp109c_phase7_parity_liam_exact/runs/20260225_224621/parallel-results/Parallel_MELTS_KCP109C_dP25.0_02-25_11cores.xlsx,system,system
612,807,125,0,111.7332816483545,1.432995580746108,-1889.751949411791,-1517.940508312161,344.222044252771,169.6245818143931,7.797182569828939,0.000759143716217961,0.0003191267901490256,-3.882338112011435e-06,4.577451433255879e-06,-4.528676992053415e-06,Success,KCP109C,/Users/lopezama/PycharmProjects/sci-cluster/review_outputs/rmelts_parity_audit_v2/2026-02-26/kcp109c_phase7_parity_20260225_224621/runs/kcp109c_phase7_parity_liam_exact/runs/20260225_224621/parallel-results/Parallel_MELTS_KCP109C_dP25.0_02-25_11cores.xlsx,system,system
613,806,125,0,111.7333067192995,1.43363304779289,-1889.40823518388,-1518.158383708877,344.0206194458626,169.6285743425138,7.79371728988219,0.0007607611163773724,0.0003191060482802045,-3.890409252899695e-06,4.578817014070839e-06,-4.544553675436383e-06,Success,KCP109C,/Users/lopezama/PycharmProjects/sci-cluster/review_outputs/rmelts_parity_audit_v2/2026-02-26/kcp109c_phase7_parity_20260225_224621/runs/kcp109c_phase7_parity_liam_exact/runs/20260225_224621/parallel-results/Parallel_MELTS_KCP109C_dP25.0_02-25_11cores.xlsx,system,system
614,805,125,0,111.7333318258621,1.434270705617584,-1889.064723102297,-1518.37643708834,343.8188434020836,169.6329533105333,7.790254056520713,0.0007623877208010024,0.0003190855609724313,-3.898355713889612e-06,4.580208105095393e-06,-4.560575476894387e-06,Success,KCP109C,/Users/lopezama/PycharmProjects/sci-cluster/review_outputs/rmelts_parity_audit_v2/2026-02-26/kcp109c_phase7_parity_20260225_224621/runs/kcp109c_phase7_parity_liam_exact/runs/20260225_224621/parallel-results/Parallel_MELTS_KCP109C_dP25.0_02-25_11cores.xlsx,system,system
615,804,125,0,111.7333569684648,1.434908679654813,-1888.721413522343,-1518.594660129721,343.6167231979033,169.6377273110546,7.786792187733074,0.0007640234335172524,0.0003190652333049642,-3.906171403900425e-06,4.581622957453235e-06,-4.576742218809517e-06,Success,KCP109C,/Users/lopezama/PycharmProjects/sci-cluster/review_outputs/rmelts_parity_audit_v2/2026-02-26/kcp109c_phase7_parity_20260225_224621/runs/kcp109c_phase7_parity_liam_exact/runs/20260225_224621/parallel-results/Parallel_MELTS_KCP109C_dP25.0_02-25_11cores.xlsx,system,system
616,803,125,0,111.7333821469056,1.435547028053168,-1888.378306784346,-1518.813051256562,343.4142596550518,169.6429018401419,7.783331368700195,0.0007656682362863038,0.0003190450167468939,-3.913851107310731e-06,4.583060778096304e-06,-4.593054655913662e-06,Success,KCP109C,/Users/lopezama/PycharmProjects/sci-cluster/review_outputs/rmelts_parity_audit_v2/2026-02-26/kcp109c_phase7_parity_20260225_224621/runs/kcp109c_phase7_parity_liam_exact/runs/20260225_224621/parallel-results/Parallel_MELTS_KCP109C_dP25.0_02-25_11cores.xlsx,system,system
617,802,125,0,111.7334073618239,1.436185892262429,-1888.035403237047,-1519.031600596899,343.2114613218132,169.6484861770302,7.77987083453451,0.0007673220095877573,0.000319024804277482,-3.921388271614282e-06,4.584519572300871e-06,-4.609512370334906e-06,Success,KCP109C,/Users/lopezama/PycharmProjects/sci-cluster/review_outputs/rmelts_parity_audit_v2/2026-02-26/kcp109c_phase7_parity_20260225_224621/runs/kcp109c_phase7_parity_liam_exact/runs/20260225_224621/parallel-results/Parallel_MELTS_KCP109C_dP25.0_02-25_11cores.xlsx,system,system
618,801,125,0,111.7334326134676,1.436825372690653,-1887.692703217162,-1519.250302475582,343.0083328600106,169.65448766119,7.776410045170027,0.0007689846807084031,0.0003190045172111,-3.928776835414847e-06,4.585997928688935e-06,-4.626115511968513e-06,Success,KCP109C,/Users/lopezama/PycharmProjects/sci-cluster/review_outputs/rmelts_parity_audit_v2/2026-02-26/kcp109c_phase7_parity_20260225_224621/runs/kcp109c_phase7_parity_liam_exact/runs/20260225_224621/parallel-results/Parallel_MELTS_KCP109C_dP25.0_02-25_11cores.xlsx,system,system
619,800,125,0,111.7334579022424,1.437465583597495,-1887.35020705789,-1519.469149879263,342.8048801925424,169.660914229511,7.772948387578856,0.000770656158145145,0.0003189840668458861,-3.936010418237498e-06,4.587494230574943e-06,-4.642864027557779e-06,Success,KCP109C,/Users/lopezama/PycharmProjects/sci-cluster/review_outputs/rmelts_parity_audit_v2/2026-02-26/kcp109c_phase7_parity_20260225_224621/runs/kcp109c_phase7_parity_liam_exact/runs/20260225_224621/parallel-results/Parallel_MELTS_KCP109C_dP25.0_02-25_11cores.xlsx,system,system
620,799,125,0,111.733483228895,1.438106667489867,-1887.007915091486,-1519.68813294995,342.6011119167434,169.6677751108988,7.769485098342491,0.0007723363133958512,0.0003189633441646699,-3.94308209884683e-06,4.589006444488413e-06,-4.659757447148748e-06,Success,KCP109C,/Users/lopezama/PycharmProjects/sci-cluster/review_outputs/rmelts_parity_audit_v2/2026-02-26/kcp109c_phase7_parity_20260225_224621/runs/kcp109c_phase7_parity_liam_exact/runs/20260225_224621/parallel-results/Parallel_MELTS_KCP109C_dP25.0_02-25_11cores.xlsx,system,system
621,798,125,0,111.7335085937573,1.4387487275771,-1886.665827636608,-1519.907245891227,342.3970328575652,169.6750776595093,7.766019628870165,0.000774025063511376,0.000318942267550192,-3.94998542608192e-06,4.590533100076125e-06,-4.676795852937053e-06,Success,KCP109C,/Users/lopezama/PycharmProjects/sci-cluster/review_outputs/rmelts_parity_audit_v2/2026-02-26/kcp109c_phase7_parity_20260225_224621/runs/kcp109c_phase7_parity_liam_exact/runs/20260225_224621/parallel-results/Parallel_MELTS_KCP109C_dP25.0_02-25_11cores.xlsx,system,system
622,797,125,0,111.7335339979683,1.439391927791625,-1886.323945017776,-1520.126476612305,342.1926537452425,169.6828321594394,7.762551105131914,0.0007757222470908101,0.0003189207114194089,-3.956712903411279e-06,4.592071826342909e-06,-4.693978425557003e-06,Success,KCP109C,/Users/lopezama/PycharmProjects/sci-cluster/review_outputs/rmelts_parity_audit_v2/2026-02-26/kcp109c_phase7_parity_20260225_224621/runs/kcp109c_phase7_parity_liam_exact/runs/20260225_224621/parallel-results/Parallel_MELTS_KCP109C_dP25.0_02-25_11cores.xlsx,system,system
623,796,125,0,111.7335594414914,1.440036346271705,-1885.982267532838,-1520.345822133834,341.9879768030715,169.6910445906031,7.759079118438418,0.0007774278088337188,0.0003188986122059469,-3.963258235451062e-06,4.593621520441073e-06,-4.711305603224241e-06,Success,KCP109C,/Users/lopezama/PycharmProjects/sci-cluster/review_outputs/rmelts_parity_audit_v2/2026-02-26/kcp109c_phase7_parity_20260225_224621/runs/kcp109c_phase7_parity_liam_exact/runs/20260225_224621/parallel-results/Parallel_MELTS_KCP109C_dP25.0_02-25_11cores.xlsx,system,system
624,795,125,0,111.7335849255562,1.440682146494217,-1885.640795492257,-1520.565270427614,341.7830127460035,169.6997252271304,7.755602802287149,0.0007791415819604921,0.0003188758436673744,-3.969613682948353e-06,4.595179798573519e-06,-4.728776538393006e-06,Success,KCP109C,/Users/lopezama/PycharmProjects/sci-cluster/review_outputs/rmelts_parity_audit_v2/2026-02-26/kcp109c_phase7_parity_20260225_224621/runs/kcp109c_phase7_parity_liam_exact/runs/20260225_224621/parallel-results/Parallel_MELTS_KCP109C_dP25.0_02-25_11cores.xlsx,system,system
625,794,125,0,111.7336104515455,1.441329509284569,-1885.29952920074,-1520.784807881125,341.577773808382,169.708885017917,7.752121200030562,0.0007808633760363929,0.0003188522677284844,-3.975771130416935e-06,4.596744029816094e-06,-4.74639011888002e-06,Success,KCP109C,/Users/lopezama/PycharmProjects/sci-cluster/review_outputs/rmelts_parity_audit_v2/2026-02-26/kcp109c_phase7_parity_20260225_224621/runs/kcp109c_phase7_parity_liam_exact/runs/20260225_224621/parallel-results/Parallel_MELTS_KCP109C_dP25.0_02-25_11cores.xlsx,system,system
626,793,125,0,111.7336360195488,1.441978511218035,-1884.958468933466,-1521.004431596646,341.3722621927678,169.7185299514394,7.748633918626691,0.000782593128763099,0.0003188278203562389,-3.981723927763807e-06,4.598313103038485e-06,-4.764146753668562e-06,Success,KCP109C,/Users/lopezama/PycharmProjects/sci-cluster/review_outputs/rmelts_parity_audit_v2/2026-02-26/kcp109c_phase7_parity_20260225_224621/runs/kcp109c_phase7_parity_liam_exact/runs/20260225_224621/parallel-results/Parallel_MELTS_KCP109C_dP25.0_02-25_11cores.xlsx,system,system
627,792,125,0,111.7336645681978,1.44236524341589,-1884.617666894522,-1521.260540749921,341.1323533254475,169.7247407358766,7.746558306104485,0.0007848169324728081,0.0003190608534444304,-3.992688372751976e-06,4.604908292317293e-06,-4.787179362310526e-06,Success,KCP109C,/Users/lopezama/PycharmProjects/sci-cluster/review_outputs/rmelts_parity_audit_v2/2026-02-26/kcp109c_phase7_parity_20260225_224621/runs/kcp109c_phase7_parity_liam_exact/runs/20260225_224621/parallel-results/Parallel_MELTS_KCP109C_dP25.0_02-25_11cores.xlsx,system,system
628,791,125,0,111.7337018581712,1.441953051854946,-1884.277311001009,-1521.627107374336,340.7886140362478,169.7197078363076,7.748775295730719,0.0007885289411571154,0.000320075636806446,-4.019320259510191e-06,4.626749119596107e-06,-4.826022896862916e-06,Success,KCP109C,/Users/lopezama/PycharmProjects/sci-cluster/review_outputs/rmelts_parity_audit_v2/2026-02-26/kcp109c_phase7_parity_20260225_224621/runs/kcp109c_phase7_parity_liam_exact/runs/20260225_224621/parallel-results/Parallel_MELTS_KCP109C_dP25.0_02-25_11cores.xlsx,system,system
629,790,125,0,111.7337390421346,1.44152429806923,-1883.937298412302,-1521.996261669296,340.4421170512211,169.715163864372,7.751082599980463,0.0007922923479516481,0.0003211057691028152,-4.04616283839794e-06,4.648959856990524e-06,-4.865535073950888e-06,Success,KCP109C,/Users/lopezama/PycharmProjects/sci-cluster/review_outputs/rmelts_parity_audit_v2/2026-02-26/kcp109c_phase7_parity_20260225_224621/runs/kcp109c_phase7_parity_liam_exact/runs/20260225_224621/parallel-results/Parallel_MELTS_KCP109C_dP25.0_02-25_11cores.xlsx,system,system
630,789,125,0,111.7337761050981,1.441077501627276,-1883.597631750718,-1522.368234577973,340.0926396203405,169.7110609064205,7.753488343196492,0.0007961102436861745,0.0003221526676163318,-4.073240212464598e-06,4.671570667482712e-06,-4.905754310402795e-06,Success,KCP109C,/Users/lopezama/PycharmProjects/sci-cluster/review_outputs/rmelts_parity_audit_v2/2026-02-26/kcp109c_phase7_parity_20260225_224621/runs/kcp109c_phase7_parity_liam_exact/runs/20260225_224621/parallel-results/Parallel_MELTS_KCP109C_dP25.0_02-25_11cores.xlsx,system,system
631,788,125,0,111.7338130293585,1.440610958894119,-1883.258313832835,-1522.743290433863,339.7399268708213,169.7073412176571,7.756001878198303,0.0007999861565752423,0.0003232179642841601,-4.100580978599046e-06,4.694616200783218e-06,-4.946724209597307e-06,Success,KCP109C,/Users/lopezama/PycharmProjects/sci-cluster/review_outputs/rmelts_parity_audit_v2/2026-02-26/kcp109c_phase7_parity_20260225_224621/runs/kcp109c_phase7_parity_liam_exact/runs/20260225_224621/parallel-results/Parallel_MELTS_KCP109C_dP25.0_02-25_11cores.xlsx,system,system
632,787,125,0,111.7338497940644,1.440122638295666,-1882.919347701169,-1523.121741361444,339.3836781018957,169.7039336458436,7.758634356744605,0.0008039242419564701,0.0003243036031828931,-4.12822029645985e-06,4.718137576646823e-06,-4.988495713388463e-06,Success,KCP109C,/Users/lopezama/PycharmProjects/sci-cluster/review_outputs/rmelts_parity_audit_v2/2026-02-26/kcp109c_phase7_parity_20260225_224621/runs/kcp109c_phase7_parity_liam_exact/runs/20260225_224621/parallel-results/Parallel_MELTS_KCP109C_dP25.0_02-25_11cores.xlsx,system,system
633,786,125,0,111.7338863741344,1.439610077272941,-1882.580736658722,-1523.503961764933,339.0235329214829,169.700749772688,7.761399294022191,0.0008079294694968579,0.0003254119351063782,-4.156201941495847e-06,4.742184342299049e-06,-5.031129272378353e-06,Success,KCP109C,/Users/lopezama/PycharmProjects/sci-cluster/review_outputs/rmelts_parity_audit_v2/2026-02-26/kcp109c_phase7_parity_20260225_224621/runs/kcp109c_phase7_parity_liam_exact/runs/20260225_224621/parallel-results/Parallel_MELTS_KCP109C_dP25.0_02-25_11cores.xlsx,system,system
634,785,125,0,111.7339227387339,1.439070202382344,-1882.242484314745,-1523.89041185537,338.6590487732126,169.6976778054528,7.764313551469638,0.0008120079443906685,0.0003265458816860984,-4.184581841764935e-06,4.766817848178676e-06,-5.074698544818925e-06,Success,KCP109C,/Users/lopezama/PycharmProjects/sci-cluster/review_outputs/rmelts_parity_audit_v2/2026-02-26/kcp109c_phase7_parity_20260225_224621/runs/kcp109c_phase7_parity_liam_exact/runs/20260225_224621/parallel-results/Parallel_MELTS_KCP109C_dP25.0_02-25_11cores.xlsx,system,system
635,784,125,0,111.7339588500761,1.438499128855453,-1881.904594661342,-1524.28166747708,338.2896724062455,169.6945753226373,7.767398436937367,0.0008161672810824257,0.0003277091226946603,-4.213432153192542e-06,4.792115121534316e-06,-5.119294701912598e-06,Success,KCP109C,/Users/lopezama/PycharmProjects/sci-cluster/review_outputs/rmelts_parity_audit_v2/2026-02-26/kcp109c_phase7_parity_20260225_224621/runs/kcp109c_phase7_parity_liam_exact/runs/20260225_224621/parallel-results/Parallel_MELTS_KCP109C_dP25.0_02-25_11cores.xlsx,system,system
636,783,125,0,111.7339946594074,1.437891788202535,-1881.567072140776,-1524.678468605358,337.9146934956371,169.6912562539033,7.770681742266754,0.0008204172652224347,0.0003289064341365208,-4.242848591194765e-06,4.818175845379839e-06,-5.16503408951114e-06,Success,KCP109C,/Users/lopezama/PycharmProjects/sci-cluster/review_outputs/rmelts_parity_audit_v2/2026-02-26/kcp109c_phase7_parity_20260225_224621/runs/kcp109c_phase7_parity_liam_exact/runs/20260225_224621/parallel-results/Parallel_MELTS_KCP109C_dP25.0_02-25_11cores.xlsx,system,system
637,782,125,0,111.7340301039815,1.437241487263204,-1881.229921781651,-1525.081783006078,337.5331836948051,169.687475211457,7.774200167067645,0.0008247706703036349,0.0003301440982114547,-4.272959377367757e-06,4.845130858000826e-06,-5.21206767214565e-06,Success,KCP109C,/Users/lopezama/PycharmProjects/sci-cluster/review_outputs/rmelts_parity_audit_v2/2026-02-26/kcp109c_phase7_parity_20260225_224621/runs/kcp109c_phase7_parity_liam_exact/runs/20260225_224621/parallel-results/Parallel_MELTS_KCP109C_dP25.0_02-25_11cores.xlsx,system,system
638,781,125,0,111.7340651002776,1.436539169609749,-1880.893149353322,-1525.492908259932,337.1438989644636,169.6829011291406,7.778003375336532,0.0008292446008682341,0.0003314305829183108,-4.303940056526428e-06,4.873156235607549e-06,-5.260596600809917e-06,Success,KCP109C,/Users/lopezama/PycharmProjects/sci-cluster/review_outputs/rmelts_parity_audit_v2/2026-02-26/kcp109c_phase7_parity_20260225_224621/runs/kcp109c_phase7_parity_liam_exact/runs/20260225_224621/parallel-results/Parallel_MELTS_KCP109C_dP25.0_02-25_11cores.xlsx,system,system
639,780,125,0,111.7340995332791,1.43577224732315,-1880.556761579184,-1525.913634732195,336.7451235313009,169.6770752621411,7.782160418659427,0.0008338626219742104,0.0003327776188862176,-4.33603700244198e-06,4.902495625356438e-06,-5.310896906667499e-06,Success,KCP109C,/Users/lopezama/PycharmProjects/sci-cluster/review_outputs/rmelts_parity_audit_v2/2026-02-26/kcp109c_phase7_parity_20260225_224621/runs/kcp109c_phase7_parity_liam_exact/runs/20260225_224621/parallel-results/Parallel_MELTS_KCP109C_dP25.0_02-25_11cores.xlsx,system,system
640,779,125,0,111.7341332404042,1.434922798732109,-1880.220766461938,-1526.346500812097,336.3344253669537,169.6693455694755,7.786769667269345,0.0008386580686066448,0.0003342018685352359,-4.369603928671426e-06,4.933494939287212e-06,-5.363357950810498e-06,Success,KCP109C,/Users/lopezama/PycharmProjects/sci-cluster/review_outputs/rmelts_parity_audit_v2/2026-02-26/kcp109c_phase7_parity_20260225_224621/runs/kcp109c_phase7_parity_liam_exact/runs/20260225_224621/parallel-results/Parallel_MELTS_KCP109C_dP25.0_02-25_11cores.xlsx,system,system
641,778,125,0,111.735080322997,1.433482791253683,-1879.900000190175,-1526.878708936287,335.842925608989,169.6390407251661,7.794657948092751,0.0008444760653943875,0.0003361463715753917,-4.41422185686646e-06,4.975260262040601e-06,-5.427769047513138e-06,Success,KCP109C,/Users/lopezama/PycharmProjects/sci-cluster/review_outputs/rmelts_parity_audit_v2/2026-02-26/kcp109c_phase7_parity_20260225_224621/runs/kcp109c_phase7_parity_liam_exact/runs/20260225_224621/parallel-results/Parallel_MELTS_KCP109C_dP25.0_02-25_11cores.xlsx,system,system
642,777,125,0,111.7363555427236,1.431585336251324,-1879.585067908487,-1527.481080795244,335.2892321223096,169.5929129246585,7.805078238319396,0.000851125304628258,0.0003385035000882821,-4.4676242028415e-06,5.025640843546219e-06,-5.501948517034888e-06,Success,KCP109C,/Users/lopezama/PycharmProjects/sci-cluster/review_outputs/rmelts_parity_audit_v2/2026-02-26/kcp109c_phase7_parity_20260225_224621/runs/kcp109c_phase7_parity_liam_exact/runs/20260225_224621/parallel-results/Parallel_MELTS_KCP109C_dP25.0_02-25_11cores.xlsx,system,system
643,776,125,0,111.7419273363571,1.414501356114809,-1879.3407903657,-1530.410732536255,332.5835751126582,168.9535994304213,7.899739852019453,0.0008848128847434301,0.0003548312223327838,-4.82464161137781e-06,5.365144151821766e-06,-5.888997819399399e-06,Success,KCP109C,/Users/lopezama/PycharmProjects/sci-cluster/review_outputs/rmelts_parity_audit_v2/2026-02-26/kcp109c_phase7_parity_20260225_224621/runs/kcp109c_phase7_parity_liam_exact/runs/20260225_224621/parallel-results/Parallel_MELTS_KCP109C_dP25.0_02-25_11cores.xlsx,system,system
644,775,125,0,111.746283979602,1.395288303966751,-1879.080275048583,-1533.753255792112,329.4633585426436,168.1951224953346,8.008831125575382,0.0009226937919652432,0.0003731996322095175,-5.236486299212749e-06,5.756930789724411e-06,-6.335669671581719e-06,Success,KCP109C,/Users/lopezama/PycharmProjects/sci-cluster/review_outputs/rmelts_parity_audit_v2/2026-02-26/kcp109c_phase7_parity_20260225_224621/runs/kcp109c_phase7_parity_liam_exact/runs/20260225_224621/parallel-results/Parallel_MELTS_KCP109C_dP25.0_02-25_11cores.xlsx,system,system
645,774,125,0,111.7466213201444,1.384344511620314,-1878.757411437855,-1535.841759518436,327.4751964087459,167.7429380690374,8.072168479893051,0.000946183071012396,0.0003840343826859789,-5.485436362345783e-06,5.994031970702408e-06,-6.617392920948528e-06,Success,KCP109C,/Users/lopezama/PycharmProjects/sci-cluster/review_outputs/rmelts_parity_audit_v2/2026-02-26/kcp109c_phase7_parity_20260225_224621/runs/kcp109c_phase7_parity_liam_exact/runs/20260225_224621/parallel-results/Parallel_MELTS_KCP109C_dP25.0_02-25_11cores.xlsx,system,system
646,773,125,0,111.7465407282478,1.380477623763373,-1878.429152117871,-1536.832906209601,326.5270237616694,167.584735006268,8.094773780078468,0.0009571102024944766,0.0003883592683747945,-5.586815351978685e-06,6.091239405347858e-06,-6.748441325378861e-06,Success,KCP109C,/Users/lopezama/PycharmProjects/sci-cluster/review_outputs/rmelts_parity_audit_v2/2026-02-26/kcp109c_phase7_parity_20260225_224621/runs/kcp109c_phase7_parity_liam_exact/runs/20260225_224621/parallel-results/Parallel_MELTS_KCP109C_dP25.0_02-25_11cores.xlsx,system,system
647,772,125,0,111.7464931731631,1.378755843081609,-1878.102196207618,-1537.495197196924,325.8929330820399,167.5159976412633,8.104879027993992,0.0009642628709125047,0.0003907219003024567,-5.642757935770317e-06,6.145691475568048e-06,-6.83362023347084e-06,Success,KCP109C,/Users/lopezama/PycharmProjects/sci-cluster/review_outputs/rmelts_parity_audit_v2/2026-02-26/kcp109c_phase7_parity_20260225_224621/runs/kcp109c_phase7_parity_liam_exact/runs/20260225_224621/parallel-results/Parallel_MELTS_KCP109C_dP25.0_02-25_11cores.xlsx,system,system
648,770,125,0,111.7464848704325,1.378548680933614,-1877.451115439001,-1538.305070060337,325.1172366185726,167.5203697143982,8.106096390789249,0.0009728158333537863,0.0003924621618935988,-5.6842475616392e-06,6.189061769292394e-06,-6.93357505342155e-06,Success,KCP109C,/Users/lopezama/PycharmProjects/sci-cluster/review_outputs/rmelts_parity_audit_v2/2026-02-26/kcp109c_phase7_parity_20260225_224621/runs/kcp109c_phase7_parity_liam_exact/runs/20260225_224621/parallel-results/Parallel_MELTS_KCP109C_dP25.0_02-25_11cores.xlsx,system,system
649,855,100,0,111.732271896488,1.237995409547127,-1908.595917740136,-1508.667387992146,354.4994280441338,168.5452046326347,9.025257366451864,0.0007840395345475868,0.0004991130491339514,-5.647166777200019e-06,9.77017242993465e-06,-5.802092520394321e-06,Success,KCP109C,/Users/lopezama/PycharmProjects/sci-cluster/review_outputs/rmelts_parity_audit_v2/2026-02-26/kcp109c_phase7_parity_20260225_224621/runs/kcp109c_phase7_parity_liam_exact/runs/20260225_224621/parallel-results/Parallel_MELTS_KCP109C_dP25.0_02-25_11cores.xlsx,system,system
650,854,100,0,111.7322957479721,1.238895015520696,-1908.241884072062,-1508.849679755013,354.3381132209993,168.5518481402825,9.01870572955789,0.00078535444040933,0.0004989282279114935,-5.668327846502861e-06,9.764053667930387e-06,-5.811188217365336e-06,Success,KCP109C,/Users/lopezama/PycharmProjects/sci-cluster/review_outputs/rmelts_parity_audit_v2/2026-02-26/kcp109c_phase7_parity_20260225_224621/runs/kcp109c_phase7_parity_liam_exact/runs/20260225_224621/parallel-results/Parallel_MELTS_KCP109C_dP25.0_02-25_11cores.xlsx,system,system
651,853,100,0,111.7323179445403,1.239535408983269,-1907.88800163977,-1509.06094869985,354.1509150112514,168.5405499764215,9.014048096955047,0.0007869128730496192,0.0004989626660281867,-5.693944730547531e-06,9.764624337068805e-06,-5.824258696136307e-06,Success,KCP109C,/Users/lopezama/PycharmProjects/sci-cluster/review_outputs/rmelts_parity_audit_v2/2026-02-26/kcp109c_phase7_parity_20260225_224621/runs/kcp109c_phase7_parity_liam_exact/runs/20260225_224621/parallel-results/Parallel_MELTS_KCP109C_dP25.0_02-25_11cores.xlsx,system,system
652,852,100,0,111.7323401831911,1.240175516875005,-1907.534307207564,-1509.272351944555,353.9634317762155,168.5294475612453,9.009397352459782,0.0007884808566636785,0.0004989987286233256,-5.719720515032145e-06,9.765261932049781e-06,-5.83744877632499e-06,Success,KCP109C,/Users/lopezama/PycharmProjects/sci-cluster/review_outputs/rmelts_parity_audit_v2/2026-02-26/kcp109c_phase7_parity_20260225_224621/runs/kcp109c_phase7_parity_liam_exact/runs/20260225_224621/parallel-results/Parallel_MELTS_KCP109C_dP25.0_02-25_11cores.xlsx,system,system
653,851,100,0,111.7323624634472,1.240815334436309,-1907.180801053721,-1509.483891763134,353.7756609799285,168.518542944527,9.004753516703285,0.0007900584746763019,0.0004990364261251484,-5.745656127595701e-06,9.765966928855705e-06,-5.850759800639627e-06,Success,KCP109C,/Users/lopezama/PycharmProjects/sci-cluster/review_outputs/rmelts_parity_audit_v2/2026-02-26/kcp109c_phase7_parity_20260225_224621/runs/kcp109c_phase7_parity_liam_exact/runs/20260225_224621/parallel-results/Parallel_MELTS_KCP109C_dP25.0_02-25_11cores.xlsx,system,system
654,850,100,0,111.732384784782,1.24145485106637,-1906.827483458684,-1509.695571115225,353.5875994688684,168.5078377796431,9.000116652555459,0.0007916458166021788,0.000499075773820191,-5.771752590757164e-06,9.766739955034101e-06,-5.8641932174831e-06,Success,KCP109C,/Users/lopezama/PycharmProjects/sci-cluster/review_outputs/rmelts_parity_audit_v2/2026-02-26/kcp109c_phase7_parity_20260225_224621/runs/kcp109c_phase7_parity_liam_exact/runs/20260225_224621/parallel-results/Parallel_MELTS_KCP109C_dP25.0_02-25_11cores.xlsx,system,system
655,849,100,0,111.732407146689,1.242094061156821,-1906.474354706085,-1509.907392469584,353.3992445185589,168.4973340410852,8.995486786453784,0.000793242968166011,0.0004991167827706584,-5.798010839680878e-06,9.767581513425019e-06,-5.877750419168486e-06,Success,KCP109C,/Users/lopezama/PycharmProjects/sci-cluster/review_outputs/rmelts_parity_audit_v2/2026-02-26/kcp109c_phase7_parity_20260225_224621/runs/kcp109c_phase7_parity_liam_exact/runs/20260225_224621/parallel-results/Parallel_MELTS_KCP109C_dP25.0_02-25_11cores.xlsx,system,system
656,848,100,0,111.7324295486724,1.242732963083409,-1906.121415082463,-1510.119357912207,353.2105937388008,168.4870339422253,8.99086391588482,0.0007948500121762238,0.0004991594606789522,-5.82443173753185e-06,9.768492008460652e-06,-5.891432756898852e-06,Success,KCP109C,/Users/lopezama/PycharmProjects/sci-cluster/review_outputs/rmelts_parity_audit_v2/2026-02-26/kcp109c_phase7_parity_20260225_224621/runs/kcp109c_phase7_parity_liam_exact/runs/20260225_224621/parallel-results/Parallel_MELTS_KCP109C_dP25.0_02-25_11cores.xlsx,system,system
657,847,100,0,111.7324519901755,1.243371544622166,-1905.768664875958,-1510.331470746291,353.0216436456432,168.4769390592371,8.986248114929198,0.0007964670418408465,0.0004992038239031965,-5.851016320420572e-06,9.76947211334416e-06,-5.905241758204715e-06,Success,KCP109C,/Users/lopezama/PycharmProjects/sci-cluster/review_outputs/rmelts_parity_audit_v2/2026-02-26/kcp109c_phase7_parity_20260225_224621/runs/kcp109c_phase7_parity_liam_exact/runs/20260225_224621/parallel-results/Parallel_MELTS_KCP109C_dP25.0_02-25_11cores.xlsx,system,system
658,846,100,0,111.7324744707599,1.244009817985987,-1905.416104379098,-1510.543731667192,352.8323930768047,168.4670524305729,8.981639280922337,0.0007980941286416553,0.0004992498685180007,-5.877765204501346e-06,9.770521886674238e-06,-5.919178603804528e-06,Success,KCP109C,/Users/lopezama/PycharmProjects/sci-cluster/review_outputs/rmelts_parity_audit_v2/2026-02-26/kcp109c_phase7_parity_20260225_224621/runs/kcp109c_phase7_parity_liam_exact/runs/20260225_224621/parallel-results/Parallel_MELTS_KCP109C_dP25.0_02-25_11cores.xlsx,system,system
659,845,100,0,111.732496989872,1.24464777512331,-1905.063733884828,-1510.756143641375,352.6428388350877,168.4573758658608,8.97703745775004,0.0007997313633329372,0.0004992976072689095,-5.904679341213432e-06,9.771641900381822e-06,-5.933244795873147e-06,Success,KCP109C,/Users/lopezama/PycharmProjects/sci-cluster/review_outputs/rmelts_parity_audit_v2/2026-02-26/kcp109c_phase7_parity_20260225_224621/runs/kcp109c_phase7_parity_liam_exact/runs/20260225_224621/parallel-results/Parallel_MELTS_KCP109C_dP25.0_02-25_11cores.xlsx,system,system
660,844,100,0,111.7325195470937,1.245285429943858,-1904.711553690429,-1510.968707336241,352.4529797736989,168.4479125023473,8.972442530876716,0.0008013788167767693,0.0004993470343759531,-5.931759294969507e-06,9.772832168301078e-06,-5.947441521947396e-06,Success,KCP109C,/Users/lopezama/PycharmProjects/sci-cluster/review_outputs/rmelts_parity_audit_v2/2026-02-26/kcp109c_phase7_parity_20260225_224621/runs/kcp109c_phase7_parity_liam_exact/runs/20260225_224621/parallel-results/Parallel_MELTS_KCP109C_dP25.0_02-25_11cores.xlsx,system,system
661,843,100,0,111.7325421418502,1.245922777995368,-1904.359564092571,-1511.181425422528,352.2628129463264,168.4386643244497,8.96785451836932,0.0008030365779149632,0.0004993981596379281,-5.959005940890208e-06,9.774093180073356e-06,-5.961770270079459e-06,Success,KCP109C,/Users/lopezama/PycharmProjects/sci-cluster/review_outputs/rmelts_parity_audit_v2/2026-02-26/kcp109c_phase7_parity_20260225_224621/runs/kcp109c_phase7_parity_liam_exact/runs/20260225_224621/parallel-results/Parallel_MELTS_KCP109C_dP25.0_02-25_11cores.xlsx,system,system
662,842,100,0,111.7325647737906,1.246559844028441,-1904.007765393334,-1511.394297542804,352.0723381164247,168.4296351020492,8.963273228239927,0.0008047047083860536,0.0004994509678529053,-5.986419629643216e-06,9.775424674356708e-06,-5.976232096655385e-06,Success,KCP109C,/Users/lopezama/PycharmProjects/sci-cluster/review_outputs/rmelts_parity_audit_v2/2026-02-26/kcp109c_phase7_parity_20260225_224621/runs/kcp109c_phase7_parity_liam_exact/runs/20260225_224621/parallel-results/Parallel_MELTS_KCP109C_dP25.0_02-25_11cores.xlsx,system,system
663,841,100,0,111.7325874423204,1.247196622387468,-1903.656157892372,-1511.607326642157,351.8815520802536,168.4208267091992,8.958698687656344,0.0008063832994087177,0.0004995054695812544,-6.014001233639922e-06,9.776827174281731e-06,-5.990828544509555e-06,Success,KCP109C,/Users/lopezama/PycharmProjects/sci-cluster/review_outputs/rmelts_parity_audit_v2/2026-02-26/kcp109c_phase7_parity_20260225_224621/runs/kcp109c_phase7_parity_liam_exact/runs/20260225_224621/parallel-results/Parallel_MELTS_KCP109C_dP25.0_02-25_11cores.xlsx,system,system
664,840,100,0,111.7326101471236,1.247833144409251,-1903.304741895223,-1511.820511797311,351.6904551030066,168.412243266191,8.954130658231556,0.0008080724072721408,0.0004995616438033096,-6.041750957871068e-06,9.778300252895111e-06,-6.005560603427614e-06,Success,KCP109C,/Users/lopezama/PycharmProjects/sci-cluster/review_outputs/rmelts_parity_audit_v2/2026-02-26/kcp109c_phase7_parity_20260225_224621/runs/kcp109c_phase7_parity_liam_exact/runs/20260225_224621/parallel-results/Parallel_MELTS_KCP109C_dP25.0_02-25_11cores.xlsx,system,system
665,839,100,0,111.7326328879086,1.248469442569389,-1902.953517708918,-1512.03385206251,351.4990474723804,168.4038889229444,8.949568894370316,0.00080977208722751,0.0004996194682181915,-6.069668963566e-06,9.779843451697951e-06,-6.020429258596801e-06,Success,KCP109C,/Users/lopezama/PycharmProjects/sci-cluster/review_outputs/rmelts_parity_audit_v2/2026-02-26/kcp109c_phase7_parity_20260225_224621/runs/kcp109c_phase7_parity_liam_exact/runs/20260225_224621/parallel-results/Parallel_MELTS_KCP109C_dP25.0_02-25_11cores.xlsx,system,system
666,838,100,0,111.7326556636392,1.249105466740633,-1902.602485629227,-1512.247355240982,351.3073215931646,168.3957627763133,8.945013742929966,0.0008114824758542325,0.0004996789915218606,-6.097756885284817e-06,9.781458457205276e-06,-6.035436808229965e-06,Success,KCP109C,/Users/lopezama/PycharmProjects/sci-cluster/review_outputs/rmelts_parity_audit_v2/2026-02-26/kcp109c_phase7_parity_20260225_224621/runs/kcp109c_phase7_parity_liam_exact/runs/20260225_224621/parallel-results/Parallel_MELTS_KCP109C_dP25.0_02-25_11cores.xlsx,system,system
667,837,100,0,111.7326784748758,1.249741349248027,-1902.251645978554,-1512.461010012131,351.1152870931164,168.3878749808432,8.94046424422987,0.0008132035316235187,0.0004997401054297434,-6.126013047579416e-06,9.783142228772672e-06,-6.050582708946903e-06,Success,KCP109C,/Users/lopezama/PycharmProjects/sci-cluster/review_outputs/rmelts_parity_audit_v2/2026-02-26/kcp109c_phase7_parity_20260225_224621/runs/kcp109c_phase7_parity_liam_exact/runs/20260225_224621/parallel-results/Parallel_MELTS_KCP109C_dP25.0_02-25_11cores.xlsx,system,system
668,836,100,0,111.7327013207814,1.250377061602341,-1901.900999056881,-1512.674822079388,350.9229382657825,168.380225877016,8.935920591633174,0.0008149353704227367,0.0004998028395818309,-6.154438650606713e-06,9.784895891309763e-06,-6.065868951399178e-06,Success,KCP109C,/Users/lopezama/PycharmProjects/sci-cluster/review_outputs/rmelts_parity_audit_v2/2026-02-26/kcp109c_phase7_parity_20260225_224621/runs/kcp109c_phase7_parity_liam_exact/runs/20260225_224621/parallel-results/Parallel_MELTS_KCP109C_dP25.0_02-25_11cores.xlsx,system,system
669,835,100,0,111.7327242006874,1.251012603345454,-1901.550545167015,-1512.888794178642,350.7302720645885,168.3728175030079,8.9313827775909,0.000816678082094873,0.0004998672000068498,-6.183034385124187e-06,9.786719858062867e-06,-6.081297116522025e-06,Success,KCP109C,/Users/lopezama/PycharmProjects/sci-cluster/review_outputs/rmelts_parity_audit_v2/2026-02-26/kcp109c_phase7_parity_20260225_224621/runs/kcp109c_phase7_parity_liam_exact/runs/20260225_224621/parallel-results/Parallel_MELTS_KCP109C_dP25.0_02-25_11cores.xlsx,system,system
670,834,100,0,111.7327471149019,1.251648073009168,-1901.200284627475,-1513.102918849554,350.5372946555763,168.3656578024055,8.926850088641768,0.0008184316578285296,0.0004999331065440687,-6.211799093292569e-06,9.78861195849561e-06,-6.096867226828578e-06,Success,KCP109C,/Users/lopezama/PycharmProjects/sci-cluster/review_outputs/rmelts_parity_audit_v2/2026-02-26/kcp109c_phase7_parity_20260225_224621/runs/kcp109c_phase7_parity_liam_exact/runs/20260225_224621/parallel-results/Parallel_MELTS_KCP109C_dP25.0_02-25_11cores.xlsx,system,system
671,833,100,0,111.7327700630115,1.252283495360523,-1900.850217744522,-1513.317196379282,350.3440052119876,168.3587502345408,8.922322339706671,0.0008201961623204948,0.0005000005428876529,-6.240732941838205e-06,9.790571947779471e-06,-6.112580490234338e-06,Success,KCP109C,/Users/lopezama/PycharmProjects/sci-cluster/review_outputs/rmelts_parity_audit_v2/2026-02-26/kcp109c_phase7_parity_20260225_224621/runs/kcp109c_phase7_parity_liam_exact/runs/20260225_224621/parallel-results/Parallel_MELTS_KCP109C_dP25.0_02-25_11cores.xlsx,system,system
672,832,100,0,111.7327930445534,1.252918889055217,-1900.500344822811,-1513.531627788422,350.1504022389617,168.3520978564958,8.917799389935546,0.0008219716666021251,0.0005000694977362397,-6.269836185049773e-06,9.792599738622112e-06,-6.128438228702022e-06,Success,KCP109C,/Users/lopezama/PycharmProjects/sci-cluster/review_outputs/rmelts_parity_audit_v2/2026-02-26/kcp109c_phase7_parity_20260225_224621/runs/kcp109c_phase7_parity_liam_exact/runs/20260225_224621/parallel-results/Parallel_MELTS_KCP109C_dP25.0_02-25_11cores.xlsx,system,system
673,831,100,0,111.7328160596046,1.2535543310956,-1900.150666174675,-1513.746208067635,349.9564897043338,168.3457071710807,8.913280684208612,0.0008237581833889101,0.0005001399092716917,-6.299107964897978e-06,9.794693729364515e-06,-6.144440850235445e-06,Success,KCP109C,/Users/lopezama/PycharmProjects/sci-cluster/review_outputs/rmelts_parity_audit_v2/2026-02-26/kcp109c_phase7_parity_20260225_224621/runs/kcp109c_phase7_parity_liam_exact/runs/20260225_224621/parallel-results/Parallel_MELTS_KCP109C_dP25.0_02-25_11cores.xlsx,system,system
674,830,100,0,111.7328391078379,1.254189854916502,-1899.80118210443,-1513.960936846976,349.7622673774679,168.3395820292796,8.908765979077108,0.0008255557689858265,0.0005002117530788322,-6.328548197031739e-06,9.796853450683108e-06,-6.160589471365685e-06,Success,KCP109C,/Users/lopezama/PycharmProjects/sci-cluster/review_outputs/rmelts_parity_audit_v2/2026-02-26/kcp109c_phase7_parity_20260225_224621/runs/kcp109c_phase7_parity_liam_exact/runs/20260225_224621/parallel-results/Parallel_MELTS_KCP109C_dP25.0_02-25_11cores.xlsx,system,system
675,829,100,0,111.7328621893259,1.254825535585748,-1899.451892921139,-1514.175809485254,349.5677389065779,168.3337287169171,8.90425473666898,0.0008273644376149295,0.0005002849685406544,-6.358155982102644e-06,9.799077350894626e-06,-6.176884555585191e-06,Success,KCP109C,/Users/lopezama/PycharmProjects/sci-cluster/review_outputs/rmelts_parity_audit_v2/2026-02-26/kcp109c_phase7_parity_20260225_224621/runs/kcp109c_phase7_parity_liam_exact/runs/20260225_224621/parallel-results/Parallel_MELTS_KCP109C_dP25.0_02-25_11cores.xlsx,system,system
676,828,100,0,111.7328853038244,1.255461415413384,-1899.102798926619,-1514.390824857451,349.3729047533645,168.3281515102322,8.899746653467187,0.0008291842365323334,0.0005003595232242796,-6.387930997267311e-06,9.801364732172446e-06,-6.193327106317515e-06,Success,KCP109C,/Users/lopezama/PycharmProjects/sci-cluster/review_outputs/rmelts_parity_audit_v2/2026-02-26/kcp109c_phase7_parity_20260225_224621/runs/kcp109c_phase7_parity_liam_exact/runs/20260225_224621/parallel-results/Parallel_MELTS_KCP109C_dP25.0_02-25_11cores.xlsx,system,system
677,827,100,0,111.7329084515233,1.2560975798539,-1898.753900427314,-1514.605977385952,349.1777694326792,168.3228572194994,8.89524112167458,0.0008310151687886504,0.0005004353470277089,-6.417872062052665e-06,9.803713771704579e-06,-6.209917443191743e-06,Success,KCP109C,/Users/lopezama/PycharmProjects/sci-cluster/review_outputs/rmelts_parity_audit_v2/2026-02-26/kcp109c_phase7_parity_20260225_224621/runs/kcp109c_phase7_parity_liam_exact/runs/20260225_224621/parallel-results/Parallel_MELTS_KCP109C_dP25.0_02-25_11cores.xlsx,system,system
678,826,100,0,111.7329316322028,1.256734072674834,-1898.405197720232,-1514.821265945073,348.9823334168762,168.3178501161396,8.890737830827677,0.0008328572797440893,0.0005005124058043948,-6.447978743413618e-06,9.806123733766682e-06,-6.226656572512671e-06,Success,KCP109C,/Users/lopezama/PycharmProjects/sci-cluster/review_outputs/rmelts_parity_audit_v2/2026-02-26/kcp109c_phase7_parity_20260225_224621/runs/kcp109c_phase7_parity_liam_exact/runs/20260225_224621/parallel-results/Parallel_MELTS_KCP109C_dP25.0_02-25_11cores.xlsx,system,system
679,825,100,0,111.7329548461845,1.257370991135847,-1898.05669110808,-1515.036683906114,348.7866021963897,168.3131375958642,8.88623609371252,0.0008347105595950393,0.0005005906187770451,-6.478249542659743e-06,9.808592488398607e-06,-6.243544645235352e-06,Success,KCP109C,/Users/lopezama/PycharmProjects/sci-cluster/review_outputs/rmelts_parity_audit_v2/2026-02-26/kcp109c_phase7_parity_20260225_224621/runs/kcp109c_phase7_parity_liam_exact/runs/20260225_224621/parallel-results/Parallel_MELTS_KCP109C_dP25.0_02-25_11cores.xlsx,system,system
680,824,100,0,111.7329780936703,1.258008418850715,-1897.708380888154,-1515.25222614301,348.5905799071627,168.3087261941362,8.881735322228348,0.0008365750118547835,0.0005006699167167403,-6.50868316687207e-06,9.811118260058435e-06,-6.260582041802958e-06,Success,KCP109C,/Users/lopezama/PycharmProjects/sci-cluster/review_outputs/rmelts_parity_audit_v2/2026-02-26/kcp109c_phase7_parity_20260225_224621/runs/kcp109c_phase7_parity_liam_exact/runs/20260225_224621/parallel-results/Parallel_MELTS_KCP109C_dP25.0_02-25_11cores.xlsx,system,system
681,823,100,0,111.7330013745882,1.258646411761914,-1897.360267349491,-1515.467890491791,348.3942679904207,168.3046207618155,8.877235125803034,0.0008384506682150973,0.000500750254189104,-6.539278806059691e-06,9.813699994772249e-06,-6.277769605677897e-06,Success,KCP109C,/Users/lopezama/PycharmProjects/sci-cluster/review_outputs/rmelts_parity_audit_v2/2026-02-26/kcp109c_phase7_parity_20260225_224621/runs/kcp109c_phase7_parity_liam_exact/runs/20260225_224621/parallel-results/Parallel_MELTS_KCP109C_dP25.0_02-25_11cores.xlsx,system,system
682,822,100,0,111.7330246893382,1.259285070587862,-1897.012350784667,-1515.683670194946,348.1976720903268,168.300828753273,8.872734800006704,0.0008403375134554581,0.0005008315465951008,-6.570034732128346e-06,9.81633546955961e-06,-6.295107458775349e-06,Success,KCP109C,/Users/lopezama/PycharmProjects/sci-cluster/review_outputs/rmelts_parity_audit_v2/2026-02-26/kcp109c_phase7_parity_20260225_224621/runs/kcp109c_phase7_parity_liam_exact/runs/20260225_224621/parallel-results/Parallel_MELTS_KCP109C_dP25.0_02-25_11cores.xlsx,system,system
683,821,100,0,111.7330480382396,1.25992448616989,-1896.664631480458,-1515.89955959128,348.0007968643952,168.2973569981046,8.868233712792001,0.0008422355417823111,0.0005009137176003295,-6.600949347196284e-06,9.819022717222093e-06,-6.312595891777312e-06,Success,KCP109C,/Users/lopezama/PycharmProjects/sci-cluster/review_outputs/rmelts_parity_audit_v2/2026-02-26/kcp109c_phase7_parity_20260225_224621/runs/kcp109c_phase7_parity_liam_exact/runs/20260225_224621/parallel-results/Parallel_MELTS_KCP109C_dP25.0_02-25_11cores.xlsx,system,system
684,820,100,0,111.7330714216715,1.260564753729858,-1896.317109719803,-1516.115552651235,347.803647320649,168.2942125323698,8.863731203896261,0.0008441447421087326,0.0005009966868160289,-6.632020907409306e-06,9.821759655817969e-06,-6.330235131801696e-06,Success,KCP109C,/Users/lopezama/PycharmProjects/sci-cluster/review_outputs/rmelts_parity_audit_v2/2026-02-26/kcp109c_phase7_parity_20260225_224621/runs/kcp109c_phase7_parity_liam_exact/runs/20260225_224621/parallel-results/Parallel_MELTS_KCP109C_dP25.0_02-25_11cores.xlsx,system,system
685,819,100,0,111.7330948400615,1.261205970937579,-1895.969785781282,-1516.331643150951,347.6062286593699,168.2914025028738,8.85922659857051,0.0008460650999094851,0.0005010803714003278,-6.66324755654679e-06,9.824544137355055e-06,-6.348025372505148e-06,Success,KCP109C,/Users/lopezama/PycharmProjects/sci-cluster/review_outputs/rmelts_parity_audit_v2/2026-02-26/kcp109c_phase7_parity_20260225_224621/runs/kcp109c_phase7_parity_liam_exact/runs/20260225_224621/parallel-results/Parallel_MELTS_KCP109C_dP25.0_02-25_11cores.xlsx,system,system
686,818,100,0,111.7331182938444,1.261848234363778,-1895.62265993814,-1516.547825050858,347.4085459261165,168.2889339535356,8.854719232553357,0.0008479966009665834,0.0005011646891833891,-6.694627394528991e-06,9.827374041250607e-06,-6.365966833128741e-06,Success,KCP109C,/Users/lopezama/PycharmProjects/sci-cluster/review_outputs/rmelts_parity_audit_v2/2026-02-26/kcp109c_phase7_parity_20260225_224621/runs/kcp109c_phase7_parity_liam_exact/runs/20260225_224621/parallel-results/Parallel_MELTS_KCP109C_dP25.0_02-25_11cores.xlsx,system,system
687,817,100,0,111.7331417837554,1.262491665805814,-1895.27573246273,-1516.76408975266,347.2106065312759,168.2868153839538,8.850208267508773,0.0008499392033534008,0.0005012495356780872,-6.726157950956864e-06,9.830246584968531e-06,-6.38405931914701e-06,Success,KCP109C,/Users/lopezama/PycharmProjects/sci-cluster/review_outputs/rmelts_parity_audit_v2/2026-02-26/kcp109c_phase7_parity_20260225_224621/runs/kcp109c_phase7_parity_liam_exact/runs/20260225_224621/parallel-results/Parallel_MELTS_KCP109C_dP25.0_02-25_11cores.xlsx,system,system
688,816,100,0,111.7331653105223,1.263136383187911,-1894.929003621224,-1516.980429118345,347.0124174841658,168.2850550427302,8.845692895689497,0.0008518928679542929,0.0005013348093948108,-6.757836754657622e-06,9.833159083847555e-06,-6.402302702804926e-06,Success,KCP109C,/Users/lopezama/PycharmProjects/sci-cluster/review_outputs/rmelts_parity_audit_v2/2026-02-26/kcp109c_phase7_parity_20260225_224621/runs/kcp109c_phase7_parity_liam_exact/runs/20260225_224621/parallel-results/Parallel_MELTS_KCP109C_dP25.0_02-25_11cores.xlsx,system,system
689,815,100,0,111.7331888741183,1.263782437929293,-1894.582473661166,-1517.19684202083,346.8139793597722,168.2836571915047,8.841172777902585,0.0008538576260821346,0.0005014204669359915,-6.7896626010646e-06,9.836110599829956e-06,-6.420697981058872e-06,Success,KCP109C,/Users/lopezama/PycharmProjects/sci-cluster/review_outputs/rmelts_parity_audit_v2/2026-02-26/kcp109c_phase7_parity_20260225_224621/runs/kcp109c_phase7_parity_liam_exact/runs/20260225_224621/parallel-results/Parallel_MELTS_KCP109C_dP25.0_02-25_11cores.xlsx,system,system
690,814,100,0,111.7332124760566,1.264430009276669,-1894.236142848525,-1517.413313997068,346.6153050190469,168.2826337137423,8.836646683194022,0.0008558333704595024,0.0005015063521955956,-6.821631632325287e-06,9.839096828845936e-06,-6.439244003819305e-06,Success,KCP109C,/Users/lopezama/PycharmProjects/sci-cluster/review_outputs/rmelts_parity_audit_v2/2026-02-26/kcp109c_phase7_parity_20260225_224621/runs/kcp109c_phase7_parity_liam_exact/runs/20260225_224621/parallel-results/Parallel_MELTS_KCP109C_dP25.0_02-25_11cores.xlsx,system,system
691,813,100,0,111.7332361168412,1.265079192419698,-1893.890011425979,-1517.629839504806,346.4163991356373,168.2819913973064,8.832113972496117,0.0008578200834272907,0.0005015923830591774,-6.853741610433893e-06,9.842115685514333e-06,-6.45794104506314e-06,Success,KCP109C,/Users/lopezama/PycharmProjects/sci-cluster/review_outputs/rmelts_parity_audit_v2/2026-02-26/kcp109c_phase7_parity_20260225_224621/runs/kcp109c_phase7_parity_liam_exact/runs/20260225_224621/parallel-results/Parallel_MELTS_KCP109C_dP25.0_02-25_11cores.xlsx,system,system
692,812,100,0,111.7332597974478,1.265730118036791,-1893.54407963676,-1517.846409297975,346.2172698141126,168.2817391698436,8.827573761992134,0.0008598177075273956,0.000501678445706109,-6.885989492523008e-06,9.845164144266292e-06,-6.476788780363025e-06,Success,KCP109C,/Users/lopezama/PycharmProjects/sci-cluster/review_outputs/rmelts_parity_audit_v2/2026-02-26/kcp109c_phase7_parity_20260225_224621/runs/kcp109c_phase7_parity_liam_exact/runs/20260225_224621/parallel-results/Parallel_MELTS_KCP109C_dP25.0_02-25_11cores.xlsx,system,system
693,811,100,0,111.7332835187085,1.26638289304714,-1893.198347714424,-1518.063016564739,346.0179229347278,168.2818846626145,8.823025337136269,0.0008618262087029324,0.0005017644459445508,-6.918372619735509e-06,9.8482397818138e-06,-6.495787278571463e-06,Success,KCP109C,/Users/lopezama/PycharmProjects/sci-cluster/review_outputs/rmelts_parity_audit_v2/2026-02-26/kcp109c_phase7_parity_20260225_224621/runs/kcp109c_phase7_parity_liam_exact/runs/20260225_224621/parallel-results/Parallel_MELTS_KCP109C_dP25.0_02-25_11cores.xlsx,system,system
694,810,100,0,111.7333072820647,1.267037691010821,-1892.852815894896,-1518.279647791631,345.8183705888061,168.2824392234563,8.818467522692702,0.000863845481092179,0.0005018502326709486,-6.95088690857774e-06,9.851338462748042e-06,-6.51493550276709e-06,Success,KCP109C,/Users/lopezama/PycharmProjects/sci-cluster/review_outputs/rmelts_parity_audit_v2/2026-02-26/kcp109c_phase7_parity_20260225_224621/runs/kcp109c_phase7_parity_liam_exact/runs/20260225_224621/parallel-results/Parallel_MELTS_KCP109C_dP25.0_02-25_11cores.xlsx,system,system
695,809,100,0,111.733331087942,1.267694577518822,-1892.507484389863,-1518.496300534871,345.6186146606218,168.283408067964,8.81389989903014,0.0008658755327861611,0.0005019357471434419,-6.983530369691605e-06,9.85445884129958e-06,-6.534234228978704e-06,Success,KCP109C,/Users/lopezama/PycharmProjects/sci-cluster/review_outputs/rmelts_parity_audit_v2/2026-02-26/kcp109c_phase7_parity_20260225_224621/runs/kcp109c_phase7_parity_liam_exact/runs/20260225_224621/parallel-results/Parallel_MELTS_KCP109C_dP25.0_02-25_11cores.xlsx,system,system
696,808,100,0,111.733354937811,1.268353722477308,-1892.162353420116,-1518.712961689853,345.4186669104774,168.2848023693654,8.809321323989725,0.000867916258805036,0.0005020208407663519,-7.016298806772797e-06,9.857596872088644e-06,-6.553682483944931e-06,Success,KCP109C,/Users/lopezama/PycharmProjects/sci-cluster/review_outputs/rmelts_parity_audit_v2/2026-02-26/kcp109c_phase7_parity_20260225_224621/runs/kcp109c_phase7_parity_liam_exact/runs/20260225_224621/parallel-results/Parallel_MELTS_KCP109C_dP25.0_02-25_11cores.xlsx,system,system
697,807,100,0,111.7333788327568,1.269015236946789,-1891.817423192156,-1518.929624156661,345.2185335698696,168.286630130437,8.804731068602758,0.0008699676144080802,0.0005021054139472085,-7.049189103417936e-06,9.860750002829094e-06,-6.57328026871763e-06,Success,KCP109C,/Users/lopezama/PycharmProjects/sci-cluster/review_outputs/rmelts_parity_audit_v2/2026-02-26/kcp109c_phase7_parity_20260225_224621/runs/kcp109c_phase7_parity_liam_exact/runs/20260225_224621/parallel-results/Parallel_MELTS_KCP109C_dP25.0_02-25_11cores.xlsx,system,system
698,806,100,0,111.7334027740067,1.269679262050452,-1891.472693906653,-1519.146277843083,345.0182236608165,168.2889009112368,8.800128198799147,0.0008720295226629203,0.0005021893424650023,-7.082197457335168e-06,9.863914934390722e-06,-6.593027099556644e-06,Success,KCP109C,/Users/lopezama/PycharmProjects/sci-cluster/review_outputs/rmelts_parity_audit_v2/2026-02-26/kcp109c_phase7_parity_20260225_224621/runs/kcp109c_phase7_parity_liam_exact/runs/20260225_224621/parallel-results/Parallel_MELTS_KCP109C_dP25.0_02-25_11cores.xlsx,system,system
699,805,100,0,111.7334267628995,1.270345923156822,-1891.12816575785,-1519.362914243955,344.8177447608355,168.2916236425756,8.795511893739997,0.0008741019201183393,0.0005022725135570733,-7.115320259467392e-06,9.867088734153753e-06,-6.612922735673124e-06,Success,KCP109C,/Users/lopezama/PycharmProjects/sci-cluster/review_outputs/rmelts_parity_audit_v2/2026-02-26/kcp109c_phase7_parity_20260225_224621/runs/kcp109c_phase7_parity_liam_exact/runs/20260225_224621/parallel-results/Parallel_MELTS_KCP109C_dP25.0_02-25_11cores.xlsx,system,system
700,804,100,0,111.7334582116005,1.270255704555119,-1890.783988714602,-1519.675636204724,344.5280160700717,168.27400454328,8.796139061680725,0.0008773609595539909,0.0005032308394748715,-7.168212245917492e-06,9.894740671164292e-06,-6.649193375978749e-06,Success,KCP109C,/Users/lopezama/PycharmProjects/sci-cluster/review_outputs/rmelts_parity_audit_v2/2026-02-26/kcp109c_phase7_parity_20260225_224621/runs/kcp109c_phase7_parity_liam_exact/runs/20260225_224621/parallel-results/Parallel_MELTS_KCP109C_dP25.0_02-25_11cores.xlsx,system,system
701,803,100,0,111.733493386654,1.269762965642798,-1890.440200769641,-1520.039602966335,344.1904918490041,168.245811833511,8.799555224867548,0.0008812661213227732,0.0005046550738185075,-7.231946381076984e-06,9.93550263393874e-06,-6.69441572515928e-06,Success,KCP109C,/Users/lopezama/PycharmProjects/sci-cluster/review_outputs/rmelts_parity_audit_v2/2026-02-26/kcp109c_phase7_parity_20260225_224621/runs/kcp109c_phase7_parity_liam_exact/runs/20260225_224621/parallel-results/Parallel_MELTS_KCP109C_dP25.0_02-25_11cores.xlsx,system,system
702,802,100,0,111.7335284364112,1.269254232567418,-1890.096749476449,-1520.405931400285,343.8504562862525,168.2176134567717,8.803084958826506,0.0008852209469096272,0.0005060993802877996,-7.296578733558337e-06,9.97693659349457e-06,-6.740371980615748e-06,Success,KCP109C,/Users/lopezama/PycharmProjects/sci-cluster/review_outputs/rmelts_parity_audit_v2/2026-02-26/kcp109c_phase7_parity_20260225_224621/runs/kcp109c_phase7_parity_liam_exact/runs/20260225_224621/parallel-results/Parallel_MELTS_KCP109C_dP25.0_02-25_11cores.xlsx,system,system
703,801,100,0,111.7335633445259,1.268728044078943,-1889.753637179331,-1520.774834845347,343.5077059386339,168.1893303651744,8.806738675477211,0.0008892281454972991,0.0005075654840520275,-7.362158208021635e-06,1.001909507690498e-05,-6.787104240727633e-06,Success,KCP109C,/Users/lopezama/PycharmProjects/sci-cluster/review_outputs/rmelts_parity_audit_v2/2026-02-26/kcp109c_phase7_parity_20260225_224621/runs/kcp109c_phase7_parity_liam_exact/runs/20260225_224621/parallel-results/Parallel_MELTS_KCP109C_dP25.0_02-25_11cores.xlsx,system,system
704,800,100,0,111.7335980921249,1.268182595592513,-1889.410866405402,-1521.146572303368,343.161994224511,168.1608655659556,8.810529215623038,0.0008932909780671885,0.0005090555014232679,-7.428743751708487e-06,1.006204214551072e-05,-6.834662822191121e-06,Success,KCP109C,/Users/lopezama/PycharmProjects/sci-cluster/review_outputs/rmelts_parity_audit_v2/2026-02-26/kcp109c_phase7_parity_20260225_224621/runs/kcp109c_phase7_parity_liam_exact/runs/20260225_224621/parallel-results/Parallel_MELTS_KCP109C_dP25.0_02-25_11cores.xlsx,system,system
705,799,100,0,111.7336326560648,1.267615732685024,-1889.068439879693,-1521.521449343234,342.8130303935637,168.1321027610676,8.814471907775562,0.0008974132691855421,0.0005105719442383693,-7.496404776204981e-06,1.010585367489803e-05,-6.883106562331932e-06,Success,KCP109C,/Users/lopezama/PycharmProjects/sci-cluster/review_outputs/rmelts_parity_audit_v2/2026-02-26/kcp109c_phase7_parity_20260225_224621/runs/kcp109c_phase7_parity_liam_exact/runs/20260225_224621/parallel-results/Parallel_MELTS_KCP109C_dP25.0_02-25_11cores.xlsx,system,system
706,798,100,0,111.7336670085392,1.267024739095213,-1888.726360576667,-1521.89984532753,342.4604539505552,168.1028969486344,8.818586059205808,0.000901599735174268,0.0005121179575505421,-7.565227042145417e-06,1.015062427322049e-05,-6.932507600599411e-06,Success,KCP109C,/Users/lopezama/PycharmProjects/sci-cluster/review_outputs/rmelts_parity_audit_v2/2026-02-26/kcp109c_phase7_parity_20260225_224621/runs/kcp109c_phase7_parity_liam_exact/runs/20260225_224621/parallel-results/Parallel_MELTS_KCP109C_dP25.0_02-25_11cores.xlsx,system,system
707,797,100,0,111.733701115293,1.266406187386002,-1888.384631768724,-1522.282233098391,342.1038159793794,168.0730668605032,8.822896020898582,0.0009058562179844413,0.0005136974843217584,-7.635317063658557e-06,1.019647223356736e-05,-6.982954912004402e-06,Success,KCP109C,/Users/lopezama/PycharmProjects/sci-cluster/review_outputs/rmelts_parity_audit_v2/2026-02-26/kcp109c_phase7_parity_20260225_224621/runs/kcp109c_phase7_parity_liam_exact/runs/20260225_224621/parallel-results/Parallel_MELTS_KCP109C_dP25.0_02-25_11cores.xlsx,system,system
708,796,100,0,111.7337349334291,1.265755656339174,-1888.043257095049,-1522.669215076378,341.7425450298566,168.0423813865768,8.82743319169405,0.00091019012593254,0.0005153155804061151,-7.706810238401481e-06,1.024354886509743e-05,-7.034560866158242e-06,Success,KCP109C,/Users/lopezama/PycharmProjects/sci-cluster/review_outputs/rmelts_parity_audit_v2/2026-02-26/kcp109c_phase7_parity_20260225_224621/runs/kcp109c_phase7_parity_liam_exact/runs/20260225_224621/parallel-results/Parallel_MELTS_KCP109C_dP25.0_02-25_11cores.xlsx,system,system
709,795,100,0,111.7337684076592,1.265067396714013,-1887.702240643127,-1523.061567153286,341.375905528101,168.0105427773019,8.832238400727539,0.00091461095562645,0.0005169787843606587,-7.779880627652237e-06,1.029204957081049e-05,-7.087469084791447e-06,Success,KCP109C,/Users/lopezama/PycharmProjects/sci-cluster/review_outputs/rmelts_parity_audit_v2/2026-02-26/kcp109c_phase7_parity_20260225_224621/runs/kcp109c_phase7_parity_liam_exact/runs/20260225_224621/parallel-results/Parallel_MELTS_KCP109C_dP25.0_02-25_11cores.xlsx,system,system
710,794,100,0,111.7338014664696,1.264333783344187,-1887.361587083415,-1523.460311053924,341.0029293252966,167.9771601712923,8.837365807859026,0.0009191311556083626,0.0005186957307518506,-7.854756947930268e-06,1.034223209548305e-05,-7.14186732142777e-06,Success,KCP109C,/Users/lopezama/PycharmProjects/sci-cluster/review_outputs/rmelts_parity_audit_v2/2026-02-26/kcp109c_phase7_parity_20260225_224621/runs/kcp109c_phase7_parity_liam_exact/runs/20260225_224621/parallel-results/Parallel_MELTS_KCP109C_dP25.0_02-25_11cores.xlsx,system,system
711,793,100,0,111.7338340139239,1.263544525773561,-1887.021301814035,-1523.866817691272,340.6223178002754,167.9417099719503,8.842888535765587,0.0009237673623586839,0.0005204780287053626,-7.931745664806921e-06,1.039444279488304e-05,-7.198006037744897e-06,Success,KCP109C,/Users/lopezama/PycharmProjects/sci-cluster/review_outputs/rmelts_parity_audit_v2/2026-02-26/kcp109c_phase7_parity_20260225_224621/runs/kcp109c_phase7_parity_liam_exact/runs/20260225_224621/parallel-results/Parallel_MELTS_KCP109C_dP25.0_02-25_11cores.xlsx,system,system
712,792,100,0,111.733865918449,1.262685460975739,-1886.681391180342,-1524.282967739443,340.2322897628497,167.9034754883545,8.848907298901405,0.0009285423021592053,0.0005223416112409052,-8.01126650136833e-06,1.044915701084529e-05,-7.256226968332607e-06,Success,KCP109C,/Users/lopezama/PycharmProjects/sci-cluster/review_outputs/rmelts_parity_audit_v2/2026-02-26/kcp109c_phase7_parity_20260225_224621/runs/kcp109c_phase7_parity_liam_exact/runs/20260225_224621/parallel-results/Parallel_MELTS_KCP109C_dP25.0_02-25_11cores.xlsx,system,system
713,791,100,0,111.7338969925276,1.261736534233949,-1886.341862744154,-1524.711419611629,339.8303276159614,167.8614450119556,8.855564847408155,0.000933487963006972,0.0005243089906542561,-8.09391172295604e-06,1.050704659378848e-05,-7.317010828222078e-06,Success,KCP109C,/Users/lopezama/PycharmProjects/sci-cluster/review_outputs/rmelts_parity_audit_v2/2026-02-26/kcp109c_phase7_parity_20260225_224621/runs/kcp109c_phase7_parity_liam_exact/runs/20260225_224621/parallel-results/Parallel_MELTS_KCP109C_dP25.0_02-25_11cores.xlsx,system,system
714,790,100,0,111.7343644605088,1.260423612233261,-1886.009825307487,-1525.19663217296,339.3812661755407,167.8011333519688,8.86482634695601,0.0009390037437109076,0.0005266730727349546,-8.187090601778807e-06,1.057679310422853e-05,-7.386360818650194e-06,Success,KCP109C,/Users/lopezama/PycharmProjects/sci-cluster/review_outputs/rmelts_parity_audit_v2/2026-02-26/kcp109c_phase7_parity_20260225_224621/runs/kcp109c_phase7_parity_liam_exact/runs/20260225_224621/parallel-results/Parallel_MELTS_KCP109C_dP25.0_02-25_11cores.xlsx,system,system
715,789,100,0,111.7357518568849,1.258306937376539,-1885.693208037523,-1525.80562538266,338.8293392222029,167.7000178144826,8.87984867109167,0.0009457442227386579,0.0005299089075802985,-8.303007234561317e-06,1.06725599647416e-05,-7.474137452434839e-06,Success,KCP109C,/Users/lopezama/PycharmProjects/sci-cluster/review_outputs/rmelts_parity_audit_v2/2026-02-26/kcp109c_phase7_parity_20260225_224621/runs/kcp109c_phase7_parity_liam_exact/runs/20260225_224621/parallel-results/Parallel_MELTS_KCP109C_dP25.0_02-25_11cores.xlsx,system,system
716,788,100,0,111.7373975833348,1.255243874311818,-1885.381361856822,-1526.546252049802,338.1568202488051,167.552080817098,8.901648505920365,0.0009539710410711969,0.0005341945857922636,-8.446543678610489e-06,1.079975925977776e-05,-7.584253148946942e-06,Success,KCP109C,/Users/lopezama/PycharmProjects/sci-cluster/review_outputs/rmelts_parity_audit_v2/2026-02-26/kcp109c_phase7_parity_20260225_224621/runs/kcp109c_phase7_parity_liam_exact/runs/20260225_224621/parallel-results/Parallel_MELTS_KCP109C_dP25.0_02-25_11cores.xlsx,system,system
717,787,100,0,111.7448887128653,1.231346132142651,-1885.166577741782,-1530.356709613255,334.6789304612808,166.2990915041981,9.075018453050184,0.0009941898726078943,0.0005616407910511474,-9.19180563887122e-06,1.162652846831984e-05,-8.18110520475232e-06,Success,KCP109C,/Users/lopezama/PycharmProjects/sci-cluster/review_outputs/rmelts_parity_audit_v2/2026-02-26/kcp109c_phase7_parity_20260225_224621/runs/kcp109c_phase7_parity_liam_exact/runs/20260225_224621/parallel-results/Parallel_MELTS_KCP109C_dP25.0_02-25_11cores.xlsx,system,system
718,786,100,0,111.7469121970978,1.216758647004144,-1884.86585966545,-1532.870288928282,332.3377904330525,165.4821125801655,9.18398340313724,0.001020557115473952,0.000578880526835687,-9.69147156196259e-06,1.216188008719141e-05,-8.57851699399402e-06,Success,KCP109C,/Users/lopezama/PycharmProjects/sci-cluster/review_outputs/rmelts_parity_audit_v2/2026-02-26/kcp109c_phase7_parity_20260225_224621/runs/kcp109c_phase7_parity_liam_exact/runs/20260225_224621/parallel-results/Parallel_MELTS_KCP109C_dP25.0_02-25_11cores.xlsx,system,system
719,785,100,0,111.7470377640852,1.209952385709857,-1884.536281098301,-1534.247578535287,331.0387965439812,165.0783187917186,9.235655806284084,0.001035139595317677,0.0005875135114036434,-9.967442236633118e-06,1.243458722920921e-05,-8.794798359632841e-06,Success,KCP109C,/Users/lopezama/PycharmProjects/sci-cluster/review_outputs/rmelts_parity_audit_v2/2026-02-26/kcp109c_phase7_parity_20260225_224621/runs/kcp109c_phase7_parity_liam_exact/runs/20260225_224621/parallel-results/Parallel_MELTS_KCP109C_dP25.0_02-25_11cores.xlsx,system,system
720,784,100,0,111.7469501901261,1.207252368177346,-1884.204214879312,-1535.014450431372,330.312410204739,164.9051939926594,9.25630407822985,0.001043457196282669,0.0005915860887686332,-1.012094977715135e-05,1.256421263944146e-05,-8.912130348578743e-06,Success,KCP109C,/Users/lopezama/PycharmProjects/sci-cluster/review_outputs/rmelts_parity_audit_v2/2026-02-26/kcp109c_phase7_parity_20260225_224621/runs/kcp109c_phase7_parity_liam_exact/runs/20260225_224621/parallel-results/Parallel_MELTS_KCP109C_dP25.0_02-25_11cores.xlsx,system,system
721,783,100,0,111.7468556130074,1.206122925445104,-1883.872632234486,-1535.547913354804,329.8061060263046,164.8214345684563,9.264964064236539,0.00104939378370238,0.0005939186998313369,-1.022721413856841e-05,1.26386297863875e-05,-8.991407727126224e-06,Success,KCP109C,/Users/lopezama/PycharmProjects/sci-cluster/review_outputs/rmelts_parity_audit_v2/2026-02-26/kcp109c_phase7_parity_20260225_224621/runs/kcp109c_phase7_parity_liam_exact/runs/20260225_224621/parallel-results/Parallel_MELTS_KCP109C_dP25.0_02-25_11cores.xlsx,system,system
722,876,75,0,111.7319607798445,1.00970822457526,-1918.573531274161,-1505.21423771863,359.7087356354973,166.7941047328973,11.06576712563128,0.0008291224497139195,0.0008170315145669146,-7.381581716779049e-06,2.50167701711038e-05,-9.258876191312108e-06,Success,KCP109C,/Users/lopezama/PycharmProjects/sci-cluster/review_outputs/rmelts_parity_audit_v2/2026-02-26/kcp109c_phase7_parity_20260225_224621/runs/kcp109c_phase7_parity_liam_exact/runs/20260225_224621/parallel-results/Parallel_MELTS_KCP109C_dP25.0_02-25_11cores.xlsx,system,system
723,875,75,0,111.7319829314828,1.010504203231379,-1918.214258839072,-1505.39289160798,359.5535141149608,166.7948376884004,11.05705276377748,0.0008305167599830238,0.0008169259379078027,-7.414066667792295e-06,2.499996472702545e-05,-9.26607756902286e-06,Success,KCP109C,/Users/lopezama/PycharmProjects/sci-cluster/review_outputs/rmelts_parity_audit_v2/2026-02-26/kcp109c_phase7_parity_20260225_224621/runs/kcp109c_phase7_parity_liam_exact/runs/20260225_224621/parallel-results/Parallel_MELTS_KCP109C_dP25.0_02-25_11cores.xlsx,system,system
724,874,75,0,111.7320031289193,1.01105624775703,-1917.855127420892,-1505.603842224306,359.3699910182502,166.7735141205904,11.0510175251664,0.0008321028101595728,0.0008170875468250041,-7.451498525642968e-06,2.499781945900391e-05,-9.278692221090496e-06,Success,KCP109C,/Users/lopezama/PycharmProjects/sci-cluster/review_outputs/rmelts_parity_audit_v2/2026-02-26/kcp109c_phase7_parity_20260225_224621/runs/kcp109c_phase7_parity_liam_exact/runs/20260225_224621/parallel-results/Parallel_MELTS_KCP109C_dP25.0_02-25_11cores.xlsx,system,system
725,873,75,0,111.7320233598877,1.011608160235074,-1917.496180169659,-1505.814888214799,359.1862251492917,166.752302917057,11.04499031857589,0.000833697869362939,0.0008172516898859005,-7.489211455206508e-06,2.499580410158328e-05,-9.291412058247081e-06,Success,KCP109C,/Users/lopezama/PycharmProjects/sci-cluster/review_outputs/rmelts_parity_audit_v2/2026-02-26/kcp109c_phase7_parity_20260225_224621/runs/kcp109c_phase7_parity_liam_exact/runs/20260225_224621/parallel-results/Parallel_MELTS_KCP109C_dP25.0_02-25_11cores.xlsx,system,system
726,872,75,0,111.7320436239347,1.012159935111136,-1917.137417321856,-1506.026031681622,359.0022142428799,166.7312045979534,11.03897118904103,0.0008353020142692621,0.0008174183869903274,-7.527208271842048e-06,2.499391964195142e-05,-9.304238125885924e-06,Success,KCP109C,/Users/lopezama/PycharmProjects/sci-cluster/review_outputs/rmelts_parity_audit_v2/2026-02-26/kcp109c_phase7_parity_20260225_224621/runs/kcp109c_phase7_parity_liam_exact/runs/20260225_224621/parallel-results/Parallel_MELTS_KCP109C_dP25.0_02-25_11cores.xlsx,system,system
727,871,75,0,111.7320639206333,1.01271157081307,-1916.778839116269,-1506.237274251198,358.8179564437104,166.7102200145563,11.03296013799147,0.0008369153192282553,0.000817587653738785,-7.565491745433804e-06,2.499216683467635e-05,-9.317171393477687e-06,Success,KCP109C,/Users/lopezama/PycharmProjects/sci-cluster/review_outputs/rmelts_parity_audit_v2/2026-02-26/kcp109c_phase7_parity_20260225_224621/runs/kcp109c_phase7_parity_liam_exact/runs/20260225_224621/parallel-results/Parallel_MELTS_KCP109C_dP25.0_02-25_11cores.xlsx,system,system
728,870,75,0,111.732084249579,1.013263069995996,-1916.420445793788,-1506.448617056444,358.6334503235307,166.689350321575,11.0269571208216,0.0008385378560543582,0.0008177595012318539,-7.604064594864411e-06,2.499054618993942e-05,-9.330212749703189e-06,Success,KCP109C,/Users/lopezama/PycharmProjects/sci-cluster/review_outputs/rmelts_parity_audit_v2/2026-02-26/kcp109c_phase7_parity_20260225_224621/runs/kcp109c_phase7_parity_liam_exact/runs/20260225_224621/parallel-results/Parallel_MELTS_KCP109C_dP25.0_02-25_11cores.xlsx,system,system
729,869,75,0,111.732104610354,1.013814433554144,-1916.062237596665,-1506.660061505467,358.4486942093403,166.6685965234583,11.02096211223322,0.0008401696985270111,0.0008179339424240327,-7.642929603395021e-06,2.498905832493459e-05,-9.343363131704838e-06,Success,KCP109C,/Users/lopezama/PycharmProjects/sci-cluster/review_outputs/rmelts_parity_audit_v2/2026-02-26/kcp109c_phase7_parity_20260225_224621/runs/kcp109c_phase7_parity_liam_exact/runs/20260225_224621/parallel-results/Parallel_MELTS_KCP109C_dP25.0_02-25_11cores.xlsx,system,system
730,868,75,0,111.7321250025661,1.01436566713767,-1915.704214768996,-1506.871608448127,358.2636869130871,166.6479599614244,11.01497503536876,0.0008418109174583302,0.000818110985206221,-7.68208949204227e-06,2.498770358202622e-05,-9.356623384269313e-06,Success,KCP109C,/Users/lopezama/PycharmProjects/sci-cluster/review_outputs/rmelts_parity_audit_v2/2026-02-26/kcp109c_phase7_parity_20260225_224621/runs/kcp109c_phase7_parity_liam_exact/runs/20260225_224621/parallel-results/Parallel_MELTS_KCP109C_dP25.0_02-25_11cores.xlsx,system,system
731,867,75,0,111.732145425806,1.014916772376004,-1915.346377555852,-1507.08325933429,358.0784267171528,166.6274416397828,11.00899585728905,0.0008434615872853947,0.0008182906416332597,-7.721547089756e-06,2.498648254034074e-05,-9.369994448766192e-06,Success,KCP109C,/Users/lopezama/PycharmProjects/sci-cluster/review_outputs/rmelts_parity_audit_v2/2026-02-26/kcp109c_phase7_parity_20260225_224621/runs/kcp109c_phase7_parity_liam_exact/runs/20260225_224621/parallel-results/Parallel_MELTS_KCP109C_dP25.0_02-25_11cores.xlsx,system,system
732,866,75,0,111.7321658796923,1.015467758765277,-1914.988726203831,-1507.295014613164,357.8929127776553,166.6070431344971,11.00302445993452,0.000845121777175894,0.0008184729155482269,-7.761305102951495e-06,2.498539532760869e-05,-9.38347710851035e-06,Success,KCP109C,/Users/lopezama/PycharmProjects/sci-cluster/review_outputs/rmelts_parity_audit_v2/2026-02-26/kcp109c_phase7_parity_20260225_224621/runs/kcp109c_phase7_parity_liam_exact/runs/20260225_224621/parallel-results/Parallel_MELTS_KCP109C_dP25.0_02-25_11cores.xlsx,system,system
733,865,75,0,111.732186363909,1.016018641566551,-1914.631260961497,-1507.506874098515,357.7071448077867,166.5867664741804,10.99706066333926,0.0008467915522921631,0.0008186578043262649,-7.80136614901522e-06,2.498444172812582e-05,-9.397072027964026e-06,Success,KCP109C,/Users/lopezama/PycharmProjects/sci-cluster/review_outputs/rmelts_parity_audit_v2/2026-02-26/kcp109c_phase7_parity_20260225_224621/runs/kcp109c_phase7_parity_liam_exact/runs/20260225_224621/parallel-results/Parallel_MELTS_KCP109C_dP25.0_02-25_11cores.xlsx,system,system
734,864,75,0,111.7322068782263,1.016569446122296,-1914.273982079508,-1507.718836387535,357.5211235914109,166.5666144650822,10.9911041792992,0.0008484709704359668,0.0008188452943435108,-7.841732668292259e-06,2.498362093278562e-05,-9.410779658841104e-06,Success,KCP109C,/Users/lopezama/PycharmProjects/sci-cluster/review_outputs/rmelts_parity_audit_v2/2026-02-26/kcp109c_phase7_parity_20260225_224621/runs/kcp109c_phase7_parity_liam_exact/runs/20260225_224621/parallel-results/Parallel_MELTS_KCP109C_dP25.0_02-25_11cores.xlsx,system,system
735,863,75,0,111.7322274219874,1.017120150581075,-1913.916889802031,-1507.930906104376,357.3348446047223,166.5465860114965,10.98515523049616,0.000850160127011421,0.0008190354234864841,-7.882408086622822e-06,2.498293494445525e-05,-9.424601507113153e-06,Success,KCP109C,/Users/lopezama/PycharmProjects/sci-cluster/review_outputs/rmelts_parity_audit_v2/2026-02-26/kcp109c_phase7_parity_20260225_224621/runs/kcp109c_phase7_parity_liam_exact/runs/20260225_224621/parallel-results/Parallel_MELTS_KCP109C_dP25.0_02-25_11cores.xlsx,system,system
736,862,75,0,111.7322479951694,1.017670802184595,-1913.559984383873,-1508.143079241139,357.1483109216699,166.5266856179442,10.97921329326911,0.0008518590636819741,0.0008192281540487232,-7.92339445556772e-06,2.498238165747986e-05,-9.438537559265132e-06,Success,KCP109C,/Users/lopezama/PycharmProjects/sci-cluster/review_outputs/rmelts_parity_audit_v2/2026-02-26/kcp109c_phase7_parity_20260225_224621/runs/kcp109c_phase7_parity_liam_exact/runs/20260225_224621/parallel-results/Parallel_MELTS_KCP109C_dP25.0_02-25_11cores.xlsx,system,system
737,861,75,0,111.7322685975022,1.018221422818417,-1913.203266075837,-1508.355355026201,356.9615227700354,166.5069156608239,10.97327811943197,0.0008535678425582643,0.0008194234761662885,-7.964694366228942e-06,2.498196048666447e-05,-9.45258837390715e-06,Success,KCP109C,/Users/lopezama/PycharmProjects/sci-cluster/review_outputs/rmelts_parity_audit_v2/2026-02-26/kcp109c_phase7_parity_20260225_224621/runs/kcp109c_phase7_parity_liam_exact/runs/20260225_224621/parallel-results/Parallel_MELTS_KCP109C_dP25.0_02-25_11cores.xlsx,system,system
738,860,75,0,111.732289228627,1.018772024267273,-1912.846735127107,-1508.567734042728,356.7744791813789,166.4872776449227,10.96734957057618,0.000855286534246847,0.00081962139093981,-8.006310643838455e-06,2.498167145116929e-05,-9.466754743483237e-06,Success,KCP109C,/Users/lopezama/PycharmProjects/sci-cluster/review_outputs/rmelts_parity_audit_v2/2026-02-26/kcp109c_phase7_parity_20260225_224621/runs/kcp109c_phase7_parity_liam_exact/runs/20260225_224621/parallel-results/Parallel_MELTS_KCP109C_dP25.0_02-25_11cores.xlsx,system,system
739,859,75,0,111.7323098883759,1.019322638205805,-1912.490391789556,-1508.780214452933,356.5871813245794,166.4677746410861,10.96142729499712,0.0008570151940418437,0.0008198218776224543,-8.048245729572529e-06,2.498151339109459e-05,-9.481037027726645e-06,Success,KCP109C,/Users/lopezama/PycharmProjects/sci-cluster/review_outputs/rmelts_parity_audit_v2/2026-02-26/kcp109c_phase7_parity_20260225_224621/runs/kcp109c_phase7_parity_liam_exact/runs/20260225_224621/parallel-results/Parallel_MELTS_KCP109C_dP25.0_02-25_11cores.xlsx,system,system
740,858,75,0,111.7323305764789,1.019873286518232,-1912.134236312728,-1508.992795705132,356.3996292336079,166.4484088710948,10.9555110476444,0.0008587538855525258,0.0008200249262502649,-8.090502292741616e-06,2.498148573813639e-05,-9.49543581498688e-06,Success,KCP109C,/Users/lopezama/PycharmProjects/sci-cluster/review_outputs/rmelts_parity_audit_v2/2026-02-26/kcp109c_phase7_parity_20260225_224621/runs/kcp109c_phase7_parity_liam_exact/runs/20260225_224621/parallel-results/Parallel_MELTS_KCP109C_dP25.0_02-25_11cores.xlsx,system,system
741,857,75,0,111.7323512927828,1.020424001773166,-1911.778268947147,-1509.205476005469,356.2118240425412,166.4291833663609,10.94960046986627,0.0008605026642240038,0.0008202305149847805,-8.13308280343206e-06,2.498158729027382e-05,-9.50995146349716e-06,Success,KCP109C,/Users/lopezama/PycharmProjects/sci-cluster/review_outputs/rmelts_parity_audit_v2/2026-02-26/kcp109c_phase7_parity_20260225_224621/runs/kcp109c_phase7_parity_liam_exact/runs/20260225_224621/parallel-results/Parallel_MELTS_KCP109C_dP25.0_02-25_11cores.xlsx,system,system
742,856,75,0,111.7323720373457,1.020974836137515,-1911.422489945614,-1509.41825121939,356.023768964463,166.4101026798073,10.94369499448627,0.0008622615699792583,0.0008204386002649146,-8.175989338582302e-06,2.498181568078579e-05,-9.524583899752997e-06,Success,KCP109C,/Users/lopezama/PycharmProjects/sci-cluster/review_outputs/rmelts_parity_audit_v2/2026-02-26/kcp109c_phase7_parity_20260225_224621/runs/kcp109c_phase7_parity_liam_exact/runs/20260225_224621/parallel-results/Parallel_MELTS_KCP109C_dP25.0_02-25_11cores.xlsx,system,system
743,855,75,0,111.7323928097999,1.021525802412562,-1911.066899552523,-1509.631122130807,355.8354628566373,166.3911681316463,10.93779447821276,0.0008640306751164027,0.0008206491821167868,-8.21922482996128e-06,2.498217090524873e-05,-9.539333945052493e-06,Success,KCP109C,/Users/lopezama/PycharmProjects/sci-cluster/review_outputs/rmelts_parity_audit_v2/2026-02-26/kcp109c_phase7_parity_20260225_224621/runs/kcp109c_phase7_parity_liam_exact/runs/20260225_224621/parallel-results/Parallel_MELTS_KCP109C_dP25.0_02-25_11cores.xlsx,system,system
744,854,75,0,111.732413610059,1.022076940124442,-1910.711498015151,-1509.844086289853,355.6469074438168,166.3723831447078,10.93189849253963,0.0008658100307235455,0.0008208622310113949,-8.262791668551081e-06,2.498265136979109e-05,-9.554201830210336e-06,Success,KCP109C,/Users/lopezama/PycharmProjects/sci-cluster/review_outputs/rmelts_parity_audit_v2/2026-02-26/kcp109c_phase7_parity_20260225_224621/runs/kcp109c_phase7_parity_liam_exact/runs/20260225_224621/parallel-results/Parallel_MELTS_KCP109C_dP25.0_02-25_11cores.xlsx,system,system
745,853,75,0,111.7324344388148,1.022628353376436,-1910.356285591483,-1510.057133506354,355.4581113396347,166.3537562500277,10.9260059209101,0.0008675996348246313,0.000821077645226344,-8.306690868441997e-06,2.498325160980225e-05,-9.569186328409988e-06,Success,KCP109C,/Users/lopezama/PycharmProjects/sci-cluster/review_outputs/rmelts_parity_audit_v2/2026-02-26/kcp109c_phase7_parity_20260225_224621/runs/kcp109c_phase7_parity_liam_exact/runs/20260225_224621/parallel-results/Parallel_MELTS_KCP109C_dP25.0_02-25_11cores.xlsx,system,system
746,852,75,0,111.7324552953858,1.023180029329897,-1910.001262514817,-1510.270267868066,355.2690704766037,166.3352865449771,10.92011689952176,0.0008693995820845178,0.0008212954534583654,-8.350925978039354e-06,2.498397318674151e-05,-9.58428887121249e-06,Success,KCP109C,/Users/lopezama/PycharmProjects/sci-cluster/review_outputs/rmelts_parity_audit_v2/2026-02-26/kcp109c_phase7_parity_20260225_224621/runs/kcp109c_phase7_parity_liam_exact/runs/20260225_224621/parallel-results/Parallel_MELTS_KCP109C_dP25.0_02-25_11cores.xlsx,system,system
747,851,75,0,111.7324761795832,1.023731996053465,-1909.646429023941,-1510.483488580302,355.0797851208815,166.3169763518425,10.91423112790429,0.0008712099339774958,0.0008215156386314376,-8.395499693885016e-06,2.498481520902387e-05,-9.599509973476062e-06,Success,KCP109C,/Users/lopezama/PycharmProjects/sci-cluster/review_outputs/rmelts_parity_audit_v2/2026-02-26/kcp109c_phase7_parity_20260225_224621/runs/kcp109c_phase7_parity_liam_exact/runs/20260225_224621/parallel-results/Parallel_MELTS_KCP109C_dP25.0_02-25_11cores.xlsx,system,system
748,850,75,0,111.7324970917451,1.024284327242137,-1909.291785363421,-1510.696789356209,354.8902604346805,166.2988315894301,10.90834782101786,0.0008730307145522766,0.0008217381328954322,-8.440413739628116e-06,2.498577406234182e-05,-9.614849123628596e-06,Success,KCP109C,/Users/lopezama/PycharmProjects/sci-cluster/review_outputs/rmelts_parity_audit_v2/2026-02-26/kcp109c_phase7_parity_20260225_224621/runs/kcp109c_phase7_parity_liam_exact/runs/20260225_224621/parallel-results/Parallel_MELTS_KCP109C_dP25.0_02-25_11cores.xlsx,system,system
749,849,75,0,111.7325180330299,1.02483716460683,-1908.937331788091,-1510.910155740461,354.7005088870741,166.2808635504264,10.90246547371212,0.0008748618910944594,0.0008219627925107803,-8.485668347735644e-06,2.498684206879278e-05,-9.630304265329299e-06,Success,KCP109C,/Users/lopezama/PycharmProjects/sci-cluster/review_outputs/rmelts_parity_audit_v2/2026-02-26/kcp109c_phase7_parity_20260225_224621/runs/kcp109c_phase7_parity_liam_exact/runs/20260225_224621/parallel-results/Parallel_MELTS_KCP109C_dP25.0_02-25_11cores.xlsx,system,system
750,848,75,0,111.7325390022758,1.025390451666756,-1908.583068511521,-1511.1235974402,354.5105214033097,166.2630676170066,10.89658469324113,0.0008767035961352145,0.000822189694431924,-8.531268111698768e-06,2.498802342324199e-05,-9.645877860071318e-06,Success,KCP109C,/Users/lopezama/PycharmProjects/sci-cluster/review_outputs/rmelts_parity_audit_v2/2026-02-26/kcp109c_phase7_parity_20260225_224621/runs/kcp109c_phase7_parity_liam_exact/runs/20260225_224621/parallel-results/Parallel_MELTS_KCP109C_dP25.0_02-25_11cores.xlsx,system,system
751,847,75,0,111.732560000186,1.025944290253107,-1908.228995774047,-1511.337105001094,354.3203060062967,166.245451775396,10.89070440390294,0.0008785558306557835,0.0008224187392495822,-8.577214168750352e-06,2.498931285161473e-05,-9.661568774919833e-06,Success,KCP109C,/Users/lopezama/PycharmProjects/sci-cluster/review_outputs/rmelts_parity_audit_v2/2026-02-26/kcp109c_phase7_parity_20260225_224621/runs/kcp109c_phase7_parity_liam_exact/runs/20260225_224621/parallel-results/Parallel_MELTS_KCP109C_dP25.0_02-25_11cores.xlsx,system,system
752,846,75,0,111.7325810276827,1.02649879718983,-1907.875113815629,-1511.550667246337,354.1298722863709,166.2280251576041,10.88482337568878,0.0008804185826448582,0.0008226498105726988,-8.623507313475685e-06,2.499070418796517e-05,-9.67737553390361e-06,Success,KCP109C,/Users/lopezama/PycharmProjects/sci-cluster/review_outputs/rmelts_parity_audit_v2/2026-02-26/kcp109c_phase7_parity_20260225_224621/runs/kcp109c_phase7_parity_liam_exact/runs/20260225_224621/parallel-results/Parallel_MELTS_KCP109C_dP25.0_02-25_11cores.xlsx,system,system
753,845,75,0,111.7326020843835,1.02705398043739,-1907.521422850707,-1511.764286289794,353.9392179590518,166.2107881267442,10.87894153691903,0.0008822919317726598,0.0008228829134403525,-8.670150773382132e-06,2.499219779325851e-05,-9.693299156832929e-06,Success,KCP109C,/Users/lopezama/PycharmProjects/sci-cluster/review_outputs/rmelts_parity_audit_v2/2026-02-26/kcp109c_phase7_parity_20260225_224621/runs/kcp109c_phase7_parity_liam_exact/runs/20260225_224621/parallel-results/Parallel_MELTS_KCP109C_dP25.0_02-25_11cores.xlsx,system,system
754,844,75,0,111.7326231708617,1.027609925761938,-1907.167923104832,-1511.977954855601,353.7483491466962,166.1937472339334,10.87305799309166,0.0008841758923779431,0.0008231179659481166,-8.717146053990052e-06,2.499378937658552e-05,-9.709338890792827e-06,Success,KCP109C,/Users/lopezama/PycharmProjects/sci-cluster/review_outputs/rmelts_parity_audit_v2/2026-02-26/kcp109c_phase7_parity_20260225_224621/runs/kcp109c_phase7_parity_liam_exact/runs/20260225_224621/parallel-results/Parallel_MELTS_KCP109C_dP25.0_02-25_11cores.xlsx,system,system
755,843,75,0,111.7326442876094,1.028166710916272,-1906.814614797476,-1512.191666750854,353.5572710178942,166.1769083223758,10.8671719382975,0.0008860704855669495,0.0008233548950839866,-8.764494843779921e-06,2.499547513683826e-05,-9.72549417168309e-06,Success,KCP109C,/Users/lopezama/PycharmProjects/sci-cluster/review_outputs/rmelts_parity_audit_v2/2026-02-26/kcp109c_phase7_parity_20260225_224621/runs/kcp109c_phase7_parity_liam_exact/runs/20260225_224621/parallel-results/Parallel_MELTS_KCP109C_dP25.0_02-25_11cores.xlsx,system,system
756,842,75,0,111.7326654351676,1.028724415613734,-1906.461498143901,-1512.405415605273,353.3659889150593,166.1602773565653,10.86128254946765,0.0008879757307140113,0.0008235936254824757,-8.812198789682711e-06,2.499725116190356e-05,-9.74176439454724e-06,Success,KCP109C,/Users/lopezama/PycharmProjects/sci-cluster/review_outputs/rmelts_parity_audit_v2/2026-02-26/kcp109c_phase7_parity_20260225_224621/runs/kcp109c_phase7_parity_liam_exact/runs/20260225_224621/parallel-results/Parallel_MELTS_KCP109C_dP25.0_02-25_11cores.xlsx,system,system
757,841,75,0,111.7326866140842,1.029283118972601,-1906.108573354237,-1512.61919521263,353.1745080479355,166.1438601991898,10.85538901343416,0.0008898916477246248,0.0008238340824051121,-8.860259555969663e-06,2.499911358576384e-05,-9.758148973860034e-06,Success,KCP109C,/Users/lopezama/PycharmProjects/sci-cluster/review_outputs/rmelts_parity_audit_v2/2026-02-26/kcp109c_phase7_parity_20260225_224621/runs/kcp109c_phase7_parity_liam_exact/runs/20260225_224621/parallel-results/Parallel_MELTS_KCP109C_dP25.0_02-25_11cores.xlsx,system,system
758,840,75,0,111.7327078253322,1.029842931075539,-1905.755840640056,-1512.832995698482,352.9828369416284,166.1276651625349,10.84949019445535,0.000891818229802131,0.0008240761562731956,-8.908678095361329e-06,2.500105669515047e-05,-9.774646612678159e-06,Success,KCP109C,/Users/lopezama/PycharmProjects/sci-cluster/review_outputs/rmelts_parity_audit_v2/2026-02-26/kcp109c_phase7_parity_20260225_224621/runs/kcp109c_phase7_parity_liam_exact/runs/20260225_224621/parallel-results/Parallel_MELTS_KCP109C_dP25.0_02-25_11cores.xlsx,system,system
759,839,75,0,111.7327290684469,1.030403848321537,-1905.403300183778,-1513.046820924839,352.7909717744354,166.11169142571,10.84358615803429,0.0008937555678452048,0.0008243198646618278,-8.957457982192352e-06,2.500308158883511e-05,-9.791258645912874e-06,Success,KCP109C,/Users/lopezama/PycharmProjects/sci-cluster/review_outputs/rmelts_parity_audit_v2/2026-02-26/kcp109c_phase7_parity_20260225_224621/runs/kcp109c_phase7_parity_liam_exact/runs/20260225_224621/parallel-results/Parallel_MELTS_KCP109C_dP25.0_02-25_11cores.xlsx,system,system
760,838,75,0,111.7327503457087,1.030966079516757,-1905.050952206675,-1513.260649326211,352.5989316298097,166.0959551162388,10.83767473689154,0.0008957035699676883,0.0008245649873740346,-9.006597889133944e-06,2.500517666728312e-05,-9.807981503827143e-06,Success,KCP109C,/Users/lopezama/PycharmProjects/sci-cluster/review_outputs/rmelts_parity_audit_v2/2026-02-26/kcp109c_phase7_parity_20260225_224621/runs/kcp109c_phase7_parity_liam_exact/runs/20260225_224621/parallel-results/Parallel_MELTS_KCP109C_dP25.0_02-25_11cores.xlsx,system,system
761,837,75,0,111.7327716569451,1.031529639485922,-1904.698796883888,-1513.474482668073,352.4067146023646,166.0804568393617,10.83175581000549,0.0008976623110413282,0.0008248115210542782,-9.056100966225051e-06,2.50073419405949e-05,-9.824816103973984e-06,Success,KCP109C,/Users/lopezama/PycharmProjects/sci-cluster/review_outputs/rmelts_parity_audit_v2/2026-02-26/kcp109c_phase7_parity_20260225_224621/runs/kcp109c_phase7_parity_liam_exact/runs/20260225_224621/parallel-results/Parallel_MELTS_KCP109C_dP25.0_02-25_11cores.xlsx,system,system
762,836,75,0,111.7327930031964,1.032094636934862,-1904.346834404039,-1513.688311545456,352.2143288631684,166.0652046596492,10.82582827239787,0.0008996317850938079,0.000825059357380157,-9.105968191776546e-06,2.500957181855733e-05,-9.8417611992089e-06,Success,KCP109C,/Users/lopezama/PycharmProjects/sci-cluster/review_outputs/rmelts_parity_audit_v2/2026-02-26/kcp109c_phase7_parity_20260225_224621/runs/kcp109c_phase7_parity_liam_exact/runs/20260225_224621/parallel-results/Parallel_MELTS_KCP109C_dP25.0_02-25_11cores.xlsx,system,system
763,835,75,0,111.7328143853949,1.032661166745854,-1903.995064947517,-1513.902128227787,352.0217810943732,166.050205568221,10.81989116890006,0.0009016119975918771,0.0008253084029797245,-9.156200853660577e-06,2.501186153382931e-05,-9.858815860576097e-06,Success,KCP109C,/Users/lopezama/PycharmProjects/sci-cluster/review_outputs/rmelts_parity_audit_v2/2026-02-26/kcp109c_phase7_parity_20260225_224621/runs/kcp109c_phase7_parity_liam_exact/runs/20260225_224621/parallel-results/Parallel_MELTS_KCP109C_dP25.0_02-25_11cores.xlsx,system,system
764,834,75,0,111.7328358044586,1.03322932584659,-1903.643488687838,-1514.115924872062,351.8290780976159,166.0354666283336,10.81394352729089,0.0009036029525393393,0.0008255585627584326,-9.206800194304718e-06,2.501420622844986e-05,-9.875979123602733e-06,Success,KCP109C,/Users/lopezama/PycharmProjects/sci-cluster/review_outputs/rmelts_parity_audit_v2/2026-02-26/kcp109c_phase7_parity_20260225_224621/runs/kcp109c_phase7_parity_liam_exact/runs/20260225_224621/parallel-results/Parallel_MELTS_KCP109C_dP25.0_02-25_11cores.xlsx,system,system
765,833,75,0,111.7328572613833,1.033799209585072,-1903.292105793025,-1514.329693813113,351.636226533392,166.0209948485817,10.80798439633443,0.0009056046546454634,0.0008258097426150623,-9.257767478462967e-06,2.5016601126636e-05,-9.893250055770613e-06,Success,KCP109C,/Users/lopezama/PycharmProjects/sci-cluster/review_outputs/rmelts_parity_audit_v2/2026-02-26/kcp109c_phase7_parity_20260225_224621/runs/kcp109c_phase7_parity_liam_exact/runs/20260225_224621/parallel-results/Parallel_MELTS_KCP109C_dP25.0_02-25_11cores.xlsx,system,system
766,832,75,0,111.7328787571637,1.034370912975915,-1902.940916424192,-1514.543427507906,351.4432329695391,166.0067971788174,10.80201283267962,0.0009076171089294585,0.0008260618489724037,-9.309103975796286e-06,2.501904149055284e-05,-9.91062773938427e-06,Success,KCP109C,/Users/lopezama/PycharmProjects/sci-cluster/review_outputs/rmelts_parity_audit_v2/2026-02-26/kcp109c_phase7_parity_20260225_224621/runs/kcp109c_phase7_parity_liam_exact/runs/20260225_224621/parallel-results/Parallel_MELTS_KCP109C_dP25.0_02-25_11cores.xlsx,system,system
767,831,75,0,111.7329002930969,1.034944548832835,-1902.589920740383,-1514.757116331915,351.2501058809657,165.9928820374676,10.79602771173629,0.0009096403043452576,0.0008263147679303611,-9.360810517118508e-06,2.502152152039771e-05,-9.928110840764119e-06,Success,KCP109C,/Users/lopezama/PycharmProjects/sci-cluster/review_outputs/rmelts_parity_audit_v2/2026-02-26/kcp109c_phase7_parity_20260225_224621/runs/kcp109c_phase7_parity_liam_exact/runs/20260225_224621/parallel-results/Parallel_MELTS_KCP109C_dP25.0_02-25_11cores.xlsx,system,system
768,830,75,0,111.7329218701113,1.035520206107854,-1902.239118887548,-1514.970753581578,351.0568511136018,165.9792558576295,10.79002816276033,0.0009116742511130546,0.0008265684129242052,-9.412888504755171e-06,2.502403687474665e-05,-9.945698596031064e-06,Success,KCP109C,/Users/lopezama/PycharmProjects/sci-cluster/review_outputs/rmelts_parity_audit_v2/2026-02-26/kcp109c_phase7_parity_20260225_224621/runs/kcp109c_phase7_parity_liam_exact/runs/20260225_224621/parallel-results/Parallel_MELTS_KCP109C_dP25.0_02-25_11cores.xlsx,system,system
769,829,75,0,111.7329434894538,1.03609798220351,-1901.888511009677,-1515.184331560205,350.863475433899,165.9659259303203,10.78401323124161,0.0009137189508188229,0.0008268226863325973,-9.46533911185389e-06,2.502658266879484e-05,-9.963390029319394e-06,Success,KCP109C,/Users/lopezama/PycharmProjects/sci-cluster/review_outputs/rmelts_parity_audit_v2/2026-02-26/kcp109c_phase7_parity_20260225_224621/runs/kcp109c_phase7_parity_liam_exact/runs/20260225_224621/parallel-results/Parallel_MELTS_KCP109C_dP25.0_02-25_11cores.xlsx,system,system
770,828,75,0,111.7329651522957,1.036677992998226,-1901.53809724232,-1515.397840434315,350.6699875657307,165.9529007353299,10.77798177514577,0.0009157743905191178,0.0008270774727755861,-9.518163090875485e-06,2.502915302557642e-05,-9.981183773042031e-06,Success,KCP109C,/Users/lopezama/PycharmProjects/sci-cluster/review_outputs/rmelts_parity_audit_v2/2026-02-26/kcp109c_phase7_parity_20260225_224621/runs/kcp109c_phase7_parity_liam_exact/runs/20260225_224621/parallel-results/Parallel_MELTS_KCP109C_dP25.0_02-25_11cores.xlsx,system,system
771,827,75,0,111.7329868600036,1.037260329823632,-1901.187877716964,-1515.611273323785,350.4763935764933,165.940187248959,10.77193291283027,0.0009178405759702699,0.0008273326801424268,-9.571361725597123e-06,2.50317434082152e-05,-9.999078986889607e-06,Success,KCP109C,/Users/lopezama/PycharmProjects/sci-cluster/review_outputs/rmelts_parity_audit_v2/2026-02-26/kcp109c_phase7_parity_20260225_224621/runs/kcp109c_phase7_parity_liam_exact/runs/20260225_224621/parallel-results/Parallel_MELTS_KCP109C_dP25.0_02-25_11cores.xlsx,system,system
772,826,75,0,111.7330086138686,1.037845095885729,-1900.837852556617,-1515.824621993489,350.2827007807201,165.927793194743,10.76586564380422,0.0009199175037710663,0.0008275882052213744,-9.624936030138506e-06,2.503434865740897e-05,-1.001707458489103e-05,Success,KCP109C,/Users/lopezama/PycharmProjects/sci-cluster/review_outputs/rmelts_parity_audit_v2/2026-02-26/kcp109c_phase7_parity_20260225_224621/runs/kcp109c_phase7_parity_liam_exact/runs/20260225_224621/parallel-results/Parallel_MELTS_KCP109C_dP25.0_02-25_11cores.xlsx,system,system
773,825,75,0,111.7330304151239,1.038432405101021,-1900.488021876081,-1516.037876876605,350.088917724788,165.9157270185713,10.75977886150946,0.0009220051619140832,0.0008278439345802422,-9.678886765166333e-06,2.503696304822171e-05,-1.003516925583581e-05,Success,KCP109C,/Users/lopezama/PycharmProjects/sci-cluster/review_outputs/rmelts_parity_audit_v2/2026-02-26/kcp109c_phase7_parity_20260225_224621/runs/kcp109c_phase7_parity_liam_exact/runs/20260225_224621/parallel-results/Parallel_MELTS_KCP109C_dP25.0_02-25_11cores.xlsx,system,system
774,824,75,0,111.7330522652913,1.039022344568169,-1900.138385787621,-1516.251031800512,349.895049890269,165.9039955572591,10.75367174242331,0.0009241035589088393,0.0008280997798352925,-9.733215277305786e-06,2.50395823047022e-05,-1.005336226269822e-05,Success,KCP109C,/Users/lopezama/PycharmProjects/sci-cluster/review_outputs/rmelts_parity_audit_v2/2026-02-26/kcp109c_phase7_parity_20260225_224621/runs/kcp109c_phase7_parity_liam_exact/runs/20260225_224621/parallel-results/Parallel_MELTS_KCP109C_dP25.0_02-25_11cores.xlsx,system,system
775,823,75,0,111.7330741656402,1.039615028293203,-1899.788944392193,-1516.464077212145,349.701105852345,165.8926073556385,10.74754318904749,0.0009262126823618278,0.000828355627537864,-9.787922301876261e-06,2.504220072834442e-05,-1.007165230341857e-05,Success,KCP109C,/Users/lopezama/PycharmProjects/sci-cluster/review_outputs/rmelts_parity_audit_v2/2026-02-26/kcp109c_phase7_parity_20260225_224621/runs/kcp109c_phase7_parity_liam_exact/runs/20260225_224621/parallel-results/Parallel_MELTS_KCP109C_dP25.0_02-25_11cores.xlsx,system,system
776,822,75,0,111.7331024830004,1.039548953007079,-1899.439824933744,-1516.763659005228,349.4280837588605,165.8524789369555,10.74822904297028,0.0009291383725044316,0.0008295492738979414,-9.862340999997788e-06,2.509051872141181e-05,-1.010828657018538e-05,Success,KCP109C,/Users/lopezama/PycharmProjects/sci-cluster/review_outputs/rmelts_parity_audit_v2/2026-02-26/kcp109c_phase7_parity_20260225_224621/runs/kcp109c_phase7_parity_liam_exact/runs/20260225_224621/parallel-results/Parallel_MELTS_KCP109C_dP25.0_02-25_11cores.xlsx,system,system
777,821,75,0,111.7331350355537,1.039024221929125,-1899.091090877697,-1517.123531643682,349.0998119398759,165.7922989736978,10.7536602783044,0.0009326423744811232,0.0008313967875771516,-9.950940749779112e-06,2.517079977734273e-05,-1.015786651077465e-05,Success,KCP109C,/Users/lopezama/PycharmProjects/sci-cluster/review_outputs/rmelts_parity_audit_v2/2026-02-26/kcp109c_phase7_parity_20260225_224621/runs/kcp109c_phase7_parity_liam_exact/runs/20260225_224621/parallel-results/Parallel_MELTS_KCP109C_dP25.0_02-25_11cores.xlsx,system,system
778,820,75,0,111.7331674518135,1.038486272136367,-1898.742683833184,-1517.485363090063,348.7694467759426,165.731587992597,10.75923393979554,0.0009361837773607815,0.0008332667016577368,-1.00408017582594e-05,2.525230164363819e-05,-1.020814346937505e-05,Success,KCP109C,/Users/lopezama/PycharmProjects/sci-cluster/review_outputs/rmelts_parity_audit_v2/2026-02-26/kcp109c_phase7_parity_20260225_224621/runs/kcp109c_phase7_parity_liam_exact/runs/20260225_224621/parallel-results/Parallel_MELTS_KCP109C_dP25.0_02-25_11cores.xlsx,system,system
779,819,75,0,111.7331997152361,1.037933936509678,-1898.394605703372,-1517.849329374755,348.4368230816431,165.6702469123309,10.76496256505187,0.0009397643240628884,0.0008351607483439568,-1.013197807523576e-05,2.533511495185538e-05,-1.025915824461721e-05,Success,KCP109C,/Users/lopezama/PycharmProjects/sci-cluster/review_outputs/rmelts_parity_audit_v2/2026-02-26/kcp109c_phase7_parity_20260225_224621/runs/kcp109c_phase7_parity_liam_exact/runs/20260225_224621/parallel-results/Parallel_MELTS_KCP109C_dP25.0_02-25_11cores.xlsx,system,system
780,818,75,0,111.7332318076866,1.03736565549828,-1898.046858556858,-1518.215660077635,348.1017261414319,165.6081502633612,10.77086283081326,0.0009433862450122084,0.0008370812116933439,-1.02245368258372e-05,2.541935832134231e-05,-1.031096318518383e-05,Success,KCP109C,/Users/lopezama/PycharmProjects/sci-cluster/review_outputs/rmelts_parity_audit_v2/2026-02-26/kcp109c_phase7_parity_20260225_224621/runs/kcp109c_phase7_parity_liam_exact/runs/20260225_224621/parallel-results/Parallel_MELTS_KCP109C_dP25.0_02-25_11cores.xlsx,system,system
781,817,75,0,111.7332637069423,1.036779566219216,-1897.699444626617,-1518.584626399574,347.7639024235593,165.545149610747,10.7769546533788,0.0009470521521581225,0.0008390308002252651,-1.031855596467013e-05,2.550517241240135e-05,-1.036361989484193e-05,Success,KCP109C,/Users/lopezama/PycharmProjects/sci-cluster/review_outputs/rmelts_parity_audit_v2/2026-02-26/kcp109c_phase7_parity_20260225_224621/runs/kcp109c_phase7_parity_liam_exact/runs/20260225_224621/parallel-results/Parallel_MELTS_KCP109C_dP25.0_02-25_11cores.xlsx,system,system
782,816,75,0,111.733295385787,1.036173358880695,-1897.352366346937,-1518.956560763633,347.4230414390159,165.4810641629926,10.78326270678148,0.000950765213286806,0.0008410128449460107,-1.041412896973875e-05,2.559273005706794e-05,-1.041720339891714e-05,Success,KCP109C,/Users/lopezama/PycharmProjects/sci-cluster/review_outputs/rmelts_parity_audit_v2/2026-02-26/kcp109c_phase7_parity_20260225_224621/runs/kcp109c_phase7_parity_liam_exact/runs/20260225_224621/parallel-results/Parallel_MELTS_KCP109C_dP25.0_02-25_11cores.xlsx,system,system
783,815,75,0,111.7333268117672,1.035544057338803,-1897.005626417069,-1519.331886589364,347.0787481759921,165.4156670693364,10.78981874502815,0.0009545294236954219,0.0008430316062901966,-1.051137209478888e-05,2.568225189726922e-05,-1.047180858098617e-05,Success,KCP109C,/Users/lopezama/PycharmProjects/sci-cluster/review_outputs/rmelts_parity_audit_v2/2026-02-26/kcp109c_phase7_parity_20260225_224621/runs/kcp109c_phase7_parity_liam_exact/runs/20260225_224621/parallel-results/Parallel_MELTS_KCP109C_dP25.0_02-25_11cores.xlsx,system,system
784,814,75,0,111.733357943408,1.03488795451168,-1896.65922782856,-1519.711127103391,346.7305346319911,165.34867858233,10.79666233009063,0.0009583496859092718,0.000845092359172329,-1.061042712248815e-05,2.57740113026267e-05,-1.052755234463619e-05,Success,KCP109C,/Users/lopezama/PycharmProjects/sci-cluster/review_outputs/rmelts_parity_audit_v2/2026-02-26/kcp109c_phase7_parity_20260225_224621/runs/kcp109c_phase7_parity_liam_exact/runs/20260225_224621/parallel-results/Parallel_MELTS_KCP109C_dP25.0_02-25_11cores.xlsx,system,system
785,813,75,0,111.7333887289657,1.034200241332548,-1896.313173962831,-1520.094956601972,346.3777722790204,165.2797420901796,10.80384477429625,0.0009622322693018632,0.0008472019107182334,-1.07114737863645e-05,2.58683609194321e-05,-1.058458457264066e-05,Success,KCP109C,/Users/lopezama/PycharmProjects/sci-cluster/review_outputs/rmelts_parity_audit_v2/2026-02-26/kcp109c_phase7_parity_20260225_224621/runs/kcp109c_phase7_parity_liam_exact/runs/20260225_224621/parallel-results/Parallel_MELTS_KCP109C_dP25.0_02-25_11cores.xlsx,system,system
786,812,75,0,111.7334191017194,1.033474682892942,-1895.967468672637,-1520.48424521398,346.0196502406646,165.2084003437811,10.81143263122333,0.0009661852122729463,0.0008493690487056821,-1.081474125513876e-05,2.596575624881786e-05,-1.064309799183278e-05,Success,KCP109C,/Users/lopezama/PycharmProjects/sci-cluster/review_outputs/rmelts_parity_audit_v2/2026-02-26/kcp109c_phase7_parity_20260225_224621/runs/kcp109c_phase7_parity_liam_exact/runs/20260225_224621/parallel-results/Parallel_MELTS_KCP109C_dP25.0_02-25_11cores.xlsx,system,system
787,811,75,0,111.7334489745694,1.032703101015173,-1895.622116409374,-1520.880131420538,345.6551076777524,165.1340589202017,10.81951326230478,0.0009702189669565924,0.0008516052611964627,-1.092052626292875e-05,2.60667932668105e-05,-1.070334385807402e-05,Success,KCP109C,/Users/lopezama/PycharmProjects/sci-cluster/review_outputs/rmelts_parity_audit_v2/2026-02-26/kcp109c_phase7_parity_20260225_224621/runs/kcp109c_phase7_parity_liam_exact/runs/20260225_224621/parallel-results/Parallel_MELTS_KCP109C_dP25.0_02-25_11cores.xlsx,system,system
788,810,75,0,111.7334782305542,1.03187458332485,-1895.277122367102,-1521.284132289451,345.2827309953841,165.0559294125378,10.82820335302112,0.0009743473818173122,0.0008539258370963485,-1.102922077450677e-05,2.617226597654862e-05,-1.076565592783995e-05,Success,KCP109C,/Users/lopezama/PycharmProjects/sci-cluster/review_outputs/rmelts_parity_audit_v2/2026-02-26/kcp109c_phase7_parity_20260225_224621/runs/kcp109c_phase7_parity_liam_exact/runs/20260225_224621/parallel-results/Parallel_MELTS_KCP109C_dP25.0_02-25_11cores.xlsx,system,system
789,809,75,0,111.7335067094258,1.030974347778975,-1894.932492686841,-1521.698304339658,344.900603749188,164.9729475925234,10.83766118430908,0.0009785891188818048,0.0008563514486015328,-1.114135206445128e-05,2.628324947266447e-05,-1.083048510462496e-05,Success,KCP109C,/Users/lopezama/PycharmProjects/sci-cluster/review_outputs/rmelts_parity_audit_v2/2026-02-26/kcp109c_phase7_parity_20260225_224621/runs/kcp109c_phase7_parity_liam_exact/runs/20260225_224621/parallel-results/Parallel_MELTS_KCP109C_dP25.0_02-25_11cores.xlsx,system,system
790,808,75,0,111.7335341846377,1.029981939939816,-1894.588234696384,-1522.125499553032,344.5060677457818,164.8836420581974,10.84810615137257,0.000982969902208568,0.0008589106660461825,-1.12576463920484e-05,2.640123211549358e-05,-1.089845453773495e-05,Success,KCP109C,/Users/lopezama/PycharmProjects/sci-cluster/review_outputs/rmelts_parity_audit_v2/2026-02-26/kcp109c_phase7_parity_20260225_224621/runs/kcp109c_phase7_parity_liam_exact/runs/20260225_224621/parallel-results/Parallel_MELTS_KCP109C_dP25.0_02-25_11cores.xlsx,system,system
791,807,75,0,111.7335603253006,1.028868412129592,-1894.244357208888,-1522.569770835991,344.0953445103893,164.7859264914605,10.85984942370134,0.0009875260458656388,0.0008616439004200429,-1.137912932194799e-05,2.652832345529572e-05,-1.097044634881483e-05,Success,KCP109C,/Users/lopezama/PycharmProjects/sci-cluster/review_outputs/rmelts_parity_audit_v2/2026-02-26/kcp109c_phase7_parity_20260225_224621/runs/kcp109c_phase7_parity_liam_exact/runs/20260225_224621/parallel-results/Parallel_MELTS_KCP109C_dP25.0_02-25_11cores.xlsx,system,system
792,806,75,0,111.7345099791194,1.027027977935601,-1893.915925135725,-1523.133973909991,343.5870372290535,164.6358991143359,10.87940274068421,0.0009929668119199816,0.0008653665759658031,-1.152538337804043e-05,2.670690764738902e-05,-1.106387241457777e-05,Success,KCP109C,/Users/lopezama/PycharmProjects/sci-cluster/review_outputs/rmelts_parity_audit_v2/2026-02-26/kcp109c_phase7_parity_20260225_224621/runs/kcp109c_phase7_parity_liam_exact/runs/20260225_224621/parallel-results/Parallel_MELTS_KCP109C_dP25.0_02-25_11cores.xlsx,system,system
793,805,75,0,111.7363054893492,1.024146218906611,-1893.601812673996,-1523.860637371158,342.9403842719832,164.4114459756967,10.91019069607463,0.0009996831818961135,0.0008705160801321547,-1.170750808004703e-05,2.696013573100756e-05,-1.118836652509195e-05,Success,KCP109C,/Users/lopezama/PycharmProjects/sci-cluster/review_outputs/rmelts_parity_audit_v2/2026-02-26/kcp109c_phase7_parity_20260225_224621/runs/kcp109c_phase7_parity_liam_exact/runs/20260225_224621/parallel-results/Parallel_MELTS_KCP109C_dP25.0_02-25_11cores.xlsx,system,system
794,804,75,0,111.7408066658593,1.013301009382304,-1893.332526627337,-1525.810703608486,341.1983688612086,163.6069432251484,11.0274050485724,0.001016086827154008,0.0008866763171634566,-1.215976717293439e-05,2.779086048896268e-05,-1.155113219144972e-05,Success,KCP109C,/Users/lopezama/PycharmProjects/sci-cluster/review_outputs/rmelts_parity_audit_v2/2026-02-26/kcp109c_phase7_parity_20260225_224621/runs/kcp109c_phase7_parity_liam_exact/runs/20260225_224621/parallel-results/Parallel_MELTS_KCP109C_dP25.0_02-25_11cores.xlsx,system,system
795,803,75,0,111.7458402025077,0.9997791095131372,-1893.074248965678,-1528.246917254301,339.0115984866209,162.5667414267851,11.17705292491305,0.001035902388041182,0.000906620904908108,-1.272003989837756e-05,2.884290783484139e-05,-1.200658716718171e-05,Success,KCP109C,/Users/lopezama/PycharmProjects/sci-cluster/review_outputs/rmelts_parity_audit_v2/2026-02-26/kcp109c_phase7_parity_20260225_224621/runs/kcp109c_phase7_parity_liam_exact/runs/20260225_224621/parallel-results/Parallel_MELTS_KCP109C_dP25.0_02-25_11cores.xlsx,system,system
796,802,75,0,111.7472953550853,0.9894565766590382,-1892.759768928436,-1530.206616417972,337.2116937268883,161.7197836172352,11.29380490171757,0.001052027748848871,0.0009222395791551406,-1.318573990010044e-05,2.968124944375785e-05,-1.237548759134034e-05,Success,KCP109C,/Users/lopezama/PycharmProjects/sci-cluster/review_outputs/rmelts_parity_audit_v2/2026-02-26/kcp109c_phase7_parity_20260225_224621/runs/kcp109c_phase7_parity_liam_exact/runs/20260225_224621/parallel-results/Parallel_MELTS_KCP109C_dP25.0_02-25_11cores.xlsx,system,system
797,801,75,0,111.7474630104602,0.9843948662035285,-1892.425859320436,-1531.347050105355,336.1530598287764,161.2679107956634,11.35189412775299,0.001061822895782468,0.0009306002889984089,-1.347162657798397e-05,3.012883109595039e-05,-1.258403751130571e-05,Success,KCP109C,/Users/lopezama/PycharmProjects/sci-cluster/review_outputs/rmelts_parity_audit_v2/2026-02-26/kcp109c_phase7_parity_20260225_224621/runs/kcp109c_phase7_parity_liam_exact/runs/20260225_224621/parallel-results/Parallel_MELTS_KCP109C_dP25.0_02-25_11cores.xlsx,system,system
798,800,75,0,111.7474229848354,0.9821756708792378,-1892.089400331715,-1532.037257522386,335.5096145080632,161.0396389162568,11.37753930361559,0.001068181942917534,0.0009350276278154251,-1.365728663758246e-05,3.03594515305765e-05,-1.270342771260072e-05,Success,KCP109C,/Users/lopezama/PycharmProjects/sci-cluster/review_outputs/rmelts_parity_audit_v2/2026-02-26/kcp109c_phase7_parity_20260225_224621/runs/kcp109c_phase7_parity_liam_exact/runs/20260225_224621/parallel-results/Parallel_MELTS_KCP109C_dP25.0_02-25_11cores.xlsx,system,system
799,799,75,0,111.7473338580511,0.981232196023797,-1891.752682877207,-1532.523531884636,335.0549372686393,160.9134390595879,11.38846995755742,0.001073006866554505,0.0009376912322823069,-1.379768694417405e-05,3.049167094345622e-05,-1.278242901358624e-05,Success,KCP109C,/Users/lopezama/PycharmProjects/sci-cluster/review_outputs/rmelts_parity_audit_v2/2026-02-26/kcp109c_phase7_parity_20260225_224621/runs/kcp109c_phase7_parity_liam_exact/runs/20260225_224621/parallel-results/Parallel_MELTS_KCP109C_dP25.0_02-25_11cores.xlsx,system,system
800,903,50,0,111.731569435851,0.7226695013415003,-1931.605912575932,-1500.65559888971,366.4076127077514,164.6250536039681,15.46094988489791,0.0008386016846462515,0.001468946820684813,-8.129417742530082e-06,9.16019813399891e-05,-1.997852606319344e-05,Success,KCP109C,/Users/lopezama/PycharmProjects/sci-cluster/review_outputs/rmelts_parity_audit_v2/2026-02-26/kcp109c_phase7_parity_20260225_224621/runs/kcp109c_phase7_parity_liam_exact/runs/20260225_224621/parallel-results/Parallel_MELTS_KCP109C_dP25.0_02-25_11cores.xlsx,system,system
801,902,50,0,111.7315874339498,0.7230906290804111,-1931.239886394241,-1500.862614655248,366.2317761468685,164.5950602762063,15.45194792194226,0.0008399465123755329,0.001469184919254239,-8.168759474067302e-06,9.156959225949919e-05,-1.999003865159331e-05,Success,KCP109C,/Users/lopezama/PycharmProjects/sci-cluster/review_outputs/rmelts_parity_audit_v2/2026-02-26/kcp109c_phase7_parity_20260225_224621/runs/kcp109c_phase7_parity_liam_exact/runs/20260225_224621/parallel-results/Parallel_MELTS_KCP109C_dP25.0_02-25_11cores.xlsx,system,system
802,901,50,0,111.7316051522592,0.723487894456846,-1930.874035286054,-1501.074326163527,366.0517899097452,164.5617685038251,15.4434657453586,0.000841311900034331,0.00146946326561235,-8.208896877870975e-06,9.154287537332385e-05,-2.000280829231664e-05,Success,KCP109C,/Users/lopezama/PycharmProjects/sci-cluster/review_outputs/rmelts_parity_audit_v2/2026-02-26/kcp109c_phase7_parity_20260225_224621/runs/kcp109c_phase7_parity_liam_exact/runs/20260225_224621/parallel-results/Parallel_MELTS_KCP109C_dP25.0_02-25_11cores.xlsx,system,system
803,900,50,0,111.7316228925807,0.7238850587560259,-1930.508364600161,-1501.286092012729,365.8716043024603,164.5285055970598,15.43499503700049,0.0008426838023541232,0.001469744796436456,-8.249318553875986e-06,9.151644130793754e-05,-2.001566688594955e-05,Success,KCP109C,/Users/lopezama/PycharmProjects/sci-cluster/review_outputs/rmelts_parity_audit_v2/2026-02-26/kcp109c_phase7_parity_20260225_224621/runs/kcp109c_phase7_parity_liam_exact/runs/20260225_224621/parallel-results/Parallel_MELTS_KCP109C_dP25.0_02-25_11cores.xlsx,system,system
804,899,50,0,111.7316406545437,0.7242821226009564,-1930.142874531045,-1501.497913163979,365.6912181607012,164.4952713069429,15.42653576113493,0.0008440622638998897,0.001470029527055786,-8.290027103835352e-06,9.14902908039724e-05,-2.00286148474215e-05,Success,KCP109C,/Users/lopezama/PycharmProjects/sci-cluster/review_outputs/rmelts_parity_audit_v2/2026-02-26/kcp109c_phase7_parity_20260225_224621/runs/kcp109c_phase7_parity_liam_exact/runs/20260225_224621/parallel-results/Parallel_MELTS_KCP109C_dP25.0_02-25_11cores.xlsx,system,system
805,898,50,0,111.7316584377794,0.7246790865324728,-1929.777565273674,-1501.709790663253,365.5106302441365,164.4620653365355,15.41808788389434,0.0008454473296299328,0.001470317472915286,-8.331025160423716e-06,9.146442462172239e-05,-2.004165259742096e-05,Success,KCP109C,/Users/lopezama/PycharmProjects/sci-cluster/review_outputs/rmelts_parity_audit_v2/2026-02-26/kcp109c_phase7_parity_20260225_224621/runs/kcp109c_phase7_parity_liam_exact/runs/20260225_224621/parallel-results/Parallel_MELTS_KCP109C_dP25.0_02-25_11cores.xlsx,system,system
806,897,50,0,111.7316762420467,0.7250759623085503,-1929.412437025388,-1501.921723454706,365.3298411064235,164.4288887707172,15.40965113314571,0.0008468390380992915,0.001470608632163122,-8.372315137925965e-06,9.143884100305158e-05,-2.005478000895434e-05,Success,KCP109C,/Users/lopezama/PycharmProjects/sci-cluster/review_outputs/rmelts_parity_audit_v2/2026-02-26/kcp109c_phase7_parity_20260225_224621/runs/kcp109c_phase7_parity_liam_exact/runs/20260225_224621/parallel-results/Parallel_MELTS_KCP109C_dP25.0_02-25_11cores.xlsx,system,system
807,896,50,0,111.7316940670552,0.7254727568023417,-1929.04748998281,-1502.13371148421,365.1488504457085,164.3957420341177,15.40122534160122,0.0008482374310794013,0.001470903010442547,-8.413899584493133e-06,9.141353929296132e-05,-2.006799719522143e-05,Success,KCP109C,/Users/lopezama/PycharmProjects/sci-cluster/review_outputs/rmelts_parity_audit_v2/2026-02-26/kcp109c_phase7_parity_20260225_224621/runs/kcp109c_phase7_parity_liam_exact/runs/20260225_224621/parallel-results/Parallel_MELTS_KCP109C_dP25.0_02-25_11cores.xlsx,system,system
808,895,50,0,111.7317119125444,0.7258694794527685,-1928.682724342941,-1502.345754266429,364.9676583285634,164.362625814324,15.39281028825991,0.0008496425491026001,0.001471200609461721,-8.455781019023826e-06,9.138851826792467e-05,-2.008130414551552e-05,Success,KCP109C,/Users/lopezama/PycharmProjects/sci-cluster/review_outputs/rmelts_parity_audit_v2/2026-02-26/kcp109c_phase7_parity_20260225_224621/runs/kcp109c_phase7_parity_liam_exact/runs/20260225_224621/parallel-results/Parallel_MELTS_KCP109C_dP25.0_02-25_11cores.xlsx,system,system
809,894,50,0,111.7317297783243,0.7262661454756527,-1928.31814030364,-1502.557850278261,364.7862657116731,164.3295414780471,15.38440563068625,0.0008510544294931575,0.001471501421998875,-8.497961858098004e-06,9.136377541495554e-05,-2.009470056700767e-05,Success,KCP109C,/Users/lopezama/PycharmProjects/sci-cluster/review_outputs/rmelts_parity_audit_v2/2026-02-26/kcp109c_phase7_parity_20260225_224621/runs/kcp109c_phase7_parity_liam_exact/runs/20260225_224621/parallel-results/Parallel_MELTS_KCP109C_dP25.0_02-25_11cores.xlsx,system,system
810,893,50,0,111.7317476641101,0.7266627606391061,-1927.953738060687,-1502.769999901273,364.6046719199194,164.2964891294649,15.37601122779996,0.0008524731155522837,0.001471805455318847,-8.540444755623365e-06,9.133931034359476e-05,-2.010818663024969e-05,Success,KCP109C,/Users/lopezama/PycharmProjects/sci-cluster/review_outputs/rmelts_parity_audit_v2/2026-02-26/kcp109c_phase7_parity_20260225_224621/runs/kcp109c_phase7_parity_liam_exact/runs/20260225_224621/parallel-results/Parallel_MELTS_KCP109C_dP25.0_02-25_11cores.xlsx,system,system
811,892,50,0,111.7317655698424,0.7270593517784533,-1927.589517812836,-1502.98219949285,364.422879732211,164.2634714923098,15.36762649383937,0.0008538986381362196,0.00147211268438263,-8.583231919903906e-06,9.131511796266821e-05,-2.012176147636097e-05,Success,KCP109C,/Users/lopezama/PycharmProjects/sci-cluster/review_outputs/rmelts_parity_audit_v2/2026-02-26/kcp109c_phase7_parity_20260225_224621/runs/kcp109c_phase7_parity_liam_exact/runs/20260225_224621/parallel-results/Parallel_MELTS_KCP109C_dP25.0_02-25_11cores.xlsx,system,system
812,891,50,0,111.7317834952847,0.7274559271801231,-1927.225479754985,-1503.194449119427,364.2408887476332,164.2304888662418,15.35925123717071,0.0008553310395355059,0.001472423112468854,-8.626325999822123e-06,9.129119733106943e-05,-2.013542515328503e-05,Success,KCP109C,/Users/lopezama/PycharmProjects/sci-cluster/review_outputs/rmelts_parity_audit_v2/2026-02-26/kcp109c_phase7_parity_20260225_224621/runs/kcp109c_phase7_parity_liam_exact/runs/20260225_224621/parallel-results/Parallel_MELTS_KCP109C_dP25.0_02-25_11cores.xlsx,system,system
813,890,50,0,111.7318014403927,0.7278525107477481,-1926.861624084008,-1503.406745935997,364.0587010686593,164.197543475322,15.35088493761006,0.0008567703527818389,0.001472736718705107,-8.669729316802132e-06,9.12675440172113e-05,-2.014917694286155e-05,Success,KCP109C,/Users/lopezama/PycharmProjects/sci-cluster/review_outputs/rmelts_parity_audit_v2/2026-02-26/kcp109c_phase7_parity_20260225_224621/runs/kcp109c_phase7_parity_liam_exact/runs/20260225_224621/parallel-results/Parallel_MELTS_KCP109C_dP25.0_02-25_11cores.xlsx,system,system
814,889,50,0,111.7318194048379,0.7282491096150034,-1926.497950990722,-1503.619090175769,363.8763161510594,164.1646353352826,15.34252743047034,0.0008582166216893097,0.001473053508989349,-8.71344460501163e-06,9.12441574121215e-05,-2.016301696355945e-05,Success,KCP109C,/Users/lopezama/PycharmProjects/sci-cluster/review_outputs/rmelts_parity_audit_v2/2026-02-26/kcp109c_phase7_parity_20260225_224621/runs/kcp109c_phase7_parity_liam_exact/runs/20260225_224621/parallel-results/Parallel_MELTS_KCP109C_dP25.0_02-25_11cores.xlsx,system,system
815,888,50,0,111.7318373892581,0.7286457871770426,-1926.134460680145,-1503.831472044593,363.6937420966731,164.1317715762425,15.33417736787244,0.0008596698549484173,0.001473373399582371,-8.757473316781108e-06,9.122102416065048e-05,-2.017694253218502e-05,Success,KCP109C,/Users/lopezama/PycharmProjects/sci-cluster/review_outputs/rmelts_parity_audit_v2/2026-02-26/kcp109c_phase7_parity_20260225_224621/runs/kcp109c_phase7_parity_liam_exact/runs/20260225_224621/parallel-results/Parallel_MELTS_KCP109C_dP25.0_02-25_11cores.xlsx,system,system
816,887,50,0,111.7318553927032,0.729042511499427,-1925.771153329401,-1504.043899018681,363.5109721249147,164.0989470931247,15.32583541155967,0.0008611301213643997,0.001473696458326813,-8.801819143007222e-06,9.119815251995526e-05,-2.019095571081713e-05,Success,KCP109C,/Users/lopezama/PycharmProjects/sci-cluster/review_outputs/rmelts_parity_audit_v2/2026-02-26/kcp109c_phase7_parity_20260225_224621/runs/kcp109c_phase7_parity_liam_exact/runs/20260225_224621/parallel-results/Parallel_MELTS_KCP109C_dP25.0_02-25_11cores.xlsx,system,system
817,886,50,0,111.73187341565,0.729439335136024,-1925.408029136885,-1504.256363426577,363.3280125180586,164.0661674881762,15.31750044639621,0.0008625974368863133,0.001474022618690757,-8.846483835168136e-06,9.117553162025396e-05,-2.020505435648757e-05,Success,KCP109C,/Users/lopezama/PycharmProjects/sci-cluster/review_outputs/rmelts_parity_audit_v2/2026-02-26/kcp109c_phase7_parity_20260225_224621/runs/kcp109c_phase7_parity_liam_exact/runs/20260225_224621/parallel-results/Parallel_MELTS_KCP109C_dP25.0_02-25_11cores.xlsx,system,system
818,885,50,0,111.7318914580783,0.729836287670481,-1925.045088290497,-1504.468861546083,363.1448661610451,164.0334353935588,15.30917184382655,0.0008640718324499018,0.001474351851802208,-8.891469706714374e-06,9.115315588896325e-05,-2.021923748527828e-05,Success,KCP109C,/Users/lopezama/PycharmProjects/sci-cluster/review_outputs/rmelts_parity_audit_v2/2026-02-26/kcp109c_phase7_parity_20260225_224621/runs/kcp109c_phase7_parity_liam_exact/runs/20260225_224621/parallel-results/Parallel_MELTS_KCP109C_dP25.0_02-25_11cores.xlsx,system,system
819,884,50,0,111.7319095205812,0.7302334239457672,-1924.682330985596,-1504.681385591623,362.9615394667705,164.0007565313763,15.30084844882138,0.0008655533226363751,0.001474684087051946,-8.936778483951575e-06,9.113101396543843e-05,-2.023350283270273e-05,Success,KCP109C,/Users/lopezama/PycharmProjects/sci-cluster/review_outputs/rmelts_parity_audit_v2/2026-02-26/kcp109c_phase7_parity_20260225_224621/runs/kcp109c_phase7_parity_liam_exact/runs/20260225_224621/parallel-results/Parallel_MELTS_KCP109C_dP25.0_02-25_11cores.xlsx,system,system
820,883,50,0,111.7319276022509,0.7306307128563814,-1924.319757390114,-1504.893943187835,362.7780255176922,163.9681256543278,15.29253091010066,0.00086704197695647,0.001475019390900737,-8.982413955642843e-06,9.110911394816033e-05,-2.024785242350137e-05,Success,KCP109C,/Users/lopezama/PycharmProjects/sci-cluster/review_outputs/rmelts_parity_audit_v2/2026-02-26/kcp109c_phase7_parity_20260225_224621/runs/kcp109c_phase7_parity_liam_exact/runs/20260225_224621/parallel-results/Parallel_MELTS_KCP109C_dP25.0_02-25_11cores.xlsx,system,system
821,882,50,0,111.7319457037251,0.7310282197819902,-1923.957367694225,-1505.106524465881,362.5943325354667,163.9355497329268,15.28421785646609,0.0008685378042315042,0.001475357677410943,-9.028377656011592e-06,9.108744222072829e-05,-2.026228348851428e-05,Success,KCP109C,/Users/lopezama/PycharmProjects/sci-cluster/review_outputs/rmelts_parity_audit_v2/2026-02-26/kcp109c_phase7_parity_20260225_224621/runs/kcp109c_phase7_parity_liam_exact/runs/20260225_224621/parallel-results/Parallel_MELTS_KCP109C_dP25.0_02-25_11cores.xlsx,system,system
822,881,50,0,111.7319638259349,0.7314260197480507,-1923.595162089594,-1505.319118169686,362.4104699734938,163.9030368493361,15.27590772125149,0.0008700408068045729,0.00147569884438422,-9.07467088890694e-06,9.106598297204764e-05,-2.027679276246622e-05,Success,KCP109C,/Users/lopezama/PycharmProjects/sci-cluster/review_outputs/rmelts_parity_audit_v2/2026-02-26/kcp109c_phase7_parity_20260225_224621/runs/kcp109c_phase7_parity_liam_exact/runs/20260225_224621/parallel-results/Parallel_MELTS_KCP109C_dP25.0_02-25_11cores.xlsx,system,system
823,880,50,0,111.7319819682258,0.7318240982454387,-1923.233140738356,-1505.531729040353,362.2264334197659,163.870583688177,15.26760081228607,0.0008715510445475625,0.001476042932445406,-9.121297127527448e-06,9.104474063494696e-05,-2.029138145160417e-05,Success,KCP109C,/Users/lopezama/PycharmProjects/sci-cluster/review_outputs/rmelts_parity_audit_v2/2026-02-26/kcp109c_phase7_parity_20260225_224621/runs/kcp109c_phase7_parity_liam_exact/runs/20260225_224621/parallel-results/Parallel_MELTS_KCP109C_dP25.0_02-25_11cores.xlsx,system,system
824,879,50,0,111.7320001312736,0.7322225158686035,-1922.871303820653,-1505.744348497788,362.0422300246188,163.838196382045,15.25929587110973,0.0008730685294829807,0.001476389862662293,-9.168258064270058e-06,9.102370271790444e-05,-2.030604701400669e-05,Success,KCP109C,/Users/lopezama/PycharmProjects/sci-cluster/review_outputs/rmelts_parity_audit_v2/2026-02-26/kcp109c_phase7_parity_20260225_224621/runs/kcp109c_phase7_parity_liam_exact/runs/20260225_224621/parallel-results/Parallel_MELTS_KCP109C_dP25.0_02-25_11cores.xlsx,system,system
825,878,50,0,111.7320183154509,0.7326213153603217,-1922.509651507636,-1505.956971215347,361.8578641291649,163.8058787428839,15.25099201631859,0.0008745932852127442,0.001476739584601096,-9.215555837561547e-06,9.100286078900355e-05,-2.032078779874742e-05,Success,KCP109C,/Users/lopezama/PycharmProjects/sci-cluster/review_outputs/rmelts_parity_audit_v2/2026-02-26/kcp109c_phase7_parity_20260225_224621/runs/kcp109c_phase7_parity_liam_exact/runs/20260225_224621/parallel-results/Parallel_MELTS_KCP109C_dP25.0_02-25_11cores.xlsx,system,system
826,877,50,0,111.7320365208159,0.7330205202227598,-1922.148183961064,-1506.169595399188,361.6733370098473,163.7736320751465,15.24268877041278,0.0008761253478877846,0.001477092078346121,-9.263193074654024e-06,9.098221076301205e-05,-2.033560311401759e-05,Success,KCP109C,/Users/lopezama/PycharmProjects/sci-cluster/review_outputs/rmelts_parity_audit_v2/2026-02-26/kcp109c_phase7_parity_20260225_224621/runs/kcp109c_phase7_parity_liam_exact/runs/20260225_224621/parallel-results/Parallel_MELTS_KCP109C_dP25.0_02-25_11cores.xlsx,system,system
827,876,50,0,111.7320547487072,0.7334202260779079,-1921.786901359201,-1506.382206457825,361.4886610985299,163.7414667802139,15.23438416011701,0.0008776647072892179,0.001477447209464078,-9.31117065643796e-06,9.096173237405059e-05,-2.035048866698119e-05,Success,KCP109C,/Users/lopezama/PycharmProjects/sci-cluster/review_outputs/rmelts_parity_audit_v2/2026-02-26/kcp109c_phase7_parity_20260225_224621/runs/kcp109c_phase7_parity_liam_exact/runs/20260225_224621/parallel-results/Parallel_MELTS_KCP109C_dP25.0_02-25_11cores.xlsx,system,system
828,875,50,0,111.7320729985329,0.7338204184757705,-1921.425803844026,-1506.594809493868,361.3038316858933,163.7093792328618,15.22607850441301,0.0008792114244438567,0.001477805018505902,-9.359492178806982e-06,9.094143012654144e-05,-2.036544566152752e-05,Success,KCP109C,/Users/lopezama/PycharmProjects/sci-cluster/review_outputs/rmelts_parity_audit_v2/2026-02-26/kcp109c_phase7_parity_20260225_224621/runs/kcp109c_phase7_parity_liam_exact/runs/20260225_224621/parallel-results/Parallel_MELTS_KCP109C_dP25.0_02-25_11cores.xlsx,system,system
829,874,50,0,111.7320912716001,0.7342211882180041,-1921.064891583731,-1506.807390965909,361.1188603215117,163.6773791112838,15.21776993970716,0.0008807654924192992,0.001478165378642989,-9.408158668741554e-06,9.092128489623744e-05,-2.038047004153757e-05,Success,KCP109C,/Users/lopezama/PycharmProjects/sci-cluster/review_outputs/rmelts_parity_audit_v2/2026-02-26/kcp109c_phase7_parity_20260225_224621/runs/kcp109c_phase7_parity_liam_exact/runs/20260225_224621/parallel-results/Parallel_MELTS_KCP109C_dP25.0_02-25_11cores.xlsx,system,system
830,873,50,0,111.732109567952,0.7346225553870399,-1920.704164720739,-1507.019949957436,360.933747557739,163.6454670644233,15.20945807457346,0.0008823269503161003,0.001478528275681785,-9.457172915575197e-06,9.090129348356406e-05,-2.03955612863431e-05,Success,KCP109C,/Users/lopezama/PycharmProjects/sci-cluster/review_outputs/rmelts_parity_audit_v2/2026-02-26/kcp109c_phase7_parity_20260225_224621/runs/kcp109c_phase7_parity_liam_exact/runs/20260225_224621/parallel-results/Parallel_MELTS_KCP109C_dP25.0_02-25_11cores.xlsx,system,system
831,872,50,0,111.7321278886702,0.7350245955492377,-1920.343623409212,-1507.2324758018,360.7485024733978,163.6136507429009,15.20114137203529,0.0008838958012419199,0.001478893607078018,-9.506536346904305e-06,9.088144025742601e-05,-2.04107160979974e-05,Success,KCP109C,/Users/lopezama/PycharmProjects/sci-cluster/review_outputs/rmelts_parity_audit_v2/2026-02-26/kcp109c_phase7_parity_20260225_224621/runs/kcp109c_phase7_parity_liam_exact/runs/20260225_224621/parallel-results/Parallel_MELTS_KCP109C_dP25.0_02-25_11cores.xlsx,system,system
832,871,50,0,111.7321462341394,0.7354273452904483,-1919.983267786471,-1507.444964804391,360.5631280706897,163.5819327974711,15.19281910710189,0.0008854720738484479,0.001479261332419792,-9.556251376867186e-06,9.086171837105837e-05,-2.042593312829482e-05,Success,KCP109C,/Users/lopezama/PycharmProjects/sci-cluster/review_outputs/rmelts_parity_audit_v2/2026-02-26/kcp109c_phase7_parity_20260225_224621/runs/kcp109c_phase7_parity_liam_exact/runs/20260225_224621/parallel-results/Parallel_MELTS_KCP109C_dP25.0_02-25_11cores.xlsx,system,system
833,870,50,0,111.7321646052112,0.7358308652292871,-1919.623097991873,-1507.657409095297,360.3776310165553,163.5503188947471,15.1844900621823,0.0008870557812137124,0.001479631373055025,-9.606319833950142e-06,9.08421156178335e-05,-2.044120982477434e-05,Success,KCP109C,/Users/lopezama/PycharmProjects/sci-cluster/review_outputs/rmelts_parity_audit_v2/2026-02-26/kcp109c_phase7_parity_20260225_224621/runs/kcp109c_phase7_parity_liam_exact/runs/20260225_224621/parallel-results/Parallel_MELTS_KCP109C_dP25.0_02-25_11cores.xlsx,system,system
834,869,50,0,111.7321830026522,0.7362352100703144,-1919.263114157639,-1507.869801918753,360.1920170195561,163.5188139145209,15.17615314703316,0.0008886469403850236,0.001480003659779894,-9.656743708559177e-06,9.08226211519502e-05,-2.045654392945001e-05,Success,KCP109C,/Users/lopezama/PycharmProjects/sci-cluster/review_outputs/rmelts_parity_audit_v2/2026-02-26/kcp109c_phase7_parity_20260225_224621/runs/kcp109c_phase7_parity_liam_exact/runs/20260225_224621/parallel-results/Parallel_MELTS_KCP109C_dP25.0_02-25_11cores.xlsx,system,system
835,868,50,0,111.7322014276109,0.736640453189131,-1918.903316416338,-1508.082133315856,360.0062946155038,163.4874250881364,15.16780689193618,0.0008902455562048493,0.001480378093680525,-9.707524528588321e-06,9.08032199837464e-05,-2.047193224671253e-05,Success,KCP109C,/Users/lopezama/PycharmProjects/sci-cluster/review_outputs/rmelts_parity_audit_v2/2026-02-26/kcp109c_phase7_parity_20260225_224621/runs/kcp109c_phase7_parity_liam_exact/runs/20260225_224621/parallel-results/Parallel_MELTS_KCP109C_dP25.0_02-25_11cores.xlsx,system,system
836,867,50,0,111.7322198800679,0.7370466062379685,-1918.543704875419,-1508.294404235529,359.8204627811164,163.4561517226026,15.15945110314954,0.0008918516744178355,0.001480754674384531,-9.758665413176884e-06,9.07839109811807e-05,-2.048737467651186e-05,Success,KCP109C,/Users/lopezama/PycharmProjects/sci-cluster/review_outputs/rmelts_parity_audit_v2/2026-02-26/kcp109c_phase7_parity_20260225_224621/runs/kcp109c_phase7_parity_liam_exact/runs/20260225_224621/parallel-results/Parallel_MELTS_KCP109C_dP25.0_02-25_11cores.xlsx,system,system
837,866,50,0,111.7322383617983,0.7374537725021924,-1918.184279665551,-1508.506599599585,359.6345345792616,163.42500482337,15.15108370558456,0.0008934652803253584,0.001481133255378257,-9.810167152520718e-06,9.076467253191738e-05,-2.050286651988737e-05,Success,KCP109C,/Users/lopezama/PycharmProjects/sci-cluster/review_outputs/rmelts_parity_audit_v2/2026-02-26/kcp109c_phase7_parity_20260225_224621/runs/kcp109c_phase7_parity_liam_exact/runs/20260225_224621/parallel-results/Parallel_MELTS_KCP109C_dP25.0_02-25_11cores.xlsx,system,system
838,865,50,0,111.732256873476,0.7378619962095677,-1917.825040893159,-1508.718714752404,359.4485139399507,163.393987832446,15.14270384535997,0.0008950863983164243,0.001481513784304781,-9.862032058730387e-06,9.074549627650962e-05,-2.05184060377042e-05,Success,KCP109C,/Users/lopezama/PycharmProjects/sci-cluster/review_outputs/rmelts_parity_audit_v2/2026-02-26/kcp109c_phase7_parity_20260225_224621/runs/kcp109c_phase7_parity_liam_exact/runs/20260225_224621/parallel-results/Parallel_MELTS_KCP109C_dP25.0_02-25_11cores.xlsx,system,system
839,864,50,0,111.7322754161371,0.738271339485902,-1917.465988664274,-1508.930741976708,359.2624074990687,163.3631064571519,15.13431030573966,0.000896715041102176,0.001481896180442193,-9.91426199900053e-06,9.072636989610478e-05,-2.053399059302075e-05,Success,KCP109C,/Users/lopezama/PycharmProjects/sci-cluster/review_outputs/rmelts_parity_audit_v2/2026-02-26/kcp109c_phase7_parity_20260225_224621/runs/kcp109c_phase7_parity_liam_exact/runs/20260225_224621/parallel-results/Parallel_MELTS_KCP109C_dP25.0_02-25_11cores.xlsx,system,system
840,863,50,0,111.7322939904654,0.7386818460650402,-1917.107123072779,-1509.142676826136,359.0762190262229,163.3323640156478,15.1259022521893,0.0008983512338296347,0.001482280392610141,-9.966859334600105e-06,9.070728522535456e-05,-2.054961847349628e-05,Success,KCP109C,/Users/lopezama/PycharmProjects/sci-cluster/review_outputs/rmelts_parity_audit_v2/2026-02-26/kcp109c_phase7_parity_20260225_224621/runs/kcp109c_phase7_parity_liam_exact/runs/20260225_224621/parallel-results/Parallel_MELTS_KCP109C_dP25.0_02-25_11cores.xlsx,system,system
841,862,50,0,111.7323125985769,0.7390936284130974,-1916.748444229532,-1509.354502909619,358.8899628418386,163.30177270899,15.11747744849005,0.0008999949557302141,0.001482666259726029,-1.001982463862889e-05,9.068821877793496e-05,-2.056528450660447e-05,Success,KCP109C,/Users/lopezama/PycharmProjects/sci-cluster/review_outputs/rmelts_parity_audit_v2/2026-02-26/kcp109c_phase7_parity_20260225_224621/runs/kcp109c_phase7_parity_liam_exact/runs/20260225_224621/parallel-results/Parallel_MELTS_KCP109C_dP25.0_02-25_11cores.xlsx,system,system
842,861,50,0,111.7323312403388,0.7395066861152881,-1916.389952202137,-1509.566223578611,358.7036358713808,163.2713301609823,15.10903597468217,0.0009016462616649492,0.001483053801106822,-1.007316145473498e-05,9.066917231376484e-05,-2.058098919503291e-05,Success,KCP109C,/Users/lopezama/PycharmProjects/sci-cluster/review_outputs/rmelts_parity_audit_v2/2026-02-26/kcp109c_phase7_parity_20260225_224621/runs/kcp109c_phase7_parity_liam_exact/runs/20260225_224621/parallel-results/Parallel_MELTS_KCP109C_dP25.0_02-25_11cores.xlsx,system,system
843,860,50,0,111.7323499175386,0.7399211129752368,-1916.031647083084,-1509.777825815389,358.5172494971497,163.2410461621878,15.100575988197,0.0009033051436129209,0.001483442885763199,-1.012687086909984e-05,9.06501266054672e-05,-2.059672830349199e-05,Success,KCP109C,/Users/lopezama/PycharmProjects/sci-cluster/review_outputs/rmelts_parity_audit_v2/2026-02-26/kcp109c_phase7_parity_20260225_224621/runs/kcp109c_phase7_parity_liam_exact/runs/20260225_224621/parallel-results/Parallel_MELTS_KCP109C_dP25.0_02-25_11cores.xlsx,system,system
844,859,50,0,111.7323686313687,0.7403369706177176,-1915.673528948611,-1509.989302263664,358.3308101267024,163.2109263768488,15.09209631097339,0.0009049716151204327,0.001483833433984694,-1.018095482159982e-05,9.063106963977187e-05,-2.061249921053545e-05,Success,KCP109C,/Users/lopezama/PycharmProjects/sci-cluster/review_outputs/rmelts_parity_audit_v2/2026-02-26/kcp109c_phase7_parity_20260225_224621/runs/kcp109c_phase7_parity_liam_exact/runs/20260225_224621/parallel-results/Parallel_MELTS_KCP109C_dP25.0_02-25_11cores.xlsx,system,system
845,858,50,0,111.7323873830464,0.7407543231913449,-1915.315597868846,-1510.200645163885,358.1443245413608,163.1809767775953,15.08359571924965,0.0009066456883408448,0.001484225362621319,-1.023541520111276e-05,9.061198891557663e-05,-2.062829917354068e-05,Success,KCP109C,/Users/lopezama/PycharmProjects/sci-cluster/review_outputs/rmelts_parity_audit_v2/2026-02-26/kcp109c_phase7_parity_20260225_224621/runs/kcp109c_phase7_parity_liam_exact/runs/20260225_224621/parallel-results/Parallel_MELTS_KCP109C_dP25.0_02-25_11cores.xlsx,system,system
846,857,50,0,111.7324061734524,0.7411732137677518,-1914.957853901912,-1510.411850473397,357.9577962469717,163.1512006463725,15.07507342385744,0.0009083273895969894,0.001484618621653705,-1.029025447130033e-05,9.05928766237948e-05,-2.06441265015907e-05,Success,KCP109C,/Users/lopezama/PycharmProjects/sci-cluster/review_outputs/rmelts_parity_audit_v2/2026-02-26/kcp109c_phase7_parity_20260225_224621/runs/kcp109c_phase7_parity_liam_exact/runs/20260225_224621/parallel-results/Parallel_MELTS_KCP109C_dP25.0_02-25_11cores.xlsx,system,system
847,856,50,0,111.7324250042248,0.7415937210772767,-1914.600297111844,-1510.622908005429,357.7712342084003,163.121605938371,15.06652791530066,0.0009100167213240896,0.001485013104347495,-1.034547415488603e-05,9.057371706922438e-05,-2.06599777088028e-05,Success,KCP109C,/Users/lopezama/PycharmProjects/sci-cluster/review_outputs/rmelts_parity_audit_v2/2026-02-26/kcp109c_phase7_parity_20260225_224621/runs/kcp109c_phase7_parity_liam_exact/runs/20260225_224621/parallel-results/Parallel_MELTS_KCP109C_dP25.0_02-25_11cores.xlsx,system,system
848,855,50,0,111.7324438766598,0.7420159115576713,-1914.242927550665,-1510.833809682342,357.5846455421026,163.0921989741744,15.0579579408353,0.0009117136947013837,0.001485408724692267,-1.040107612091065e-05,9.055449740381086e-05,-2.067584994098376e-05,Success,KCP109C,/Users/lopezama/PycharmProjects/sci-cluster/review_outputs/rmelts_parity_audit_v2/2026-02-26/kcp109c_phase7_parity_20260225_224621/runs/kcp109c_phase7_parity_liam_exact/runs/20260225_224621/parallel-results/Parallel_MELTS_KCP109C_dP25.0_02-25_11cores.xlsx,system,system
849,854,50,0,111.7324627919125,0.7424398327302263,-1913.885745261728,-1511.044550864952,357.3980343315226,163.0629837526566,15.04936263737775,0.0009134183332992065,0.001485805425145299,-1.045706275256105e-05,9.053520890700895e-05,-2.069174127046326e-05,Success,KCP109C,/Users/lopezama/PycharmProjects/sci-cluster/review_outputs/rmelts_parity_audit_v2/2026-02-26/kcp109c_phase7_parity_20260225_224621/runs/kcp109c_phase7_parity_liam_exact/runs/20260225_224621/parallel-results/Parallel_MELTS_KCP109C_dP25.0_02-25_11cores.xlsx,system,system
850,853,50,0,111.7324817515389,0.7428655545233237,-1913.528750288642,-1511.255123023148,357.2114081299061,163.0339671994296,15.04074069274009,0.0009151306459398864,0.001486203113364895,-1.051343584586893e-05,9.051583797896346e-05,-2.070764865181593e-05,Success,KCP109C,/Users/lopezama/PycharmProjects/sci-cluster/review_outputs/rmelts_parity_audit_v2/2026-02-26/kcp109c_phase7_parity_20260225_224621/runs/kcp109c_phase7_parity_liam_exact/runs/20260225_224621/parallel-results/Parallel_MELTS_KCP109C_dP25.0_02-25_11cores.xlsx,system,system
851,852,50,0,111.7325007567361,0.743293137607552,-1913.171942662947,-1511.465519109982,357.024773188433,163.0051549665552,15.03209098853934,0.0009168506483888607,0.001486601713417634,-1.057019747329429e-05,9.049637321835476e-05,-2.07235695270229e-05,Success,KCP109C,/Users/lopezama/PycharmProjects/sci-cluster/review_outputs/rmelts_parity_audit_v2/2026-02-26/kcp109c_phase7_parity_20260225_224621/runs/kcp109c_phase7_parity_liam_exact/runs/20260225_224621/parallel-results/Parallel_MELTS_KCP109C_dP25.0_02-25_11cores.xlsx,system,system
852,851,50,0,111.732519808894,0.7437226395697094,-1912.815322413215,-1511.675732797549,356.8381351382523,162.9765524744616,15.02341247451312,0.0009185783581207301,0.001487001152627477,-1.062734979430468e-05,9.047680383726881e-05,-2.073950146787382e-05,Success,KCP109C,/Users/lopezama/PycharmProjects/sci-cluster/review_outputs/rmelts_parity_audit_v2/2026-02-26/kcp109c_phase7_parity_20260225_224621/runs/kcp109c_phase7_parity_liam_exact/runs/20260225_224621/parallel-results/Parallel_MELTS_KCP109C_dP25.0_02-25_11cores.xlsx,system,system
853,850,50,0,111.7325389096572,0.7441541228069576,-1912.45888956618,-1511.885757074495,356.6515002374434,162.948165893293,15.01470400892235,0.0009203137892484311,0.001487401349902235,-1.06848948447217e-05,9.04571179711154e-05,-2.075544179090349e-05,Success,KCP109C,/Users/lopezama/PycharmProjects/sci-cluster/review_outputs/rmelts_parity_audit_v2/2026-02-26/kcp109c_phase7_parity_20260225_224621/runs/kcp109c_phase7_parity_liam_exact/runs/20260225_224621/parallel-results/Parallel_MELTS_KCP109C_dP25.0_02-25_11cores.xlsx,system,system
854,849,50,0,111.7325615524194,0.7442937325763974,-1912.102708917462,-1512.1462664689,356.4197678105085,162.8979036779693,15.01189069074295,0.0009223263463007734,0.001488377473186917,-1.075191510495213e-05,9.050902434694838e-05,-2.078779334627311e-05,Success,KCP109C,/Users/lopezama/PycharmProjects/sci-cluster/review_outputs/rmelts_parity_audit_v2/2026-02-26/kcp109c_phase7_parity_20260225_224621/runs/kcp109c_phase7_parity_liam_exact/runs/20260225_224621/parallel-results/Parallel_MELTS_KCP109C_dP25.0_02-25_11cores.xlsx,system,system
855,848,50,0,111.7325907798657,0.7438682588743989,-1911.746925668779,-1512.504297017658,356.1009933114395,162.8050267965301,15.02048103906684,0.0009248683818179755,0.001490463762887608,-1.083706337760002e-05,9.069930389522013e-05,-2.085189486115662e-05,Success,KCP109C,/Users/lopezama/PycharmProjects/sci-cluster/review_outputs/rmelts_parity_audit_v2/2026-02-26/kcp109c_phase7_parity_20260225_224621/runs/kcp109c_phase7_parity_liam_exact/runs/20260225_224621/parallel-results/Parallel_MELTS_KCP109C_dP25.0_02-25_11cores.xlsx,system,system
856,847,50,0,111.732619860708,0.7434344137922669,-1911.391459532985,-1512.863826342777,355.7805947330332,162.7112560121975,15.02925043390966,0.0009274306687164168,0.001492570442371207,-1.092325399520854e-05,9.089217706119742e-05,-2.09167202093144e-05,Success,KCP109C,/Users/lopezama/PycharmProjects/sci-cluster/review_outputs/rmelts_parity_audit_v2/2026-02-26/kcp109c_phase7_parity_20260225_224621/runs/kcp109c_phase7_parity_liam_exact/runs/20260225_224621/parallel-results/Parallel_MELTS_KCP109C_dP25.0_02-25_11cores.xlsx,system,system
857,846,50,0,111.7326487803179,0.742991457769257,-1911.036311958183,-1513.224998963262,355.4584398828763,162.6164854447461,15.03821445212598,0.0009300140185007161,0.001494699030663358,-1.101052492842717e-05,9.108784203108157e-05,-2.098231696790059e-05,Success,KCP109C,/Users/lopezama/PycharmProjects/sci-cluster/review_outputs/rmelts_parity_audit_v2/2026-02-26/kcp109c_phase7_parity_20260225_224621/runs/kcp109c_phase7_parity_liam_exact/runs/20260225_224621/parallel-results/Parallel_MELTS_KCP109C_dP25.0_02-25_11cores.xlsx,system,system
858,845,50,0,111.7326775220578,0.742538411536,-1910.681484512973,-1513.588002142567,355.1343579755899,162.5205833208616,15.0473936144165,0.0009326194614459694,0.001496851509525605,-1.109892261920649e-05,9.128655701899674e-05,-2.104874667534679e-05,Success,KCP109C,/Users/lopezama/PycharmProjects/sci-cluster/review_outputs/rmelts_parity_audit_v2/2026-02-26/kcp109c_phase7_parity_20260225_224621/runs/kcp109c_phase7_parity_liam_exact/runs/20260225_224621/parallel-results/Parallel_MELTS_KCP109C_dP25.0_02-25_11cores.xlsx,system,system
859,844,50,0,111.7327060659922,0.7420740991130247,-1910.326978897102,-1513.953058743137,354.8081458657876,162.4233947373081,15.05681254736453,0.0009352482092606555,0.00149903024056343,-1.118850091353491e-05,9.148863034413994e-05,-2.11160826182595e-05,Success,KCP109C,/Users/lopezama/PycharmProjects/sci-cluster/review_outputs/rmelts_parity_audit_v2/2026-02-26/kcp109c_phase7_parity_20260225_224621/runs/kcp109c_phase7_parity_liam_exact/runs/20260225_224621/parallel-results/Parallel_MELTS_KCP109C_dP25.0_02-25_11cores.xlsx,system,system
860,843,50,0,111.7327343882024,0.741597071828902,-1909.97279697052,-1514.320440802273,354.4795557660232,162.3247336771266,15.0665015589464,0.0009379017240458516,0.001501238110685621,-1.127932374550956e-05,9.169443949755195e-05,-2.118441427327546e-05,Success,KCP109C,/Users/lopezama/PycharmProjects/sci-cluster/review_outputs/rmelts_parity_audit_v2/2026-02-26/kcp109c_phase7_parity_20260225_224621/runs/kcp109c_phase7_parity_liam_exact/runs/20260225_224621/parallel-results/Parallel_MELTS_KCP109C_dP25.0_02-25_11cores.xlsx,system,system
861,842,50,0,111.7327624595435,0.7411055416547202,-1909.61894078416,-1514.690481666517,354.1482841928377,162.2243753502897,15.07649803968132,0.0009405817791422071,0.001503478659355405,-1.137146763711974e-05,9.190444815629766e-05,-2.125385130181905e-05,Success,KCP109C,/Users/lopezama/PycharmProjects/sci-cluster/review_outputs/rmelts_parity_audit_v2/2026-02-26/kcp109c_phase7_parity_20260225_224621/runs/kcp109c_phase7_parity_liam_exact/runs/20260225_224621/parallel-results/Parallel_MELTS_KCP109C_dP25.0_02-25_11cores.xlsx,system,system
862,841,50,0,111.7327902455947,0.7405972100447409,-1909.265412643973,-1515.063607101337,353.8139438519378,162.1220391762558,15.08685000836618,0.000943290617069928,0.001505756409182181,-1.146502771991462e-05,9.211924924458976e-05,-2.132453357374014e-05,Success,KCP109C,/Users/lopezama/PycharmProjects/sci-cluster/review_outputs/rmelts_parity_audit_v2/2026-02-26/kcp109c_phase7_parity_20260225_224621/runs/kcp109c_phase7_parity_liam_exact/runs/20260225_224621/parallel-results/Parallel_MELTS_KCP109C_dP25.0_02-25_11cores.xlsx,system,system
863,840,50,0,111.7328177016874,0.7400693216489367,-1908.912215112587,-1515.44032604327,353.4760715710517,162.0173895551442,15.09761510620888,0.0009460308992321707,0.001508076758383181,-1.156011662829449e-05,9.233955292215551e-05,-2.139662853649436e-05,Success,KCP109C,/Users/lopezama/PycharmProjects/sci-cluster/review_outputs/rmelts_parity_audit_v2/2026-02-26/kcp109c_phase7_parity_20260225_224621/runs/kcp109c_phase7_parity_liam_exact/runs/20260225_224621/parallel-results/Parallel_MELTS_KCP109C_dP25.0_02-25_11cores.xlsx,system,system
864,839,50,0,111.7328447735911,0.7395183280270955,-1908.55935112673,-1515.82129225173,353.1340726295909,161.9100030565135,15.10886756135911,0.0009488060168998726,0.001510446631127518,-1.165687626120839e-05,9.256627116207711e-05,-2.147035088434377e-05,Success,KCP109C,/Users/lopezama/PycharmProjects/sci-cluster/review_outputs/rmelts_parity_audit_v2/2026-02-26/kcp109c_phase7_parity_20260225_224621/runs/kcp109c_phase7_parity_liam_exact/runs/20260225_224621/parallel-results/Parallel_MELTS_KCP109C_dP25.0_02-25_11cores.xlsx,system,system
865,838,50,0,111.7328713914659,0.7389397485860638,-1908.206824036129,-1516.207329919137,352.7871971533917,161.7993488938167,15.1207011945511,0.0009516202186780528,0.001512874744961538,-1.175548350744527e-05,9.280055463066108e-05,-2.154597130527753e-05,Success,KCP109C,/Users/lopezama/PycharmProjects/sci-cluster/review_outputs/rmelts_parity_audit_v2/2026-02-26/kcp109c_phase7_parity_20260225_224621/runs/kcp109c_phase7_parity_liam_exact/runs/20260225_224621/parallel-results/Parallel_MELTS_KCP109C_dP25.0_02-25_11cores.xlsx,system,system
866,837,50,0,111.7328974664248,0.738327904307856,-1907.854637727221,-1516.599485298129,352.4344930226474,161.6847590391817,15.13323508626815,0.0009544788590787097,0.001515372122416914,-1.185616051467953e-05,9.304386178964679e-05,-2.162383274475656e-05,Success,KCP109C,/Users/lopezama/PycharmProjects/sci-cluster/review_outputs/rmelts_parity_audit_v2/2026-02-26/kcp109c_phase7_parity_20260225_224621/runs/kcp109c_phase7_parity_liam_exact/runs/20260225_224621/parallel-results/Parallel_MELTS_KCP109C_dP25.0_02-25_11cores.xlsx,system,system
867,836,50,0,111.7329228814258,0.737675480246097,-1907.502796712159,-1516.999107670023,352.0747320399732,161.5653760096828,15.14662285428688,0.0009573888018928025,0.001517952938178358,-1.195919128458229e-05,9.329807229848156e-05,-2.170437701219206e-05,Success,KCP109C,/Users/lopezama/PycharmProjects/sci-cluster/review_outputs/rmelts_parity_audit_v2/2026-02-26/kcp109c_phase7_parity_20260225_224621/runs/kcp109c_phase7_parity_liam_exact/runs/20260225_224621/parallel-results/Parallel_MELTS_KCP109C_dP25.0_02-25_11cores.xlsx,system,system
868,835,50,0,111.7329474817495,0.7369730524707131,-1907.151306290794,-1517.407942080421,351.7063251458493,161.4400963566056,15.16106282409692,0.0009603588630550759,0.001520635433700087,-1.206494033173062e-05,9.35656115332961e-05,-2.178817412977346e-05,Success,KCP109C,/Users/lopezama/PycharmProjects/sci-cluster/review_outputs/rmelts_parity_audit_v2/2026-02-26/kcp109c_phase7_parity_20260225_224621/runs/kcp109c_phase7_parity_liam_exact/runs/20260225_224621/parallel-results/Parallel_MELTS_KCP109C_dP25.0_02-25_11cores.xlsx,system,system
869,834,50,0,111.7329710562104,0.7362082625811184,-1906.800172671857,-1517.828286749378,351.3271787223761,161.3074709400546,15.17681568317079,0.0009634005750902463,0.00152344351656113,-1.217388447874989e-05,9.384966656724842e-05,-2.187597306335456e-05,Success,KCP109C,/Users/lopezama/PycharmProjects/sci-cluster/review_outputs/rmelts_parity_audit_v2/2026-02-26/kcp109c_phase7_parity_20260225_224621/runs/kcp109c_phase7_parity_liam_exact/runs/20260225_224621/parallel-results/Parallel_MELTS_KCP109C_dP25.0_02-25_11cores.xlsx,system,system
870,833,50,0,111.7329933151204,0.7353650153147253,-1906.44940319196,-1518.263157466641,350.9345438912609,161.1656033190265,15.19422205138496,0.0009665289485670479,0.001526408327403081,-1.228664575668712e-05,9.415440265002914e-05,-2.19687528814924e-05,Success,KCP109C,/Users/lopezama/PycharmProjects/sci-cluster/review_outputs/rmelts_parity_audit_v2/2026-02-26/kcp109c_phase7_parity_20260225_224621/runs/kcp109c_phase7_parity_liam_exact/runs/20260225_224621/parallel-results/Parallel_MELTS_KCP109C_dP25.0_02-25_11cores.xlsx,system,system
871,832,50,0,111.7330138504024,0.7344221953473111,-1906.099006440742,-1518.716547788048,350.524778222589,161.0119857178705,15.2137305433101,0.0009697636792775409,0.001529570746767489,-1.240404322834322e-05,9.448530856993757e-05,-2.206780416663826e-05,Success,KCP109C,/Users/lopezama/PycharmProjects/sci-cluster/review_outputs/rmelts_parity_audit_v2/2026-02-26/kcp109c_phase7_parity_20260225_224621/runs/kcp109c_phase7_parity_liam_exact/runs/20260225_224621/parallel-results/Parallel_MELTS_KCP109C_dP25.0_02-25_11cores.xlsx,system,system
872,831,50,0,111.733032081303,0.733352644217863,-1905.748992376526,-1519.193665823297,350.0931273406954,160.8433488636763,15.23592134865332,0.0009731301528968323,0.001532983441763965,-1.252713943060394e-05,9.484949152770215e-05,-2.217479917252235e-05,Success,KCP109C,/Users/lopezama/PycharmProjects/sci-cluster/review_outputs/rmelts_parity_audit_v2/2026-02-26/kcp109c_phase7_parity_20260225_224621/runs/kcp109c_phase7_parity_liam_exact/runs/20260225_224621/parallel-results/Parallel_MELTS_KCP109C_dP25.0_02-25_11cores.xlsx,system,system
873,830,50,0,111.7342334855475,0.7314657316885298,-1905.418720085699,-1519.848123735318,349.5178319814906,160.5795750690107,15.27538866757545,0.0009772389751450984,0.00153794807410001,-1.268049514710423e-05,9.542131221796232e-05,-2.233037015104954e-05,Success,KCP109C,/Users/lopezama/PycharmProjects/sci-cluster/review_outputs/rmelts_parity_audit_v2/2026-02-26/kcp109c_phase7_parity_20260225_224621/runs/kcp109c_phase7_parity_liam_exact/runs/20260225_224621/parallel-results/Parallel_MELTS_KCP109C_dP25.0_02-25_11cores.xlsx,system,system
874,829,50,0,111.7369024452854,0.7281075224679835,-1905.11304970517,-1520.810789085787,348.6841724079146,160.1436862179352,15.34620904156346,0.0009826847538111135,0.001545716716672147,-1.288867452145674e-05,9.637132950081308e-05,-2.257442304233635e-05,Success,KCP109C,/Users/lopezama/PycharmProjects/sci-cluster/review_outputs/rmelts_parity_audit_v2/2026-02-26/kcp109c_phase7_parity_20260225_224621/runs/kcp109c_phase7_parity_liam_exact/runs/20260225_224621/parallel-results/Parallel_MELTS_KCP109C_dP25.0_02-25_11cores.xlsx,system,system
875,828,50,0,111.7410477848637,0.7217616358957684,-1904.832409939409,-1522.398078061545,347.3044833836113,159.3478643340359,15.4817106129759,0.0009908627050184652,0.001559228657007785,-1.321026165703079e-05,9.810629572178065e-05,-2.300213500232575e-05,Success,KCP109C,/Users/lopezama/PycharmProjects/sci-cluster/review_outputs/rmelts_parity_audit_v2/2026-02-26/kcp109c_phase7_parity_20260225_224621/runs/kcp109c_phase7_parity_liam_exact/runs/20260225_224621/parallel-results/Parallel_MELTS_KCP109C_dP25.0_02-25_11cores.xlsx,system,system
876,827,50,0,111.7453212984913,0.7145460822960958,-1904.555498814939,-1524.220853954945,345.7116255601448,158.4165779712262,15.63864445794917,0.0009998915476517292,0.001574473624221632,-1.357311930177207e-05,0.0001001074103779934,-2.349287757566849e-05,Success,KCP109C,/Users/lopezama/PycharmProjects/sci-cluster/review_outputs/rmelts_parity_audit_v2/2026-02-26/kcp109c_phase7_parity_20260225_224621/runs/kcp109c_phase7_parity_liam_exact/runs/20260225_224621/parallel-results/Parallel_MELTS_KCP109C_dP25.0_02-25_11cores.xlsx,system,system
877,826,50,0,111.747337172721,0.7090705864169548,-1904.243204521239,-1525.691363070563,344.4041681760229,157.6650897527547,15.75969153330671,0.001007409422722796,0.00158643664932862,-1.387841840864637e-05,0.0001016806522029953,-2.388457305147043e-05,Success,KCP109C,/Users/lopezama/PycharmProjects/sci-cluster/review_outputs/rmelts_parity_audit_v2/2026-02-26/kcp109c_phase7_parity_20260225_224621/runs/kcp109c_phase7_parity_liam_exact/runs/20260225_224621/parallel-results/Parallel_MELTS_KCP109C_dP25.0_02-25_11cores.xlsx,system,system
878,825,50,0,111.7477871171309,0.7051654647093534,-1903.906681022418,-1526.833390241739,343.371388954768,157.0896527488487,15.8470306204218,0.001013547637527535,0.001595420579640894,-1.412858248009878e-05,0.0001028497524304836,-2.418247398235991e-05,Success,KCP109C,/Users/lopezama/PycharmProjects/sci-cluster/review_outputs/rmelts_parity_audit_v2/2026-02-26/kcp109c_phase7_parity_20260225_224621/runs/kcp109c_phase7_parity_liam_exact/runs/20260225_224621/parallel-results/Parallel_MELTS_KCP109C_dP25.0_02-25_11cores.xlsx,system,system
879,824,50,0,111.7478962394544,0.7032696741274667,-1903.565432364757,-1527.552445262749,342.7179392991004,156.7651318235514,15.88976467357246,0.00101787468894011,0.001600549198839734,-1.430286122209946e-05,0.0001034783393006519,-2.43543412693888e-05,Success,KCP109C,/Users/lopezama/PycharmProjects/sci-cluster/review_outputs/rmelts_parity_audit_v2/2026-02-26/kcp109c_phase7_parity_20260225_224621/runs/kcp109c_phase7_parity_liam_exact/runs/20260225_224621/parallel-results/Parallel_MELTS_KCP109C_dP25.0_02-25_11cores.xlsx,system,system
880,823,50,0,111.7478873083325,0.702352688078182,-1903.222813238041,-1528.06306699231,342.2521974599562,156.5650321949895,15.91050895157866,0.001021324435345237,0.001603801157215455,-1.44399249994646e-05,0.0001038403874194198,-2.446404795669168e-05,Success,KCP109C,/Users/lopezama/PycharmProjects/sci-cluster/review_outputs/rmelts_parity_audit_v2/2026-02-26/kcp109c_phase7_parity_20260225_224621/runs/kcp109c_phase7_parity_liam_exact/runs/20260225_224621/parallel-results/Parallel_MELTS_KCP109C_dP25.0_02-25_11cores.xlsx,system,system
881,822,50,0,111.7478369395105,0.701968147671612,-1902.8799299092,-1528.459735328826,341.8894165916766,156.4333708882762,15.919217604128,0.001024301920785284,0.001606034294523515,-1.455683806487548e-05,0.0001040565806772351,-2.45397379846202e-05,Success,KCP109C,/Users/lopezama/PycharmProjects/sci-cluster/review_outputs/rmelts_parity_audit_v2/2026-02-26/kcp109c_phase7_parity_20260225_224621/runs/kcp109c_phase7_parity_liam_exact/runs/20260225_224621/parallel-results/Parallel_MELTS_KCP109C_dP25.0_02-25_11cores.xlsx,system,system
